candidate,group,value,role,segment,start,end,rows,nav_changes,ann_return,ann_vol,sharpe_repo,max_dd,max_dd_peak,max_dd_trough,total_return,end_nav,trade_days,two_sided_switch_days,turnover_total,cost_rate_total,paid_fee_initial_capital_units,cash_days,avg_carried_exposure,stale_trade_block_days,buffer_block_days,LOOKBACK,formal_ann_return,formal_max_dd,formal_trade_days,formal_turnover_total,formal_cash_days,delta_ann_pp,dd_improvement_pp
lookback_5,lookback,5,candidate,full,2011-12-09,2026-09-24,3594,3593,-0.11377179706821672,0.14707083597507467,-0.7474479866406164,-0.8534594714190008,2012-02-22,2025-01-16,-0.8213068022910572,0.17869319770894276,1876,909,2785.0,2.785,1.2611663225420657,1451,0.5959933222036727,0,0,5,0.3043564408483703,-0.22006724591954296,379,573.0,1150,-41.8128237916587,-63.33922254994578
lookback_5,lookback,5,candidate,last_10y,2016-05-16,2026-09-24,2520,2519,-0.13487021730169724,0.16068923694938556,-0.8209385898508418,-0.8043126614634316,2016-07-18,2025-01-16,-0.7650030047948931,0.17869319770894276,1525,849,2374.0,2.3740000000000006,0.9066191314710158,719,0.7146825396825397,0,0,5,0.3571666395815125,-0.16309804295217567,306,480.0,552,-49.203685688320974,-64.12146185112559
lookback_5,lookback,5,candidate,last_5y,2021-07-19,2026-09-24,1260,1259,-0.1335940014247422,0.17028074769125,-0.7567710294098342,-0.5784975375350969,2021-07-26,2025-01-16,-0.5115114488771461,0.17869319770894276,809,471,1280.0,1.28,0.28650365264054156,355,0.7182539682539683,0,0,5,0.5425627803742445,-0.15962238350856572,155,250.0,219,-67.61567817989868,-41.88751540265312
lookback_5,lookback,5,candidate,last_3y,2023-08-15,2026-09-24,756,755,-0.09713694095483971,0.1760036382599974,-0.4924380815487025,-0.38407142799427607,2023-08-24,2025-01-16,-0.2637221154125078,0.17869319770894276,481,289,770.0,0.77,0.14789039938765344,213,0.7182539682539683,0,0,5,0.6590198158316622,-0.1433795586170047,107,176.0,108,-75.61567567865019,-24.06918693772714
lookback_5,lookback,5,candidate,last_1y,2025-09-11,2026-09-24,252,251,-0.05727578147325041,0.19825191585355192,-0.19848509594605937,-0.16526451849926937,2025-10-29,2026-07-28,-0.05705510771554556,0.17869319770894276,167,81,248.0,0.248,0.04528946085183121,92,0.6349206349206349,0,0,5,0.6325606075238857,-0.13541584013921915,46,72.0,48,-68.98363889971361,-2.984867836005023
lookback_5,lookback,5,candidate,six_etf_all_scoreable,2020-01-09,2026-09-24,1628,1627,-0.14126821586407612,0.17710558776834814,-0.7710498113384037,-0.7528078401802466,2020-07-23,2025-01-16,-0.6259228627340969,0.17869319770894276,1062,618,1680.0,1.6800000000000002,0.4741345427520134,442,0.7285012285012284,0,0,5,0.5532104047115238,-0.16309804295217567,214,358.0,246,-69.44786205756,-58.970979722807094
lookback_7,lookback,7,candidate,full,2011-12-09,2026-09-24,3594,3593,-0.012051495034708815,0.15390729251507768,-0.0018848777979989025,-0.5206734029362131,2014-01-08,2019-07-25,-0.1587557613398829,0.8412442386601171,1581,777,2358.0,2.3580000000000005,2.063523273133858,1334,0.6288258208124652,0,0,7,0.3043564408483703,-0.22006724591954296,379,573.0,1150,-31.640793588307915,-30.060615701667015
lookback_7,lookback,7,candidate,last_10y,2016-05-16,2026-09-24,2520,2519,-0.02986697047275355,0.16225597501814887,-0.10578335756832905,-0.4706288259455349,2016-07-21,2019-07-25,-0.26147505877815713,0.8412442386601171,1248,701,1949.0,1.9489999999999998,1.5805286829503613,677,0.7317460317460317,0,0,7,0.3571666395815125,-0.16309804295217567,306,480.0,552,-38.70336100542661,-30.75307829933592
lookback_7,lookback,7,candidate,last_5y,2021-07-19,2026-09-24,1260,1259,-0.007872754010917582,0.1728564695705452,0.04060177021366908,-0.26812113174518504,2023-08-18,2024-11-28,-0.038718678032713005,0.8412442386601171,660,389,1049.0,1.049,0.8343575900515161,334,0.7357142857142858,0,0,7,0.5425627803742445,-0.15962238350856572,155,250.0,219,-55.04355343851621,-10.849874823661931
lookback_7,lookback,7,candidate,last_3y,2023-08-15,2026-09-24,756,755,-0.013607659427319896,0.18047581330078802,0.01424475267586653,-0.26812113174518504,2023-08-18,2024-11-28,-0.0402178114290459,0.8412442386601171,400,239,639.0,0.639,0.5106203602458725,209,0.7248677248677249,0,0,7,0.6590198158316622,-0.1433795586170047,107,176.0,108,-67.26274752589822,-12.474157312818035
lookback_7,lookback,7,candidate,last_1y,2025-09-11,2026-09-24,252,251,0.07258835048512613,0.18250455216421957,0.47486723712712847,-0.16737740525215516,2026-05-25,2026-09-24,0.07229013259819994,0.8412442386601171,133,72,205.0,0.20500000000000002,0.17803226184824023,89,0.6507936507936508,0,0,7,0.6325606075238857,-0.13541584013921915,46,72.0,48,-55.997225703875955,-3.196156511293602
lookback_7,lookback,7,candidate,six_etf_all_scoreable,2020-01-09,2026-09-24,1628,1627,0.026596259350357476,0.17719570503894716,0.23664784885598875,-0.26812113174518504,2023-08-18,2024-11-28,0.1846779320979226,0.8412442386601171,853,518,1371.0,1.371,1.0761603911595614,403,0.7530712530712531,0,0,7,0.5532104047115238,-0.16309804295217567,214,358.0,246,-52.66141453611664,-10.502308879300937
lookback_9,lookback,9,candidate,full,2011-12-09,2026-09-24,3594,3593,-0.0573012305225159,0.16850576932524144,-0.265648782532556,-0.7647416193878174,2015-03-25,2022-06-02,-0.5688672559076026,0.43113274409239744,1287,644,1931.0,1.9310000000000003,1.2805125637399188,1259,0.6494156928213689,0,0,9,0.3043564408483703,-0.22006724591954296,379,573.0,1150,-36.16576713708862,-54.46743734682744
lookback_9,lookback,9,candidate,last_10y,2016-05-16,2026-09-24,2520,2519,-0.07108542512676619,0.17274072192878553,-0.34039035127675754,-0.6045129740501833,2017-05-15,2022-06-02,-0.521496794655081,0.43113274409239744,1009,584,1593.0,1.5930000000000002,0.8564866513382834,631,0.7492063492063492,0,0,9,0.3571666395815125,-0.16309804295217567,306,480.0,552,-42.82520647082787,-44.14149310980077
lookback_9,lookback,9,candidate,last_5y,2021-07-19,2026-09-24,1260,1259,-0.009777513760106493,0.18092300592731703,0.035838272662689484,-0.31285289316429865,2023-12-26,2025-01-07,-0.047903750654772925,0.43113274409239744,544,326,870.0,0.8700000000000001,0.3930950935356143,317,0.7484126984126984,0,0,9,0.5425627803742445,-0.15962238350856572,155,250.0,219,-55.2340294134351,-15.323050965573293
lookback_9,lookback,9,candidate,last_3y,2023-08-15,2026-09-24,756,755,-0.051409328575864555,0.18361025543590975,-0.19559183894188167,-0.31285289316429865,2023-12-26,2025-01-07,-0.14625631319469556,0.43113274409239744,329,197,526.0,0.526,0.25001787494033173,200,0.7354497354497355,0,0,9,0.6590198158316622,-0.1433795586170047,107,176.0,108,-71.04291444075268,-16.947333454729396
lookback_9,lookback,9,candidate,last_1y,2025-09-11,2026-09-24,252,251,-0.11250571765054973,0.1935563542821379,-0.5197987876522185,-0.1834179870029814,2026-05-06,2026-09-24,-0.11208527967048387,0.43113274409239744,107,57,164.0,0.164,0.07925015654745761,94,0.626984126984127,0,0,9,0.6325606075238857,-0.13541584013921915,46,72.0,48,-74.50663251744353,-4.800214686376226
lookback_9,lookback,9,candidate,six_etf_all_scoreable,2020-01-09,2026-09-24,1628,1627,-0.030676780215306954,0.1882190983875259,-0.07143264534048321,-0.4017479004403398,2020-07-13,2022-06-02,-0.18221966844258564,0.43113274409239744,703,438,1141.0,1.141,0.5328047338255735,379,0.7665847665847666,0,0,9,0.5532104047115238,-0.16309804295217567,214,358.0,246,-58.388718492683076,-23.864985748816416
lookback_11,lookback,11,candidate,full,2011-12-09,2026-09-24,3594,3593,-0.021764481508645073,0.183695927677831,-0.027745015279812674,-0.6472448409317959,2015-06-02,2021-12-15,-0.26929345832451,0.73070654167549,1095,586,1681.0,1.681,1.4619473336205115,1210,0.6630495269894269,0,0,11,0.3043564408483703,-0.22006724591954296,379,573.0,1150,-32.61209223570154,-42.717759501225295
lookback_11,lookback,11,candidate,last_10y,2016-05-16,2026-09-24,2520,2519,-0.05492276357753745,0.1835836161716061,-0.21589230538959062,-0.5758530513651485,2016-08-01,2021-12-15,-0.4314477550919229,0.73070654167549,863,530,1393.0,1.393,1.111090546080585,599,0.7619047619047619,0,0,11,0.3571666395815125,-0.16309804295217567,306,480.0,552,-41.208940315905,-41.27550084129729
lookback_11,lookback,11,candidate,last_5y,2021-07-19,2026-09-24,1260,1259,0.02607782425939198,0.19611378944099048,0.22891931185995967,-0.2899765061381201,2026-05-11,2026-09-24,0.13725313345587575,0.73070654167549,469,301,770.0,0.77,0.5532317218098827,285,0.7738095238095238,0,0,11,0.5425627803742445,-0.15962238350856572,155,250.0,219,-51.64849561148526,-13.035412262955436
lookback_11,lookback,11,candidate,last_3y,2023-08-15,2026-09-24,756,755,0.013042468064025092,0.20307086777208969,0.16524144998876328,-0.2899765061381201,2026-05-11,2026-09-24,0.039586482533694234,0.73070654167549,291,187,478.0,0.478,0.37334512392531305,182,0.7592592592592593,0,0,11,0.6590198158316622,-0.1433795586170047,107,176.0,108,-64.59773477676372,-14.659694752111541
lookback_11,lookback,11,candidate,last_1y,2025-09-11,2026-09-24,252,251,-0.03687063102190369,0.23217170628230246,-0.04576513695126588,-0.2899765061381201,2026-05-11,2026-09-24,-0.03672703937504629,0.73070654167549,100,56,156.0,0.156,0.131155259510628,82,0.6746031746031746,0,0,11,0.6325606075238857,-0.13541584013921915,46,72.0,48,-66.94312385457893,-15.456066599890095
lookback_11,lookback,11,candidate,six_etf_all_scoreable,2020-01-09,2026-09-24,1628,1627,-0.023670392295013443,0.20365283195805706,-0.015893909783321905,-0.4261183478047753,2020-07-13,2021-12-15,-0.14329537604992482,0.73070654167549,614,406,1020.0,1.02,0.7488403453944541,344,0.7886977886977887,0,0,11,0.5532104047115238,-0.16309804295217567,214,358.0,246,-57.68807970065373,-26.302030485259962
lookback_13,lookback,13,candidate,full,2011-12-09,2026-09-24,3594,3593,-0.028773878536164754,0.18708915454832276,-0.062293901944618216,-0.6307695958146784,2015-08-21,2023-01-05,-0.34050058000360106,0.6594994199963989,888,483,1371.0,1.3710000000000002,1.0854188981943143,1188,0.6691708402893711,0,0,13,0.3043564408483703,-0.22006724591954296,379,573.0,1150,-33.313031938453506,-41.070234989513544
lookback_13,lookback,13,candidate,last_10y,2016-05-16,2026-09-24,2520,2519,-0.05389226417798576,0.191890623840273,-0.1927226872678663,-0.5972193259971248,2016-06-03,2023-01-05,-0.42522031667726434,0.6594994199963989,693,430,1123.0,1.123,0.824278381621174,588,0.7662698412698413,0,0,13,0.3571666395815125,-0.16309804295217567,306,480.0,552,-41.105890375949826,-43.412128304494914
lookback_13,lookback,13,candidate,last_5y,2021-07-19,2026-09-24,1260,1259,0.02211665433501131,0.2094072818047993,0.20846809024406077,-0.3443697777248762,2024-07-11,2025-04-10,0.11548728261754859,0.6594994199963989,374,238,612.0,0.6120000000000001,0.3899270238953173,277,0.7801587301587302,0,0,13,0.5425627803742445,-0.15962238350856572,155,250.0,219,-52.044612603923326,-18.47473942163105
lookback_13,lookback,13,candidate,last_3y,2023-08-15,2026-09-24,756,755,0.005166399181486314,0.21662449571451167,0.13176785144303393,-0.3443697777248762,2024-07-11,2025-04-10,0.015558643311758269,0.6594994199963989,220,138,358.0,0.358,0.24826011537873321,175,0.7685185185185185,0,0,13,0.6590198158316622,-0.1433795586170047,107,176.0,108,-65.38534166501759,-20.09902191078715
lookback_13,lookback,13,candidate,last_1y,2025-09-11,2026-09-24,252,251,0.06687756634901265,0.26005862588521433,0.3784187108696185,-0.16714042408965268,2026-07-07,2026-09-24,0.06660353162468136,0.6594994199963989,87,49,136.0,0.136,0.09592948046923366,78,0.6904761904761905,0,0,13,0.6325606075238857,-0.13541584013921915,46,72.0,48,-56.5683041174873,-3.172458395043354
lookback_13,lookback,13,candidate,six_etf_all_scoreable,2020-01-09,2026-09-24,1628,1627,-0.03279883541500461,0.2150731779603116,-0.04764124537762748,-0.44519360795080265,2020-01-22,2023-01-05,-0.19370963007459896,0.6594994199963989,500,338,838.0,0.8380000000000001,0.5461309471791203,326,0.7997542997542998,0,0,13,0.5532104047115238,-0.16309804295217567,214,358.0,246,-58.60092401265285,-28.2095564998627
lookback_15,lookback,15,candidate,full,2011-12-09,2026-09-24,3594,3593,0.015675813555094953,0.19082619043969118,0.17695338911374756,-0.5783975898435079,2015-11-20,2022-01-11,0.24828553735587056,1.2482855373558706,752,401,1153.0,1.153,0.9961031107295979,1185,0.6700055648302726,0,0,15,0.3043564408483703,-0.22006724591954296,379,573.0,1150,-28.868062729327537,-35.83303439239649
lookback_15,lookback,15,candidate,last_10y,2016-05-16,2026-09-24,2520,2519,0.015017326604720216,0.19907207145214684,0.17427486658341526,-0.5657395165915629,2016-06-03,2022-01-11,0.16067029576658265,1.2482855373558706,591,357,948.0,0.9480000000000001,0.7915010834136975,596,0.7634920634920634,0,0,15,0.3571666395815125,-0.16309804295217567,306,480.0,552,-34.21493129767923,-40.26414736393872
lookback_15,lookback,15,candidate,last_5y,2021-07-19,2026-09-24,1260,1259,0.1817481481116865,0.21477977676701468,0.8842899312983216,-0.19153632107069052,2024-09-27,2025-04-10,1.3032275922673686,1.2482855373558706,321,197,518.0,0.518,0.4422892967542844,288,0.7714285714285715,0,0,15,0.5425627803742445,-0.15962238350856572,155,250.0,219,-36.081463226255806,-3.1913937562124794
lookback_15,lookback,15,candidate,last_3y,2023-08-15,2026-09-24,756,755,0.18679026943830057,0.2229638066123594,0.8791822222700214,-0.19153632107069052,2024-09-27,2025-04-10,0.6704242869046697,1.2482855373558706,203,125,328.0,0.328,0.3362158219160751,179,0.7632275132275133,0,0,15,0.6590198158316622,-0.1433795586170047,107,176.0,108,-47.222954639336166,-4.815676245368583
lookback_15,lookback,15,candidate,last_1y,2025-09-11,2026-09-24,252,251,0.21888227228031365,0.2591015893902409,0.8932322077661106,-0.1471681108252143,2026-05-13,2026-07-31,0.2179252728869907,1.2482855373558706,80,44,124.0,0.12400000000000001,0.15656954490959524,83,0.6706349206349206,0,0,15,0.6325606075238857,-0.13541584013921915,46,72.0,48,-41.3678335243572,-1.1752270685995159
lookback_15,lookback,15,candidate,six_etf_all_scoreable,2020-01-09,2026-09-24,1628,1627,0.07139357609529706,0.22457176851851024,0.4191037510763686,-0.4270416974148762,2020-01-22,2022-01-11,0.5608510046740613,1.2482855373558706,427,285,712.0,0.712,0.5750907078277467,329,0.797911547911548,0,0,15,0.5532104047115238,-0.16309804295217567,214,358.0,246,-48.181682861622676,-26.39436544627005
lookback_17,lookback,17,candidate,full,2011-12-09,2026-09-24,3594,3593,0.0430522226924166,0.19415732533241173,0.31424889042201126,-0.469559884198288,2012-03-05,2021-08-26,0.8239231667109161,1.8239231667109161,655,332,987.0,0.9870000000000001,1.0254509598243557,1142,0.6819699499165276,0,0,17,0.3043564408483703,-0.22006724591954296,379,573.0,1150,-26.130421815595373,-24.949263827874503
lookback_17,lookback,17,candidate,last_10y,2016-05-16,2026-09-24,2520,2519,0.07133435790119935,0.20003774256875595,0.44441383063622386,-0.3833354925258019,2016-06-03,2021-08-26,0.9912765543464588,1.8239231667109161,510,300,810.0,0.81,0.862571658291615,570,0.7738095238095238,0,0,17,0.3571666395815125,-0.16309804295217567,306,480.0,552,-28.583228168031315,-22.023744957362624
lookback_17,lookback,17,candidate,last_5y,2021-07-19,2026-09-24,1260,1259,0.2285646020104133,0.22020106454826321,1.044527802666792,-0.19576963733600483,2025-10-29,2026-03-05,1.796631444089754,1.8239231667109161,285,173,458.0,0.4580000000000001,0.5928571760586206,263,0.7912698412698412,0,0,17,0.5425627803742445,-0.15962238350856572,155,250.0,219,-31.399817836383125,-3.6147253827439108
lookback_17,lookback,17,candidate,last_3y,2023-08-15,2026-09-24,756,755,0.1893655234372822,0.22434813081437663,0.8849492564704574,-0.19576963733600483,2025-10-29,2026-03-05,0.6813075587880892,1.8239231667109161,188,116,304.0,0.30400000000000005,0.48039128266915265,167,0.7791005291005291,0,0,17,0.6590198158316622,-0.1433795586170047,107,176.0,108,-46.96542923943801,-5.239007871900014
lookback_17,lookback,17,candidate,last_1y,2025-09-11,2026-09-24,252,251,0.04325106454145611,0.27412497028482274,0.29142783890342655,-0.19576963733600483,2025-10-29,2026-03-05,0.04307578882478014,1.8239231667109161,76,46,122.0,0.122,0.23384761619821692,74,0.7063492063492064,0,0,17,0.6325606075238857,-0.13541584013921915,46,72.0,48,-58.93095429824295,-6.035379719678568
lookback_17,lookback,17,candidate,six_etf_all_scoreable,2020-01-09,2026-09-24,1628,1627,0.15409158053657812,0.22701105402491437,0.7447384159222225,-0.2532704526069668,2021-01-18,2021-08-26,1.522579925888924,1.8239231667109161,368,240,608.0,0.6080000000000001,0.6982447630745471,302,0.8144963144963145,0,0,17,0.5532104047115238,-0.16309804295217567,214,358.0,246,-39.91188241749457,-9.017240965479111
lookback_19,lookback,19,candidate,full,2011-12-09,2026-09-24,3594,3593,0.10719257401927251,0.19772242665172665,0.6138864903515389,-0.3052201359255049,2015-11-25,2021-12-21,3.2710147245083823,4.271014724508382,585,298,883.0,0.8830000000000001,1.5419135961042778,1152,0.6791875347801892,0,0,19,0.3043564408483703,-0.22006724591954296,379,573.0,1150,-19.716386682909782,-8.515289000596194
lookback_19,lookback,19,candidate,last_10y,2016-05-16,2026-09-24,2520,2519,0.13408135746720107,0.2045485234396888,0.7173196541090576,-0.2900427942411091,2018-03-20,2021-12-21,2.5174284473560937,4.271014724508382,461,275,736.0,0.736,1.372696270130771,563,0.7765873015873016,0,0,19,0.3571666395815125,-0.16309804295217567,306,480.0,552,-22.308528211431145,-12.694475128893345
lookback_19,lookback,19,candidate,last_5y,2021-07-19,2026-09-24,1260,1259,0.30672211107596103,0.22495518441572165,1.3013657829740892,-0.182679132522912,2024-07-04,2025-01-13,2.805880560446283,4.271014724508382,249,155,404.0,0.404,0.9766980235792292,249,0.8023809523809524,0,0,19,0.5425627803742445,-0.15962238350856572,155,250.0,219,-23.584066929828353,-2.305674901434629
lookback_19,lookback,19,candidate,last_3y,2023-08-15,2026-09-24,756,755,0.2907438516784395,0.2316977694434124,1.2172310679244178,-0.182679132522912,2024-07-04,2025-01-13,1.14822790413442,4.271014724508382,169,105,274.0,0.274,0.8044769630074091,154,0.7962962962962963,0,0,19,0.6590198158316622,-0.1433795586170047,107,176.0,108,-36.827596415322276,-3.9299573905907326
lookback_19,lookback,19,candidate,last_1y,2025-09-11,2026-09-24,252,251,0.41310520883943425,0.27870654895925023,1.3803594255494838,-0.1570477587360899,2025-10-29,2025-12-16,0.4111675027652657,4.271014724508382,73,41,114.0,0.114,0.4224938730765446,64,0.746031746031746,0,0,19,0.6325606075238857,-0.13541584013921915,46,72.0,48,-21.94553986844514,-2.1631918596870747
lookback_19,lookback,19,candidate,six_etf_all_scoreable,2020-01-09,2026-09-24,1628,1627,0.23829836346224242,0.23113027511202316,1.040362875876576,-0.2680327412093382,2021-01-25,2021-12-21,2.9747749604469265,4.271014724508382,336,226,562.0,0.562,1.1586995216035558,291,0.8212530712530712,0,0,19,0.5532104047115238,-0.16309804295217567,214,358.0,246,-31.49120412492814,-10.49346982571625
lookback_21,lookback,21,candidate,full,2011-12-09,2026-09-24,3594,3593,0.1447744552079464,0.2063026989442788,0.7586612474580136,-0.3594164959576919,2015-11-25,2021-08-27,5.874245408767829,6.874245408767829,499,260,759.0,0.759,1.6069366202116355,1140,0.6825264329437952,0,0,21,0.3043564408483703,-0.22006724591954296,379,573.0,1150,-15.958198564042391,-13.934925003814891
lookback_21,lookback,21,candidate,last_10y,2016-05-16,2026-09-24,2520,2519,0.1894885061436793,0.21238325550288975,0.9231282871367046,-0.29158938638689713,2018-03-20,2021-08-27,4.666350697911026,6.874245408767829,402,238,640.0,0.6400000000000001,1.4646086079340934,560,0.7777777777777778,0,0,21,0.3571666395815125,-0.16309804295217567,306,480.0,552,-16.767813343783324,-12.849134343472146
lookback_21,lookback,21,candidate,last_5y,2021-07-19,2026-09-24,1260,1259,0.44071457601075803,0.23627210368879123,1.6634466674969215,-0.20768504701339519,2022-03-30,2022-06-09,5.198127027382765,6.874245408767829,214,134,348.0,0.348,1.1137980386066642,239,0.8103174603174603,0,0,21,0.5425627803742445,-0.15962238350856572,155,250.0,219,-10.184820436348652,-4.806266350482947
lookback_21,lookback,21,candidate,last_3y,2023-08-15,2026-09-24,756,755,0.487230037956913,0.24557349470199558,1.7393869524159453,-0.16813419076845837,2024-10-30,2025-01-13,2.2843573584278025,6.874245408767829,148,98,246.0,0.24600000000000002,0.9891604669265415,138,0.8174603174603174,0,0,21,0.6590198158316622,-0.1433795586170047,107,176.0,108,-17.178977787474924,-2.475463215145368
lookback_21,lookback,21,candidate,last_1y,2025-09-11,2026-09-24,252,251,0.65904511491069,0.29609437624914065,1.8586301004920547,-0.11819413952671032,2026-02-27,2026-03-06,0.6557156085358209,6.874245408767829,66,40,106.0,0.10600000000000001,0.5808846069525735,58,0.7698412698412699,0,0,21,0.6325606075238857,-0.13541584013921915,46,72.0,48,2.64845073868043,1.7221700612508828
lookback_21,lookback,21,candidate,six_etf_all_scoreable,2020-01-09,2026-09-24,1628,1627,0.32513761409932274,0.24050184434664515,1.2908884659929647,-0.24890669558364764,2021-01-25,2021-08-27,5.156864442073613,6.874245408767829,293,199,492.0,0.492,1.2845931231113787,274,0.8316953316953317,0,0,21,0.5532104047115238,-0.16309804295217567,214,358.0,246,-22.807279061220108,-8.580865263147198
lookback_23,lookback,23,candidate,full,2011-12-09,2026-09-24,3594,3593,0.24868463111464645,0.21369535347692462,1.14550868865016,-0.24102677063017908,2022-03-22,2022-06-09,22.725611776678814,23.725611776678814,444,225,669.0,0.669,3.820038717818598,1142,0.6819699499165276,0,0,23,0.3043564408483703,-0.22006724591954296,379,573.0,1150,-5.567180973372388,-2.0959524710636113
lookback_23,lookback,23,candidate,last_10y,2016-05-16,2026-09-24,2520,2519,0.2866726540551683,0.22105291215133901,1.249900981697044,-0.24102677063017908,2022-03-22,2022-06-09,11.423567154594435,23.725611776678814,359,207,566.0,0.5660000000000001,3.674606877350557,556,0.7793650793650794,0,0,23,0.3571666395815125,-0.16309804295217567,306,480.0,552,-7.049398552634423,-7.792872767800341
lookback_23,lookback,23,candidate,last_5y,2021-07-19,2026-09-24,1260,1259,0.46301366517275655,0.252111151630803,1.6335616365021857,-0.24102677063017908,2022-03-22,2022-06-09,5.692465879033842,23.725611776678814,189,115,304.0,0.304,3.01748152817011,231,0.8166666666666667,0,0,23,0.5425627803742445,-0.15962238350856572,155,250.0,219,-7.9549115201488,-8.140438712161336
lookback_23,lookback,23,candidate,last_3y,2023-08-15,2026-09-24,756,755,0.512290993271102,0.2739882929112589,1.6443678145034142,-0.1540760274394104,2024-07-11,2024-09-10,2.4529736020141484,23.725611776678814,130,82,212.0,0.21200000000000002,2.6467961943875036,127,0.832010582010582,0,0,23,0.6590198158316622,-0.1433795586170047,107,176.0,108,-14.672882256056031,-1.0696468822405714
lookback_23,lookback,23,candidate,last_1y,2025-09-11,2026-09-24,252,251,0.635562648437429,0.29968388731856493,1.7921560745226737,-0.11657808450155227,2026-06-25,2026-07-28,0.6323726072950475,23.725611776678814,49,27,76.0,0.07600000000000001,1.398186394022106,53,0.7896825396825397,0,0,23,0.6325606075238857,-0.13541584013921915,46,72.0,48,0.3002040913543391,1.8837755637666875
lookback_23,lookback,23,candidate,six_etf_all_scoreable,2020-01-09,2026-09-24,1628,1627,0.44367220575593214,0.2526423462896454,1.5787986424547724,-0.24102677063017908,2022-03-22,2022-06-09,9.704957287519957,23.725611776678814,258,168,426.0,0.42600000000000005,3.3937871267700177,260,0.8402948402948403,0,0,23,0.5532104047115238,-0.16309804295217567,214,358.0,246,-10.95381989555917,-7.792872767800341
lookback_25,lookback,25,formal,full,2011-12-09,2026-09-24,3594,3593,0.3043564408483703,0.21677964301127073,1.333702397020493,-0.22006724591954296,2016-03-08,2016-06-22,43.18887388573992,44.18887388573992,379,194,573.0,0.573,5.443363483159976,1150,0.6797440178074569,0,0,25,0.3043564408483703,-0.22006724591954296,379,573.0,1150,0.0,0.0
lookback_25,lookback,25,formal,last_10y,2016-05-16,2026-09-24,2520,2519,0.3571666395815125,0.22486779222898975,1.469969667001876,-0.16309804295217567,2021-01-25,2022-06-09,20.17412318212617,44.18887388573992,306,174,480.0,0.48,5.298668108204773,552,0.780952380952381,0,0,25,0.3571666395815125,-0.16309804295217567,306,480.0,552,0.0,0.0
lookback_25,lookback,25,formal,last_5y,2021-07-19,2026-09-24,1260,1259,0.5425627803742445,0.25537303430279024,1.8237069583190084,-0.15962238350856572,2022-03-22,2022-06-09,7.719011412153751,44.18887388573992,155,95,250.0,0.25,4.617722283269551,219,0.8261904761904761,0,0,25,0.5425627803742445,-0.15962238350856572,155,250.0,219,0.0,0.0
lookback_25,lookback,25,formal,last_3y,2023-08-15,2026-09-24,756,755,0.6590198158316622,0.2855016831365532,1.9141869828249325,-0.1433795586170047,2024-07-11,2024-09-10,3.557034256620555,44.18887388573992,107,69,176.0,0.176,4.194804422481505,108,0.8571428571428571,0,0,25,0.6590198158316622,-0.1433795586170047,107,176.0,108,0.0,0.0
lookback_25,lookback,25,formal,last_1y,2025-09-11,2026-09-24,252,251,0.6325606075238857,0.30660353639741644,1.7522830555060003,-0.13541584013921915,2026-07-24,2026-09-14,0.629388300385741,44.18887388573992,46,26,72.0,0.07200000000000001,2.5201463277459433,48,0.8095238095238095,0,0,25,0.6325606075238857,-0.13541584013921915,46,72.0,48,0.0,0.0
lookback_25,lookback,25,formal,six_etf_all_scoreable,2020-01-09,2026-09-24,1628,1627,0.5532104047115238,0.25684286156247604,1.842398572629869,-0.16309804295217567,2021-01-25,2022-06-09,16.165226503334413,44.18887388573992,214,144,358.0,0.358,5.038385267775225,246,0.8488943488943489,0,0,25,0.5532104047115238,-0.16309804295217567,214,358.0,246,0.0,0.0
lookback_27,lookback,27,candidate,full,2011-12-09,2026-09-24,3594,3593,0.2807063779258918,0.21955004441121168,1.2363065051898339,-0.18259013945878944,2016-04-14,2016-06-13,33.04153851702329,34.04153851702329,344,181,525.0,0.525,4.649089572552615,1159,0.6772398441847524,0,0,27,0.3043564408483703,-0.22006724591954296,379,573.0,1150,-2.365006292247851,3.747710646075353
lookback_27,lookback,27,candidate,last_10y,2016-05-16,2026-09-24,2520,2519,0.33971903795067226,0.22970945345623647,1.387395455407302,-0.17236213313032278,2021-07-12,2022-06-09,17.60515388333421,34.04153851702329,274,160,434.0,0.43400000000000005,4.516942679649493,560,0.7777777777777778,0,0,27,0.3571666395815125,-0.16309804295217567,306,480.0,552,-1.7447601630840248,-0.9264090178147111
lookback_27,lookback,27,candidate,last_5y,2021-07-19,2026-09-24,1260,1259,0.4202718436391164,0.2601040235266821,1.4774313834784099,-0.16498058617070466,2026-06-25,2026-09-24,4.7710221116855696,34.04153851702329,137,87,224.0,0.224,3.877639211184455,212,0.8317460317460318,0,0,27,0.5425627803742445,-0.15962238350856572,155,250.0,219,-12.229093673512814,-0.5358202662138933
lookback_27,lookback,27,candidate,last_3y,2023-08-15,2026-09-24,756,755,0.5200352256438232,0.28670739092982034,1.601667919088277,-0.16498058617070466,2026-06-25,2026-09-24,2.5062212378827926,34.04153851702329,92,64,156.0,0.15600000000000003,3.460009620057866,103,0.8637566137566137,0,0,27,0.6590198158316622,-0.1433795586170047,107,176.0,108,-13.898459018783903,-2.160102755369997
lookback_27,lookback,27,candidate,last_1y,2025-09-11,2026-09-24,252,251,0.2503662065294465,0.30980655803955315,0.8752403990060396,-0.16498058617070466,2026-06-25,2026-09-24,0.24925805733434148,34.04153851702329,40,26,66.0,0.066,2.012312638716129,44,0.8253968253968254,0,0,27,0.6325606075238857,-0.13541584013921915,46,72.0,48,-38.219440099443915,-2.956474603148551
lookback_27,lookback,27,candidate,six_etf_all_scoreable,2020-01-09,2026-09-24,1628,1627,0.4921206701076202,0.2639084331493695,1.6477694795014441,-0.17236213313032278,2021-07-12,2022-06-09,12.247653880602067,34.04153851702329,192,132,324.0,0.32399999999999995,4.296743284496803,238,0.8538083538083538,0,0,27,0.5532104047115238,-0.16309804295217567,214,358.0,246,-6.108973460390366,-0.9264090178147111
lookback_29,lookback,29,candidate,full,2011-12-09,2026-09-24,3594,3593,0.2363118989625428,0.22216284496779315,1.0655648952357726,-0.23443344651133668,2021-07-12,2022-06-02,19.585237193017807,20.585237193017807,311,165,476.0,0.47600000000000003,2.800894067481928,1175,0.6730662214802449,0,0,29,0.3043564408483703,-0.22006724591954296,379,573.0,1150,-6.804454188582754,-1.436620059179372
lookback_29,lookback,29,candidate,last_10y,2016-05-16,2026-09-24,2520,2519,0.29779504026652415,0.23310536643787008,1.2342029579216083,-0.23443344651133668,2021-07-12,2022-06-02,12.53978818662686,20.585237193017807,253,152,405.0,0.405,2.7080960608892157,578,0.7710317460317461,0,0,29,0.3571666395815125,-0.16309804295217567,306,480.0,552,-5.937159931498837,-7.133540355916102
lookback_29,lookback,29,candidate,last_5y,2021-07-19,2026-09-24,1260,1259,0.3747229846983986,0.26217004067930216,1.3436353796275105,-0.22970951994520472,2021-07-19,2022-06-02,3.903740690054101,20.585237193017807,130,83,213.0,0.21300000000000002,2.2742599029117514,217,0.8285714285714286,0,0,29,0.5425627803742445,-0.15962238350856572,155,250.0,219,-16.783979567584595,-7.008713643663899
lookback_29,lookback,29,candidate,last_3y,2023-08-15,2026-09-24,756,755,0.5143988387604279,0.2852131476824199,1.5958778492541321,-0.21238232169691218,2026-06-25,2026-09-14,2.467412932555052,20.585237193017807,88,61,149.0,0.14900000000000002,2.022135645818789,109,0.8571428571428571,0,0,29,0.6590198158316622,-0.1433795586170047,107,176.0,108,-14.462097707123434,-6.900276307990749
lookback_29,lookback,29,candidate,last_1y,2025-09-11,2026-09-24,252,251,0.37248395149273317,0.32043180038839136,1.147904016941161,-0.21238232169691218,2026-06-25,2026-09-14,0.3707605943242829,20.585237193017807,38,29,67.0,0.067,1.287526881486889,43,0.8333333333333334,0,0,29,0.6325606075238857,-0.13541584013921915,46,72.0,48,-26.00766560311525,-7.696648155769303
lookback_29,lookback,29,candidate,six_etf_all_scoreable,2020-01-09,2026-09-24,1628,1627,0.4249755553707881,0.26805207680889814,1.4546426491723732,-0.23443344651133668,2021-07-12,2022-06-02,8.840890003164903,20.585237193017807,179,122,301.0,0.30100000000000005,2.540353113335315,244,0.8507371007371007,0,0,29,0.5532104047115238,-0.16309804295217567,214,358.0,246,-12.82348493407357,-7.133540355916102
lookback_31,lookback,31,candidate,full,2011-12-09,2026-09-24,3594,3593,0.21691890288430815,0.22534746203805617,0.9834868612194495,-0.23993313085264745,2020-02-13,2020-04-22,15.430660046834685,16.430660046834685,292,140,432.0,0.43200000000000005,2.1929827416729752,1184,0.6705620478575404,1,0,31,0.3043564408483703,-0.22006724591954296,379,573.0,1150,-8.743753796406217,-1.9865884933104483
lookback_31,lookback,31,candidate,last_10y,2016-05-16,2026-09-24,2520,2519,0.26752831518061093,0.23686116032329843,1.1186528871733745,-0.23993313085264745,2020-02-13,2020-04-22,9.694688400830039,16.430660046834685,239,130,369.0,0.369,2.110921050370279,585,0.7682539682539683,1,0,31,0.3571666395815125,-0.16309804295217567,306,480.0,552,-8.963832440090158,-7.683508790047178
lookback_31,lookback,31,candidate,last_5y,2021-07-19,2026-09-24,1260,1259,0.3319497742003854,0.2640656193625454,1.2161034897073615,-0.22428554788725463,2021-07-21,2022-06-02,3.1874076622425775,16.430660046834685,114,69,183.0,0.183,1.721665445003926,216,0.8293650793650794,0,0,31,0.5425627803742445,-0.15962238350856572,155,250.0,219,-21.061300617385914,-6.46631643786889
lookback_31,lookback,31,candidate,last_3y,2023-08-15,2026-09-24,756,755,0.42392862452435653,0.28795265048995766,1.369265536063693,-0.2040077484443844,2026-06-22,2026-09-14,1.8830726172878642,16.430660046834685,73,48,121.0,0.12100000000000001,1.483384633703258,113,0.8518518518518519,0,0,31,0.6590198158316622,-0.1433795586170047,107,176.0,108,-23.50911913073057,-6.062818982737972
lookback_31,lookback,31,candidate,last_1y,2025-09-11,2026-09-24,252,251,0.146988501508303,0.324965790592045,0.5838226817305306,-0.2040077484443844,2026-06-22,2026-09-14,0.14636447374838935,16.430660046834685,29,22,51.0,0.051000000000000004,0.8522832885466817,38,0.8531746031746031,0,0,31,0.6325606075238857,-0.13541584013921915,46,72.0,48,-48.55721060155827,-6.859190830516527
lookback_31,lookback,31,candidate,six_etf_all_scoreable,2020-01-09,2026-09-24,1628,1627,0.380961899793562,0.27118251021954487,1.325161169688278,-0.23993313085264745,2020-02-13,2020-04-22,7.036408168287622,16.430660046834685,161,106,267.0,0.267,1.9505331091142963,244,0.8507371007371007,1,0,31,0.5532104047115238,-0.16309804295217567,214,358.0,246,-17.224850491796182,-7.683508790047178
lookback_33,lookback,33,candidate,full,2011-12-09,2026-09-24,3594,3593,0.19112961128617045,0.22449416637787661,0.8907564202208047,-0.27736578907216225,2015-04-30,2018-03-23,11.106508253431556,12.106508253431556,266,128,394.0,0.394,1.729200240640804,1197,0.6669449081803005,1,0,33,0.3043564408483703,-0.22006724591954296,379,573.0,1150,-11.322682956219987,-5.729854315261928
lookback_33,lookback,33,candidate,last_10y,2016-05-16,2026-09-24,2520,2519,0.2316564990562664,0.23816082712520303,0.9931543410379575,-0.2531981732064774,2020-02-13,2020-04-22,7.0266983570372705,12.106508253431556,214,117,331.0,0.331,1.6425641111065827,591,0.7658730158730159,1,0,33,0.3571666395815125,-0.16309804295217567,306,480.0,552,-12.55101405252461,-9.010013025430174
lookback_33,lookback,33,candidate,last_5y,2021-07-19,2026-09-24,1260,1259,0.29542364089013873,0.26735312348388485,1.100219786105119,-0.24048953594539824,2021-07-21,2022-05-24,2.644290707863313,12.106508253431556,114,71,185.0,0.185,1.3485229783604156,212,0.8325396825396826,1,0,33,0.5425627803742445,-0.15962238350856572,155,250.0,219,-24.713913948410582,-8.086715243683251
lookback_33,lookback,33,candidate,last_3y,2023-08-15,2026-09-24,756,755,0.38058910010678226,0.2934413117761081,1.243436962249577,-0.19199662950923435,2026-06-22,2026-09-14,1.6280735147996683,12.106508253431556,74,49,123.0,0.123,1.1545178331975106,111,0.8544973544973545,1,0,33,0.6590198158316622,-0.1433795586170047,107,176.0,108,-27.843071572488,-4.861707089222966
lookback_33,lookback,33,candidate,last_1y,2025-09-11,2026-09-24,252,251,0.023386821969647142,0.3248443727694494,0.23291158481217572,-0.19199662950923435,2026-06-22,2026-09-14,0.023292944583642505,12.106508253431556,29,20,49.0,0.049,0.6128048077704289,38,0.8531746031746031,0,0,33,0.6325606075238857,-0.13541584013921915,46,72.0,48,-60.91737855542385,-5.6580789370015205
lookback_33,lookback,33,candidate,six_etf_all_scoreable,2020-01-09,2026-09-24,1628,1627,0.3198574922426207,0.2744573032258125,1.1474766700145964,-0.2531981732064774,2020-02-13,2020-04-22,5.000185434068405,12.106508253431556,155,102,257.0,0.257,1.5254089467521823,240,0.8531941031941032,1,0,33,0.5532104047115238,-0.16309804295217567,214,358.0,246,-23.33529124689031,-9.010013025430174
lookback_35,lookback,35,candidate,full,2011-12-09,2026-09-24,3594,3593,0.14430228418156532,0.22857343966167895,0.7035790224967325,-0.3093601186360435,2021-01-12,2022-06-09,5.8339297225376345,6.8339297225376345,247,114,361.0,0.361,1.2611783881837997,1192,0.6680578742348359,0,0,35,0.3043564408483703,-0.22006724591954296,379,573.0,1150,-16.0054156666805,-8.929287271650054
lookback_35,lookback,35,candidate,last_10y,2016-05-16,2026-09-24,2520,2519,0.13192914152062762,0.24195470185205586,0.6325110818368987,-0.3093601186360435,2021-01-12,2022-06-09,2.4512692449311166,6.8339297225376345,197,105,302.0,0.30200000000000005,1.1716921868604382,595,0.7638888888888888,0,0,35,0.3571666395815125,-0.16309804295217567,306,480.0,552,-22.52374980608849,-14.626207568386784
lookback_35,lookback,35,candidate,last_5y,2021-07-19,2026-09-24,1260,1259,0.15058733422531856,0.27006335886128957,0.653155103166323,-0.27654888049224813,2021-07-21,2022-06-09,1.015376547220566,6.8339297225376345,101,61,162.0,0.162,0.8487401725229362,211,0.8325396825396826,0,0,35,0.5425627803742445,-0.15962238350856572,155,250.0,219,-39.1975446148926,-11.69264969836824
lookback_35,lookback,35,candidate,last_3y,2023-08-15,2026-09-24,756,755,0.20917823725202322,0.30152013022186114,0.7786721484188204,-0.2664504266554881,2025-10-09,2026-09-14,0.7666219571347688,6.8339297225376345,66,42,108.0,0.108,0.685397513660157,113,0.8505291005291006,0,0,35,0.6590198158316622,-0.1433795586170047,107,176.0,108,-44.9841578579639,-12.307086803848344
lookback_35,lookback,35,candidate,last_1y,2025-09-11,2026-09-24,252,251,-0.21169377948014478,0.34025267564151973,-0.5277375018122455,-0.2664504266554881,2025-10-09,2026-09-14,-0.21094932761024898,6.8339297225376345,23,15,38.0,0.038000000000000006,0.29490333318612816,36,0.8571428571428571,0,0,35,0.6325606075238857,-0.13541584013921915,46,72.0,48,-84.42543870040305,-13.103458651626898
lookback_35,lookback,35,candidate,six_etf_all_scoreable,2020-01-09,2026-09-24,1628,1627,0.18657638161405332,0.2791318338394084,0.7516691343950798,-0.3093601186360435,2021-01-12,2022-06-09,2.01772027814224,6.8339297225376345,137,89,226.0,0.22599999999999998,1.0189106161844685,239,0.8531941031941032,0,0,35,0.5532104047115238,-0.16309804295217567,214,358.0,246,-36.66340230974705,-14.626207568386784
lookback_37,lookback,37,candidate,full,2011-12-09,2026-09-24,3594,3593,0.09944863511743307,0.2211558721393884,0.5395388705086089,-0.31099997869431517,2024-01-23,2024-11-18,2.864290292464677,3.864290292464677,239,106,345.0,0.34500000000000003,0.8358292424622427,1217,0.66110183639399,0,0,37,0.3043564408483703,-0.22006724591954296,379,573.0,1150,-20.490780573093726,-9.09327327747722
lookback_37,lookback,37,candidate,last_10y,2016-05-16,2026-09-24,2520,2519,0.08777785021285434,0.23471639036321335,0.476090359059788,-0.31099997869431517,2024-01-23,2024-11-18,1.3187670053549656,3.864290292464677,190,98,288.0,0.28800000000000003,0.7581102613946471,613,0.7567460317460317,0,0,37,0.3571666395815125,-0.16309804295217567,306,480.0,552,-26.93887893686582,-14.79019357421395
lookback_37,lookback,37,candidate,last_5y,2021-07-19,2026-09-24,1260,1259,0.07169604759304637,0.2587474295190296,0.3973569913768914,-0.31099997869431517,2024-01-23,2024-11-18,0.41331449572552303,3.864290292464677,98,58,156.0,0.156,0.50884311850654,213,0.830952380952381,0,0,37,0.5425627803742445,-0.15962238350856572,155,250.0,219,-47.08667327811982,-15.137759518574946
lookback_37,lookback,37,candidate,last_3y,2023-08-15,2026-09-24,756,755,0.07209699128976776,0.2841924163692655,0.3874597251305999,-0.31099997869431517,2024-01-23,2024-11-18,0.23191928854717458,3.864290292464677,62,38,100.0,0.1,0.36986531367680986,117,0.8452380952380952,0,0,37,0.6590198158316622,-0.1433795586170047,107,176.0,108,-58.692282454189446,-16.762042007731047
lookback_37,lookback,37,candidate,last_1y,2025-09-11,2026-09-24,252,251,-0.14259116333486566,0.3424653407751483,-0.2770362063648055,-0.21921699480850398,2026-01-29,2026-09-14,-0.1420675744271418,3.864290292464677,21,15,36.0,0.036,0.15290609596524624,34,0.8650793650793651,0,0,37,0.6325606075238857,-0.13541584013921915,46,72.0,48,-77.51517708587514,-8.380115466928483
lookback_37,lookback,37,candidate,six_etf_all_scoreable,2020-01-09,2026-09-24,1628,1627,0.12079149734193839,0.270234581889028,0.5575279053106698,-0.31099997869431517,2024-01-23,2024-11-18,1.0880917687327138,3.864290292464677,131,83,214.0,0.21400000000000002,0.6360240638829928,242,0.8513513513513513,0,0,37,0.5532104047115238,-0.16309804295217567,214,358.0,246,-43.241890736958545,-14.79019357421395
lookback_39,lookback,39,candidate,full,2011-12-09,2026-09-24,3594,3593,0.082782149236176,0.22142681002576112,0.47029672982651066,-0.3143782002203437,2025-10-09,2026-09-14,2.1080259102087893,3.1080259102087893,228,99,327.0,0.327,0.718276478585844,1245,0.6533110740122426,0,0,39,0.3043564408483703,-0.22006724591954296,379,573.0,1150,-22.157429161219433,-9.431095430080072
lookback_39,lookback,39,candidate,last_10y,2016-05-16,2026-09-24,2520,2519,0.08274768204524707,0.23591116078994787,0.45536420882492495,-0.3143782002203437,2025-10-09,2026-09-14,1.213785882933307,3.1080259102087893,180,92,272.0,0.272,0.6499527515870478,641,0.7456349206349207,0,0,39,0.3571666395815125,-0.16309804295217567,306,480.0,552,-27.441895753626543,-15.128015726816802
lookback_39,lookback,39,candidate,last_5y,2021-07-19,2026-09-24,1260,1259,0.047418871508632554,0.26029010788596674,0.3087624676621406,-0.3143782002203437,2025-10-09,2026-09-14,0.2604398608845784,3.1080259102087893,93,53,146.0,0.146,0.4413458029271855,228,0.819047619047619,0,0,39,0.5425627803742445,-0.15962238350856572,155,250.0,219,-49.5143908865612,-15.475581671177796
lookback_39,lookback,39,candidate,last_3y,2023-08-15,2026-09-24,756,755,0.008318521861122363,0.28735340460595904,0.17328396370456892,-0.3143782002203437,2025-10-09,2026-09-14,0.025130034492578668,3.1080259102087893,57,35,92.0,0.092,0.31610923869633134,126,0.8333333333333334,0,0,39,0.6590198158316622,-0.1433795586170047,107,176.0,108,-65.07012939705399,-17.0998641603339
lookback_39,lookback,39,candidate,last_1y,2025-09-11,2026-09-24,252,251,-0.26784832010928794,0.3434577877358216,-0.734610328009295,-0.3143782002203437,2025-10-09,2026-09-14,-0.26694196133867876,3.1080259102087893,22,14,36.0,0.036000000000000004,0.13110607055751047,34,0.8650793650793651,0,0,39,0.6325606075238857,-0.13541584013921915,46,72.0,48,-90.04089276331736,-17.896236008112453
lookback_39,lookback,39,candidate,six_etf_all_scoreable,2020-01-09,2026-09-24,1628,1627,0.10723838369556749,0.27179660950763695,0.5112945397200828,-0.3143782002203437,2025-10-09,2026-09-14,0.9303506312264429,3.1080259102087893,126,78,204.0,0.20400000000000001,0.5527977740627483,257,0.8421375921375921,0,0,39,0.5532104047115238,-0.16309804295217567,214,358.0,246,-44.597202101595634,-15.128015726816802
lookback_41,lookback,41,candidate,full,2011-12-09,2026-09-24,3594,3593,0.07692146098456831,0.22856980660227366,0.4394962674731771,-0.37442312800742616,2025-10-09,2026-09-14,1.8765894321330343,2.8765894321330343,223,100,323.0,0.323,0.7289861064875308,1271,0.6460767946577629,0,0,41,0.3043564408483703,-0.22006724591954296,379,573.0,1150,-22.743497986380202,-15.435588208788321
lookback_41,lookback,41,candidate,last_10y,2016-05-16,2026-09-24,2520,2519,0.07074226706245712,0.2452415805087167,0.40250451369419415,-0.37442312800742616,2025-10-09,2026-09-14,0.9803031053413669,2.8765894321330343,180,94,274.0,0.274,0.6638290286789377,653,0.7408730158730159,0,0,41,0.3571666395815125,-0.16309804295217567,306,480.0,552,-28.64243725190554,-21.13250850552505
lookback_41,lookback,41,candidate,last_5y,2021-07-19,2026-09-24,1260,1259,0.03464054070191147,0.2705275486971707,0.26289315357553245,-0.37442312800742616,2025-10-09,2026-09-14,0.1854650898224257,2.8765894321330343,93,55,148.0,0.14800000000000002,0.44743469342352093,232,0.8158730158730159,0,0,41,0.5425627803742445,-0.15962238350856572,155,250.0,219,-50.792223967233305,-21.480074449886043
lookback_41,lookback,41,candidate,last_3y,2023-08-15,2026-09-24,756,755,-0.04715391083524578,0.3012427159291013,-0.00719951682178563,-0.37442312800742616,2025-10-09,2026-09-14,-0.1347302709354724,2.8765894321330343,55,35,90.0,0.09000000000000001,0.3051131816859486,128,0.8306878306878307,0,0,41,0.6590198158316622,-0.1433795586170047,107,176.0,108,-70.6173726666908,-23.104356939042148
lookback_41,lookback,41,candidate,last_1y,2025-09-11,2026-09-24,252,251,-0.3047591607264767,0.3455433018223853,-0.8776843683634918,-0.37442312800742616,2025-10-09,2026-09-14,-0.3037555881591941,2.8765894321330343,22,14,36.0,0.036000000000000004,0.12980126891745877,34,0.8650793650793651,0,0,41,0.6325606075238857,-0.13541584013921915,46,72.0,48,-93.73197682503623,-23.9007287868207
lookback_41,lookback,41,candidate,six_etf_all_scoreable,2020-01-09,2026-09-24,1628,1627,0.08171387537365815,0.2844190375575744,0.41996628230555366,-0.37442312800742616,2025-10-09,2026-09-14,0.6605102857049456,2.8765894321330343,126,80,206.0,0.20600000000000002,0.5614817085978703,261,0.8396805896805897,0,0,41,0.5532104047115238,-0.16309804295217567,214,358.0,246,-47.14965293378657,-21.13250850552505
lookback_43,lookback,43,candidate,full,2011-12-09,2026-09-24,3594,3593,0.06764823664709252,0.22573653179717035,0.4033589408049374,-0.38513204505792287,2025-10-09,2026-09-14,1.5428883187054607,2.5428883187054607,206,97,303.0,0.30300000000000005,0.5942460710967234,1287,0.6416249304396215,0,0,43,0.3043564408483703,-0.22006724591954296,379,573.0,1150,-23.670820420127782,-16.50647991383799
lookback_43,lookback,43,candidate,last_10y,2016-05-16,2026-09-24,2520,2519,0.07027780093537084,0.2394202967109356,0.4039252199176524,-0.38513204505792287,2025-10-09,2026-09-14,0.9717330983515484,2.5428883187054607,164,91,255.0,0.255,0.534656465190125,667,0.734920634920635,0,0,43,0.3571666395815125,-0.16309804295217567,306,480.0,552,-28.68888386461417,-22.20340021057472
lookback_43,lookback,43,candidate,last_5y,2021-07-19,2026-09-24,1260,1259,0.048806844779055725,0.2610547018412201,0.31358824449352896,-0.38513204505792287,2025-10-09,2026-09-14,0.26880663189704657,2.5428883187054607,88,54,142.0,0.14200000000000002,0.3605050462941404,229,0.8182539682539682,0,0,43,0.5425627803742445,-0.15962238350856572,155,250.0,219,-49.37559355951888,-22.550966154935715
lookback_43,lookback,43,candidate,last_3y,2023-08-15,2026-09-24,756,755,0.02291047983814276,0.286355509563279,0.2229514889622568,-0.38513204505792287,2025-10-09,2026-09-14,0.07022192997684695,2.5428883187054607,55,37,92.0,0.092,0.26546057636838155,125,0.8346560846560847,0,0,43,0.6590198158316622,-0.1433795586170047,107,176.0,108,-63.61093359935195,-24.175248644091816
lookback_43,lookback,43,candidate,last_1y,2025-09-11,2026-09-24,252,251,-0.3153328401152591,0.3432384310859552,-0.9305588541539977,-0.38513204505792287,2025-10-09,2026-09-14,-0.31430283082147636,2.5428883187054607,24,16,40.0,0.04,0.13004345466267114,34,0.8650793650793651,0,0,43,0.6325606075238857,-0.13541584013921915,46,72.0,48,-94.78934476391447,-24.97162049187037
lookback_43,lookback,43,candidate,six_etf_all_scoreable,2020-01-09,2026-09-24,1628,1627,0.06940652101937239,0.27686361688849825,0.38154851342430046,-0.38513204505792287,2025-10-09,2026-09-14,0.542255311049143,2.5428883187054607,117,77,194.0,0.194,0.4499713895193433,262,0.8390663390663391,0,0,43,0.5532104047115238,-0.16309804295217567,214,358.0,246,-48.38038836921514,-22.20340021057472
lookback_45,lookback,45,candidate,full,2011-12-09,2026-09-24,3594,3593,0.06498033891246502,0.225383698938174,0.3925101844327006,-0.3828908756668027,2025-10-09,2026-09-14,1.4537745415452537,2.4537745415452537,195,94,289.0,0.28900000000000003,0.5361555659909717,1294,0.6396772398441848,0,0,45,0.3043564408483703,-0.22006724591954296,379,573.0,1150,-23.93761019359053,-16.282362974725974
lookback_45,lookback,45,candidate,last_10y,2016-05-16,2026-09-24,2520,2519,0.06966275433834945,0.24001579683023103,0.40113662719719584,-0.3828908756668027,2025-10-09,2026-09-14,0.9604360510842551,2.4537745415452537,158,89,247.0,0.247,0.4866567071915193,672,0.7329365079365079,0,0,45,0.3571666395815125,-0.16309804295217567,306,480.0,552,-28.750388524316307,-21.979283271462702
lookback_45,lookback,45,candidate,last_5y,2021-07-19,2026-09-24,1260,1259,0.07685816679157154,0.26176858882700693,0.4143233457718845,-0.3828908756668027,2025-10-09,2026-09-14,0.447654474856769,2.4537745415452537,83,53,136.0,0.136,0.3174205226948035,227,0.8198412698412698,0,0,45,0.5425627803742445,-0.15962238350856572,155,250.0,219,-46.5704613582673,-22.326849215823696
lookback_45,lookback,45,candidate,last_3y,2023-08-15,2026-09-24,756,755,0.06577358455905058,0.28793157234351113,0.3659279829764684,-0.3828908756668027,2025-10-09,2026-09-14,0.21027781993652206,2.4537745415452537,51,37,88.0,0.08800000000000001,0.23939826250822774,123,0.8373015873015873,0,0,45,0.6590198158316622,-0.1433795586170047,107,176.0,108,-59.32462312726117,-23.9511317049798
lookback_45,lookback,45,candidate,last_1y,2025-09-11,2026-09-24,252,251,-0.3128272946421493,0.3407306979973957,-0.9290230363334542,-0.3828908756668027,2025-10-09,2026-09-14,-0.3118034917442182,2.4537745415452537,23,15,38.0,0.038000000000000006,0.11899993740704218,32,0.873015873015873,0,0,45,0.6325606075238857,-0.13541584013921915,46,72.0,48,-94.5387902166035,-24.747503552758353
lookback_45,lookback,45,candidate,six_etf_all_scoreable,2020-01-09,2026-09-24,1628,1627,0.058683671904269374,0.2769992734329592,0.34513446946802073,-0.3828908756668027,2025-10-09,2026-09-14,0.44510476336666804,2.4537745415452537,111,75,186.0,0.186,0.39912169255190155,266,0.8366093366093366,0,0,45,0.5532104047115238,-0.16309804295217567,214,358.0,246,-49.45267328072545,-21.979283271462702
lookback_47,lookback,47,candidate,full,2011-12-09,2026-09-24,3594,3593,0.0790120642591916,0.22545852005068864,0.4506600504797129,-0.34993600475731446,2025-10-09,2026-09-14,1.957242203076305,2.957242203076305,182,91,273.0,0.273,0.5460781026583453,1300,0.6380077907623818,0,0,47,0.3043564408483703,-0.22006724591954296,379,573.0,1150,-22.534437658917874,-12.986875883777149
lookback_47,lookback,47,candidate,last_10y,2016-05-16,2026-09-24,2520,2519,0.09625736548969854,0.23846214713229463,0.5052974702268949,-0.34993600475731446,2025-10-09,2026-09-14,1.5059180250179978,2.957242203076305,144,87,231.0,0.231,0.4957412383376033,674,0.7321428571428571,0,0,47,0.3571666395815125,-0.16309804295217567,306,480.0,552,-26.090927409181397,-18.68379618051388
lookback_47,lookback,47,candidate,last_5y,2021-07-19,2026-09-24,1260,1259,0.10728188833112573,0.2616409762464776,0.5209210007430045,-0.34993600475731446,2025-10-09,2026-09-14,0.6638545305716659,2.957242203076305,77,51,128.0,0.128,0.34110319048528653,228,0.819047619047619,0,0,47,0.5425627803742445,-0.15962238350856572,155,250.0,219,-43.52808920431188,-19.031362124874875
lookback_47,lookback,47,candidate,last_3y,2023-08-15,2026-09-24,756,755,0.09905056622328479,0.28821164845257863,0.4725779391196791,-0.34993600475731446,2025-10-09,2026-09-14,0.3270590696291391,2.957242203076305,47,35,82.0,0.082,0.25961744501402095,117,0.8452380952380952,0,0,47,0.6590198158316622,-0.1433795586170047,107,176.0,108,-55.996924960837745,-20.655644614030976
lookback_47,lookback,47,candidate,last_1y,2025-09-11,2026-09-24,252,251,-0.27598083491069747,0.3376325404552785,-0.7861495709059279,-0.34993600475731446,2025-10-09,2026-09-14,-0.27505241126969837,2.957242203076305,21,15,36.0,0.036,0.1325517191387906,32,0.873015873015873,0,0,47,0.6325606075238857,-0.13541584013921915,46,72.0,48,-90.85414424345831,-21.45201646180953
lookback_47,lookback,47,candidate,six_etf_all_scoreable,2020-01-09,2026-09-24,1628,1627,0.08296540263968044,0.2750037709284879,0.42823460438186894,-0.34993600475731446,2025-10-09,2026-09-14,0.6729533550611178,2.957242203076305,104,72,176.0,0.176,0.41866217765119434,269,0.8347665847665847,0,0,47,0.5532104047115238,-0.16309804295217567,214,358.0,246,-47.02450020718434,-18.68379618051388
lookback_49,lookback,49,candidate,full,2011-12-09,2026-09-24,3594,3593,0.11284596932777391,0.22414232786222993,0.5896818704256548,-0.3664001578766767,2025-10-13,2026-09-14,3.592700198475626,4.592700198475626,166,85,251.0,0.251,0.691402207650923,1312,0.6346688925987758,0,0,49,0.3043564408483703,-0.22006724591954296,379,573.0,1150,-19.15104715205964,-14.633291195713372
lookback_49,lookback,49,candidate,last_10y,2016-05-16,2026-09-24,2520,2519,0.13310577848837069,0.2377040060767627,0.6451943330642045,-0.3664001578766767,2025-10-13,2026-09-14,2.487298991976814,4.592700198475626,133,80,213.0,0.213,0.6444538694214059,681,0.7293650793650793,0,0,49,0.3571666395815125,-0.16309804295217567,306,480.0,552,-22.40608610931418,-20.3302114924501
lookback_49,lookback,49,candidate,last_5y,2021-07-19,2026-09-24,1260,1259,0.14787726158377623,0.2639805756843272,0.6550903968895054,-0.3664001578766767,2025-10-13,2026-09-14,0.9917718244639759,4.592700198475626,72,46,118.0,0.118,0.4711430116066184,231,0.8166666666666667,0,0,49,0.5425627803742445,-0.15962238350856572,155,250.0,219,-39.46855187904683,-20.677777436811095
lookback_49,lookback,49,candidate,last_3y,2023-08-15,2026-09-24,756,755,0.13133321677844378,0.29127385317853016,0.5700896972167298,-0.3664001578766767,2025-10-13,2026-09-14,0.4473013082942674,4.592700198475626,46,32,78.0,0.078,0.37398598019319707,118,0.843915343915344,0,0,49,0.6590198158316622,-0.1433795586170047,107,176.0,108,-52.76865990532185,-22.3020599259672
lookback_49,lookback,49,candidate,last_1y,2025-09-11,2026-09-24,252,251,-0.2813720904186684,0.33366846868975714,-0.8217749000768014,-0.3664001578766767,2025-10-13,2026-09-14,-0.280429238419838,4.592700198475626,22,14,36.0,0.036,0.20425430271153963,32,0.873015873015873,0,0,49,0.6325606075238857,-0.13541584013921915,46,72.0,48,-91.3932697942554,-23.09843177374575
lookback_49,lookback,49,candidate,six_etf_all_scoreable,2020-01-09,2026-09-24,1628,1627,0.12967180375279552,0.2744592081209629,0.5823135361477721,-0.3664001578766767,2025-10-13,2026-09-14,1.1972449212684992,4.592700198475626,97,65,162.0,0.162,0.5598252495140794,274,0.8316953316953317,0,0,49,0.5532104047115238,-0.16309804295217567,214,358.0,246,-42.35386009587283,-20.3302114924501
lookback_51,lookback,51,candidate,full,2011-12-09,2026-09-24,3594,3593,0.09214744534000574,0.2238646458239721,0.5061888662579345,-0.3566995079533116,2025-10-13,2026-09-14,2.514082697472815,3.514082697472815,169,82,251.0,0.251,0.5745903857753345,1317,0.6332776850306066,0,0,51,0.3043564408483703,-0.22006724591954296,379,573.0,1150,-21.220899550836457,-13.663226203376865
lookback_51,lookback,51,candidate,last_10y,2016-05-16,2026-09-24,2520,2519,0.10771863053109909,0.2363561449899149,0.5515626490596554,-0.3566995079533116,2025-10-13,2026-09-14,1.7804705121925868,3.514082697472815,134,77,211.0,0.211,0.5268804454312648,685,0.7277777777777777,0,0,51,0.3571666395815125,-0.16309804295217567,306,480.0,552,-24.94480090504134,-19.360146500113594
lookback_51,lookback,51,candidate,last_5y,2021-07-19,2026-09-24,1260,1259,0.10001030720029691,0.26514777023285613,0.49263281162737094,-0.3566995079533116,2025-10-13,2026-09-14,0.6099763630130637,3.514082697472815,72,44,116.0,0.11599999999999999,0.37198650590899873,232,0.8158730158730159,0,0,51,0.5425627803742445,-0.15962238350856572,155,250.0,219,-44.25524731739476,-19.70771244447459
lookback_51,lookback,51,candidate,last_3y,2023-08-15,2026-09-24,756,755,0.08782616741934635,0.292836485863453,0.4346151273084228,-0.3566995079533116,2025-10-13,2026-09-14,0.28686629740947356,3.514082697472815,44,28,72.0,0.07200000000000001,0.27538961162318243,119,0.8425925925925926,0,0,51,0.6590198158316622,-0.1433795586170047,107,176.0,108,-57.11936484123159,-21.331994933630693
lookback_51,lookback,51,candidate,last_1y,2025-09-11,2026-09-24,252,251,-0.2764979821843614,0.33530685117619075,-0.7960808506851984,-0.3566995079533116,2025-10-13,2026-09-14,-0.275568167619063,3.514082697472815,22,14,36.0,0.036000000000000004,0.15826767829615074,32,0.873015873015873,0,0,51,0.6325606075238857,-0.13541584013921915,46,72.0,48,-90.90585897082471,-22.128366781409248
lookback_51,lookback,51,candidate,six_etf_all_scoreable,2020-01-09,2026-09-24,1628,1627,0.11094182611881553,0.2733097535931176,0.5223365404824499,-0.3566995079533116,2025-10-13,2026-09-14,0.9724186680957752,3.514082697472815,95,61,156.0,0.15600000000000003,0.4445614272024996,278,0.8292383292383292,0,0,51,0.5532104047115238,-0.16309804295217567,214,358.0,246,-44.22685785927083,-19.360146500113594
lookback_53,lookback,53,candidate,full,2011-12-09,2026-09-24,3594,3593,0.0948615066346814,0.2268743816834342,0.5134277647424499,-0.3304464251921867,2026-01-29,2026-09-14,2.640665594406247,3.640665594406247,155,72,227.0,0.227,0.5167947861038108,1340,0.6268781302170284,0,0,53,0.3043564408483703,-0.22006724591954296,379,573.0,1150,-20.949493421368892,-11.037917927264374
lookback_53,lookback,53,candidate,last_10y,2016-05-16,2026-09-24,2520,2519,0.12139183148787747,0.2374205678537557,0.6017896915249838,-0.3304464251921867,2026-01-29,2026-09-14,2.1432319669348745,3.640665594406247,124,67,191.0,0.191,0.47516392609959923,700,0.7218253968253968,0,0,53,0.3571666395815125,-0.16309804295217567,306,480.0,552,-23.577480809363504,-16.734838224001102
lookback_53,lookback,53,candidate,last_5y,2021-07-19,2026-09-24,1260,1259,0.10339659849225025,0.26587372093698813,0.5035184010362024,-0.3304464251921867,2026-01-29,2026-09-14,0.634890363502933,3.640665594406247,66,38,104.0,0.10400000000000001,0.340112563858751,236,0.8126984126984127,0,0,53,0.5425627803742445,-0.15962238350856572,155,250.0,219,-43.91661818819943,-17.082404168362096
lookback_53,lookback,53,candidate,last_3y,2023-08-15,2026-09-24,756,755,0.10171701329118754,0.29443154056687004,0.4768706606129015,-0.3304464251921867,2026-01-29,2026-09-14,0.33672854917430506,3.640665594406247,42,26,68.0,0.068,0.26055200089519936,119,0.8425925925925926,0,0,53,0.6590198158316622,-0.1433795586170047,107,176.0,108,-55.73028025404747,-18.7066866575182
lookback_53,lookback,53,candidate,last_1y,2025-09-11,2026-09-24,252,251,-0.22946647691805122,0.3342568634291823,-0.6115107432973567,-0.3304464251921867,2026-01-29,2026-09-14,-0.22866901451793253,3.640665594406247,21,13,34.0,0.034,0.15649128561830883,31,0.876984126984127,0,0,53,0.6325606075238857,-0.13541584013921915,46,72.0,48,-86.20270844419369,-19.503058505296757
lookback_53,lookback,53,candidate,six_etf_all_scoreable,2020-01-09,2026-09-24,1628,1627,0.13021611302621294,0.2750279326906401,0.5832824490142489,-0.3304464251921867,2026-01-29,2026-09-14,1.2040892340119096,3.640665594406247,87,53,140.0,0.14,0.4054401743400228,287,0.8237100737100738,0,0,53,0.5532104047115238,-0.16309804295217567,214,358.0,246,-42.29942916853109,-16.734838224001102
lookback_55,lookback,55,candidate,full,2011-12-09,2026-09-24,3594,3593,0.09342436180227676,0.22717736456218357,0.5072558546106556,-0.3343814573647812,2026-01-29,2026-09-14,2.5731189629600557,3.5731189629600557,150,69,219.0,0.21900000000000003,0.4802857594379968,1357,0.6221480244852532,0,0,55,0.3043564408483703,-0.22006724591954296,379,573.0,1150,-21.093207904609358,-11.431421144523824
lookback_55,lookback,55,candidate,last_10y,2016-05-16,2026-09-24,2520,2519,0.11286397910672097,0.23760872548539913,0.569362185204048,-0.3343814573647812,2026-01-29,2026-09-14,1.9123030235459675,3.5731189629600557,119,64,183.0,0.183,0.43699532497948623,716,0.7154761904761905,0,0,55,0.3571666395815125,-0.16309804295217567,306,480.0,552,-24.430266047479154,-17.128341441260552
lookback_55,lookback,55,candidate,last_5y,2021-07-19,2026-09-24,1260,1259,0.12794454358117813,0.2647594449018808,0.5876533160116841,-0.3343814573647812,2026-01-29,2026-09-14,0.8248671247913855,3.5731189629600557,63,35,98.0,0.098,0.29789891771302524,241,0.8087301587301587,0,0,55,0.5425627803742445,-0.15962238350856572,155,250.0,219,-41.46182367930664,-17.475907385621547
lookback_55,lookback,55,candidate,last_3y,2023-08-15,2026-09-24,756,755,0.13187322434140447,0.29282009451954155,0.5700833564242379,-0.3343814573647812,2026-01-29,2026-09-14,0.4493720290602534,3.5731189629600557,40,24,64.0,0.064,0.22951425109106055,123,0.8373015873015873,0,0,55,0.6590198158316622,-0.1433795586170047,107,176.0,108,-52.71465914902578,-19.10018987477765
lookback_55,lookback,55,candidate,last_1y,2025-09-11,2026-09-24,252,251,-0.19849722828792327,0.33206766302329305,-0.49914519543429253,-0.3343814573647812,2026-01-29,2026-09-14,-0.19779316529551028,3.5731189629600557,19,11,30.0,0.03,0.13343305463214972,32,0.873015873015873,0,0,55,0.6325606075238857,-0.13541584013921915,46,72.0,48,-83.10578358118089,-19.896561722556207
lookback_55,lookback,55,candidate,six_etf_all_scoreable,2020-01-09,2026-09-24,1628,1627,0.11490883118844719,0.27601418201590205,0.5327969501330125,-0.3343814573647812,2026-01-29,2026-09-14,1.0183374358105843,3.5731189629600557,84,50,134.0,0.134,0.36235733878836446,295,0.8187960687960688,0,0,55,0.5532104047115238,-0.16309804295217567,214,358.0,246,-43.830157352307666,-17.128341441260552
lookback_57,lookback,57,candidate,full,2011-12-09,2026-09-24,3594,3593,0.0887502932895754,0.22707419248537777,0.48852550750968154,-0.3634408618172872,2026-01-29,2026-09-14,2.3614073315484347,3.3614073315484347,140,67,207.0,0.20700000000000002,0.4827757912000509,1373,0.6176961602671118,0,0,57,0.3043564408483703,-0.22006724591954296,379,573.0,1150,-21.56061475587949,-14.337361589774423
lookback_57,lookback,57,candidate,last_10y,2016-05-16,2026-09-24,2520,2519,0.09639836528742451,0.23663523003515685,0.5077319955187177,-0.3634408618172872,2026-01-29,2026-09-14,1.5091417034864043,3.3614073315484347,111,62,173.0,0.173,0.4402229151120212,731,0.7095238095238096,0,0,57,0.3571666395815125,-0.16309804295217567,306,480.0,552,-26.0768274294088,-20.034281886511152
lookback_57,lookback,57,candidate,last_5y,2021-07-19,2026-09-24,1260,1259,0.08475584865115104,0.2627427455770632,0.4415390075554983,-0.3634408618172872,2026-01-29,2026-09-14,0.5014808431378577,3.3614073315484347,62,36,98.0,0.098,0.30808695784123724,245,0.8055555555555556,0,0,57,0.5425627803742445,-0.15962238350856572,155,250.0,219,-45.78069317230935,-20.381847830872147
lookback_57,lookback,57,candidate,last_3y,2023-08-15,2026-09-24,756,755,0.07193029370714132,0.28993311291663737,0.38519326062919024,-0.3634408618172872,2026-01-29,2026-09-14,0.23134549389583392,3.3614073315484347,39,25,64.0,0.064,0.23199735815483716,124,0.8359788359788359,0,0,57,0.6590198158316622,-0.1433795586170047,107,176.0,108,-58.70895221245209,-22.006130320028248
lookback_57,lookback,57,candidate,last_1y,2025-09-11,2026-09-24,252,251,-0.24478952274503496,0.3316410788671085,-0.6794417309268557,-0.3634408618172872,2026-01-29,2026-09-14,-0.24394765711404476,3.3614073315484347,19,11,30.0,0.03,0.13021962045194233,34,0.8650793650793651,0,0,57,0.6325606075238857,-0.13541584013921915,46,72.0,48,-87.73501302689206,-22.802502167806804
lookback_57,lookback,57,candidate,six_etf_all_scoreable,2020-01-09,2026-09-24,1628,1627,0.09919464737430439,0.27440762552691417,0.4825799893845466,-0.3634408618172872,2026-01-29,2026-09-14,0.8415859487842823,3.3614073315484347,80,50,130.0,0.13,0.37139648451945606,303,0.8138820638820639,0,0,57,0.5532104047115238,-0.16309804295217567,214,358.0,246,-45.40157573372194,-20.034281886511152
lookback_59,lookback,59,candidate,full,2011-12-09,2026-09-24,3594,3593,0.07844285246642269,0.2248191811400355,0.44882939058279187,-0.34515309632372615,2026-01-29,2026-09-14,1.9350769314121221,2.935076931412122,133,62,195.0,0.195,0.4011265841210461,1394,0.6118530884808013,0,0,59,0.3043564408483703,-0.22006724591954296,379,573.0,1150,-22.591358838194765,-12.508585040418318
lookback_59,lookback,59,candidate,last_10y,2016-05-16,2026-09-24,2520,2519,0.07463576011893625,0.23535367295001752,0.4240150078490664,-0.34515309632372615,2026-01-29,2026-09-14,1.0534722107836774,2.935076931412122,106,57,163.0,0.163,0.36150013053771357,745,0.703968253968254,0,0,59,0.3571666395815125,-0.16309804295217567,306,480.0,552,-28.253087946257626,-18.20550533715505
lookback_59,lookback,59,candidate,last_5y,2021-07-19,2026-09-24,1260,1259,0.08634671116484793,0.26365026141822573,0.44639051420657455,-0.34515309632372615,2026-01-29,2026-09-14,0.5125144678552098,2.935076931412122,62,36,98.0,0.098,0.2545045019987822,250,0.8015873015873016,0,0,59,0.5425627803742445,-0.15962238350856572,155,250.0,219,-45.62160692093966,-18.553071281516043
lookback_59,lookback,59,candidate,last_3y,2023-08-15,2026-09-24,756,755,0.11711352491423477,0.29201734169490545,0.5257781267252102,-0.34515309632372615,2026-01-29,2026-09-14,0.39348105039519865,2.935076931412122,39,25,64.0,0.064,0.1924173200276008,125,0.8346560846560847,0,0,59,0.6590198158316622,-0.1433795586170047,107,176.0,108,-54.19062909174275,-20.177353770672145
lookback_59,lookback,59,candidate,last_1y,2025-09-11,2026-09-24,252,251,-0.19314431022262601,0.3284837461507049,-0.48800285208311495,-0.34515309632372615,2026-01-29,2026-09-14,-0.19245687602698724,2.935076931412122,19,11,30.0,0.03,0.1107252395144471,33,0.8690476190476191,0,0,59,0.6325606075238857,-0.13541584013921915,46,72.0,48,-82.57049177465117,-20.9737256184507
lookback_59,lookback,59,candidate,six_etf_all_scoreable,2020-01-09,2026-09-24,1628,1627,0.08295186275993549,0.27505916475825737,0.42791835832640396,-0.34515309632372615,2026-01-29,2026-09-14,0.6728183169807553,2.935076931412122,75,45,120.0,0.12000000000000001,0.293977038137514,310,0.8095823095823096,0,0,59,0.5532104047115238,-0.16309804295217567,214,358.0,246,-47.025854195158836,-18.20550533715505
lookback_61,lookback,61,candidate,full,2011-12-09,2026-09-24,3594,3593,0.06434166303140243,0.2266582297284639,0.38882484668518924,-0.38587219329662836,2026-01-29,2026-09-14,1.4328765500840928,2.4328765500840928,138,65,203.0,0.203,0.3711898541678754,1407,0.6082359488035615,0,0,61,0.3043564408483703,-0.22006724591954296,379,573.0,1150,-24.00147778169679,-16.58049473770854
lookback_61,lookback,61,candidate,last_10y,2016-05-16,2026-09-24,2520,2519,0.06146135351825244,0.23715828369054895,0.3704631356111044,-0.38587219329662836,2026-01-29,2026-09-14,0.8152609797928263,2.4328765500840928,110,61,171.0,0.171,0.33337693059311696,753,0.7007936507936507,0,0,61,0.3571666395815125,-0.16309804295217567,306,480.0,552,-29.570528606326008,-22.27741503444527
lookback_61,lookback,61,candidate,last_5y,2021-07-19,2026-09-24,1260,1259,0.08266713068216891,0.2656275801802157,0.4320794243506985,-0.38587219329662836,2026-01-29,2026-09-14,0.48709212974249816,2.4328765500840928,64,38,102.0,0.10200000000000001,0.2344620546121647,255,0.7976190476190477,0,0,61,0.5425627803742445,-0.15962238350856572,155,250.0,219,-45.989564969207564,-22.624980978806263
lookback_61,lookback,61,candidate,last_3y,2023-08-15,2026-09-24,756,755,0.0950096127297626,0.28945411199058096,0.4587402196320438,-0.38587219329662836,2026-01-29,2026-09-14,0.3124941452836034,2.4328765500840928,40,26,66.0,0.066,0.17689522703760477,133,0.8240740740740741,0,0,61,0.6590198158316622,-0.1433795586170047,107,176.0,108,-56.40102031018996,-24.24926346796237
lookback_61,lookback,61,candidate,last_1y,2025-09-11,2026-09-24,252,251,-0.26540529007111413,0.3251065930154845,-0.7847722117898905,-0.38587219329662836,2026-01-29,2026-09-14,-0.26450562965651747,2.4328765500840928,20,12,32.0,0.032,0.10414989925158571,39,0.8452380952380952,0,0,61,0.6325606075238857,-0.13541584013921915,46,72.0,48,-89.79658975949998,-25.04563531574092
lookback_61,lookback,61,candidate,six_etf_all_scoreable,2020-01-09,2026-09-24,1628,1627,0.08090666457764106,0.2761485493654579,0.42033455011924786,-0.38587219329662836,2026-01-29,2026-09-14,0.6525263126366063,2.4328765500840928,77,47,124.0,0.12400000000000001,0.26778115400055913,316,0.8058968058968059,0,0,61,0.5532104047115238,-0.16309804295217567,214,358.0,246,-47.23037401338828,-22.27741503444527
lookback_63,lookback,63,candidate,full,2011-12-09,2026-09-24,3594,3593,0.06475110001299034,0.22904164612134328,0.3889442694668025,-0.4041163300847068,2026-01-29,2026-09-14,1.4462545307029262,2.446254530702926,133,60,193.0,0.193,0.3619419272360158,1427,0.6026711185308848,0,0,63,0.3043564408483703,-0.22006724591954296,379,573.0,1150,-23.960534083538,-18.404908416516385
lookback_63,lookback,63,candidate,last_10y,2016-05-16,2026-09-24,2520,2519,0.06403830348436079,0.2390366483391645,0.3796419826956598,-0.4041163300847068,2026-01-29,2026-09-14,0.8597974479243566,2.446254530702926,105,56,161.0,0.161,0.322858255728282,771,0.6936507936507936,0,0,63,0.3571666395815125,-0.16309804295217567,306,480.0,552,-29.31283360971517,-24.101828713253116
lookback_63,lookback,63,candidate,last_5y,2021-07-19,2026-09-24,1260,1259,0.07525373881289976,0.26517021509359034,0.4064521229635366,-0.4041163300847068,2026-01-29,2026-09-14,0.43691064835436455,2.446254530702926,63,37,100.0,0.1,0.23577852777343877,265,0.7896825396825397,0,0,63,0.5425627803742445,-0.15962238350856572,155,250.0,219,-46.73090415613448,-24.44939465761411
lookback_63,lookback,63,candidate,last_3y,2023-08-15,2026-09-24,756,755,0.09416911526435845,0.2887286830646572,0.45648633497894914,-0.4041163300847068,2026-01-29,2026-09-14,0.30947815784057275,2.446254530702926,39,25,64.0,0.064,0.17712347028000736,141,0.8134920634920635,0,0,63,0.6590198158316622,-0.1433795586170047,107,176.0,108,-56.48507005673038,-26.073677146770212
lookback_63,lookback,63,candidate,last_1y,2025-09-11,2026-09-24,252,251,-0.27926762534104965,0.3252591777082078,-0.8427667082111264,-0.4041163300847068,2026-01-29,2026-09-14,-0.27833038644031804,2.446254530702926,20,12,32.0,0.032,0.10609561336155557,44,0.8253968253968254,0,0,63,0.6325606075238857,-0.13541584013921915,46,72.0,48,-91.18282328649353,-26.870048994548767
lookback_63,lookback,63,candidate,six_etf_all_scoreable,2020-01-09,2026-09-24,1628,1627,0.08004234656453835,0.2758597508740628,0.41758976705303624,-0.4041163300847068,2026-01-29,2026-09-14,0.6440134928679817,2.446254530702926,76,46,122.0,0.12200000000000001,0.26983605350062806,328,0.7985257985257985,0,0,63,0.5532104047115238,-0.16309804295217567,214,358.0,246,-47.31680581469855,-24.101828713253116
lookback_65,lookback,65,candidate,full,2011-12-09,2026-09-24,3594,3593,0.05925299023437525,0.22814216749433172,0.36689068690834165,-0.3011732470764814,2026-01-29,2026-09-14,1.2721872387867559,2.272187238786756,129,60,189.0,0.189,0.30797262389534175,1439,0.5993322203672788,0,0,65,0.3043564408483703,-0.22006724591954296,379,573.0,1150,-24.51034506139951,-8.110600115693845
lookback_65,lookback,65,candidate,last_10y,2016-05-16,2026-09-24,2520,2519,0.0633470531370055,0.23791698476254255,0.3775818077439127,-0.3011732470764814,2026-01-29,2026-09-14,0.8477553361344485,2.272187238786756,103,56,159.0,0.159,0.2725092603403019,777,0.6912698412698413,0,0,65,0.3571666395815125,-0.16309804295217567,306,480.0,552,-29.3819586444507,-13.807520412430573
lookback_65,lookback,65,candidate,last_5y,2021-07-19,2026-09-24,1260,1259,0.09141482355673802,0.26338540337527055,0.4640084442644828,-0.3011732470764814,2026-01-29,2026-09-14,0.5480981331700896,2.272187238786756,61,37,98.0,0.098,0.1914994212514014,265,0.7896825396825397,0,0,65,0.5425627803742445,-0.15962238350856572,155,250.0,219,-45.11479568175065,-14.155086356791568
lookback_65,lookback,65,candidate,last_3y,2023-08-15,2026-09-24,756,755,0.10596278855932595,0.28591796114867607,0.4955626146661322,-0.3011732470764814,2026-01-29,2026-09-14,0.35222191805219105,2.272187238786756,37,25,62.0,0.062,0.13986858115394335,145,0.8082010582010583,0,0,65,0.6590198158316622,-0.1433795586170047,107,176.0,108,-55.30570272723363,-15.779368845947673
lookback_65,lookback,65,candidate,last_1y,2025-09-11,2026-09-24,252,251,-0.16611801090860367,0.3185115985939018,-0.4103021706460606,-0.3011732470764814,2026-01-29,2026-09-14,-0.16551665995120568,2.272187238786756,18,12,30.0,0.03,0.08116714514956963,47,0.8134920634920635,0,0,65,0.6325606075238857,-0.13541584013921915,46,72.0,48,-79.86786184324893,-16.575740693726225
lookback_65,lookback,65,candidate,six_etf_all_scoreable,2020-01-09,2026-09-24,1628,1627,0.07809138733844923,0.274704629876092,0.4116163729192867,-0.3011732470764814,2026-01-29,2026-09-14,0.6249342988998321,2.272187238786756,74,46,120.0,0.12000000000000001,0.22221396947338767,328,0.7985257985257985,0,0,65,0.5532104047115238,-0.16309804295217567,214,358.0,246,-47.51190173730746,-13.807520412430573
lookback_67,lookback,67,candidate,full,2011-12-09,2026-09-24,3594,3593,0.06359002994754914,0.22896110654647683,0.38428471312611345,-0.30571850808996137,2015-03-25,2018-06-08,1.408494534775092,2.408494534775092,127,54,181.0,0.181,0.2953982374176657,1460,0.5934891485809682,0,0,67,0.3043564408483703,-0.22006724591954296,379,573.0,1150,-24.07664109008212,-8.56512621704184
lookback_67,lookback,67,candidate,last_10y,2016-05-16,2026-09-24,2520,2519,0.06650120880156818,0.23709564970738417,0.3905829798167328,-0.3056027703127724,2026-01-29,2026-09-14,0.9032794677064846,2.408494534775092,99,50,149.0,0.149,0.2548720446849335,795,0.6841269841269841,0,0,67,0.3571666395815125,-0.16309804295217567,306,480.0,552,-29.06654307799443,-14.250472736059672
lookback_67,lookback,67,candidate,last_5y,2021-07-19,2026-09-24,1260,1259,0.11389677558970646,0.26323479692748963,0.5416614154862244,-0.3056027703127724,2026-01-29,2026-09-14,0.7141106028380784,2.408494534775092,58,34,92.0,0.092,0.18007432281955743,274,0.7825396825396825,0,0,67,0.5425627803742445,-0.15962238350856572,155,250.0,219,-42.86660047845381,-14.598038680420666
lookback_67,lookback,67,candidate,last_3y,2023-08-15,2026-09-24,756,755,0.12754775543528063,0.2867704225013275,0.5623952019380556,-0.3056027703127724,2026-01-29,2026-09-14,0.4328408333172078,2.408494534775092,35,21,56.0,0.056,0.12845071108217004,151,0.8002645502645502,0,0,67,0.6590198158316622,-0.1433795586170047,107,176.0,108,-53.147206039638164,-16.22232116957677
lookback_67,lookback,67,candidate,last_1y,2025-09-11,2026-09-24,252,251,-0.13480516254732722,0.3193614332038723,-0.292929845403053,-0.3056027703127724,2026-01-29,2026-09-14,-0.13430787409393619,2.408494534775092,15,9,24.0,0.024,0.06865461277360504,49,0.8055555555555556,0,0,67,0.6325606075238857,-0.13541584013921915,46,72.0,48,-76.73657700712128,-17.018693017355325
lookback_67,lookback,67,candidate,six_etf_all_scoreable,2020-01-09,2026-09-24,1628,1627,0.09497187628820347,0.27420800135245166,0.46858148497410645,-0.3056027703127724,2026-01-29,2026-09-14,0.7963845036171111,2.408494534775092,72,42,114.0,0.114,0.20989937985603688,340,0.7911547911547911,0,0,67,0.5532104047115238,-0.16309804295217567,214,358.0,246,-45.82385284233204,-14.250472736059672
lookback_69,lookback,69,candidate,full,2011-12-09,2026-09-24,3594,3593,0.05773340448854447,0.22724877659187093,0.36118423471582234,-0.30662364065206005,2026-01-29,2026-09-14,1.2261508944361377,2.2261508944361377,120,49,169.0,0.169,0.29104441653398333,1478,0.5884808013355592,0,0,69,0.3043564408483703,-0.22006724591954296,379,573.0,1150,-24.662303635982585,-8.655639473251709
lookback_69,lookback,69,candidate,last_10y,2016-05-16,2026-09-24,2520,2519,0.04711317683666638,0.23570969262615277,0.3137717321178961,-0.30662364065206005,2026-01-29,2026-09-14,0.5843710852851451,2.2261508944361377,94,45,139.0,0.139,0.24972642115793575,812,0.6773809523809524,0,0,69,0.3571666395815125,-0.16309804295217567,306,480.0,552,-31.005346274484612,-14.352559769988439
lookback_69,lookback,69,candidate,last_5y,2021-07-19,2026-09-24,1260,1259,0.05753172867524836,0.2614471213582235,0.3451374358289209,-0.30662364065206005,2026-01-29,2026-09-14,0.32242371421868854,2.2261508944361377,55,29,84.0,0.084,0.1670854296876772,278,0.7793650793650794,0,0,69,0.5425627803742445,-0.15962238350856572,155,250.0,219,-48.50310516989962,-14.700125714349433
lookback_69,lookback,69,candidate,last_3y,2023-08-15,2026-09-24,756,755,0.05840306979695464,0.2893193219554381,0.341255002606863,-0.30662364065206005,2026-01-29,2026-09-14,0.18537414589852896,2.2261508944361377,33,17,50.0,0.05,0.11102350125774439,148,0.8042328042328042,0,0,69,0.6590198158316622,-0.1433795586170047,107,176.0,108,-60.06167460347076,-16.324408203505534
lookback_69,lookback,69,candidate,last_1y,2025-09-11,2026-09-24,252,251,-0.1937618379636774,0.3219214265375797,-0.5070214960483956,-0.30662364065206005,2026-01-29,2026-09-14,-0.19307247823677276,2.2261508944361377,14,6,20.0,0.02,0.0523148641379821,44,0.8253968253968254,0,0,69,0.6325606075238857,-0.13541584013921915,46,72.0,48,-82.6322445487563,-17.12078005128409
lookback_69,lookback,69,candidate,six_etf_all_scoreable,2020-01-09,2026-09-24,1628,1627,0.057394110058068826,0.27293074682760626,0.34168509654481266,-0.30662364065206005,2026-01-29,2026-09-14,0.43377764863772983,2.2261508944361377,69,37,106.0,0.10600000000000001,0.20164199254829426,345,0.788083538083538,0,0,69,0.5532104047115238,-0.16309804295217567,214,358.0,246,-49.5816294653455,-14.352559769988439
lookback_71,lookback,71,candidate,full,2011-12-09,2026-09-24,3594,3593,0.03887534774761048,0.22723321330494056,0.2820418258972271,-0.3565898728249268,2015-03-25,2020-09-25,0.7225049782184045,1.7225049782184045,116,43,159.0,0.159,0.2452542080851888,1508,0.5801335559265443,0,0,71,0.3043564408483703,-0.22006724591954296,379,573.0,1150,-26.548109310075986,-13.652262690538386
lookback_71,lookback,71,candidate,last_10y,2016-05-16,2026-09-24,2520,2519,0.020717513786810304,0.23467644711581326,0.20531045878601387,-0.32779402056342,2026-01-29,2026-09-14,0.22749668063668804,1.7225049782184045,96,41,137.0,0.137,0.2133628319175482,834,0.6686507936507936,0,0,71,0.3571666395815125,-0.16309804295217567,306,480.0,552,-33.64491257947022,-16.469597761124433
lookback_71,lookback,71,candidate,last_5y,2021-07-19,2026-09-24,1260,1259,0.03415477494376784,0.2597390192975636,0.2595799966344241,-0.32779402056342,2026-01-29,2026-09-14,0.18268701482915262,1.7225049782184045,54,26,80.0,0.08,0.13241451127119674,287,0.7722222222222223,0,0,71,0.5425627803742445,-0.15962238350856572,155,250.0,219,-50.84080054304767,-16.817163705485427
lookback_71,lookback,71,candidate,last_3y,2023-08-15,2026-09-24,756,755,0.026732354921561674,0.28529344047015404,0.23550319260210748,-0.32779402056342,2026-01-29,2026-09-14,0.08224672080814877,1.7225049782184045,33,17,50.0,0.05,0.08850312256299382,149,0.8029100529100529,0,0,71,0.6590198158316622,-0.1433795586170047,107,176.0,108,-63.22874609101006,-18.441446194641532
lookback_71,lookback,71,candidate,last_1y,2025-09-11,2026-09-24,252,251,-0.20268685549255416,0.31565661489282315,-0.5587540281997239,-0.32779402056342,2026-01-29,2026-09-14,-0.20196987607368977,1.7225049782184045,14,6,20.0,0.02,0.04086080558384614,43,0.8293650793650794,0,0,71,0.6325606075238857,-0.13541584013921915,46,72.0,48,-83.52474630164399,-19.237818042420084
lookback_71,lookback,71,candidate,six_etf_all_scoreable,2020-01-09,2026-09-24,1628,1627,0.019895638447504194,0.27167787659386977,0.20907527005726892,-0.32779402056342,2026-01-29,2026-09-14,0.13563510721601646,1.7225049782184045,68,34,102.0,0.10200000000000001,0.16341827665213876,355,0.7819410319410319,0,0,71,0.5532104047115238,-0.16309804295217567,214,358.0,246,-53.331476626401965,-16.469597761124433
lookback_73,lookback,73,candidate,full,2011-12-09,2026-09-24,3594,3593,0.046510505941339764,0.2248525435372999,0.3151640164792329,-0.34713812213989836,2020-02-25,2023-05-26,0.9120660464164443,1.9120660464164443,106,41,147.0,0.14700000000000002,0.2512034106803031,1540,0.5712298274902615,0,0,73,0.3043564408483703,-0.22006724591954296,379,573.0,1150,-25.784593490703056,-12.70708762203554
lookback_73,lookback,73,candidate,last_10y,2016-05-16,2026-09-24,2520,2519,0.015049122410151883,0.23272544107058746,0.18113332045154715,-0.34713812213989836,2020-02-25,2023-05-26,0.16103378710401017,1.9120660464164443,90,39,129.0,0.129,0.22193850534966197,861,0.6579365079365079,0,0,73,0.3571666395815125,-0.16309804295217567,306,480.0,552,-34.21175171713606,-18.40400791877227
lookback_73,lookback,73,candidate,last_5y,2021-07-19,2026-09-24,1260,1259,0.03925056809197036,0.258358514299095,0.27862185913526843,-0.3238344928186634,2026-01-29,2026-09-14,0.21209037508494832,1.9120660464164443,51,25,76.0,0.076,0.13320722479122923,296,0.765079365079365,0,0,73,0.5425627803742445,-0.15962238350856572,155,250.0,219,-50.33122122822742,-16.421210931009767
lookback_73,lookback,73,candidate,last_3y,2023-08-15,2026-09-24,756,755,0.056173984180834635,0.2851853664252966,0.33465095196925704,-0.3238344928186634,2026-01-29,2026-09-14,0.17791027097140866,1.9120660464164443,30,16,46.0,0.046000000000000006,0.08598297787826789,144,0.8095238095238095,0,0,73,0.6590198158316622,-0.1433795586170047,107,176.0,108,-60.284583165082765,-18.04549342016587
lookback_73,lookback,73,candidate,last_1y,2025-09-11,2026-09-24,252,251,-0.14785243564613804,0.3175257303504258,-0.3442812201331859,-0.3238344928186634,2026-01-29,2026-09-14,-0.14731123276776248,1.9120660464164443,12,6,18.0,0.018000000000000002,0.03989479946275123,38,0.8492063492063492,0,0,73,0.6325606075238857,-0.13541584013921915,46,72.0,48,-78.04130431700237,-18.841865267944424
lookback_73,lookback,73,candidate,six_etf_all_scoreable,2020-01-09,2026-09-24,1628,1627,0.009129045306536021,0.27015576903944927,0.16945267193333494,-0.34713812213989836,2020-02-25,2023-05-26,0.060428313963590385,1.9120660464164443,65,33,98.0,0.098,0.16945477068104425,365,0.7757985257985258,0,0,73,0.5532104047115238,-0.16309804295217567,214,358.0,246,-54.40813594049878,-18.40400791877227
lookback_75,lookback,75,candidate,full,2011-12-09,2026-09-24,3594,3593,0.01829440708305019,0.22923990554946905,0.19449342529683272,-0.4413452971239705,2015-04-02,2025-04-07,0.2949644458803371,1.294964445880337,109,42,151.0,0.151,0.23248377920184796,1563,0.5648302726766834,0,0,75,0.3043564408483703,-0.22006724591954296,379,573.0,1150,-28.606203376532015,-22.127805120442755
lookback_75,lookback,75,candidate,last_10y,2016-05-16,2026-09-24,2520,2519,-0.026800589584768053,0.2387831657645074,0.00655291662201126,-0.4203611605694705,2020-02-25,2025-04-07,-0.23780658973976765,1.294964445880337,94,41,135.0,0.135,0.20603199970939254,882,0.6496031746031746,0,0,75,0.3571666395815125,-0.16309804295217567,306,480.0,552,-38.39672291662806,-25.72631176172948
lookback_75,lookback,75,candidate,last_5y,2021-07-19,2026-09-24,1260,1259,-0.014359226826865079,0.2685415409048324,0.08138862094618655,-0.41076573157481444,2026-01-29,2026-09-14,-0.06971026351533793,1.294964445880337,53,25,78.0,0.07800000000000001,0.11192161177211546,304,0.7587301587301587,0,0,75,0.5425627803742445,-0.15962238350856572,155,250.0,219,-55.69220072011096,-25.11433480662487
lookback_75,lookback,75,candidate,last_3y,2023-08-15,2026-09-24,756,755,-0.02451802791491975,0.3006944313578236,0.06902865937375029,-0.41076573157481444,2026-01-29,2026-09-14,-0.07167397977644774,1.294964445880337,30,16,46.0,0.046000000000000006,0.0673766366112212,144,0.8095238095238095,0,0,75,0.6590198158316622,-0.1433795586170047,107,176.0,108,-68.3537843746582,-26.738617295780976
lookback_75,lookback,75,candidate,last_1y,2025-09-11,2026-09-24,252,251,-0.27383813139003277,0.3327040868372898,-0.793274637086574,-0.41076573157481444,2026-01-29,2026-09-14,-0.2729154863498716,1.294964445880337,12,6,18.0,0.018000000000000002,0.02885653771311062,36,0.8571428571428571,0,0,75,0.6325606075238857,-0.13541584013921915,46,72.0,48,-90.63987389139184,-27.534989143559528
lookback_75,lookback,75,candidate,six_etf_all_scoreable,2020-01-09,2026-09-24,1628,1627,-0.043771698630802325,0.2784643849788331,-0.020313118488090746,-0.4203611605694705,2020-02-25,2025-04-07,-0.2509706104309086,1.294964445880337,70,36,106.0,0.10600000000000001,0.15673669768780055,373,0.7708845208845209,0,0,75,0.5532104047115238,-0.16309804295217567,214,358.0,246,-59.69821033423261,-25.72631176172948
lookback_77,lookback,77,candidate,full,2011-12-09,2026-09-24,3594,3593,0.017163800130553852,0.22859151736065392,0.18967021678883106,-0.4765931070849332,2015-04-03,2025-04-07,0.2746146947853343,1.2746146947853343,107,42,149.0,0.149,0.2190128929714802,1586,0.5584307178631052,1,0,77,0.3043564408483703,-0.22006724591954296,379,573.0,1150,-28.719264071781648,-25.652586116539023
lookback_77,lookback,77,candidate,last_10y,2016-05-16,2026-09-24,2520,2519,-0.019257070992257153,0.23620692111021868,0.03677234632651741,-0.43776828627437303,2020-02-25,2025-04-07,-0.17664833630074095,1.2746146947853343,92,41,133.0,0.133,0.19306509585604498,904,0.6408730158730159,1,0,77,0.3571666395815125,-0.16309804295217567,306,480.0,552,-37.64237105737697,-27.467024332219736
lookback_77,lookback,77,candidate,last_5y,2021-07-19,2026-09-24,1260,1259,-0.008232334295645072,0.26494233290056574,0.10235472483355587,-0.3884123309589971,2026-01-29,2026-09-14,-0.04045803890076882,1.2746146947853343,50,24,74.0,0.07400000000000001,0.10095123984304985,312,0.7523809523809524,1,0,77,0.5425627803742445,-0.15962238350856572,155,250.0,219,-55.07951146698896,-22.878994745043137
lookback_77,lookback,77,candidate,last_3y,2023-08-15,2026-09-24,756,755,-0.021014663770845265,0.2972505111771222,0.07859681252486911,-0.3884123309589971,2026-01-29,2026-09-14,-0.06164934238080755,1.2746146947853343,27,15,42.0,0.042,0.05838865473223134,147,0.8055555555555556,1,0,77,0.6590198158316622,-0.1433795586170047,107,176.0,108,-68.00344796025075,-24.50327723419924
lookback_77,lookback,77,candidate,last_1y,2025-09-11,2026-09-24,252,251,-0.23023951992156766,0.3329275941526814,-0.6175647794173863,-0.3884123309589971,2026-01-29,2026-09-14,-0.22943978831003187,1.2746146947853343,9,5,14.0,0.014,0.021393440692088345,37,0.8531746031746031,0,0,77,0.6325606075238857,-0.13541584013921915,46,72.0,48,-86.28001274454533,-25.299649081977794
lookback_77,lookback,77,candidate,six_etf_all_scoreable,2020-01-09,2026-09-24,1628,1627,-0.040519715718229876,0.27537564397391195,-0.011251714417686643,-0.43776828627437303,2020-02-25,2025-04-07,-0.2343707816933721,1.2746146947853343,69,37,106.0,0.106,0.15089629430280488,384,0.7641277641277642,1,0,77,0.5532104047115238,-0.16309804295217567,214,358.0,246,-59.37301204297537,-27.467024332219736
lookback_79,lookback,79,candidate,full,2011-12-09,2026-09-24,3594,3593,0.016665685003923292,0.22802358457317548,0.18746120205115094,-0.4759192990784201,2015-04-07,2025-04-07,0.265743846991372,1.265743846991372,101,40,141.0,0.141,0.20025062257062445,1595,0.5559265442404007,1,0,79,0.3043564408483703,-0.22006724591954296,379,573.0,1150,-28.769075584444703,-25.585205315887716
lookback_79,lookback,79,candidate,last_10y,2016-05-16,2026-09-24,2520,2519,-0.013895401323766543,0.23537034513472652,0.0592686524554874,-0.42444967304365466,2020-02-25,2025-04-07,-0.13053129204936553,1.265743846991372,86,39,125.0,0.125,0.17530715529944935,914,0.6369047619047619,1,0,79,0.3571666395815125,-0.16309804295217567,306,480.0,552,-37.1062040905279,-26.1351630091479
lookback_79,lookback,79,candidate,last_5y,2021-07-19,2026-09-24,1260,1259,0.002391834144668925,0.2633122125249174,0.1418965385412744,-0.3727803918551693,2026-01-29,2026-09-14,0.012006922482116433,1.265743846991372,48,24,72.0,0.07200000000000001,0.09670305095524241,310,0.753968253968254,1,0,79,0.5425627803742445,-0.15962238350856572,155,250.0,219,-54.017094622957565,-21.315800834660358
lookback_79,lookback,79,candidate,last_3y,2023-08-15,2026-09-24,756,755,-0.012056972846707481,0.296706384188478,0.1089249358851977,-0.3727803918551693,2026-01-29,2026-09-14,-0.0356901426775299,1.265743846991372,27,15,42.0,0.042,0.05709144531205963,145,0.8082010582010583,1,0,79,0.6590198158316622,-0.1433795586170047,107,176.0,108,-67.10767886783697,-22.940083323816463
lookback_79,lookback,79,candidate,last_1y,2025-09-11,2026-09-24,252,251,-0.21048536341420443,0.32961385982634284,-0.5501745233954315,-0.3727803918551693,2026-01-29,2026-09-14,-0.20974457384657175,1.265743846991372,9,5,14.0,0.014,0.020989806119193283,37,0.8531746031746031,0,0,79,0.6325606075238857,-0.13541584013921915,46,72.0,48,-84.30459709380901,-23.73645517159502
lookback_79,lookback,79,candidate,six_etf_all_scoreable,2020-01-09,2026-09-24,1628,1627,-0.03188331542809253,0.27451843465733317,0.020549272832020814,-0.42444967304365466,2020-02-25,2025-04-07,-0.18876935474188916,1.265743846991372,65,35,100.0,0.1,0.13848248685145098,384,0.7641277641277642,1,0,79,0.5532104047115238,-0.16309804295217567,214,358.0,246,-58.50937201396164,-26.1351630091479
lookback_81,lookback,81,candidate,full,2011-12-09,2026-09-24,3594,3593,0.027726788212663944,0.22569029744728555,0.23490805894237618,-0.46327015742677946,2015-06-30,2021-06-16,0.4769002410121803,1.4769002410121803,95,38,133.0,0.133,0.20598816402937864,1608,0.5523094045631608,1,0,81,0.3043564408483703,-0.22006724591954296,379,573.0,1150,-27.662965263570637,-24.320291150723648
lookback_81,lookback,81,candidate,last_10y,2016-05-16,2026-09-24,2520,2519,-0.006263805860112548,0.23428497330602277,0.0913782521931663,-0.43647154354102424,2020-02-25,2021-06-16,-0.06087822603493831,1.4769002410121803,80,37,117.0,0.117,0.18105383937743788,924,0.6329365079365079,1,0,81,0.3571666395815125,-0.16309804295217567,306,480.0,552,-36.34304454416251,-27.33735005888486
lookback_81,lookback,81,candidate,last_5y,2021-07-19,2026-09-24,1260,1259,0.031038074967917995,0.2629333956249486,0.24889688207826133,-0.38840145410458027,2026-01-29,2026-09-14,0.16498635936435968,1.4769002410121803,42,20,62.0,0.062000000000000006,0.09380562747063084,313,0.7515873015873016,1,0,81,0.5425627803742445,-0.15962238350856572,155,250.0,219,-51.152470540632656,-22.877907059601455
lookback_81,lookback,81,candidate,last_3y,2023-08-15,2026-09-24,756,755,-0.0005131990361690875,0.29604062582149904,0.14774772237707395,-0.38840145410458027,2026-01-29,2026-09-14,-0.0015367732295813452,1.4769002410121803,27,15,42.0,0.042,0.06646887407903536,147,0.8055555555555556,1,0,81,0.6590198158316622,-0.1433795586170047,107,176.0,108,-65.95330148678313,-24.502189548757556
lookback_81,lookback,81,candidate,last_1y,2025-09-11,2026-09-24,252,251,-0.21228971841895095,0.32819097360149097,-0.5609376002160318,-0.38840145410458027,2026-01-29,2026-09-14,-0.21154346315630834,1.4769002410121803,9,5,14.0,0.014,0.02472140462669127,38,0.8492063492063492,0,0,81,0.6325606075238857,-0.13541584013921915,46,72.0,48,-84.48503259428367,-25.298561396536112
lookback_81,lookback,81,candidate,six_etf_all_scoreable,2020-01-09,2026-09-24,1628,1627,-0.019200707433783104,0.273208446310819,0.0669967842048067,-0.43647154354102424,2020-02-25,2021-06-16,-0.11765491892646218,1.4769002410121803,59,31,90.0,0.09,0.13762485786579093,390,0.7604422604422605,1,0,81,0.5532104047115238,-0.16309804295217567,214,358.0,246,-57.24111121453069,-27.33735005888486
lookback_83,lookback,83,candidate,full,2011-12-09,2026-09-24,3594,3593,0.023599253457561087,0.2265349484360204,0.2171240091109107,-0.5123310823548137,2015-06-30,2021-06-16,0.3945443588286721,1.3945443588286721,92,35,127.0,0.127,0.1961310526015907,1622,0.5484140233722872,1,0,83,0.3043564408483703,-0.22006724591954296,379,573.0,1150,-28.075718739080923,-29.226383643527075
lookback_83,lookback,83,candidate,last_10y,2016-05-16,2026-09-24,2520,2519,-0.01653712455358325,0.23495001794002252,0.04756395094951662,-0.441778761589148,2020-02-25,2021-06-16,-0.1535360964626986,1.3945443588286721,77,34,111.0,0.11100000000000002,0.17014071637316125,935,0.6285714285714286,1,0,83,0.3571666395815125,-0.16309804295217567,306,480.0,552,-37.370376413509575,-27.86807186369723
lookback_83,lookback,83,candidate,last_5y,2021-07-19,2026-09-24,1260,1259,0.021709643158615677,0.26516733428580486,0.21475357112113355,-0.3992081462491911,2026-01-29,2026-09-14,0.113269851436262,1.3945443588286721,42,20,62.0,0.062000000000000006,0.09164196238285577,317,0.7484126984126984,1,0,83,0.5425627803742445,-0.15962238350856572,155,250.0,219,-52.08531372156288,-23.958576274062537
lookback_83,lookback,83,candidate,last_3y,2023-08-15,2026-09-24,756,755,-0.027944689001583423,0.29927937077948585,0.056390976483533466,-0.3992081462491911,2026-01-29,2026-09-14,-0.08140986373645798,1.3945443588286721,27,15,42.0,0.042,0.06432992947333993,151,0.8002645502645502,1,0,83,0.6590198158316622,-0.1433795586170047,107,176.0,108,-68.69645048332457,-25.582858763218642
lookback_83,lookback,83,candidate,last_1y,2025-09-11,2026-09-24,252,251,-0.20286682702344672,0.33263673050704945,-0.5133538632262727,-0.3992081462491911,2026-01-29,2026-09-14,-0.20214929470838572,1.3945443588286721,9,5,14.0,0.014,0.024327392173755638,40,0.8412698412698413,0,0,83,0.6325606075238857,-0.13541584013921915,46,72.0,48,-83.54274345473324,-26.379230610997194
lookback_83,lookback,83,candidate,six_etf_all_scoreable,2020-01-09,2026-09-24,1628,1627,-0.030921183485597692,0.2751366871516365,0.02476572498450797,-0.441778761589148,2020-02-25,2021-06-16,-0.18355001055168496,1.3945443588286721,58,30,88.0,0.088,0.13194816482131616,397,0.7561425061425061,1,0,83,0.5532104047115238,-0.16309804295217567,214,358.0,246,-58.41315881971215,-27.86807186369723
lookback_85,lookback,85,candidate,full,2011-12-09,2026-09-24,3594,3593,0.004582221462259062,0.22584445017986607,0.13409556974454068,-0.604061501732378,2015-06-30,2025-04-07,0.06735517895980103,1.067355178959801,89,34,123.0,0.123,0.15640943465713378,1626,0.5473010573177518,0,0,85,0.3043564408483703,-0.22006724591954296,379,573.0,1150,-29.977421938611126,-38.39942558128351
lookback_85,lookback,85,candidate,last_10y,2016-05-16,2026-09-24,2520,2519,-0.035872841649373544,0.23423419352698677,-0.03772123890899968,-0.49473169526230265,2020-02-25,2025-04-07,-0.3059254420789088,1.067355178959801,74,33,107.0,0.10700000000000001,0.13141679493215014,940,0.6265873015873016,0,0,85,0.3571666395815125,-0.16309804295217567,306,480.0,552,-39.3039481230886,-33.1633652310127
lookback_85,lookback,85,candidate,last_5y,2021-07-19,2026-09-24,1260,1259,0.016819911241435115,0.2669306158377588,0.19713498913978847,-0.37926762644323164,2026-01-29,2026-09-14,0.08690469177696514,1.067355178959801,39,19,58.0,0.058,0.06537358901333923,311,0.7531746031746032,0,0,85,0.5425627803742445,-0.15962238350856572,155,250.0,219,-52.57428691328094,-21.964524293466592
lookback_85,lookback,85,candidate,last_3y,2023-08-15,2026-09-24,756,755,-0.032907257628015496,0.3015613034032746,0.041285064911083975,-0.37926762644323164,2026-01-29,2026-09-14,-0.09538863745747705,1.067355178959801,24,14,38.0,0.038,0.044112467844233345,147,0.8055555555555556,0,0,85,0.6590198158316622,-0.1433795586170047,107,176.0,108,-69.19270734596778,-23.588806782622697
lookback_85,lookback,85,candidate,last_1y,2025-09-11,2026-09-24,252,251,-0.17955873982575543,0.33381998792474377,-0.424069842838672,-0.37926762644323164,2026-01-29,2026-09-14,-0.1789141376885336,1.067355178959801,9,5,14.0,0.014,0.018089767342518957,40,0.8412698412698413,0,0,85,0.6325606075238857,-0.13541584013921915,46,72.0,48,-81.2119347349641,-24.38517863040125
lookback_85,lookback,85,candidate,six_etf_all_scoreable,2020-01-09,2026-09-24,1628,1627,-0.0470470211435281,0.2756779569744787,-0.035566190109180405,-0.49473169526230265,2020-02-25,2025-04-07,-0.26738110627360834,1.067355178959801,55,29,84.0,0.084,0.09824327844535108,395,0.7573710073710074,0,0,85,0.5532104047115238,-0.16309804295217567,214,358.0,246,-60.02574258550519,-33.1633652310127
lookback_87,lookback,87,candidate,full,2011-12-09,2026-09-24,3594,3593,-0.00829025988909371,0.22473691833761034,0.07625836159583617,-0.6713442124505378,2015-06-30,2025-04-07,-0.11192109830214836,0.8880789016978516,92,33,125.0,0.125,0.1499130118656525,1649,0.5409015025041736,0,0,87,0.3043564408483703,-0.22006724591954296,379,573.0,1150,-31.2646700737464,-45.12769665309948
lookback_87,lookback,87,candidate,last_10y,2016-05-16,2026-09-24,2520,2519,-0.05566633942335053,0.23315013998248307,-0.12794342259603844,-0.5657225447347947,2020-02-25,2025-04-07,-0.435903491777501,0.8880789016978516,77,32,109.0,0.10900000000000001,0.12458202736318816,960,0.6186507936507937,0,0,87,0.3571666395815125,-0.16309804295217567,306,480.0,552,-41.2832979004863,-40.2624501782619
lookback_87,lookback,87,candidate,last_5y,2021-07-19,2026-09-24,1260,1259,-0.013071793456191583,0.26557995527586525,0.08441228676412352,-0.412693353498796,2026-01-29,2026-09-14,-0.06362354896037103,0.8880789016978516,41,19,60.0,0.060000000000000005,0.05918231749581319,317,0.7484126984126984,0,0,87,0.5425627803742445,-0.15962238350856572,155,250.0,219,-55.56345738304361,-25.307096999023027
lookback_87,lookback,87,candidate,last_3y,2023-08-15,2026-09-24,756,755,-0.051914316095973856,0.30058371481683077,-0.02558985173817198,-0.412693353498796,2026-01-29,2026-09-14,-0.1476172719103538,0.8880789016978516,25,13,38.0,0.038,0.038049468849455745,151,0.8002645502645502,0,0,87,0.6590198158316622,-0.1433795586170047,107,176.0,108,-71.0934131927636,-26.93137948817913
lookback_87,lookback,87,candidate,last_1y,2025-09-11,2026-09-24,252,251,-0.1931606463963521,0.3288021156134599,-0.4864392362617125,-0.412693353498796,2026-01-29,2026-09-14,-0.19247316123833136,0.8880789016978516,9,5,14.0,0.014,0.015436164844142137,42,0.8333333333333334,0,0,87,0.6325606075238857,-0.13541584013921915,46,72.0,48,-82.57212539202378,-27.727751335957684
lookback_87,lookback,87,candidate,six_etf_all_scoreable,2020-01-09,2026-09-24,1628,1627,-0.07005311999236286,0.27451431869137355,-0.12589780132404788,-0.5657225447347947,2020-02-25,2025-04-07,-0.3743164338878109,0.8880789016978516,58,28,86.0,0.086,0.09136090261154395,410,0.7481572481572482,0,0,87,0.5532104047115238,-0.16309804295217567,214,358.0,246,-62.32635247038867,-40.2624501782619
lookback_89,lookback,89,candidate,full,2011-12-09,2026-09-24,3594,3593,-0.026907960820990562,0.22658248427392197,-0.00601461751690557,-0.7522570959591623,2015-06-30,2025-04-07,-0.3222034745761968,0.6777965254238032,90,31,121.0,0.121,0.124568392123811,1666,0.5361713967723984,0,0,89,0.3043564408483703,-0.22006724591954296,379,573.0,1150,-33.12644016693609,-53.21898500396194
lookback_89,lookback,89,candidate,last_10y,2016-05-16,2026-09-24,2520,2519,-0.06663324944896787,0.231148571762824,-0.18152166559662994,-0.6171554053075854,2020-02-25,2025-04-07,-0.49807121931588605,0.6777965254238032,73,30,103.0,0.10300000000000001,0.09656335692667718,979,0.6111111111111112,0,0,89,0.3571666395815125,-0.16309804295217567,306,480.0,552,-42.37998890304804,-45.40573623554097
lookback_89,lookback,89,candidate,last_5y,2021-07-19,2026-09-24,1260,1259,-0.03786990742509588,0.2630166949428292,-0.013974803927700192,-0.4064341461272166,2024-01-23,2025-04-07,-0.17541482197238367,0.6777965254238032,40,18,58.0,0.058,0.04461110335048267,325,0.7420634920634921,0,0,89,0.5425627803742445,-0.15962238350856572,155,250.0,219,-58.043268779934046,-24.68117626186509
lookback_89,lookback,89,candidate,last_3y,2023-08-15,2026-09-24,756,755,-0.05428674188120408,0.3001287381448372,-0.034450948094897405,-0.4064341461272166,2024-01-23,2025-04-07,-0.15399169744938346,0.6777965254238032,24,12,36.0,0.036,0.02730405102309177,156,0.7936507936507936,0,0,89,0.6590198158316622,-0.1433795586170047,107,176.0,108,-71.33065577128663,-26.30545875102119
lookback_89,lookback,89,candidate,last_1y,2025-09-11,2026-09-24,252,251,-0.16455003080646025,0.32933702730605297,-0.37943962579881196,-0.3746936902829445,2026-01-29,2026-09-14,-0.16395378156345342,0.6777965254238032,9,5,14.0,0.014,0.011541872930611917,42,0.8333333333333334,0,0,89,0.6325606075238857,-0.13541584013921915,46,72.0,48,-79.71106383303459,-23.92778501437254
lookback_89,lookback,89,candidate,six_etf_all_scoreable,2020-01-09,2026-09-24,1628,1627,-0.08867854599725944,0.2720925922890708,-0.20370191216791772,-0.6171554053075854,2020-02-25,2025-04-07,-0.450932509516637,0.6777965254238032,55,27,82.0,0.08199999999999999,0.07018417327376801,423,0.7401719901719902,0,0,89,0.5532104047115238,-0.16309804295217567,214,358.0,246,-64.18889507087833,-45.40573623554097
lookback_91,lookback,91,candidate,full,2011-12-09,2026-09-24,3594,3593,-0.03479954128973639,0.22709044193543979,-0.041330723719282196,-0.7628150974807484,2015-06-30,2025-04-09,-0.39649958703080923,0.6035004129691908,89,30,119.0,0.119,0.11334730796082085,1686,0.5306065664997217,0,0,91,0.3043564408483703,-0.22006724591954296,379,573.0,1150,-33.91559821381067,-54.274785156120544
lookback_91,lookback,91,candidate,last_10y,2016-05-16,2026-09-24,2520,2519,-0.06993540020403555,0.23149196354776677,-0.19619768604310442,-0.6189854506674439,2020-02-25,2025-04-09,-0.5155420431113668,0.6035004129691908,74,29,103.0,0.10300000000000001,0.09020204003368776,998,0.6035714285714285,0,0,91,0.3571666395815125,-0.16309804295217567,306,480.0,552,-42.71020397855481,-45.58874077152682
lookback_91,lookback,91,candidate,last_5y,2021-07-19,2026-09-24,1260,1259,-0.048160226306219966,0.2640669874815358,-0.05355186179480966,-0.44942372847206924,2024-01-23,2025-04-09,-0.21854440361571947,0.6035004129691908,40,18,58.0,0.058,0.0414404469075543,330,0.7380952380952381,0,0,91,0.5425627803742445,-0.15962238350856572,155,250.0,219,-59.07230066804645,-28.980134496350352
lookback_91,lookback,91,candidate,last_3y,2023-08-15,2026-09-24,756,755,-0.08537382537681448,0.3014308150735405,-0.14381390528688573,-0.44942372847206924,2024-01-23,2025-04-09,-0.23460667131691348,0.6035004129691908,24,12,36.0,0.036,0.0246056045400512,160,0.7883597883597884,0,0,91,0.6590198158316622,-0.1433795586170047,107,176.0,108,-74.43936412084767,-30.604416985506454
lookback_91,lookback,91,candidate,last_1y,2025-09-11,2026-09-24,252,251,-0.15947568264004774,0.3300760359821914,-0.3594954582543236,-0.36158261583493,2026-01-29,2026-09-14,-0.15889602340637465,0.6035004129691908,9,5,14.0,0.014,0.010010408943783638,43,0.8293650793650794,0,0,91,0.6325606075238857,-0.13541584013921915,46,72.0,48,-79.20362901639334,-22.616677569571088
lookback_91,lookback,91,candidate,six_etf_all_scoreable,2020-01-09,2026-09-24,1628,1627,-0.09302727284075207,0.2726097614123591,-0.2203155104968458,-0.6189854506674439,2020-02-25,2025-04-09,-0.4676300576258423,0.6035004129691908,53,27,80.0,0.08,0.06329309078206971,437,0.7315724815724816,0,0,91,0.5532104047115238,-0.16309804295217567,214,358.0,246,-64.62376775522759,-45.58874077152682
lookback_93,lookback,93,candidate,full,2011-12-09,2026-09-24,3594,3593,-0.020913834984171986,0.22327818943108146,0.017860372292547187,-0.7051835438466856,2015-06-30,2025-04-09,-0.2601815259712016,0.7398184740287984,82,27,109.0,0.10900000000000001,0.11149734540447556,1716,0.5222593210907067,0,0,93,0.3043564408483703,-0.22006724591954296,379,573.0,1150,-32.52702758325423,-48.51162979271426
lookback_93,lookback,93,candidate,last_10y,2016-05-16,2026-09-24,2520,2519,-0.04946468092239109,0.22626291578105784,-0.11013828703871839,-0.5122496436764999,2020-02-25,2025-04-09,-0.39775942296879707,0.7398184740287984,68,27,95.0,0.095,0.09081257638326642,1024,0.5932539682539683,0,0,93,0.3571666395815125,-0.16309804295217567,306,480.0,552,-40.66313205039036,-34.91516007243243
lookback_93,lookback,93,candidate,last_5y,2021-07-19,2026-09-24,1260,1259,-0.02251466892447107,0.25855732648636615,0.04226615602569236,-0.40292766620894627,2024-01-23,2025-04-09,-0.10753644775506677,0.7398184740287984,38,16,54.0,0.054000000000000006,0.04638698189952756,344,0.726984126984127,0,0,93,0.5425627803742445,-0.15962238350856572,155,250.0,219,-56.50774492987156,-24.330528270038055
lookback_93,lookback,93,candidate,last_3y,2023-08-15,2026-09-24,756,755,-0.07155678011260214,0.2956006012103966,-0.10221315277056935,-0.40292766620894627,2024-01-23,2025-04-09,-0.1994397873215501,0.7398184740287984,23,11,34.0,0.034,0.028935087262840137,166,0.7804232804232805,0,0,93,0.6590198158316622,-0.1433795586170047,107,176.0,108,-73.05765959442644,-25.954810759194157
lookback_93,lookback,93,candidate,last_1y,2025-09-11,2026-09-24,252,251,-0.212435626246817,0.32901914776339036,-0.5593766834231887,-0.3958079014333332,2026-01-29,2026-09-14,-0.21168892971889597,0.7398184740287984,9,5,14.0,0.014,0.012656037361324604,45,0.8214285714285714,0,0,93,0.6325606075238857,-0.13541584013921915,46,72.0,48,-84.49962337707026,-26.039206129411408
lookback_93,lookback,93,candidate,six_etf_all_scoreable,2020-01-09,2026-09-24,1628,1627,-0.06446445490257824,0.2655698501760431,-0.11698711895477693,-0.5122496436764999,2020-02-25,2025-04-09,-0.3496380193114077,0.7398184740287984,51,25,76.0,0.076,0.06852144321381863,451,0.722972972972973,0,0,93,0.5532104047115238,-0.16309804295217567,214,358.0,246,-61.76748596141021,-34.91516007243243
lookback_95,lookback,95,candidate,full,2011-12-09,2026-09-24,3594,3593,-0.035002740610532546,0.22323985440351413,-0.046921007716896446,-0.742000593513909,2015-04-24,2025-04-09,-0.3983085638087964,0.6016914361912036,81,26,107.0,0.10700000000000001,0.09174243020903704,1731,0.5180856983861992,0,0,95,0.3043564408483703,-0.22006724591954296,379,573.0,1150,-33.935918145890284,-52.1933347594366
lookback_95,lookback,95,candidate,last_10y,2016-05-16,2026-09-24,2520,2519,-0.0516061813204205,0.22634831606340206,-0.11998340678999632,-0.5426739192692627,2020-02-25,2025-04-09,-0.41118554664493456,0.6016914361912036,67,26,93.0,0.093,0.07251278522174318,1037,0.5880952380952381,0,0,95,0.3571666395815125,-0.16309804295217567,306,480.0,552,-40.877282090193304,-37.9575876317087
lookback_95,lookback,95,candidate,last_5y,2021-07-19,2026-09-24,1260,1259,-0.022918721176170664,0.25910130445099366,0.041107896898822285,-0.4110916885402687,2024-01-23,2025-04-09,-0.10937800099037309,0.6016914361912036,37,15,52.0,0.052000000000000005,0.03552888218962755,345,0.7261904761904762,0,0,95,0.5425627803742445,-0.15962238350856572,155,250.0,219,-56.54815015504152,-25.146930503170296
lookback_95,lookback,95,candidate,last_3y,2023-08-15,2026-09-24,756,755,-0.0697335950631156,0.29622959912165847,-0.09477557488069817,-0.4110916885402687,2024-01-23,2025-04-09,-0.1947206059571397,0.6016914361912036,22,10,32.0,0.032,0.02134768575800862,169,0.7764550264550265,0,0,95,0.6590198158316622,-0.1433795586170047,107,176.0,108,-72.87534108947779,-26.771212992326397
lookback_95,lookback,95,candidate,last_1y,2025-09-11,2026-09-24,252,251,-0.16954610364645628,0.3320994242315161,-0.3916450687292579,-0.37685641680524373,2026-01-29,2026-09-14,-0.16893363940254813,0.6016914361912036,9,5,14.0,0.014,0.010043616081024408,45,0.8214285714285714,0,0,95,0.6325606075238857,-0.13541584013921915,46,72.0,48,-80.2106711170342,-24.144057666602457
lookback_95,lookback,95,candidate,six_etf_all_scoreable,2020-01-09,2026-09-24,1628,1627,-0.06927174424911653,0.2657249564548443,-0.1361603793067943,-0.5426739192692627,2020-02-25,2025-04-09,-0.37091439570269136,0.6016914361912036,50,24,74.0,0.07400000000000001,0.05402385039522603,455,0.7205159705159705,0,0,95,0.5532104047115238,-0.16309804295217567,214,358.0,246,-62.248214896064034,-37.9575876317087
lookback_97,lookback,97,candidate,full,2011-12-09,2026-09-24,3594,3593,-0.025972874378953348,0.22131940727936836,-0.007234238244787016,-0.7029545115220318,2015-04-27,2025-04-09,-0.31285754751678574,0.6871424524832143,79,26,105.0,0.10500000000000001,0.10189424082803589,1745,0.5141903171953256,0,0,97,0.3043564408483703,-0.22006724591954296,379,573.0,1150,-33.03293152273237,-48.28872656024888
lookback_97,lookback,97,candidate,last_10y,2016-05-16,2026-09-24,2520,2519,-0.0501498138761407,0.22459804942511577,-0.11587920235259734,-0.5343712095018018,2020-02-25,2025-04-09,-0.402084527732535,0.6871424524832143,65,26,91.0,0.091,0.08209431454413249,1051,0.5825396825396826,0,0,97,0.3571666395815125,-0.16309804295217567,306,480.0,552,-40.73164534576532,-37.12731665496262
lookback_97,lookback,97,candidate,last_5y,2021-07-19,2026-09-24,1260,1259,-0.028917138912952,0.2584855911764276,0.016770613312627317,-0.3954506969815629,2024-01-23,2025-04-09,-0.136361456509561,0.6871424524832143,35,15,50.0,0.05,0.038989112316283825,351,0.7214285714285714,0,0,97,0.5425627803742445,-0.15962238350856572,155,250.0,219,-57.147991928719655,-23.582831347299717
lookback_97,lookback,97,candidate,last_3y,2023-08-15,2026-09-24,756,755,-0.07480230981525016,0.29566639746020984,-0.113998137346244,-0.3954506969815629,2024-01-23,2025-04-09,-0.20779494461321746,0.6871424524832143,22,10,32.0,0.032,0.024421269193017466,171,0.7738095238095238,0,0,97,0.6590198158316622,-0.1433795586170047,107,176.0,108,-73.38221256469124,-25.207113836455818
lookback_97,lookback,97,candidate,last_1y,2025-09-11,2026-09-24,252,251,-0.1732712730478556,0.33163365718793975,-0.4062129996115643,-0.35601408612571295,2026-01-29,2026-09-14,-0.17264679591345056,0.6871424524832143,9,5,14.0,0.014,0.011366315454478823,46,0.8174603174603174,0,0,97,0.6325606075238857,-0.13541584013921915,46,72.0,48,-80.58318805717413,-22.05982459864938
lookback_97,lookback,97,candidate,six_etf_all_scoreable,2020-01-09,2026-09-24,1628,1627,-0.0706471572537124,0.2638180785722946,-0.14470578898395578,-0.5343712095018018,2020-02-25,2025-04-09,-0.3768924021670752,0.6871424524832143,49,24,73.0,0.07300000000000001,0.062078890466553904,462,0.7156019656019657,0,0,97,0.5532104047115238,-0.16309804295217567,214,358.0,246,-62.38575619652362,-37.12731665496262
lookback_99,lookback,99,candidate,full,2011-12-09,2026-09-24,3594,3593,-0.020752584125474316,0.22092297994180257,0.016527543235967043,-0.7271929822580661,2015-04-29,2025-04-07,-0.25844237543101733,0.7415576245689827,80,27,107.0,0.10700000000000001,0.1044611975663616,1761,0.5097384529771842,0,0,99,0.3043564408483703,-0.22006724591954296,379,573.0,1150,-32.510902497384464,-50.71257363385231
lookback_99,lookback,99,candidate,last_10y,2016-05-16,2026-09-24,2520,2519,-0.0455316332107607,0.2234705621230694,-0.09590352860946103,-0.5751228674105364,2020-02-25,2025-04-07,-0.37238154397981327,0.7415576245689827,66,27,93.0,0.093,0.08465118563022961,1065,0.5769841269841269,0,0,99,0.3571666395815125,-0.16309804295217567,306,480.0,552,-40.26982727922732,-41.202482445836075
lookback_99,lookback,99,candidate,last_5y,2021-07-19,2026-09-24,1260,1259,-0.013267455211778079,0.25948766942885104,0.07924138775505458,-0.41619494982075866,2024-01-23,2025-04-07,-0.06455064350857509,0.7415576245689827,36,16,52.0,0.052000000000000005,0.04088787689339635,353,0.7198412698412698,0,0,99,0.5425627803742445,-0.15962238350856572,155,250.0,219,-55.583023558602264,-25.657256631219294
lookback_99,lookback,99,candidate,last_3y,2023-08-15,2026-09-24,756,755,-0.05164952687879332,0.2971328521252747,-0.02891101713627756,-0.41619494982075866,2024-01-23,2025-04-07,-0.146903836262389,0.7415576245689827,23,11,34.0,0.034,0.026042898376358137,176,0.7671957671957672,0,0,99,0.6590198158316622,-0.1433795586170047,107,176.0,108,-71.06693427104555,-27.2815391203754
lookback_99,lookback,99,candidate,last_1y,2025-09-11,2026-09-24,252,251,-0.10697955685959493,0.3333014130719164,-0.17123901219181764,-0.31956523677153137,2026-01-29,2026-07-30,-0.10657850842969985,0.7415576245689827,10,6,16.0,0.016,0.013313641808580166,48,0.8095238095238095,0,0,99,0.6325606075238857,-0.13541584013921915,46,72.0,48,-73.95401643834806,-18.414939663231223
lookback_99,lookback,99,candidate,six_etf_all_scoreable,2020-01-09,2026-09-24,1628,1627,-0.06289355148260811,0.26257162559600083,-0.11502065213486694,-0.5751228674105364,2020-02-25,2025-04-07,-0.3425549537579856,0.7415576245689827,50,25,75.0,0.07500000000000001,0.06414556613672387,468,0.711916461916462,0,0,99,0.5532104047115238,-0.16309804295217567,214,358.0,246,-61.6103956194132,-41.202482445836075
