date,formal_111,weight_p0,gate_011,gate_101,gate_110,ceiling_525_buffer_105,legacy_clean_base
2011-12-09,1,1,1,1,1,1,1
2011-12-12,1,1,1,1,1,1,1
2011-12-13,1,1,1,1,1,1,1
2011-12-14,1,1,1,1,1,1,1
2011-12-15,1,1,1,1,1,1,1
2011-12-16,1,1,1,1,1,1,1
2011-12-19,1,1,1,1,1,1,1
2011-12-20,1,1,1,1,1,1,1
2011-12-21,1,1,1,1,1,1,1
2011-12-22,1,1,1,1,1,1,1
2011-12-23,1,1,1,1,1,1,1
2011-12-26,1,1,1,1,1,1,1
2011-12-27,1,1,1,1,1,1,1
2011-12-28,1,1,1,1,1,1,1
2011-12-29,1,1,1,1,1,1,1
2011-12-30,1,1,1,1,1,1,1
2012-01-04,1,1,1,1,1,1,1
2012-01-05,1,1,1,1,1,1,1
2012-01-06,1,1,1,1,1,1,1
2012-01-09,1,1,1,1,1,1,1
2012-01-10,1,1,1,1,1,1,1
2012-01-11,1,1,1,1,1,1,1
2012-01-12,1,1,1,1,1,1,1
2012-01-13,1,1,1,1,1,1,1
2012-01-16,1,1,0.999,1,1,1,1
2012-01-17,1,1,1.047770078740157,1,1,1,1
2012-01-18,1,1,0.9816944881889762,1,1,1,1
2012-01-19,1,1,0.9989999999999998,1,1,1,1
2012-01-20,1,1,1.019451968503937,1,1,1,1
2012-01-30,1,1,1.030464566929134,1,1,1,1
2012-01-31,1,1,1.02259842519685,1,1,1,1
2012-02-01,1,1,1.027318110236221,1,1,1,1
2012-02-02,1,1,1.054062992125984,1,1,1,1
2012-02-03,1,1,1.072941732283465,1,1,1,1
2012-02-06,1,1,1.084442031496063,1,1,1,1
2012-02-07,1,1,1.084442031496063,1,1,1,1
2012-02-08,1,1,1.084442031496063,1,1,1,1
2012-02-09,1,1,1.084442031496063,1,1,1,0.999
2012-02-10,1,1,1.084442031496063,1,1,1,0.999
2012-02-13,1,1,1.084442031496063,1,0.999,1,1.023226818830242
2012-02-14,0.999,1,1.083357589464567,0.999,0.9948259052924792,0.999,1.0189514978602
2012-02-15,1.014369230769231,1,1.100024629302483,1.014369230769231,1.010130919220056,1.014369230769231,1.034627674750356
2012-02-16,1.010177622377622,1,1.095479072983051,1.010177622377622,1.005956824512535,1.010177622377622,1.030352353780314
2012-02-17,1.004588811188811,1,1.089418331223809,1.004588811188811,1.000391364902507,1.004588811188811,1.024651925820257
2012-02-20,1.010177622377622,1,1.095479072983051,1.010177622377622,1.005956824512535,1.010177622377622,1.030352353780314
2012-02-21,1.031135664335664,0.999,1.11820685458021,1.031135664335664,1.026827298050139,1.031135664335664,1.051728958630528
2012-02-22,1.063603862937063,1.031487804878049,1.153416733830528,1.064668531468531,1.059159835654596,1.063603862937063,1.084845594864479
2012-02-23,1.063603862937063,1.028780487804878,1.153416733830528,1.061874125874126,1.059159835654596,1.063603862937063,1.084845594864479
2012-02-24,1.063603862937063,1.033160926829268,1.153416733830528,1.067462937062937,1.059159835654596,1.063603862937063,1.084845594864479
2012-02-27,1.063603862937063,1.033160926829268,1.153416733830528,1.066065734265734,1.059159835654596,1.063603862937063,1.084845594864479
2012-02-28,1.063603862937063,1.033160926829268,1.153416733830528,1.047902097902098,1.059159835654596,1.063603862937063,1.084845594864479
2012-02-29,1.062540259074126,1.032127765902439,1.152263317096698,1.029738461538461,1.058100675818941,1.062540259074126,1.083760749269615
2012-03-01,1.071190518985177,1.040530434281563,1.161644022527607,1.038121678321678,1.066714792582732,1.071190518985177,1.092583767581172
2012-03-02,1.09425787874798,1.062937549959228,1.186659237010032,1.060476923076923,1.089685770619507,1.09425787874798,1.116111816411991
2012-03-05,1.09714129871833,1.065738439418936,1.189786138820335,1.063271328671328,1.092557142874103,1.09714129871833,1.119052822515843
2012-03-06,1.084165908851753,1.05313443685025,1.175715080673971,1.050696503496503,1.079635967728418,1.084165908851753,1.105818295048507
2012-03-07,1.079840778896228,1.048933102660688,1.171024727958516,1.046504895104895,1.075328909346522,1.079840778896228,1.101406785892729
2012-03-08,1.102908138659031,1.071340218338352,1.196039942440941,1.068860139860139,1.098299887383297,1.102908138659031,1.124934834723548
2012-03-09,1.123092078451484,1.090946444556309,1.217928255113063,1.088420979020978,1.118399493165475,1.123092078451484,1.145521877450515
2012-03-12,1.13318404834771,1.100749557665287,1.228872411449124,1.098201398601398,1.128449296056564,1.13318404834771,1.155815398813998
2012-03-13,1.143276018243937,1.110552670774266,1.239816567785185,1.107981818181818,1.138499098947653,1.143276018243937,1.166108920177482
2012-03-14,1.089932748792454,1.058736215769666,1.181968884294577,1.056285314685314,1.085378712237611,1.089932748792454,1.111700307256212
2012-03-15,1.076957358925878,1.046132213200979,1.167897826148213,1.043710489510489,1.072457537091925,1.076957358925878,1.098465779788876
2012-03-16,1.105791558629382,1.07414110779806,1.199166844251244,1.071654545454545,1.101171259637894,1.105791558629382,1.127875840827401
2012-03-19,1.12453378843666,1.092346889286163,1.219491706018215,1.089818181818181,1.119835179292773,1.12453378843666,1.146992380502441
2012-03-20,1.088842816043662,1.058736215769666,1.180786915410283,1.055229029370629,1.085378712237611,1.088842816043662,1.111700307256212
2012-03-21,1.088842816043662,1.050333547390542,1.180786915410283,1.055229029370629,1.075687830878347,1.088842816043662,1.102877288944655
2012-03-22,1.088842816043662,1.052081302413399,1.180786915410283,1.055229029370629,1.075687830878347,1.088842816043662,1.105818295048507
2012-03-23,1.088842816043662,1.052081302413399,1.180786915410283,1.055229029370629,1.075687830878347,1.088842816043662,1.087084086166968
2012-03-26,1.088842816043662,1.052081302413399,1.180786915410283,1.055229029370629,1.075687830878347,1.088842816043662,1.087084086166968
2012-03-27,1.088842816043662,1.052081302413399,1.180786915410283,1.055229029370629,1.075687830878347,1.088842816043662,1.087084086166968
2012-03-28,1.088842816043662,1.052081302413399,1.179606128494872,1.055229029370629,1.075687830878347,1.088842816043662,1.087084086166968
2012-03-29,1.088842816043662,1.052081302413399,1.156014005924975,1.055229029370629,1.075687830878347,1.088842816043662,1.087084086166968
2012-03-30,1.088842816043662,1.052081302413399,1.150958551088568,1.055229029370629,1.075687830878347,1.088842816043662,1.087084086166968
2012-04-05,1.088842816043662,1.052081302413399,1.181291280107008,1.055229029370629,1.075687830878347,1.088842816043662,1.087084086166968
2012-04-06,1.088842816043662,1.052081302413399,1.184661583331279,1.055229029370629,1.075687830878347,1.088842816043662,1.087084086166968
2012-04-09,1.088842816043662,1.052081302413399,1.164439763985653,1.055229029370629,1.075687830878347,1.088842816043662,1.087084086166968
2012-04-10,1.088842816043662,1.052081302413399,1.179606128494872,1.055229029370629,1.075687830878347,1.088842816043662,1.087084086166968
2012-04-11,1.088842816043662,1.052081302413399,1.181291280107008,1.055229029370629,1.075687830878347,1.088842816043662,1.087084086166968
2012-04-12,1.088842816043662,1.052081302413399,1.209938857513312,1.055229029370629,1.075687830878347,1.088842816043662,1.087084086166968
2012-04-13,1.088842816043662,1.052081302413399,1.216679463961854,1.055229029370629,1.075687830878347,1.088842816043662,1.087084086166968
2012-04-16,1.088842816043662,1.052081302413399,1.211624009125447,1.055229029370629,1.075687830878347,1.088842816043662,1.087084086166968
2012-04-17,1.088842816043662,1.052081302413399,1.196457644616227,1.055229029370629,1.075687830878347,1.088842816043662,1.087084086166968
2012-04-18,1.088842816043662,1.052081302413399,1.225563583261032,1.055229029370629,1.075687830878347,1.088842816043662,1.087084086166968
2012-04-19,1.088842816043662,1.052081302413399,1.225563583261032,1.055229029370629,1.075687830878347,1.088842816043662,1.087084086166968
2012-04-20,1.088842816043662,1.052081302413399,1.225563583261032,1.055229029370629,1.075687830878347,1.088842816043662,1.087084086166968
2012-04-23,1.088842816043662,1.052081302413399,1.225563583261032,1.055229029370629,1.075687830878347,1.088842816043662,1.087084086166968
2012-04-24,1.088842816043662,1.052081302413399,1.225563583261032,1.055229029370629,1.075687830878347,1.088842816043662,1.087084086166968
2012-04-25,1.088842816043662,1.052081302413399,1.225563583261032,1.055229029370629,1.075687830878347,1.088842816043662,1.087084086166968
2012-04-26,1.088842816043662,1.052081302413399,1.225563583261032,1.055229029370629,1.075687830878347,1.088842816043662,1.087084086166968
2012-04-27,1.088842816043662,1.052081302413399,1.225563583261032,1.055229029370629,1.075687830878347,1.088842816043662,1.087084086166968
2012-05-02,1.088842816043662,1.052081302413399,1.225563583261032,1.055229029370629,1.075687830878347,1.088842816043662,1.087084086166968
2012-05-03,1.088842816043662,1.052081302413399,1.225563583261032,1.055229029370629,1.075687830878347,1.088842816043662,1.087084086166968
2012-05-04,1.088842816043662,1.052081302413399,1.225563583261032,1.055229029370629,1.075687830878347,1.088842816043662,1.087084086166968
2012-05-07,1.088842816043662,1.052081302413399,1.225563583261032,1.055229029370629,1.075687830878347,1.088842816043662,1.085997002080801
2012-05-08,1.088842816043662,1.052081302413399,1.225563583261032,1.055229029370629,1.075687830878347,1.088842816043662,1.081576390132032
2012-05-09,1.088842816043662,1.052081302413399,1.225563583261032,1.055229029370629,1.075687830878347,1.088842816043662,1.06684101696947
2012-05-10,1.088842816043662,1.052081302413399,1.225563583261032,1.055229029370629,1.075687830878347,1.088842816043662,1.07862931549952
2012-05-11,1.088842816043662,1.052081302413399,1.225563583261032,1.055229029370629,1.075687830878347,1.088842816043662,1.063893942336958
2012-05-14,1.088842816043662,1.052081302413399,1.225563583261032,1.055229029370629,1.074612143047468,1.088842816043662,1.063893942336958
2012-05-15,1.088842816043662,1.052081302413399,1.225563583261032,1.055229029370629,1.077588907986658,1.088842816043662,1.06684101696947
2012-05-16,1.088842816043662,1.052081302413399,1.225563583261032,1.055229029370629,1.061642378207419,1.088842816043662,1.052105643806909
2012-05-17,1.088842816043662,1.052081302413399,1.225563583261032,1.055229029370629,1.061642378207419,1.088842816043662,1.060946867704446
2012-05-18,1.088842816043662,1.052081302413399,1.225563583261032,1.055229029370629,1.061642378207419,1.088842816043662,1.049158569174397
2012-05-21,1.088842816043662,1.052081302413399,1.225563583261032,1.055229029370629,1.061642378207419,1.088842816043662,1.043264419909372
2012-05-22,1.088842816043662,1.052081302413399,1.225563583261032,1.055229029370629,1.061642378207419,1.088842816043662,1.062420405020702
2012-05-23,1.088842816043662,1.052081302413399,1.225563583261032,1.055229029370629,1.061642378207419,1.088842816043662,1.055052718439421
2012-05-24,1.088842816043662,1.052081302413399,1.225563583261032,1.055229029370629,1.061642378207419,1.088842816043662,1.055052718439421
2012-05-25,1.088842816043662,1.052081302413399,1.225563583261032,1.055229029370629,1.061642378207419,1.088842816043662,1.04031734527686
2012-05-28,1.088842816043662,1.052081302413399,1.225563583261032,1.055229029370629,1.061642378207419,1.088842816043662,1.049158569174397
2012-05-29,1.088842816043662,1.051029221110986,1.225563583261032,1.055229029370629,1.061642378207419,1.088842816043662,1.068314554285727
2012-05-30,1.088842816043662,1.061177089452747,1.225563583261032,1.055229029370629,1.061642378207419,1.088842816043662,1.07862931549952
2012-05-31,1.088842816043662,1.071701878618631,1.225563583261032,1.055229029370629,1.061642378207419,1.088842816043662,1.09041761402957
2012-06-01,1.088842816043662,1.071701878618631,1.225563583261032,1.055229029370629,1.061642378207419,1.088842816043662,1.088944076713314
2012-06-04,1.088842816043662,1.071701878618631,1.225563583261032,1.055229029370629,1.061642378207419,1.088842816043662,1.065367479653215
2012-06-05,1.088842816043662,1.071701878618631,1.225563583261032,1.055229029370629,1.061642378207419,1.088842816043662,1.062420405020702
2012-06-06,1.088842816043662,1.071701878618631,1.225563583261032,1.055229029370629,1.061642378207419,1.088842816043662,1.060946867704446
2012-06-07,1.088842816043662,1.071701878618631,1.225563583261032,1.055229029370629,1.061642378207419,1.088842816043662,1.056526255755678
2012-06-08,1.088842816043662,1.071701878618631,1.225563583261032,1.055229029370629,1.061642378207419,1.088842816043662,1.062420405020702
2012-06-11,1.088842816043662,1.071701878618631,1.225563583261032,1.055229029370629,1.061642378207419,1.088842816043662,1.096311763294594
2012-06-12,1.088842816043662,1.071701878618631,1.225563583261032,1.055229029370629,1.061642378207419,1.088842816043662,1.091891151345826
2012-06-13,1.087753973227619,1.071701878618631,1.224338019677771,1.054173800341258,1.060580735829211,1.087753973227619,1.108100061824644
2012-06-14,1.077628603795979,1.071701878618631,1.212941256196728,1.044361012306167,1.050708308766971,1.077628603795979,1.097785300610851
2012-06-15,1.080521566490733,1.070630176740013,1.216197474334169,1.047164666030479,1.053529002213325,1.080521566490733,1.100732375243363
2012-06-18,1.097879342659259,1.087829055081218,1.235734783158815,1.06398658837635,1.070453162891451,1.097879342659259,1.118414823038437
2012-06-19,1.087753973227618,1.077796376048848,1.224338019677772,1.054173800341258,1.060580735829211,1.087753973227618,1.108100061824644
2012-06-20,1.090646935922373,1.080662855772382,1.227594237815212,1.05697745406557,1.063401429275565,1.090646935922373,1.111047136457156
2012-06-21,1.076182122448601,1.066330457154711,1.211313147128008,1.042959185444011,1.049297962043794,1.076182122448601,1.096311763294594
2012-06-25,1.055931383585321,1.046265099089972,1.188519620165922,1.023333609373828,1.029553107919314,1.055931383585321,1.075682240867008
2012-06-26,1.041870138407468,1.033365940334068,1.17269277190889,1.00970645044681,1.015843127423309,1.041870138407468,1.062420405020702
2012-06-27,1.041870138407468,1.038059800881355,1.17269277190889,1.00970645044681,1.015843127423309,1.041870138407468,1.068314554285727
2012-06-28,1.041870138407468,1.038059800881355,1.17269277190889,1.00970645044681,1.015843127423309,1.041870138407468,1.055052718439421
2012-06-29,1.041870138407468,1.038059800881355,1.17269277190889,1.00970645044681,1.015843127423309,1.041870138407468,1.080494813741901
2012-07-02,1.041870138407468,1.038059800881355,1.17269277190889,1.00970645044681,1.015843127423309,1.041870138407468,1.079414318928159
2012-07-03,1.041870138407468,1.038059800881355,1.17269277190889,1.00970645044681,1.015843127423309,1.041870138407468,1.077975099836255
2012-07-04,1.041870138407468,1.038059800881355,1.17269277190889,1.00970645044681,1.015843127423309,1.041870138407468,1.069339785284829
2012-07-05,1.041870138407468,1.038059800881355,1.17269277190889,1.00970645044681,1.015843127423309,1.041870138407468,1.04670374740736
2012-07-06,1.041870138407468,1.038059800881355,1.17269277190889,1.00970645044681,1.015843127423309,1.041870138407468,1.045657043659952
2012-07-09,1.041870138407468,1.038059800881355,1.17269277190889,1.00970645044681,1.015843127423309,1.041870138407468,1.016568127915184
2012-07-10,1.041870138407468,1.038059800881355,1.17269277190889,1.00970645044681,1.015843127423309,1.041870138407468,1.016568127915184
2012-07-11,1.041870138407468,1.038059800881355,1.17269277190889,1.00970645044681,1.015843127423309,1.041870138407468,1.016568127915184
2012-07-12,1.041870138407468,1.038059800881355,1.17269277190889,1.00970645044681,1.015843127423309,1.041870138407468,1.016568127915184
2012-07-13,1.041870138407468,1.038059800881355,1.17269277190889,1.00970645044681,1.015843127423309,1.041870138407468,1.016568127915184
2012-07-16,1.041870138407468,1.038059800881355,1.171520079136982,1.00970645044681,1.015843127423309,1.041870138407468,1.016568127915184
2012-07-17,1.041870138407468,1.038059800881355,1.179924096921321,1.00970645044681,1.015843127423309,1.041870138407468,1.016568127915184
2012-07-18,1.041870138407468,1.038059800881355,1.188328114705661,1.00970645044681,1.015843127423309,1.041870138407468,1.016568127915184
2012-07-19,1.041870138407468,1.038059800881355,1.200093739603737,1.00970645044681,1.015843127423309,1.041870138407468,1.016568127915184
2012-07-20,1.041870138407468,1.038059800881355,1.193370525376265,1.00970645044681,1.015843127423309,1.041870138407468,1.016568127915184
2012-07-23,1.041870138407468,1.038059800881355,1.195051328933133,1.00970645044681,1.015843127423309,1.041870138407468,1.016568127915184
2012-07-24,1.041870138407468,1.038059800881355,1.195051328933133,1.00970645044681,1.015843127423309,1.041870138407468,1.016568127915184
2012-07-25,1.041870138407468,1.038059800881355,1.198412936046869,1.00970645044681,1.015843127423309,1.041870138407468,1.016568127915184
2012-07-26,1.041870138407468,1.038059800881355,1.196732132490001,1.00970645044681,1.015843127423309,1.041870138407468,1.016568127915184
2012-07-27,1.041870138407468,1.038059800881355,1.191689721819397,1.00970645044681,1.015843127423309,1.041870138407468,1.016568127915184
2012-07-30,1.041870138407468,1.038059800881355,1.166477668466378,1.00970645044681,1.015843127423309,1.041870138407468,1.016568127915184
2012-07-31,1.041870138407468,1.038059800881355,1.14798882934083,1.00970645044681,1.015843127423309,1.041870138407468,1.016568127915184
2012-08-01,1.041870138407468,1.038059800881355,1.168158472023246,1.00970645044681,1.015843127423309,1.041870138407468,1.016568127915184
2012-08-02,1.041870138407468,1.038059800881355,1.168158472023246,1.00970645044681,1.015843127423309,1.041870138407468,1.016568127915184
2012-08-03,1.041870138407468,1.038059800881355,1.208497757388077,1.00970645044681,1.015843127423309,1.041870138407468,1.016568127915184
2012-08-06,1.041870138407468,1.038059800881355,1.235834346436978,1.00970645044681,1.015843127423309,1.041870138407468,1.016568127915184
2012-08-07,1.041870138407468,1.038059800881355,1.235834346436978,1.00970645044681,1.015843127423309,1.041870138407468,1.016568127915184
2012-08-08,1.041870138407468,1.038059800881355,1.235834346436978,1.00970645044681,1.015843127423309,1.041870138407468,1.015551559787269
2012-08-09,1.041870138407468,1.038059800881355,1.235834346436978,1.00970645044681,1.015843127423309,1.041870138407468,1.03351369621888
2012-08-10,1.04082826826906,1.038059800881355,1.234598512090541,1.008696743996363,1.014827284295885,1.04082826826906,1.03351369621888
2012-08-13,1.018564561995925,1.038059800881355,1.208189987767749,0.9871203430552647,0.9931197488029252,1.018564561995925,1.011406451379974
2012-08-14,1.032479378416635,1.038059800881355,1.224695315469494,1.000605593643451,1.006686958486025,1.032479378416635,1.02522347940429
2012-08-15,1.021347525280067,1.038059800881355,1.211491053308098,0.989817393172902,0.9958331907395452,1.021347525280067,1.014169856984837
2012-08-16,1.014390117069712,1.037021741080474,1.203238389457225,0.9830747678788084,0.9890495858979952,1.014390117069712,1.007261342972678
2012-08-17,1.011607153785571,1.034176688292873,1.199937323916876,0.9803777177611712,0.986336143961375,1.011607153785571,1.004497937367815
2012-08-20,1.024130488564209,1.046979425837077,1.214792118848447,0.9925144432905392,0.9985466326761652,1.024130488564209,1.0169332625897
2012-08-21,1.047785676479415,1.071162374531683,1.242851175941414,1.015439369290457,1.021610889137435,1.047785676479415,1.040422210231038
2012-08-22,1.046394194837344,1.069739848137883,1.241200643171239,1.014090844231638,1.020254168169125,1.046394194837344,1.039040507428607
2012-08-23,1.050568639763557,1.074007427319284,1.246152241481763,1.018136419408094,1.024324331074055,1.050568639763557,1.043185615835902
2012-08-24,1.028304933490422,1.051247005018478,1.21974371715897,0.996560018466995,1.002616795581095,1.028304933490422,1.021078370996995
2012-08-27,1.012998635427641,1.035599214686673,1.201587856687051,0.9817262428199895,0.9876928649296852,1.012998635427641,1.005879640170247
2012-08-28,1.019956043637996,1.042711846655675,1.209840520537923,0.988468868114083,0.9944764697712352,1.019956043637996,1.012788154182405
2012-08-29,1.0161559072735,1.039866793868075,1.205332915542577,0.9847860461784492,0.9907712648067806,1.0161559072735,1.010024748577542
2012-08-30,1.0161559072735,1.005726160416865,1.205332915542577,0.9847860461784492,0.9907712648067806,1.0161559072735,0.976863881319182
2012-08-31,1.0161559072735,1.013247057460888,1.205332915542577,0.9847860461784492,0.9907712648067806,1.0161559072735,0.984168944035638
2012-09-03,1.0161559072735,1.013247057460888,1.205332915542577,0.9847860461784492,0.9907712648067806,1.0161559072735,0.984168944035638
2012-09-04,1.0161559072735,1.013247057460888,1.205332915542577,0.9847860461784492,0.9907712648067806,1.0161559072735,0.984168944035638
2012-09-05,1.0161559072735,1.013247057460888,1.205332915542577,0.9847860461784492,0.9907712648067806,1.0161559072735,0.984168944035638
2012-09-06,1.0161559072735,1.013247057460888,1.205332915542577,0.9847860461784492,0.9907712648067806,1.0161559072735,0.984168944035638
2012-09-07,1.0161559072735,1.013247057460888,1.205332915542577,0.9847860461784492,0.9907712648067806,1.0161559072735,0.9831847750916024
2012-09-10,1.0161559072735,1.013247057460888,1.205332915542577,0.9847860461784492,0.9907712648067806,1.0161559072735,0.9844683061295812
2012-09-11,1.0161559072735,1.013247057460888,1.205332915542577,0.9847860461784492,0.9907712648067806,1.0161559072735,0.9831847750916026
2012-09-12,1.0161559072735,1.013247057460888,1.205332915542577,0.9847860461784492,0.9897804935419738,1.0161559072735,0.9831847750916026
2012-09-13,1.0161559072735,1.013247057460888,1.205332915542577,0.9847860461784492,0.9703983689948072,1.0161559072735,0.9639318095219236
2012-09-14,1.0161559072735,1.013247057460888,1.205332915542577,0.9847860461784492,0.9665219440853738,1.0161559072735,0.9600812164079878
2012-09-17,1.0161559072735,1.013247057460888,1.205332915542577,0.9847860461784492,0.9384475827496211,1.0161559072735,0.9331270646104374
2012-09-18,1.0161559072735,1.013247057460888,1.205332915542577,0.9847860461784492,0.9384475827496211,1.0161559072735,0.9356941266863944
2012-09-19,1.0161559072735,1.013247057460888,1.205332915542577,0.9847860461784492,0.9384475827496211,1.0161559072735,0.9421117818762876
2012-09-20,1.0161559072735,1.013247057460888,1.205332915542577,0.9847860461784492,0.9384475827496211,1.0161559072735,0.9129602249417178
2012-09-21,1.0161559072735,1.013247057460888,1.205332915542577,0.9847860461784492,0.9384475827496211,1.0161559072735,0.9129602249417178
2012-09-24,1.0161559072735,1.013247057460888,1.205332915542577,0.9847860461784492,0.9384475827496211,1.0161559072735,0.9129602249417178
2012-09-25,1.0161559072735,1.013247057460888,1.204127582627034,0.9847860461784492,0.9384475827496211,1.0161559072735,0.9129602249417178
2012-09-26,1.0161559072735,1.013247057460888,1.172440014663165,0.9847860461784492,0.9384475827496211,1.0161559072735,0.9129602249417178
2012-09-27,1.0161559072735,1.013247057460888,1.202367162184597,0.9847860461784492,0.9384475827496211,1.0161559072735,0.9129602249417178
2012-09-28,1.0161559072735,1.013247057460888,1.22525262793628,0.9847860461784492,0.9384475827496211,1.0161559072735,0.9129602249417178
2012-10-08,1.0161559072735,1.013247057460888,1.227013048378717,0.9847860461784492,0.9384475827496211,1.0161559072735,0.9129602249417178
2012-10-09,1.0161559072735,1.013247057460888,1.262221457227461,0.9847860461784492,0.9384475827496211,1.0161559072735,0.9129602249417178
2012-10-10,1.0161559072735,1.013247057460888,1.276304820766959,0.9847860461784492,0.9384475827496211,1.0161559072735,0.9129602249417178
2012-10-11,1.0161559072735,1.013247057460888,1.262221457227461,0.9847860461784492,0.9384475827496211,1.0161559072735,0.9129602249417178
2012-10-12,1.0161559072735,1.013247057460888,1.251658934572838,0.9847860461784492,0.9384475827496211,1.0161559072735,0.9129602249417178
2012-10-15,1.0161559072735,1.013247057460888,1.245131295572281,0.9847860461784492,0.9384475827496211,1.0161559072735,0.9129602249417178
2012-10-16,1.0161559072735,1.013247057460888,1.245131295572281,0.9847860461784492,0.9384475827496211,1.0161559072735,0.9129602249417178
2012-10-17,1.0161559072735,1.013247057460888,1.245131295572281,0.9847860461784492,0.9384475827496211,1.0161559072735,0.9129602249417178
2012-10-18,1.0161559072735,1.013247057460888,1.245131295572281,0.9847860461784492,0.9384475827496211,1.0161559072735,0.9129602249417178
2012-10-19,1.0161559072735,1.013247057460888,1.245131295572281,0.9847860461784492,0.9384475827496211,1.0161559072735,0.912047264716776
2012-10-22,1.0161559072735,1.013247057460888,1.245131295572281,0.9847860461784492,0.9384475827496211,1.0161559072735,0.918354645523946
2012-10-23,1.0161559072735,1.013247057460888,1.245131295572281,0.9847860461784492,0.9384475827496211,1.0161559072735,0.8994325031024362
2012-10-24,1.0161559072735,1.013247057460888,1.245131295572281,0.9847860461784492,0.9384475827496211,1.0161559072735,0.8969095507795681
2012-10-25,1.0161559072735,1.013247057460888,1.245131295572281,0.9847860461784492,0.9384475827496211,1.0161559072735,0.8817718368423603
2012-10-26,1.0161559072735,1.013247057460888,1.245131295572281,0.9847860461784492,0.9384475827496211,1.0161559072735,0.8678955990665863
2012-10-29,1.0161559072735,1.013247057460888,1.245131295572281,0.9847860461784492,0.9384475827496211,1.0161559072735,0.8729415037123223
2012-10-30,1.0161559072735,1.013247057460888,1.245131295572281,0.9847860461784492,0.9384475827496211,1.0161559072735,0.87206856220861
2012-10-31,1.0161559072735,1.013247057460888,1.245131295572281,0.9847860461784492,0.9384475827496211,1.0161559072735,0.87206856220861
2012-11-01,1.0161559072735,1.013247057460888,1.245131295572281,0.9847860461784492,0.9384475827496211,1.0161559072735,0.87206856220861
2012-11-02,1.0161559072735,1.013247057460888,1.245131295572281,0.9847860461784492,0.9384475827496211,1.0161559072735,0.87206856220861
2012-11-05,1.0161559072735,1.013247057460888,1.245131295572281,0.9847860461784492,0.9384475827496211,1.0161559072735,0.87206856220861
2012-11-06,1.0161559072735,1.013247057460888,1.243886164276709,0.9847860461784492,0.9384475827496211,1.0161559072735,0.87206856220861
2012-11-07,1.0161559072735,1.013247057460888,1.242091234746728,0.9847860461784492,0.9384475827496211,1.0161559072735,0.87206856220861
2012-11-08,1.0161559072735,1.013247057460888,1.218757150856978,0.9847860461784492,0.9384475827496211,1.0161559072735,0.87206856220861
2012-11-09,1.0161559072735,1.013247057460888,1.216962221326997,0.9847860461784492,0.9384475827496211,1.0161559072735,0.87206856220861
2012-11-12,1.0161559072735,1.013247057460888,1.22414193944692,0.9847860461784492,0.9384475827496211,1.0161559072735,0.87206856220861
2012-11-13,1.0161559072735,1.013247057460888,1.204397714617131,0.9847860461784492,0.9384475827496211,1.0161559072735,0.87206856220861
2012-11-14,1.0161559072735,1.013247057460888,1.20080785555717,0.9847860461784492,0.9384475827496211,1.0161559072735,0.87206856220861
2012-11-15,1.0161559072735,1.013247057460888,1.190038278377284,0.9847860461784492,0.9384475827496211,1.0161559072735,0.87206856220861
2012-11-16,1.0161559072735,1.013247057460888,1.186448419317323,0.9847860461784492,0.9384475827496211,1.0161559072735,0.87206856220861
2012-11-19,1.0161559072735,1.013247057460888,1.186448419317323,0.9847860461784492,0.9384475827496211,1.0161559072735,0.87206856220861
2012-11-20,1.0161559072735,1.013247057460888,1.186448419317323,0.9847860461784492,0.9384475827496211,1.0161559072735,0.87206856220861
2012-11-21,1.0161559072735,1.013247057460888,1.195423066967227,0.9847860461784492,0.9384475827496211,1.0161559072735,0.87206856220861
2012-11-22,1.0161559072735,1.013247057460888,1.175678842137438,0.9847860461784492,0.9384475827496211,1.0161559072735,0.87206856220861
2012-11-23,1.0161559072735,1.013247057460888,1.177473771667419,0.9847860461784492,0.9384475827496211,1.0161559072735,0.87206856220861
2012-11-26,1.0161559072735,1.013247057460888,1.154139687777668,0.9847860461784492,0.9384475827496211,1.0161559072735,0.87206856220861
2012-11-27,1.0161559072735,1.013247057460888,1.112856308588109,0.9847860461784492,0.9384475827496211,1.0161559072735,0.87206856220861
2012-11-28,1.0161559072735,1.013247057460888,1.096701942818282,0.9847860461784492,0.9384475827496211,1.0161559072735,0.87206856220861
2012-11-29,1.0161559072735,1.013247057460888,1.089522224698358,0.9847860461784492,0.9384475827496211,1.0161559072735,0.87206856220861
2012-11-30,1.0161559072735,1.013247057460888,1.091317154228339,0.9847860461784492,0.9384475827496211,1.0161559072735,0.87206856220861
2012-12-03,1.0161559072735,1.013247057460888,1.073367858928531,0.9847860461784492,0.9384475827496211,1.0161559072735,0.87206856220861
2012-12-04,1.0161559072735,1.013247057460888,1.082342506578435,0.9847860461784492,0.9384475827496211,1.0161559072735,0.87206856220861
2012-12-05,1.0161559072735,1.013247057460888,1.125420815297975,0.9847860461784492,0.9384475827496211,1.0161559072735,0.87206856220861
2012-12-06,1.0161559072735,1.013247057460888,1.123625885767994,0.9847860461784492,0.9384475827496211,1.0161559072735,0.87206856220861
2012-12-07,1.0161559072735,1.013247057460888,1.150549828717707,0.9847860461784492,0.9384475827496211,1.0161559072735,0.87206856220861
2012-12-10,1.0161559072735,1.013247057460888,1.164909264957553,0.9847860461784492,0.9384475827496211,1.0161559072735,0.87206856220861
2012-12-11,1.0161559072735,1.013247057460888,1.15119241348944,0.9847860461784492,0.9384475827496211,1.0161559072735,0.87206856220861
2012-12-12,1.0161559072735,1.013247057460888,1.15119241348944,0.9847860461784492,0.9384475827496211,1.0161559072735,0.87206856220861
2012-12-13,1.0161559072735,1.013247057460888,1.15119241348944,0.9847860461784492,0.9384475827496211,1.0161559072735,0.87206856220861
2012-12-14,1.0161559072735,1.013247057460888,1.15119241348944,0.9847860461784492,0.9384475827496211,1.0161559072735,0.87206856220861
2012-12-17,1.0161559072735,1.013247057460888,1.15119241348944,0.9847860461784492,0.9384475827496211,1.0161559072735,0.8711964936464014
2012-12-18,1.0161559072735,1.013247057460888,1.15119241348944,0.9847860461784492,0.9384475827496211,1.0161559072735,0.8645359699946705
2012-12-19,1.0161559072735,1.013247057460888,1.15119241348944,0.9847860461784492,0.9375091351668716,1.0161559072735,0.8711964936464014
2012-12-20,1.015139751366227,1.013247057460888,1.15004122107595,0.9838012601322708,0.9475436366136116,1.015139751366227,0.8805212267588246
2012-12-21,1.030497387544233,1.013247057460888,1.167439726689807,0.9986847890298844,0.9618786386803834,1.030497387544233,0.8938422740622863
2012-12-24,1.048926550957841,1.013247057460888,1.188317933426436,1.016545023707021,0.9790806411605096,1.048926550957841,0.9098275308264404
2012-12-25,1.07042724160705,1.012233810403427,1.212675841285836,1.03738196416368,0.99914964405399,1.07042724160705,0.9284769970512868
2012-12-26,1.091927932256259,1.032565622950985,1.237033749145235,1.05821890462034,1.01921864694747,1.091927932256259,0.9471264632761334
2012-12-27,1.079641823313854,1.02094744435238,1.22311494465415,1.046312081502249,1.007750645294053,1.079641823313854,0.936469625433364
2012-12-28,1.087767548615637,1.029661078301334,1.232320493974441,1.055242198840817,1.015335294887582,1.087767548615637,0.9435177915616254
2012-12-31,1.087767548615637,1.035470167600636,1.232320493974441,1.061195610399862,1.015335294887582,1.087767548615637,0.9435177915616254
2013-01-04,1.087767548615637,1.028208805976508,1.232320493974441,1.053753845951055,1.015335294887582,1.087767548615637,0.9435177915616254
2013-01-07,1.087767548615637,1.046041257853042,1.232320493974441,1.073102433517953,1.015335294887582,1.087767548615637,0.9435177915616254
2013-01-08,1.087767548615637,1.046041257853042,1.232320493974441,1.096916079754135,1.015335294887582,1.087767548615637,0.9435177915616254
2013-01-09,1.087767548615637,1.046041257853042,1.232320493974441,1.093939373974613,1.015335294887582,1.087767548615637,0.9435177915616254
2013-01-10,1.087767548615637,1.046041257853042,1.232320493974441,1.105846197092704,1.015335294887582,1.087767548615637,0.9435177915616254
2013-01-11,1.087767548615637,1.044995216595189,1.232320493974441,1.087985962415567,1.015335294887582,1.087767548615637,0.9435177915616254
2013-01-14,1.087767548615637,1.088221708194922,1.232320493974441,1.13412490199817,1.015335294887582,1.087767548615637,0.9435177915616254
2013-01-15,1.087767548615637,1.088221708194922,1.232320493974441,1.160915254013874,1.015335294887582,1.087767548615637,0.9435177915616254
2013-01-16,1.087767548615637,1.088221708194922,1.232320493974441,1.151985136675306,1.015335294887582,1.087767548615637,0.9435177915616254
2013-01-17,1.087767548615637,1.088221708194922,1.232320493974441,1.143055019336738,1.015335294887582,1.087767548615637,0.9435177915616254
2013-01-18,1.087767548615637,1.088221708194922,1.232320493974441,1.175798782911488,1.015335294887582,1.087767548615637,0.9435177915616254
2013-01-21,1.087767548615637,1.088221708194922,1.232320493974441,1.181752194470534,1.015335294887582,1.087767548615637,0.9435177915616254
2013-01-22,1.087767548615637,1.088221708194922,1.232320493974441,1.151985136675306,1.015335294887582,1.087767548615637,0.9435177915616254
2013-01-23,1.087767548615637,1.088221708194922,1.232320493974441,1.162403606903636,1.015335294887582,1.087767548615637,0.9435177915616254
2013-01-24,1.086679781067022,1.088221708194922,1.231088173480467,1.129659843328885,1.014319959592694,1.086679781067022,0.9425742737700638
2013-01-25,1.092406683734042,1.087133486486727,1.237576121693803,1.135613254887931,1.019665519327043,1.092406683734042,0.9475417271232656
2013-01-28,1.125336374069406,1.119904220679643,1.274881823920484,1.169845371352443,1.050402487799549,1.125336374069406,0.9761045839041768
2013-01-29,1.133926728069936,1.128453107860404,1.284613746240487,1.178775488691011,1.058420827401072,1.133926728069936,0.9835557639339796
2013-01-30,1.122472922735896,1.11705459161939,1.271637849813816,1.16686866557292,1.047729707932374,1.122472922735896,0.973620857227576
2013-01-31,1.116746020068876,1.111355333498883,1.26514990160048,1.160915254013875,1.042384148198026,1.116746020068876,0.968653403874374
2013-02-01,1.121041197069141,1.115629777089263,1.270015862760482,1.165380312683159,1.046393317998787,1.121041197069141,0.9723789938892754
2013-02-04,1.103860489068081,1.098532002727742,1.250552018120475,1.147520078006022,1.030356638795741,1.103860489068081,0.9574766338296696
2013-02-05,1.122472922735896,1.11705459161939,1.271637849813816,1.16686866557292,1.047729707932374,1.122472922735896,0.973620857227576
2013-02-06,1.132495002403181,1.127028293330277,1.282991759187154,1.17728713580125,1.057084437467485,1.132495002403181,0.9823139005956792
2013-02-07,1.153970887404505,1.148400511282179,1.307321564987163,1.19961242914767,1.077130286471293,1.153970887404505,1.000941850670186
2013-02-08,1.176878498072585,1.171197543764207,1.333273357840506,1.223426075383852,1.098512525408688,1.176878498072585,1.020811664082994
2013-02-18,1.191195754740134,1.185445689065475,1.349493228373845,1.238309604281466,1.11187642474456,1.191195754740134,1.033230297465999
2013-02-19,1.171151595405565,1.1654982856437,1.32678540962717,1.217472663824807,1.093166965674339,1.171151595405565,1.015844210729792
2013-02-20,1.218398542408479,1.212517165137884,1.38031098238719,1.266588309186932,1.137267833482718,1.218398542408479,1.056825700893708
2013-02-21,1.199786108740664,1.193994576246236,1.359225150693849,1.247239721620034,1.119894764346084,1.199786108740664,1.040681477495802
2013-02-22,1.195490931740399,1.189720132655856,1.354359189533847,1.24277466295075,1.115885594545322,1.195490931740399,1.036955887480901
2013-02-25,1.222693719408744,1.216791608728264,1.385176943547192,1.271053367856216,1.141277003283479,1.222693719408744,1.06055129090861
2013-02-26,1.216966816741724,1.211092350607757,1.378688995333856,1.265099956297171,1.135931443549131,1.216966816741724,1.055583837555408
2013-02-27,1.205513011407684,1.199693834366743,1.365713098907185,1.25319313317908,1.125240324080433,1.205513011407684,1.045648930849004
2013-02-28,1.231284073409274,1.225340495909025,1.394908865867196,1.279983485194784,1.149295342885003,1.231284073409274,1.068002470938412
2013-03-01,1.267077215078148,1.260960859162194,1.435458542200545,1.317192307438819,1.182705091224683,1.267077215078148,1.099049054395924
2013-03-04,1.235579250409539,1.229614939499405,1.399774827027198,1.284448543864069,1.153304512685765,1.235579250409539,1.071728060953314
2013-03-05,1.269940666411658,1.263810488222448,1.438702516307213,1.320169013218342,1.185377871091858,1.269940666411658,1.101532781072525
2013-03-06,1.291416551412983,1.285182706174349,1.463032322107222,1.342494306564763,1.205423720095666,1.291416551412983,1.120160731147033
2013-03-07,1.259918586744373,1.25383678651156,1.427348606933875,1.309750542990012,1.176023141556747,1.259918586744373,1.092839737704422
2013-03-08,1.235579250409539,1.229614939499405,1.399774827027198,1.284448543864069,1.153304512685765,1.235579250409539,1.071728060953314
2013-03-11,1.241306153076559,1.235314197619912,1.406262775240534,1.290401955423115,1.158650072420114,1.241306153076559,1.076695514306516
2013-03-12,1.196922657407155,1.191144947185983,1.355981176587182,1.244263015840512,1.11722198447891,1.196922657407155,1.038197750819201
2013-03-13,1.191195754740135,1.185445689065475,1.349493228373846,1.238309604281466,1.111876424744561,1.191195754740135,1.033230297465999
2013-03-14,1.2014469105141,1.19684420530649,1.361106655675717,1.248966210972158,1.122567544213259,1.2014469105141,1.043165204172403
2013-03-15,1.2014469105141,1.215366794198138,1.361106655675717,1.248966210972158,1.138800672736543,1.2014469105141,1.059309427570309
2013-03-18,1.2014469105141,1.211092350607757,1.361106655675717,1.248966210972158,1.138800672736543,1.2014469105141,1.055583837555407
2013-03-19,1.2014469105141,1.19707075081678,1.361106655675717,1.248966210972158,1.138800672736543,1.2014469105141,1.043362660443192
2013-03-20,1.2014469105141,1.19707075081678,1.361106655675717,1.248966210972158,1.138800672736543,1.2014469105141,1.043362660443192
2013-03-21,1.2014469105141,1.19707075081678,1.361106655675717,1.248966210972158,1.138800672736543,1.2014469105141,1.042319297782749
2013-03-22,1.2014469105141,1.19707075081678,1.361106655675717,1.248966210972158,1.138800672736543,1.2014469105141,1.039950390287788
2013-03-25,1.2014469105141,1.19707075081678,1.361106655675717,1.248966210972158,1.138800672736543,1.2014469105141,1.042319297782749
2013-03-26,1.2014469105141,1.19707075081678,1.361106655675717,1.248966210972158,1.138800672736543,1.2014469105141,1.032843667802906
2013-03-27,1.2014469105141,1.19707075081678,1.361106655675717,1.248966210972158,1.138800672736543,1.2014469105141,1.04468820527771
2013-03-28,1.2014469105141,1.19707075081678,1.361106655675717,1.248966210972158,1.138800672736543,1.2014469105141,1.023368037823062
2013-03-29,1.2014469105141,1.19707075081678,1.361106655675717,1.248966210972158,1.138800672736543,1.2014469105141,1.018630222833141
2013-04-01,1.2014469105141,1.19707075081678,1.361106655675717,1.248966210972158,1.138800672736543,1.2014469105141,1.036397029045347
2013-04-02,1.2014469105141,1.19707075081678,1.361106655675717,1.248966210972158,1.138800672736543,1.2014469105141,1.003232324115896
2013-04-03,1.2014469105141,1.19707075081678,1.361106655675717,1.248966210972158,1.138800672736543,1.2014469105141,0.9809302445045872
2013-04-08,1.2014469105141,1.19707075081678,1.361106655675717,1.248966210972158,1.138800672736543,1.2014469105141,0.9809302445045872
2013-04-09,1.2014469105141,1.19707075081678,1.361106655675717,1.248966210972158,1.138800672736543,1.2014469105141,0.9809302445045872
2013-04-10,1.2014469105141,1.19707075081678,1.361106655675717,1.248966210972158,1.138800672736543,1.2014469105141,0.9809302445045872
2013-04-11,1.2014469105141,1.19707075081678,1.361106655675717,1.248966210972158,1.138800672736543,1.2014469105141,0.9809302445045872
2013-04-12,1.2014469105141,1.19707075081678,1.361106655675717,1.248966210972158,1.138800672736543,1.2014469105141,0.9809302445045872
2013-04-15,1.2014469105141,1.19707075081678,1.361106655675717,1.248966210972158,1.138800672736543,1.2014469105141,0.9809302445045872
2013-04-16,1.2014469105141,1.19707075081678,1.361106655675717,1.248966210972158,1.138800672736543,1.2014469105141,0.9809302445045872
2013-04-17,1.2014469105141,1.19707075081678,1.361106655675717,1.248966210972158,1.138800672736543,1.2014469105141,0.9809302445045872
2013-04-18,1.2014469105141,1.19707075081678,1.361106655675717,1.248966210972158,1.138800672736543,1.2014469105141,0.9809302445045872
2013-04-19,1.2014469105141,1.19707075081678,1.361106655675717,1.248966210972158,1.138800672736543,1.2014469105141,0.9809302445045872
2013-04-22,1.2014469105141,1.19707075081678,1.361106655675717,1.248966210972158,1.138800672736543,1.2014469105141,0.9799493142600826
2013-04-23,1.2014469105141,1.19707075081678,1.361106655675717,1.248966210972158,1.138800672736543,1.2014469105141,0.9553167085464412
2013-04-24,1.2014469105141,1.19707075081678,1.361106655675717,1.248966210972158,1.137661872063806,1.2014469105141,0.9917301256883458
2013-04-25,1.200245463603586,1.19707075081678,1.359745549020041,1.247717244761185,1.103261729064037,1.200245463603586,0.9617426056891302
2013-04-26,1.189552853682842,1.19707075081678,1.347632002926322,1.236601723649727,1.093433116778388,1.189552853682842,0.9531747428322116
2013-05-02,1.221630683445076,1.19707075081678,1.383972641207481,1.269948286984102,1.122918953635333,1.221630683445076,0.9788783314029678
2013-05-03,1.253708513207309,1.195873680065963,1.42031327948864,1.303294850318476,1.152404790492279,1.253708513207309,1.004581919973724
2013-05-06,1.273757156808706,1.214997459597935,1.443026178414365,1.32413645240246,1.170833438527869,1.273757156808706,1.020646662830447
2013-05-07,1.269747428088426,1.21117270369154,1.438483598629219,1.319968131985664,1.167147708920751,1.269747428088426,1.017433714259102
2013-05-08,1.312517867771405,1.251970100026413,1.486937783004098,1.364430216431496,1.206462158063345,1.312517867771405,1.05065346052109
2013-05-09,1.321887267214457,1.262169449110131,1.49755227776872,1.375545737542955,1.215074479578644,1.321887267214457,1.05065346052109
2013-05-10,1.321887267214457,1.258344693203737,1.49755227776872,1.371377417126158,1.215074479578644,1.321887267214457,1.05065346052109
2013-05-13,1.321887267214457,1.26218092337785,1.49755227776872,1.376935177681887,1.215074479578644,1.321887267214457,1.05065346052109
2013-05-14,1.321887267214457,1.26218092337785,1.49755227776872,1.349146374903241,1.215074479578644,1.321887267214457,1.05065346052109
2013-05-15,1.321887267214457,1.26218092337785,1.49755227776872,1.4033345403216,1.215074479578644,1.321887267214457,1.05065346052109
2013-05-16,1.321887267214457,1.26218092337785,1.49755227776872,1.399166219904803,1.215074479578644,1.321887267214457,1.05065346052109
2013-05-17,1.321887267214457,1.26218092337785,1.49755227776872,1.413060621294126,1.215074479578644,1.321887267214457,1.05065346052109
2013-05-20,1.321887267214457,1.26218092337785,1.49755227776872,1.456133265601027,1.215074479578644,1.321887267214457,1.05065346052109
2013-05-21,1.321887267214457,1.26218092337785,1.49755227776872,1.490869269074333,1.215074479578644,1.321887267214457,1.05065346052109
2013-05-22,1.321887267214457,1.26218092337785,1.49755227776872,1.443628304350636,1.215074479578644,1.321887267214457,1.05065346052109
2013-05-23,1.321887267214457,1.26218092337785,1.49755227776872,1.449186064906365,1.215074479578644,1.321887267214457,1.05065346052109
2013-05-24,1.321887267214457,1.26218092337785,1.49755227776872,1.486700948657537,1.215074479578644,1.321887267214457,1.05065346052109
2013-05-27,1.321887267214457,1.26218092337785,1.49755227776872,1.507542550741521,1.215074479578644,1.321887267214457,1.05065346052109
2013-05-28,1.321887267214457,1.26218092337785,1.49755227776872,1.46446990643462,1.215074479578644,1.321887267214457,1.05065346052109
2013-05-29,1.321887267214457,1.26218092337785,1.49755227776872,1.478364307823943,1.215074479578644,1.321887267214457,1.05065346052109
2013-05-30,1.320565379947243,1.26218092337785,1.496054725490952,1.483922068379672,1.213859405099066,1.321887267214457,1.05065346052109
2013-05-31,1.31932889550909,1.26218092337785,1.494653925186185,1.48253262824074,1.212722832622381,1.320565379947243,1.049602807060569
2013-06-03,1.29336272230788,1.260918742454473,1.465237118786082,1.453354385323162,1.188854810612006,1.294574871063558,1.028945207296491
2013-06-04,1.261214126915906,1.229576593980461,1.428816310862145,1.417228941710923,1.159303926218209,1.262396145778995,1.003369131398108
2013-06-05,1.279761393488199,1.247658602715467,1.449828315433647,1.438070543794907,1.176352513368476,1.280960794981627,1.018124559801021
2013-06-06,1.257482416881561,1.22716565948246,1.424588695542359,1.413035611371625,1.15703078126484,1.258660938359425,1.001401740944386
2013-06-07,1.257482416881561,1.244042200968466,1.424588695542359,1.413035611371625,1.171769853142485,1.258660938359425,1.015173474120438
2013-06-13,1.257482416881561,1.234398462976463,1.424588695542359,1.413035611371625,1.171769853142485,1.258660938359425,1.007303912305551
2013-06-14,1.257482416881561,1.288644489181483,1.424588695542359,1.413035611371625,1.171769853142485,1.258660938359425,1.051570197514291
2013-06-17,1.257482416881561,1.286233554683482,1.424588695542359,1.413035611371625,1.171769853142485,1.258660938359425,1.049602807060569
2013-06-18,1.257482416881561,1.287439021932482,1.424588695542359,1.413035611371625,1.171769853142485,1.258660938359425,1.05058650228743
2013-06-19,1.257482416881561,1.281334535783544,1.424588695542359,1.413035611371625,1.171769853142485,1.258660938359425,1.046651721379987
2013-06-20,1.257482416881561,1.281334535783544,1.424588695542359,1.413035611371625,1.171769853142485,1.258660938359425,1.005313896861612
2013-06-21,1.257482416881561,1.281334535783544,1.424588695542359,1.413035611371625,1.171769853142485,1.258660938359425,1.005313896861612
2013-06-24,1.257482416881561,1.281334535783544,1.424588695542359,1.413035611371625,1.171769853142485,1.258660938359425,1.005313896861612
2013-06-25,1.257482416881561,1.281334535783544,1.423164106846816,1.413035611371625,1.171769853142485,1.258660938359425,1.005313896861612
2013-06-26,1.257482416881561,1.281334535783544,1.506814690834957,1.413035611371625,1.171769853142485,1.258660938359425,1.005313896861612
2013-06-27,1.257482416881561,1.281334535783544,1.506814690834957,1.413035611371625,1.171769853142485,1.258660938359425,1.005313896861612
2013-06-28,1.257482416881561,1.281334535783544,1.505307876144122,1.413035611371625,1.171769853142485,1.258660938359425,1.005313896861612
2013-07-01,1.257482416881561,1.281334535783544,1.589262933563367,1.413035611371625,1.171769853142485,1.258660938359425,1.005313896861612
2013-07-02,1.257482416881561,1.281334535783544,1.589262933563367,1.413035611371625,1.171769853142485,1.258660938359425,1.005313896861612
2013-07-03,1.257482416881561,1.281334535783544,1.589262933563367,1.413035611371625,1.171769853142485,1.258660938359425,1.00430858296475
2013-07-04,1.257482416881561,1.281334535783544,1.589262933563367,1.413035611371625,1.171769853142485,1.258660938359425,0.992439481529712
2013-07-05,1.257482416881561,1.281334535783544,1.589262933563367,1.413035611371625,1.171769853142485,1.258660938359425,0.9604842084353792
2013-07-08,1.257482416881561,1.281334535783544,1.589262933563367,1.413035611371625,1.171769853142485,1.258660938359425,0.9376590133679984
2013-07-09,1.257482416881561,1.281334535783544,1.589262933563367,1.413035611371625,1.171769853142485,1.258660938359425,0.9568321772245982
2013-07-10,1.257482416881561,1.281334535783544,1.589262933563367,1.413035611371625,1.170598083289342,1.258660938359425,0.976005341081198
2013-07-11,1.257482416881561,1.281334535783544,1.589262933563367,1.413035611371625,1.184833607220831,1.258660938359425,0.987874442516236
2013-07-12,1.257482416881561,1.281334535783544,1.589262933563367,1.413035611371625,1.195784010245053,1.258660938359425,0.9970045205431886
2013-07-15,1.256224934464679,1.281334535783544,1.587673670629804,1.411622575760254,1.246155864156475,1.257402277421066,1.039002879467169
2013-07-16,1.255121046121565,1.280053201247761,1.586278526806755,1.410382134129533,1.245060823854053,1.256297354505933,1.038089871664474
2013-07-17,1.242978274347301,1.267669221288459,1.570931944753215,1.396737276191604,1.233015380527408,1.244143202439473,1.028046785834826
2013-07-18,1.240770497661072,1.265417588568587,1.568141657107117,1.394256392930163,1.230825299922564,1.241933356609208,1.026220770229436
2013-07-19,1.220900507485005,1.24515289408973,1.543029068292235,1.371928443577189,1.211114574478964,1.222044744136818,1.009786629780922
2013-07-22,1.273887147954517,1.29919207936668,1.609995971798588,1.431469641851786,1.26367650899523,1.27508104406319,1.053611004310292
2013-07-23,1.294861026473699,1.320582590205473,1.63650370443652,1.455038032835481,1.284482274741252,1.296074579450712,1.070958152561502
2013-07-24,1.324666011737799,1.350979631923757,1.674172587658844,1.488529956864942,1.314048362906652,1.325907498159296,1.094513753871039
2013-07-25,1.266159929552713,1.291311364847125,1.600229965037245,1.422786550436741,1.256011226878275,1.267346583657261,1.093419240117168
2013-07-26,1.271679371268287,1.296940446646807,1.60720568415249,1.428988758590344,1.261486428390386,1.272871198232925,1.0981856709808
2013-07-29,1.240770497661072,1.265417588568587,1.568141657107117,1.394256392930163,1.230825299922564,1.241933356609208,1.071493658144461
2013-07-30,1.225316060857464,1.249656159529476,1.548609643584431,1.376890210100072,1.215494735688653,1.22646443579735,1.058147651726292
2013-07-31,1.238562720974843,1.263165955848714,1.565351369461019,1.391775509668721,1.22863521931772,1.239723510778943,1.069587085799008
2013-08-01,1.299276579846159,1.325085855645219,1.642084279728716,1.459999799358364,1.288862435950942,1.300494271111244,1.12201782529896
2013-08-02,1.29044547310124,1.316079324765727,1.630923129144324,1.450076266312598,1.280102113531564,1.291654887790182,1.114391535917149
2013-08-05,1.316938793335996,1.343098917404203,1.664406580897501,1.479846865449897,1.306383080789697,1.318173037753368,1.137270404062582
2013-08-06,1.32025045836534,1.346476366484012,1.668592012366648,1.483568190342059,1.309668201696964,1.321487806498766,1.140130262580761
2013-08-07,1.282718254699436,1.308198610246172,1.621157122382981,1.441393174897553,1.272436831414608,1.283920427384252,1.107718532708064
2013-08-08,1.29265324978747,1.3183309574856,1.633713416790422,1.45255714957404,1.282292194136408,1.293864733620447,1.116298108262602
2013-08-09,1.281614366356321,1.307072793886236,1.619761978559932,1.440152733266832,1.271341791112186,1.28281550446912,1.106765246535338
2013-08-12,1.271679371268288,1.296940446646807,1.60720568415249,1.428988758590345,1.261486428390386,1.272871198232925,1.0981856709808
2013-08-13,1.282538320899508,1.309324426606108,1.620929713939824,1.441190982911745,1.273531871717031,1.283740324949086,1.10867181888079
2013-08-14,1.282538320899508,1.319456773845537,1.620929713939824,1.441190982911745,1.282103847204391,1.283740324949086,1.117251394435328
2013-08-15,1.282538320899508,1.295814630286871,1.620929713939824,1.441190982911745,1.282103847204391,1.283740324949086,1.097232384808074
2013-08-16,1.282538320899508,1.256279337174982,1.620929713939824,1.441190982911745,1.282103847204391,1.283740324949086,1.064820654935377
2013-08-19,1.282538320899508,1.256279337174982,1.620929713939824,1.441190982911745,1.282103847204391,1.283740324949086,1.109625105053517
2013-08-20,1.282538320899508,1.256279337174982,1.620929713939824,1.441190982911745,1.282103847204391,1.283740324949086,1.105811960362611
2013-08-21,1.282538320899508,1.256279337174982,1.620929713939824,1.441190982911745,1.282103847204391,1.283740324949086,1.109625105053517
2013-08-22,1.282538320899508,1.256279337174982,1.620929713939824,1.441190982911745,1.282103847204391,1.283740324949086,1.125830969989866
2013-08-23,1.282538320899508,1.256279337174982,1.620929713939824,1.441190982911745,1.282103847204391,1.283740324949086,1.142036834926214
2013-08-26,1.282538320899508,1.256279337174982,1.620929713939824,1.441190982911745,1.282103847204391,1.283740324949086,1.163009130726195
2013-08-27,1.281255782578609,1.256279337174982,1.619308784225884,1.439749791928834,1.280821743357187,1.282456584624137,1.171588706280732
2013-08-28,1.260405403692057,1.255023057837807,1.592957135987871,1.416320177739593,1.259978427761464,1.26158666461398,1.152522982826205
2013-08-29,1.258320365803402,1.252946923747091,1.59032197116407,1.413977216320669,1.257894096201891,1.259499672612964,1.150616410480752
2013-08-30,1.218348104439994,1.213145357093975,1.539803226326976,1.369060302958476,1.21793537587333,1.219489948961493,1.114065512046077
2013-09-02,1.209605025111397,1.204439613591327,1.528753328757352,1.359235686503804,1.209195258357196,1.210738675556674,1.106070782860242
2013-09-03,1.207419255279247,1.202263177715665,1.525990854364947,1.356779532390136,1.207010228978163,1.20855085720547,1.104072100563783
2013-09-04,1.218348104439994,1.213145357093975,1.539803226326976,1.369060302958476,1.217935375873331,1.219489948961493,1.114065512046077
2013-09-05,1.200205340525222,1.197475018789209,1.516873583880251,1.348673241353387,1.1997987580156,1.201330181519153,1.097475649512551
2013-09-06,1.213669182486242,1.186157552235767,1.53388979395583,1.363802588612159,1.213258038954878,1.214806641888759,1.10978707506798
2013-09-09,1.206937261505732,1.197252151755541,1.52538168891804,1.356237914982773,1.206528398485239,1.208068411703956,1.103631362290266
2013-09-10,1.196358528536359,1.186758308194337,1.512011809572942,1.344350570708023,1.195953249175807,1.197479764270694,1.093958099353857
2013-09-11,1.155967002653299,1.146690905506104,1.460963179346203,1.298962528931707,1.155575406357974,1.157050383161877,1.057023822687569
2013-09-12,1.160775517639377,1.15146083439756,1.467040397230339,1.304365867238412,1.160382292407716,1.16186340472245,1.061420760385937
2013-09-13,1.187703201561418,1.178172436189716,1.501072817381498,1.334624561755956,1.187300854286271,1.188816325461662,1.086043611496796
2013-09-16,1.208860667500163,1.199160123312124,1.527812576071695,1.358399250305454,1.208451152905136,1.209993620328186,1.105390137369613
2013-09-17,1.19828193453079,1.18866627975092,1.514442696726596,1.346511906030705,1.197876003595703,1.199404972894924,1.095716874433204
2013-09-18,1.216554291477889,1.206792009538454,1.537536124686311,1.367044591596181,1.216142170584723,1.217694454825103,1.112425237687001
2013-09-23,1.250213896380439,1.240181511778648,1.580076649875261,1.404867959743111,1.249790372932917,1.251385605749118,1.143203801575574
2013-09-24,1.255022411366518,1.244951440670104,1.586153867759396,1.410271298049815,1.254597258982658,1.256198627309691,1.147600739273942
2013-09-25,1.249252193383223,1.239227526000357,1.578861206298434,1.40378729208177,1.248828995722968,1.250423001437003,1.142324414035901
2013-09-26,1.23194153943334,1.222055781991114,1.556983221915545,1.384335274177635,1.231524205943897,1.233096123818938,1.126495438321777
2013-09-27,1.257907520358165,1.247813398004978,1.589800198489878,1.413513301033838,1.257481390612504,1.259086440246036,1.150238901892962
2013-09-30,1.294452234252362,1.284064857580046,1.635987054409308,1.45457867216479,1.294013724590543,1.295665404106394,1.183655628400556
2013-10-08,1.307916076213382,1.297420658476124,1.653003264484888,1.469708019423562,1.30747300552982,1.309141864476,1.195967053955985
2013-10-09,1.336767166129854,1.326040231824862,1.689466571789702,1.502128049263788,1.336314321828272,1.338019993839441,1.222348680146191
2013-10-10,1.297337343244009,1.28692681491492,1.63963338513979,1.457820675148813,1.296897856220388,1.298553217042738,1.186293791019577
2013-10-11,1.307916076213383,1.297420658476124,1.653003264484888,1.469708019423562,1.30747300552982,1.309141864476,1.195967053955985
2013-10-14,1.320418215177187,1.309822473593911,1.668804030983641,1.483756699020993,1.319970909259149,1.321655720533491,1.207399091971741
2013-10-15,1.312724591199461,1.302190587367581,1.659080482369024,1.475111357730267,1.312279891579562,1.313954886036574,1.200363991654353
2013-10-16,1.261754332347028,1.251629341118143,1.594661972797186,1.417835971679201,1.261326899452297,1.262936857494494,1.153756452051657
2013-10-17,1.249252193383223,1.239227526000357,1.578861206298434,1.40378729208177,1.248828995722968,1.250423001437003,1.142324414035901
2013-10-18,1.280988392291343,1.270709056683969,1.618970844333729,1.439449324906019,1.280554443651265,1.282188943736789,1.171344202845127
2013-10-21,1.323303324168834,1.312684430928784,1.672450361714122,1.486998702005016,1.322855040888994,1.324543533469835,1.210037254590762
2013-10-22,1.267524550330322,1.257353255787891,1.601954634258149,1.424319977647247,1.267095162711988,1.268712483367183,1.159032777289698
2013-10-23,1.238395528247655,1.229687668217444,1.565140063759633,1.391587634852893,1.239215223623484,1.23955616135754,1.133530538639166
2013-10-24,1.238395528247655,1.209653966873327,1.565140063759633,1.391587634852893,1.217807275912353,1.23955616135754,1.115063400306022
2013-10-25,1.238395528247655,1.193195804226246,1.565140063759633,1.391587634852893,1.217807275912353,1.23955616135754,1.099892206471574
2013-10-28,1.238395528247655,1.193195804226246,1.565140063759633,1.391587634852893,1.217807275912353,1.23955616135754,1.098792314265103
2013-10-29,1.238395528247655,1.193195804226246,1.563574923695873,1.391587634852893,1.217807275912353,1.23955616135754,1.104231880177306
2013-10-30,1.238395528247655,1.193195804226246,1.586382337493706,1.391587634852893,1.217807275912353,1.23955616135754,1.100884455000566
2013-10-31,1.238395528247655,1.193195804226246,1.53443211717642,1.391587634852893,1.217807275912353,1.23955616135754,1.093352748352899
2013-11-01,1.238395528247655,1.193195804226246,1.519227174644531,1.391587634852893,1.217807275912353,1.23955616135754,1.088750038734881
2013-11-04,1.238395528247655,1.193195804226246,1.523028410277503,1.391587634852893,1.217807275912353,1.23955616135754,1.081218332087215
2013-11-05,1.238395528247655,1.193195804226246,1.566109080784521,1.391587634852893,1.217807275912353,1.23955616135754,1.080381475793029
2013-11-06,1.238395528247655,1.193195804226246,1.545835824075336,1.391587634852893,1.217807275912353,1.23955616135754,1.078707763204659
2013-11-07,1.238395528247655,1.193195804226246,1.520494253188855,1.391587634852893,1.217807275912353,1.23955616135754,1.083310472822677
2013-11-08,1.238395528247655,1.193195804226246,1.506556389201291,1.391587634852893,1.217807275912353,1.23955616135754,1.076615622469196
2013-11-11,1.238395528247655,1.193195804226246,1.507823467745615,1.391587634852893,1.217807275912353,1.23955616135754,1.057146579213126
2013-11-12,1.238395528247655,1.193195804226246,1.528096724454799,1.391587634852893,1.217807275912353,1.23955616135754,1.057146579213126
2013-11-13,1.238395528247655,1.193195804226246,1.503543276422888,1.391587634852893,1.217807275912353,1.23955616135754,1.057146579213126
2013-11-14,1.238395528247655,1.193195804226246,1.512560929020387,1.391587634852893,1.217807275912353,1.23955616135754,1.057146579213126
2013-11-15,1.238395528247655,1.193195804226246,1.518572697418719,1.391587634852893,1.217807275912353,1.23955616135754,1.057146579213126
2013-11-18,1.238395528247655,1.193195804226246,1.519173874258552,1.391587634852893,1.217807275912353,1.23955616135754,1.057146579213126
2013-11-19,1.238395528247655,1.193195804226246,1.503543276422888,1.391587634852893,1.217807275912353,1.23955616135754,1.057146579213126
2013-11-20,1.238395528247655,1.193195804226246,1.507751514301721,1.391587634852893,1.217807275912353,1.23955616135754,1.057146579213126
2013-11-21,1.238395528247655,1.193195804226246,1.480698556509226,1.391587634852893,1.217807275912353,1.23955616135754,1.056089432633913
2013-11-22,1.238395528247655,1.193195804226246,1.47769267231006,1.391587634852893,1.216589468636441,1.23955616135754,1.052768396682234
2013-11-25,1.237157132719408,1.193195804226246,1.462137822756215,1.390196047218041,1.220427290304064,1.238316605196183,1.056089432633913
2013-11-26,1.230348878058216,1.193195804226246,1.454091466813374,1.382545597272658,1.213711102385723,1.231501969790229,1.050277619718474
2013-11-27,1.272171013834108,1.193195804226246,1.503519081890824,1.429541218365721,1.254967685312669,1.273363301569659,1.085978756199024
2013-11-28,1.275088837260333,1.19200260842202,1.506967520152042,1.432819982628027,1.257846051563386,1.276283859600782,1.088469533162783
2013-11-29,1.304267071522583,1.219279555983165,1.541451902764217,1.465607625251094,1.286629714070557,1.305489439912013,1.113377302800375
2013-12-02,1.17491023295994,1.098351755128757,1.388571139850241,1.320249076288831,1.159022143622098,1.17601136719889,1.002952857407049
2013-12-03,1.192196391544706,1.115627155250815,1.407590426340276,1.339673568700156,1.177251796543306,1.193313726494607,1.018727778177524
2013-12-04,1.192196391544706,1.109262534153215,1.405838965834668,1.339673568700156,1.170535608624966,1.193313726494607,1.012915965262086
2013-12-05,1.192196391544706,1.071820377467617,1.418099189373924,1.339673568700156,1.131025234556789,1.193313726494607,0.979705605745296
2013-12-06,1.192196391544706,1.071820377467617,1.411677167520029,1.339673568700156,1.131025234556789,1.193313726494607,0.9837024725131416
2013-12-09,1.192196391544706,1.071820377467617,1.41576390869978,1.339673568700156,1.131025234556789,1.193313726494607,0.9837024725131416
2013-12-10,1.192196391544706,1.071820377467617,1.4274403120705,1.339673568700156,1.131025234556789,1.193313726494607,0.9837024725131416
2013-12-11,1.192196391544706,1.071820377467617,1.437365254935612,1.339673568700156,1.131025234556789,1.193313726494607,0.9837024725131416
2013-12-12,1.192196391544706,1.071820377467617,1.43035941291318,1.339673568700156,1.131025234556789,1.193313726494607,0.9837024725131416
2013-12-13,1.192196391544706,1.071820377467617,1.40700660617174,1.339673568700156,1.131025234556789,1.193313726494607,0.9837024725131416
2013-12-16,1.192196391544706,1.071820377467617,1.407590426340276,1.339673568700156,1.131025234556789,1.193313726494607,0.9837024725131416
2013-12-17,1.192196391544706,1.071820377467617,1.423353570890748,1.339673568700156,1.131025234556789,1.193313726494607,0.9837024725131416
2013-12-18,1.192196391544706,1.071820377467617,1.412260987688564,1.339673568700156,1.131025234556789,1.193313726494607,0.9837024725131416
2013-12-19,1.192196391544706,1.071820377467617,1.40116840448638,1.339673568700156,1.131025234556789,1.193313726494607,0.9837024725131416
2013-12-20,1.192196391544706,1.071820377467617,1.367306834711293,1.339673568700156,1.131025234556789,1.193313726494607,0.9837024725131416
2013-12-23,1.192196391544706,1.071820377467617,1.381318518756157,1.339673568700156,1.131025234556789,1.193313726494607,0.9837024725131416
2013-12-24,1.192196391544706,1.071820377467617,1.381318518756157,1.339673568700156,1.131025234556789,1.193313726494607,0.9837024725131416
2013-12-25,1.192196391544706,1.071820377467617,1.387156720441516,1.339673568700156,1.131025234556789,1.193313726494607,0.9837024725131416
2013-12-26,1.192196391544706,1.071820377467617,1.387740540610052,1.339673568700156,1.131025234556789,1.193313726494607,0.9837024725131416
2013-12-27,1.192196391544706,1.071820377467617,1.401752224654916,1.339673568700156,1.131025234556789,1.193313726494607,0.9827187700406286
2013-12-30,1.192196391544706,1.071820377467617,1.387740540610052,1.339673568700156,1.131025234556789,1.193313726494607,0.988122565319721
2013-12-31,1.191004195153161,1.071820377467617,1.384382407000633,1.338333895131456,1.129894209322232,1.192120412768112,0.9834907407947848
2014-01-02,1.220919528155439,1.071820377467617,1.419154963534401,1.371949817144177,1.158274597625459,1.222063782633559,1.008193804927778
2014-01-03,1.238681757125541,1.071820377467617,1.439801168976325,1.39190927083923,1.1751254531805,1.239842658491168,1.022861249256742
2014-01-06,1.21437554906119,1.070748557090149,1.411548466792639,1.364596334203894,1.152066387684128,1.215513670475493,1.002790009648685
2014-01-07,1.23774690296922,1.091355727165017,1.438714526584645,1.390858773276333,1.174238566046025,1.238906928182874,1.022089278502586
2014-01-08,1.285424464941599,1.133394354117748,1.494133288560338,1.444434148984107,1.219469809904293,1.28662917390593,1.061459786964544
2014-01-09,1.260183402720928,1.111138610436891,1.464793943984972,1.416070714785874,1.195523857273445,1.261364455581959,1.040616576602331
2014-01-10,1.23774690296922,1.091355727165018,1.438714526584645,1.390858773276333,1.174238566046025,1.238906928182874,1.022089278502586
2014-01-13,1.248965152845074,1.101247168800954,1.451754235284809,1.403464744031103,1.184881211659735,1.250135691882416,1.031352927552459
2014-01-14,1.287294173254241,1.135042927723738,1.496306573343698,1.446535144109902,1.221243584173245,1.28850063452252,1.063003728472856
2014-01-15,1.299447277286416,1.14575865616267,1.510432924435542,1.46019161242757,1.232773116921431,1.300665128530358,1.073039348276884
2014-01-16,1.281685048316314,1.13009720690577,1.489786718993617,1.440232158732517,1.21592226136639,1.282886252672749,1.05837190394792
2014-01-17,1.27794563169103,1.126800059693791,1.485440149426896,1.436030168480926,1.212374712828486,1.279143331439568,1.055284020931296
2014-01-20,1.254574277783001,1.106192889618923,1.45827408963489,1.409767729408488,1.19020253446659,1.255750073732188,1.035984752077395
2014-01-21,1.291033589879526,1.138340074935717,1.50065314291042,1.450737134361492,1.224791132711148,1.292243555755701,1.06609161148948
2014-01-22,1.307860964693307,1.153177237389622,1.520212705960664,1.469646090493647,1.240755101131713,1.309086701305015,1.079987085064289
2014-01-23,1.336841443539263,1.178730128282459,1.553898620102752,1.502211514943471,1.268248602300464,1.338094340862167,1.103918178443126
2014-01-24,1.35834308913465,1.197688724751338,1.578891395111397,1.526372958890114,1.288647006393409,1.359616137952957,1.121673505788715
2014-01-27,1.35086425588408,1.19109443032738,1.570198255977955,1.517968978386934,1.281551909317602,1.352130295486596,1.115497739755467
2014-01-28,1.347124839258796,1.187797283115401,1.565851686411234,1.513766988135344,1.278004360779699,1.348387374253415,1.112409856738843
2014-01-29,1.370496193166825,1.208404453190269,1.59301774620324,1.540029427207782,1.300176539141595,1.371780631960795,1.131709125592743
2014-01-30,1.367691630697861,1.205931592781285,1.5897578190282,1.536877934519089,1.297515877738167,1.368973441035909,1.129393213330275
2014-02-07,1.400411526169102,1.2347816308861,1.627790302737008,1.573645349220503,1.328556927444822,1.401724001826242,1.156412189725736
2014-02-10,1.417238900982883,1.249618793340005,1.647349865787253,1.592554305352658,1.344520895865387,1.418567147375556,1.170307663300545
2014-02-11,1.394802401231175,1.229835910068132,1.621270448386927,1.567342363843117,1.323235604637967,1.396109619976471,1.1517803652008
2014-02-12,1.407890359419671,1.241375925310058,1.63648344187045,1.582049329723683,1.335652024520629,1.409209844292604,1.162587955758984
2014-02-13,1.355538526665686,1.195215864342353,1.575631467936357,1.523221466201421,1.285986344989981,1.356808947028072,1.119357593526247
2014-02-14,1.382649297199,1.2191201816292,1.607144097295084,1.55368589552545,1.311706071889781,1.383945125968633,1.141744745396772
2014-02-17,1.421913171764489,1.253740227354979,1.652783077745654,1.597806793167146,1.348955331537766,1.423245798917032,1.174167517071325
2014-02-18,1.408825213575992,1.242200212113052,1.63757008426213,1.58309982728658,1.336538911655104,1.410145574600899,1.16335992651314
2014-02-19,1.407890359419671,1.241375925310058,1.63648344187045,1.582049329723683,1.335652024520628,1.409209844292604,1.162587955758984
2014-02-20,1.386388713824285,1.222417328841179,1.611490666861805,1.55788788577704,1.315253620427684,1.387688047201814,1.144832628413395
2014-02-21,1.386388713824285,1.222417328841179,1.611490666861805,1.55788788577704,1.315253620427684,1.387688047201814,1.144832628413395
2014-02-24,1.40695550526335,1.240551638507063,1.63539679947877,1.580998832160785,1.334765137386152,1.408274113984308,1.161815985004828
2014-02-25,1.336033729548201,1.180378701888448,1.55295976107634,1.501303885049127,1.267482331816276,1.3372858698758,1.103251195711535
2014-02-26,1.355982165785713,1.177195306255282,1.576147138825948,1.52371998440476,1.28640722115044,1.357253001929841,1.119723935616876
2014-02-27,1.330918745897557,1.155436509572329,1.547014279602081,1.495556167265631,1.262629796089568,1.332166092426046,1.099027416248627
2014-02-28,1.340637214833781,1.163873594000413,1.558310694403173,1.506476831054273,1.271849613970314,1.341893669580579,1.107052597228152
2014-03-03,1.355982165785713,1.177195306255282,1.576147138825948,1.52371998440476,1.28640722115044,1.357253001929841,1.119723935616876
2014-03-04,1.351890178865197,1.173642849653984,1.571390753646541,1.519121810177963,1.282525192569073,1.353157179970038,1.116344912046549
2014-03-05,1.342171709928974,1.1652057652259,1.56009433884545,1.508201146389321,1.273305374688327,1.343429602815505,1.108319731067024
2014-03-06,1.34166021156391,1.164761708150738,1.559499790698024,1.507626374610972,1.272820121115656,1.342917625070529,1.107897353120733
2014-03-07,1.354959169055584,1.176307192104958,1.574958042531096,1.522570440848061,1.285436714005098,1.35622904643989,1.118879179724294
2014-03-10,1.335010732818072,1.158988966173628,1.551770664781488,1.500154341492427,1.266511824670935,1.336261914385849,1.102406439818953
2014-03-11,1.350867182135069,1.172754735503659,1.570201657351689,1.517972266621264,1.281554685423731,1.352133224480087,1.115500156153967
2014-03-12,1.364677637991808,1.184744276533042,1.586254457332188,1.533491104636704,1.294656531885845,1.365956623594423,1.126904360703819
2014-03-13,1.377976595483482,1.196289760487262,1.60171270916526,1.548435170873793,1.307273124775287,1.379268044963784,1.137886187307379
2014-03-14,1.376953598753353,1.195401646336937,1.600523612870409,1.547285627317094,1.306302617629945,1.378244089473834,1.137041431414798
2014-03-17,1.392298549705285,1.208723358591806,1.618360057293184,1.564528780667581,1.320860224810071,1.393603421823096,1.149712769803521
2014-03-18,1.373884608562967,1.192737303885963,1.596956323985853,1.543836996646996,1.30339109619392,1.375172223003981,1.134507163737053
2014-03-19,1.37081561837258,1.190072961434989,1.593389035101298,1.540388365976899,1.300479574757895,1.372100356534129,1.131972896059308
2014-03-20,1.353936172325455,1.175419077954633,1.573768946236245,1.521420897291362,1.284466206859756,1.35520509094994,1.118034423831712
2014-03-21,1.35258223615313,1.175419077954633,1.573768946236245,1.519899476394071,1.283181740652896,1.35384988585899,1.118034423831712
2014-03-24,1.35258223615313,1.172310678428497,1.569607109204264,1.519899476394071,1.283181740652896,1.35384988585899,1.115077778207677
2014-03-25,1.35258223615313,1.15694275117128,1.547480405349663,1.519899476394071,1.283181740652896,1.35384988585899,1.101561683926372
2014-03-26,1.35258223615313,1.15694275117128,1.575509272294242,1.519899476394071,1.283181740652896,1.35384988585899,1.104095951604116
2014-03-27,1.35258223615313,1.15694275117128,1.573933763021947,1.519899476394071,1.283181740652896,1.35384988585899,1.088645366328799
2014-03-28,1.35258223615313,1.15694275117128,1.52666848485312,1.519899476394071,1.283181740652896,1.35384988585899,1.088645366328799
2014-03-31,1.35258223615313,1.15694275117128,1.532576644624223,1.519899476394071,1.283181740652896,1.35384988585899,1.088645366328799
2014-04-01,1.35258223615313,1.15694275117128,1.557813939902468,1.519899476394071,1.283181740652896,1.35384988585899,1.088645366328799
2014-04-02,1.35258223615313,1.15694275117128,1.561472211385605,1.519899476394071,1.283181740652896,1.35384988585899,1.088645366328799
2014-04-03,1.35258223615313,1.15694275117128,1.568788754351879,1.519899476394071,1.283181740652896,1.35384988585899,1.088645366328799
2014-04-04,1.35258223615313,1.15694275117128,1.563301347127174,1.519899476394071,1.283181740652896,1.35384988585899,1.088645366328799
2014-04-08,1.35258223615313,1.15694275117128,1.588909247509132,1.519899476394071,1.283181740652896,1.35384988585899,1.088645366328799
2014-04-09,1.35258223615313,1.15694275117128,1.591348095164557,1.519899476394071,1.283181740652896,1.35384988585899,1.088645366328799
2014-04-10,1.35258223615313,1.15694275117128,1.596225790475406,1.519899476394071,1.283181740652896,1.35384988585899,1.088645366328799
2014-04-11,1.35258223615313,1.15694275117128,1.597445214303119,1.519899476394071,1.283181740652896,1.35384988585899,1.088645366328799
2014-04-14,1.35258223615313,1.15694275117128,1.611896606085337,1.519899476394071,1.283181740652896,1.35384988585899,1.088645366328799
2014-04-15,1.35258223615313,1.15694275117128,1.604673768418039,1.519899476394071,1.283181740652896,1.35384988585899,1.088645366328799
2014-04-16,1.35258223615313,1.15694275117128,1.597056082291596,1.519899476394071,1.283181740652896,1.35384988585899,1.088645366328799
2014-04-17,1.35258223615313,1.15694275117128,1.597056082291596,1.519899476394071,1.283181740652896,1.35384988585899,1.088645366328799
2014-04-18,1.35258223615313,1.15694275117128,1.597056082291596,1.519899476394071,1.283181740652896,1.35384988585899,1.088645366328799
2014-04-21,1.35258223615313,1.15694275117128,1.597056082291596,1.519899476394071,1.283181740652896,1.35384988585899,1.088645366328799
2014-04-22,1.35258223615313,1.15694275117128,1.597056082291596,1.519899476394071,1.283181740652896,1.35384988585899,1.088645366328799
2014-04-23,1.35258223615313,1.15694275117128,1.597056082291596,1.519899476394071,1.283181740652896,1.35384988585899,1.088645366328799
2014-04-24,1.35258223615313,1.15694275117128,1.597056082291596,1.519899476394071,1.283181740652896,1.35384988585899,1.088645366328799
2014-04-25,1.35258223615313,1.15694275117128,1.597056082291596,1.519899476394071,1.283181740652896,1.35384988585899,1.088645366328799
2014-04-28,1.35258223615313,1.15694275117128,1.595459026209304,1.519899476394071,1.283181740652896,1.35384988585899,1.087556720962471
2014-04-29,1.35258223615313,1.15694275117128,1.604553662352191,1.519899476394071,1.283181740652896,1.35384988585899,1.075982571138469
2014-04-30,1.35258223615313,1.15694275117128,1.629239103311456,1.519899476394071,1.283181740652896,1.35384988585899,1.079702833581898
2014-05-05,1.35258223615313,1.15694275117128,1.652625310536022,1.519899476394071,1.283181740652896,1.35384988585899,1.08466318350647
2014-05-06,1.35258223615313,1.15694275117128,1.669515349087098,1.519899476394071,1.283181740652896,1.35384988585899,1.085489908493899
2014-05-07,1.35258223615313,1.15694275117128,1.63313680451555,1.519899476394071,1.283181740652896,1.35384988585899,1.085076546000185
2014-05-08,1.35258223615313,1.15694275117128,1.62664063584206,1.519899476394071,1.283181740652896,1.35384988585899,1.069368771239039
2014-05-09,1.35258223615313,1.15694275117128,1.598057493678701,1.519899476394071,1.283181740652896,1.35384988585899,1.069782133732754
2014-05-12,1.35258223615313,1.15694275117128,1.62664063584206,1.519899476394071,1.283181740652896,1.35384988585899,1.071848946201325
2014-05-13,1.35258223615313,1.15694275117128,1.617545999699173,1.519899476394071,1.283181740652896,1.35384988585899,1.072675671188754
2014-05-14,1.35258223615313,1.15694275117128,1.627939869576758,1.519899476394071,1.283181740652896,1.35384988585899,1.073915758669897
2014-05-15,1.35258223615313,1.15694275117128,1.588962857535814,1.519899476394071,1.283181740652896,1.35384988585899,1.078876108594469
2014-05-16,1.35258223615313,1.15694275117128,1.561678949107153,1.519899476394071,1.283181740652896,1.35384988585899,1.07226230869504
2014-05-19,1.35258223615313,1.15694275117128,1.562978182841851,1.519899476394071,1.283181740652896,1.35384988585899,1.073089033682468
2014-05-20,1.35258223615313,1.15694275117128,1.585065156331719,1.519899476394071,1.283181740652896,1.35384988585899,1.071848946201325
2014-05-21,1.35258223615313,1.15694275117128,1.603254428617493,1.519899476394071,1.283181740652896,1.35384988585899,1.07226230869504
2014-05-22,1.35258223615313,1.15694275117128,1.613648298495078,1.519899476394071,1.283181740652896,1.35384988585899,1.072428893780006
2014-05-23,1.35258223615313,1.15694275117128,1.650026843066626,1.519899476394071,1.283181740652896,1.35384988585899,1.072428893780006
2014-05-26,1.35258223615313,1.15694275117128,1.673037571741865,1.519899476394071,1.283181740652896,1.35384988585899,1.072428893780006
2014-05-27,1.35258223615313,1.15694275117128,1.673037571741865,1.519899476394071,1.283181740652896,1.35384988585899,1.072428893780006
2014-05-28,1.35258223615313,1.15694275117128,1.671364534170123,1.519899476394071,1.283181740652896,1.35384988585899,1.071356464886226
2014-05-29,1.35258223615313,1.15694275117128,1.65368852852085,1.519899476394071,1.281898558912244,1.35384988585899,1.049342290950208
2014-05-30,1.35258223615313,1.15694275117128,1.659580530403941,1.519899476394071,1.285882703617488,1.35384988585899,1.05260365005184
2014-06-03,1.351229653916977,1.15694275117128,1.644500933584483,1.518379576917677,1.281898558912244,1.352496035973131,1.049342290950208
2014-06-04,1.359628905844977,1.15694275117128,1.654723161609872,1.527817833806054,1.289866848322731,1.360903159739864,1.055865009153472
2014-06-05,1.391126100574976,1.155785808420109,1.693056516705082,1.563211297137468,1.319747933612061,1.392429873865111,1.080325202415715
2014-06-06,1.386926474610976,1.152296643715444,1.687945402692387,1.55849216869328,1.315763788906817,1.388226311981745,1.077063843314083
2014-06-09,1.358578999353977,1.128744781958959,1.653445383106699,1.526638051695007,1.28887081214642,1.359852269269022,1.055049669378064
2014-06-10,1.390076194083976,1.154913517243943,1.691778738201908,1.562031515026421,1.31875189743575,1.39137898339427,1.079509862640307
2014-06-11,1.403724978466976,1.166253302534102,1.708389858743165,1.577368682470034,1.331700367727793,1.40504055951521,1.090109279720612
2014-06-12,1.400575258993976,1.163636429005604,1.704556523233644,1.573829336136893,1.32871225919886,1.401887888102686,1.087663260394388
2014-06-13,1.417373762849976,1.177593087824262,1.725000979284423,1.592705849913647,1.344648838019836,1.418702135636151,1.100708696800917
2014-06-16,1.431022547232975,1.188932873114421,1.74161209982568,1.60804301735726,1.357597308311879,1.432363711757092,1.111308113881223
2014-06-17,1.417373762849976,1.177593087824262,1.725000979284423,1.592705849913647,1.344648838019836,1.418702135636151,1.100708696800918
2014-06-18,1.403724978466976,1.166253302534102,1.708389858743165,1.577368682470034,1.331700367727793,1.40504055951521,1.090109279720612
2014-06-19,1.355429279880977,1.126127908430461,1.649612047597178,1.523098705361866,1.285882703617487,1.356699597856497,1.05260365005184
2014-06-20,1.370127970754976,1.138339984896786,1.667500946641609,1.539615654916526,1.299827210085841,1.371412064448279,1.064018406907554
2014-06-23,1.398475446011976,1.161891846653272,1.702000966227297,1.571469771914799,1.326720186846238,1.399786107161002,1.086032580843572
2014-06-24,1.408974510921976,1.170614758414933,1.714778751259034,1.58326759302527,1.336680548609348,1.410295011869418,1.094185978597653
2014-06-25,1.39148726840788,1.158402681948607,1.693496072510174,1.563617142183669,1.320090570056712,1.392791380187081,1.080605679298456
2014-06-26,1.392545836128236,1.181954543705092,1.694784392078458,1.564806656936186,1.321094823057896,1.393850940004644,1.081427745239345
2014-06-27,1.39413368770877,1.183699126057425,1.696716871430885,1.566590929064962,1.322601202559672,1.395440279730989,1.082660844150678
2014-06-30,1.39148726840788,1.196783493699917,1.693496072510174,1.563617142183669,1.320090570056712,1.392791380187081,1.080605679298456
2014-07-01,1.396250823149482,1.204634114285412,1.699293510567454,1.568969958569996,1.324609708562041,1.397559399366116,1.084304976032456
2014-07-02,1.39942652631055,1.209189218807351,1.703158469272309,1.572538502827547,1.327622467565594,1.400738078818806,1.086771173855122
2014-07-03,1.396250823149482,1.204032328629109,1.699293510567454,1.568969958569996,1.324609708562041,1.397559399366116,1.084304976032456
2014-07-04,1.39187364562581,1.194703461875541,1.693966309152597,1.564051315068338,1.320457122402144,1.395970059639771,1.08090573336688
2014-07-07,1.374739791914269,1.186542299707131,1.673113718815455,1.544797967960328,1.304202400402986,1.383661153239137,1.067599869885898
2014-07-08,1.39187364562581,1.191983074486071,1.693966309152597,1.564051315068338,1.320457122402144,1.400906196937865,1.08090573336688
2014-07-09,1.363653180689153,1.193796666079051,1.659620866244362,1.532339919831615,1.293684639109414,1.372502595551724,1.05899019351585
2014-07-10,1.339802856322688,1.199237440857991,1.630594060495059,1.505539260657266,1.271058066086586,1.348497494723095,1.040468431550322
2014-07-11,1.351959857665502,1.21011899041587,1.64538962096836,1.519200108391018,1.282591296175841,1.3607333888151,1.04990935493679
2014-07-14,1.330872525752945,1.192436472384316,1.621346835199246,1.495504229592847,1.262585947483521,1.339509210854675,1.03456785443378
2014-07-15,1.330872525752945,1.183368514419416,1.609017201471495,1.495504229592847,1.262585947483521,1.339509210854675,1.02670041827839
2014-07-16,1.330872525752945,1.173579200398409,1.595706745380702,1.495504229592847,1.262585947483521,1.339509210854675,1.019226353930769
2014-07-17,1.330872525752945,1.173579200398409,1.595706745380702,1.495504229592847,1.262585947483521,1.339509210854675,1.024340187431773
2014-07-18,1.330872525752945,1.173579200398409,1.594111038635321,1.495504229592847,1.262585947483521,1.339509210854675,1.029603502219729
2014-07-21,1.330872525752945,1.173579200398409,1.592864665657498,1.495504229592847,1.262585947483521,1.339509210854675,1.029603502219729
2014-07-22,1.330872525752945,1.173579200398409,1.621531244147422,1.495504229592847,1.262585947483521,1.339509210854675,1.029603502219729
2014-07-23,1.330872525752945,1.173579200398409,1.571020732848176,1.495504229592847,1.262585947483521,1.339509210854675,1.029603502219729
2014-07-24,1.330872525752945,1.173579200398409,1.561974548206056,1.495504229592847,1.262585947483521,1.339509210854675,1.029603502219729
2014-07-25,1.330872525752945,1.173579200398409,1.555340679468502,1.495504229592847,1.262585947483521,1.339509210854675,1.029603502219729
2014-07-28,1.330872525752945,1.173579200398409,1.566799180015187,1.495504229592847,1.262585947483521,1.339509210854675,1.029603502219729
2014-07-29,1.330872525752945,1.173579200398409,1.565593022062904,1.495504229592847,1.262585947483521,1.339509210854675,1.029603502219729
2014-07-30,1.330872525752945,1.173579200398409,1.558959153325349,1.495504229592847,1.262585947483521,1.339509210854675,1.029603502219729
2014-07-31,1.330872525752945,1.173579200398409,1.554134521516219,1.495504229592847,1.262585947483521,1.339509210854675,1.029603502219729
2014-08-01,1.330872525752945,1.173579200398409,1.543882178921816,1.495504229592847,1.262585947483521,1.339509210854675,1.029603502219729
2014-08-04,1.330872525752945,1.173579200398409,1.55473760049236,1.495504229592847,1.262585947483521,1.339509210854675,1.029603502219729
2014-08-05,1.330872525752945,1.173579200398409,1.55051604765937,1.495504229592847,1.262585947483521,1.339509210854675,1.029603502219729
2014-08-06,1.330872525752945,1.173579200398409,1.55051604765937,1.495504229592847,1.262585947483521,1.339509210854675,1.029603502219729
2014-08-07,1.330872525752945,1.173579200398409,1.563180706158338,1.495504229592847,1.262585947483521,1.339509210854675,1.028573898717509
2014-08-08,1.330872525752945,1.173579200398409,1.577654601585731,1.495504229592847,1.262585947483521,1.339509210854675,1.040156938117481
2014-08-11,1.329541653227192,1.173579200398409,1.562461836018778,1.494008725363254,1.261323361536038,1.338169701643821,1.054828788024112
2014-08-12,1.327595032944282,1.173579200398409,1.560174190578048,1.49182130409625,1.259476621621636,1.336210448786363,1.053284382770782
2014-08-13,1.313968690963916,1.173579200398409,1.544160672492936,1.476509355227227,1.246549442220828,1.322495678784157,1.042473545997475
2014-08-14,1.310075450398097,1.17240562119801,1.539585381611476,1.472134512693221,1.242855962392025,1.318577173069241,1.039384735490816
2014-08-15,1.323701792378463,1.184600033305568,1.555598899696587,1.487446461562244,1.255783141792834,1.332291943071447,1.050195572264123
2014-08-18,1.358740957470834,1.215957093010715,1.596776517629732,1.526820044368303,1.289024460252056,1.367558494505691,1.077994866824056
2014-08-19,1.366527438602472,1.222925328500748,1.605927099392654,1.535569729436316,1.296411419909661,1.375395505935523,1.084172487837374
2014-08-20,1.354847716905015,1.212472975265698,1.592201226748272,1.522445201834296,1.285330980423254,1.363639988790775,1.074906056317397
2014-08-21,1.377233850158474,1.232506652299543,1.61850914931667,1.547600546404834,1.306568489438868,1.386171396651542,1.092666716730687
2014-08-22,1.390860192138841,1.2447010644071,1.634522667401782,1.562912495273858,1.319495668839677,1.399886166653748,1.103477553503994
2014-08-25,1.370420679168291,1.226409446245764,1.610502390274114,1.539944571970323,1.300104899738464,1.379314011650439,1.087261298344033
2014-08-26,1.340248064783194,1.199407533721887,1.575043885942795,1.506039542331772,1.271480431065245,1.34894559235984,1.063323016917425
2014-08-27,1.350954476339196,1.208988857520682,1.587625935866812,1.51807035930029,1.281637500594452,1.359721483075859,1.071817245810737
2014-08-28,1.333434893793011,1.193310327668109,1.567037126900239,1.49838356789726,1.265016841364841,1.342088207358737,1.057917598530771
2014-08-29,1.356794337187925,1.214215034138207,1.594488872189002,1.5246326231013,1.287177720337655,1.365599241648233,1.076450461570726
2014-09-01,1.379180470441384,1.234248711172051,1.620796794757401,1.549787967671838,1.308415229353269,1.388130649509,1.094211121984017
2014-09-02,1.391833502280296,1.245572093843354,1.635666490122148,1.564006205907359,1.320419038796877,1.400865793082477,1.104249756130659
2014-09-03,1.400593293553388,1.253411358769641,1.645960894605434,1.573849601608874,1.328729368411683,1.409682430941038,1.111199579770642
2014-09-04,1.418112876099574,1.269089888622214,1.666549703572006,1.593536393011904,1.345350027641294,1.42731570665816,1.125099227050609
2014-09-05,1.421032806523938,1.271702976930976,1.669981171733101,1.596817524912409,1.348120137512896,1.430254585944347,1.127415834930603
2014-09-09,1.419086186241029,1.269960918058468,1.667693526292371,1.594630103645405,1.346273397598494,1.428295333086889,1.125871429677273
2014-09-10,1.427845977514121,1.277800182984755,1.677987930775657,1.60447349934692,1.3545837272133,1.43711197094545,1.132821253317257
2014-09-11,1.431739218079941,1.281284300729771,1.682563221657118,1.608848341880927,1.358277207042102,1.441030476660366,1.135910063823916
2014-09-12,1.443418939777398,1.291736653964821,1.6962890943015,1.621972869482946,1.36935764652851,1.452785993805114,1.145176495343893
2014-09-15,1.443418939777398,1.291736653964821,1.6962890943015,1.621972869482946,1.36935764652851,1.452785993805114,1.145176495343893
2014-09-16,1.399619983411934,1.252540329333386,1.644817071885068,1.572755890975372,1.327805998454482,1.408702804512309,1.110427377143977
2014-09-17,1.401566603694843,1.254282388205894,1.647104717325799,1.574943312242375,1.329652738368883,1.410662057369767,1.111971782397307
2014-09-18,1.417139565958119,1.26821885918596,1.665405880851641,1.592442682378402,1.344426657684093,1.426336080229431,1.124327024423944
2014-09-19,1.421032806523938,1.271702976930976,1.669981171733101,1.596817524912408,1.348120137512896,1.430254585944347,1.127415834930603
2014-09-22,1.403513223977753,1.256024447078402,1.649392362766529,1.577130733509379,1.331499478283285,1.412621310227225,1.113516187650636
2014-09-23,1.422006116665393,1.27257400636723,1.671124994453466,1.59791123554591,1.349043507470096,1.431234212373076,1.128188037557267
2014-09-24,1.439525699211579,1.288252536219804,1.691713803420039,1.61759802694894,1.365664166699707,1.448867488090198,1.142087684837234
2014-09-25,1.429792597797031,1.279542241857263,1.680275576216388,1.606660920613923,1.356430467127701,1.439071223802908,1.134365658570586
2014-09-26,1.432712528221395,1.282155330166025,1.683707044377483,1.609942052514428,1.359200576999303,1.442010103089095,1.13668226645058
2014-09-29,1.449258800626126,1.296962830582345,1.70315203062369,1.628535133283956,1.374897866271714,1.458663752377488,1.149809711103882
2014-09-30,1.459965212182128,1.30654415438114,1.715734080547707,1.640565950252474,1.38505493580092,1.469439643093507,1.158303939997194
2014-10-08,1.47456486430395,1.319609595924951,1.732891421353184,1.656971609754999,1.39890548515893,1.484134039524442,1.169886979397166
2014-10-09,1.478458104869769,1.323093713669967,1.737466712234645,1.661346452289006,1.402598964987732,1.488052545239358,1.172975789903826
2014-10-10,1.471644933879585,1.316996507616189,1.729459953192089,1.653690477854494,1.396135375287328,1.481195160238255,1.167570371517172
2014-10-13,1.464831762889402,1.31089930156241,1.721453194149533,1.646034503419983,1.389671785586924,1.474337775237152,1.162164953130518
2014-10-14,1.453152041191945,1.300446948327361,1.707727321505151,1.632909975817963,1.378591346100516,1.462582258092404,1.152898521610541
2014-10-15,1.461911832465038,1.308286213253648,1.718021725988437,1.642753371519478,1.386901675715322,1.471398895950965,1.159848345250524
2014-10-16,1.442445629635942,1.289574758904037,1.695145271581135,1.620879158849445,1.36843427657131,1.451806367376385,1.144404292717228
2014-10-17,1.429335142030547,1.289574758904037,1.681419398936753,1.606146876616177,1.355996483247817,1.438610799381405,1.13513786119725
2014-10-20,1.429335142030547,1.289574758904037,1.710014966945882,1.606146876616177,1.355996483247817,1.438610799381405,1.154442926863871
2014-10-21,1.429335142030547,1.289574758904037,1.682622700438577,1.606146876616177,1.355996483247817,1.438610799381405,1.13822667170391
2014-10-22,1.429335142030547,1.289574758904037,1.69980454291914,1.606146876616177,1.355996483247817,1.438610799381405,1.128243636146387
2014-10-23,1.429335142030547,1.289574758904037,1.688766851082003,1.606146876616177,1.355996483247817,1.438610799381405,1.120917378768813
2014-10-24,1.429335142030547,1.289574758904037,1.677039303505045,1.606146876616177,1.355996483247817,1.438610799381405,1.113133230305141
2014-10-27,1.429335142030547,1.289574758904037,1.674279880545761,1.606146876616177,1.355996483247817,1.438610799381405,1.111301665960747
2014-10-28,1.429335142030547,1.289574758904037,1.667488940642962,1.606146876616177,1.355996483247817,1.438610799381405,1.109012210530256
2014-10-29,1.429335142030547,1.289574758904037,1.704390636361359,1.606146876616177,1.355996483247817,1.438610799381405,1.111759557046846
2014-10-30,1.429335142030547,1.289574758904037,1.704390636361359,1.606146876616177,1.355996483247817,1.438610799381405,1.096009935249406
2014-10-31,1.429335142030547,1.289574758904037,1.704390636361359,1.606146876616177,1.355996483247817,1.438610799381405,1.094913925314157
2014-11-03,1.429335142030547,1.289574758904037,1.702686245724997,1.606146876616177,1.355996483247817,1.438610799381405,1.111467699562967
2014-11-04,1.429335142030547,1.289574758904037,1.700483546830139,1.606146876616177,1.355996483247817,1.438610799381405,1.097278750206844
2014-11-05,1.427905806888517,1.289574758904037,1.664840941779482,1.604540729739561,1.354640486764569,1.437172188582024,1.081907388404378
2014-11-06,1.443511334832653,1.289574758904037,1.68303592474975,1.62207669399901,1.36944530082757,1.452878988457237,1.093731512867813
2014-11-07,1.452874651599135,1.289574758904037,1.69395291453191,1.632598272554679,1.37832818926537,1.462303068382365,1.100825987545875
2014-11-10,1.446632440421481,1.289574758904037,1.686674921343803,1.6255838868509,1.37240626364017,1.45602034843228,1.0960963377605
2014-11-11,1.443511334832653,1.288285184145133,1.68303592474975,1.62207669399901,1.36944530082757,1.452878988457237,1.093731512867813
2014-11-12,1.44195078203824,1.286892443405517,1.681216426452723,1.620323097573065,1.36796481942127,1.451308308469716,1.09254910042147
2014-11-13,1.417123947631912,1.266001332311272,1.653923951997321,1.592425132032708,1.344411840728442,1.426320360548239,1.074812913726316
2014-11-14,1.417123947631912,1.264608591571655,1.648800244792894,1.592425132032708,1.344411840728442,1.426320360548239,1.073630501279972
2014-11-17,1.417123947631912,1.263343982980083,1.67929014974639,1.592425132032708,1.344411840728442,1.426320360548239,1.073630501279972
2014-11-18,1.417123947631912,1.263343982980083,1.689844347614908,1.592425132032708,1.344411840728442,1.426320360548239,1.07954256351169
2014-11-19,1.417123947631912,1.263343982980083,1.716816186612231,1.592425132032708,1.344411840728442,1.426320360548239,1.10910287467028
2014-11-20,1.417123947631912,1.263343982980083,1.698168091667213,1.592425132032708,1.344411840728442,1.426320360548239,1.111467699562967
2014-11-21,1.417123947631912,1.263343982980083,1.710303798488823,1.592425132032708,1.344411840728442,1.426320360548239,1.107920462223936
2014-11-24,1.417123947631912,1.263343982980083,1.710303798488823,1.592425132032708,1.344411840728442,1.426320360548239,1.135115948489839
2014-11-25,1.417123947631912,1.263343982980083,1.708593494690334,1.592425132032708,1.344411840728442,1.426320360548239,1.135115948489839
2014-11-26,1.41570682368428,1.262080638997103,1.740629622715777,1.590832706900675,1.343067428887714,1.424894040187691,1.156399372524023
2014-11-27,1.428734800589351,1.273694878006279,1.756647686728499,1.605472271688105,1.355426945104472,1.438006562029909,1.167041084541115
2014-11-28,1.428734800589351,1.273694878006279,1.756647686728499,1.605472271688105,1.355426945104472,1.438006562029909,1.167041084541115
2014-12-01,1.412811717705376,1.259499696995064,1.737070052935172,1.587579470281246,1.340320869728434,1.421980146444975,1.154034547631336
2014-12-02,1.398336187810854,1.246594986984869,1.719272204032148,1.571313287184102,1.326588073932036,1.4074106777314,1.1422104231679
2014-12-03,1.386755763895236,1.236271218976713,1.705033924909728,1.558300340706387,1.315601837294918,1.395755102760539,1.132751123597151
2014-12-04,1.385426910250919,1.237561689977732,1.703400082380431,1.55680710509807,1.314341166640808,1.394417625532633,1.131665668971408
2014-12-05,1.3415565204393,1.211904545535462,1.649460877745205,1.507509856678245,1.272721750344393,1.350262539226976,1.095830783950147
2014-12-08,1.331905034680744,1.203185807797797,1.637594252725455,1.496664462025883,1.263565478759181,1.340548420239732,1.08794710924547
2014-12-09,1.284525013684195,1.160384731631077,1.579339911719411,1.443423433732473,1.218616509159052,1.292860927029623,1.049245433422509
2014-12-10,1.347698375012927,1.217452833186703,1.657012366394137,1.51441147145702,1.278548468625891,1.356444251309769,1.100847667853124
2014-12-11,1.35647245297525,1.225378958402763,1.667800207321182,1.524270921140986,1.286872351885174,1.3652752685709,1.108014644857376
2014-12-12,1.376652832288595,1.243609046399699,1.692612241453386,1.546947655414105,1.306017283381525,1.385586608271502,1.124498691967156
2014-12-15,1.404729881768031,1.268972647091089,1.72713333241993,1.578497894402793,1.332653709811231,1.413845863507122,1.147433018380763
2014-12-16,1.395078396009475,1.260253909353424,1.71526670740018,1.567652499750431,1.32349743822602,1.404131744519878,1.139549343676085
2014-12-17,1.399465434990637,1.264216971961453,1.720660627863703,1.572582224592414,1.327659379855661,1.408547253150444,1.143132832178211
2014-12-18,1.383672094658454,1.249949946572547,1.701242514195022,1.554835215161277,1.312676389988952,1.392651422080407,1.130232273570557
2014-12-19,1.352085413994088,1.221415895794733,1.662406286857659,1.519341196299003,1.282710410255532,1.360859759940335,1.10443115635525
2014-12-22,1.288499671001128,1.165140406760713,1.582640991043087,1.447889764439309,1.223610839114622,1.296861377848916,1.05354561962506
2014-12-23,1.288499671001128,1.156848887172193,1.5620252690427,1.447889764439309,1.214903224837086,1.296861377848916,1.04500114964059
2014-12-24,1.288499671001128,1.156848887172193,1.5620252690427,1.447889764439309,1.214903224837086,1.296861377848916,1.044122997414002
2014-12-25,1.288499671001128,1.156848887172193,1.5620252690427,1.447889764439309,1.214903224837086,1.296861377848916,1.043244845187413
2014-12-26,1.288499671001128,1.156848887172193,1.5620252690427,1.447889764439309,1.214903224837086,1.296861377848916,1.047635606320357
2014-12-29,1.288499671001128,1.156848887172193,1.5620252690427,1.447889764439309,1.214903224837086,1.296861377848916,1.054304294329071
2014-12-30,1.288499671001128,1.156848887172193,1.560463243773658,1.447889764439309,1.214903224837086,1.296861377848916,1.046648557751993
2014-12-31,1.288499671001128,1.156848887172193,1.568139450875847,1.447889764439309,1.214903224837086,1.296861377848916,1.038992821174915
2015-01-05,1.288499671001128,1.156848887172193,1.561559844788256,1.447889764439309,1.214903224837086,1.296861377848916,1.03571179121331
2015-01-06,1.288499671001128,1.156848887172193,1.647094723926938,1.447889764439309,1.214903224837086,1.296861377848916,1.013838258135943
2015-01-07,1.288499671001128,1.156848887172193,1.61638989551818,1.447889764439309,1.214903224837086,1.296861377848916,1.012902070920232
2015-01-08,1.288499671001128,1.156848887172193,1.637225314795552,1.447889764439309,1.214903224837086,1.296861377848916,1.007102222661384
2015-01-09,1.288499671001128,1.156848887172193,1.648191324941537,1.447889764439309,1.214903224837086,1.296861377848916,1.01041642166644
2015-01-12,1.288499671001128,1.156848887172193,1.6870767969192,1.447889764439309,1.214903224837086,1.296861377848916,1.018287644303448
2015-01-13,1.288499671001128,1.156848887172193,1.68538972012228,1.447889764439309,1.214903224837086,1.296861377848916,1.023673217686664
2015-01-14,1.288499671001128,1.156848887172193,1.681979380745263,1.447889764439309,1.214903224837086,1.296861377848916,1.021601843308504
2015-01-15,1.288499671001128,1.156848887172193,1.679251109243648,1.447889764439309,1.214903224837086,1.296861377848916,1.019944743805976
2015-01-16,1.287211171330127,1.156848887172193,1.717446910266249,1.44644187467487,1.213688321612249,1.295564516471067,1.043144136841368
2015-01-19,1.312260157587147,1.155692038285021,1.750868236161025,1.474589472712625,1.237306561389453,1.320776057895643,1.063443605747336
2015-01-20,1.311166181452657,1.157042671753994,1.749408610907661,1.473360169451384,1.236275070917551,1.319674982413019,1.062557057513483
2015-01-21,1.319870362500321,1.17955322957022,1.761022065777899,1.48314107582674,1.244482087079345,1.328435649164101,1.06961084606668
2015-01-22,1.33173970029259,1.163265490356711,1.776858595146406,1.496478675429499,1.255673472754519,1.340382012915577,1.079229648639223
2015-01-23,1.293539423541951,1.13216213499958,1.725890309026805,1.456465876621224,1.219655117097539,1.301933835817827,1.048272494439753
2015-01-26,1.294531782133084,1.16533904738052,1.727214352225137,1.499146195350051,1.22059079421077,1.302932634310974,1.049076692747724
2015-01-27,1.284608196221753,1.166721418729726,1.713973920241809,1.500924541963752,1.211234023078453,1.292944649379499,1.041034709668017
2015-01-28,1.289073809881852,1.152897705237668,1.719932114634307,1.483141075826741,1.215444570087996,1.297439242598663,1.044653602053885
2015-01-29,1.282623479039487,1.141838734444021,1.711325833845143,1.468914302917132,1.20936266885199,1.290947052393204,1.039426313052076
2015-01-30,1.258765193791465,1.121794349880537,1.679493187270826,1.443128277018466,1.186867119695673,1.26693393902095,1.022136049430706
2015-02-02,1.271174462491813,1.132853320674183,1.696050113331413,1.457355049928075,1.198567596538021,1.279423737557201,1.037748755381649
2015-02-03,1.313055744355484,1.170177347102741,1.751929738785895,1.505370408498005,1.238056705880945,1.321576807617048,1.071939379414967
2015-02-04,1.316933640824343,1.173633275475756,1.757103778179829,1.509816275032258,1.241713104894179,1.325479869659627,1.075105177936571
2015-02-05,1.325465013055832,1.181236317896388,1.768486664846483,1.519597181407614,1.249757182723293,1.334066606153299,1.082069934684099
2015-02-06,1.28823720695479,1.148059405515448,1.718815886664721,1.476916862678787,1.214655752196249,1.296597210544546,1.051678268876704
2015-02-09,1.275827938254443,1.137000434721801,1.702258960604133,1.462690089769178,1.202955275353901,1.284107412008295,1.041547713607573
2015-02-10,1.306851110005311,1.164647861705918,1.743651275755602,1.498257022043201,1.232206467459771,1.315331908348923,1.066874101780402
2015-02-11,1.322362695880745,1.178471575197976,1.764347433331336,1.516040488180212,1.246832063512706,1.330944156519236,1.079537295866816
2015-02-12,1.33399638528732,1.18883936031702,1.779869551513136,1.529378087782971,1.257801260552407,1.342653342646971,1.089034691431626
2015-02-13,1.36579513633196,1.217177972975739,1.822296674543392,1.565834193363844,1.287783732460924,1.374658451396114,1.114994239308776
2015-02-16,1.419310107602207,1.264869784523341,1.893698418179675,1.627187151536533,1.33824203884355,1.428520707583696,1.158682258906905
2015-02-17,1.41155431466449,1.257957927777312,1.883350339391807,1.618295418468027,1.330929240817082,1.42071458349854,1.152350661863698
2015-02-25,1.398369466670371,1.246207771309062,1.865758605452433,1.603179472251568,1.318497484172088,1.407444172553773,1.141586946890246
2015-02-26,1.40690083890186,1.253810813729694,1.877141492119087,1.612960378626924,1.326541562001202,1.416030909047445,1.148551703637773
2015-02-27,1.444904224296673,1.287678911785237,1.927847078179636,1.656529870662601,1.362374272330892,1.454280917064713,1.179576529149488
2015-03-02,1.484458768279029,1.322929381189986,1.980622279997757,1.70187770931198,1.399669542265876,1.494092149899013,1.211867674069844
2015-03-03,1.457494978551762,1.301502625277295,1.944646149283859,1.674313336799613,1.37424586864706,1.466953378904557,1.189855243789431
2015-03-04,1.454617397152845,1.340900208729662,1.940806768929892,1.724996215290095,1.371532648768191,1.46405712346743,1.187506072528247
2015-03-05,1.456056187852304,1.339517837380456,1.942726459106876,1.723217868676394,1.372889258707625,1.465505251185994,1.188680658158839
2015-03-06,1.458933769251221,1.299429068253487,1.946565839460842,1.671645816879061,1.375602478586494,1.46840150662312,1.191029829420022
2015-03-09,1.453178606453386,1.329250965369904,1.93888707875291,1.713436962301038,1.370176038828756,1.462608995748867,1.186331486897655
2015-03-10,1.441668280857716,1.318722244852123,1.923529557337045,1.753449761109313,1.359323159313281,1.451023974000361,1.176934801852921
2015-03-11,1.41289246686854,1.292400443557669,1.885135753797384,1.742779681427107,1.332190960524593,1.422061419629097,1.153443089241087
2015-03-12,1.43591455685058,1.314773974657955,1.917770486806096,1.724996215290095,1.353898076165483,1.445232911253827,1.173411044961146
2015-03-13,1.43591455685058,1.3174061547874,1.917766647425742,1.771233227246325,1.353898076165483,1.445232911253827,1.17576021622233
2015-03-16,1.43591455685058,1.322670515046291,1.929961009321201,1.832586185419014,1.353898076165483,1.445232911253827,1.180458558744697
2015-03-17,1.43591455685058,1.342411866017131,1.916953689966045,1.825472798964209,1.353898076165483,1.445232911253827,1.198077343203573
2015-03-18,1.43591455685058,1.333199235564072,1.903133413151192,1.866374771079336,1.353898076165483,1.445232911253827,1.189855243789431
2015-03-19,1.43591455685058,1.333199235564072,1.921018477264531,1.862818077851934,1.353898076165483,1.445232911253827,1.189855243789431
2015-03-20,1.43591455685058,1.330567055434627,1.913701860127256,1.890382450364301,1.353898076165483,1.445232911253827,1.187506072528247
2015-03-23,1.43591455685058,1.345013776075088,1.929961009321201,1.961516314912346,1.353898076165483,1.445232911253827,1.201601100095348
2015-03-24,1.43591455685058,1.345013776075088,1.937277626458476,2.021090926471334,1.353898076165483,1.445232911253827,1.196902757572981
2015-03-25,1.43591455685058,1.345013776075088,1.931780408116003,2.034428526074093,1.353898076165483,1.445232911253827,1.213346956401265
2015-03-26,1.43591455685058,1.345013776075088,1.916819862845017,1.947289542002738,1.353898076165483,1.445232911253827,1.203950271356531
2015-03-27,1.43591455685058,1.345013776075088,1.918689931003891,1.98107812766306,1.353898076165483,1.445232911253827,1.205124856987123
2015-03-30,1.43591455685058,1.345013776075088,1.905599453891778,1.94995706192329,1.353898076165483,1.445232911253827,1.196902757572981
2015-03-31,1.43591455685058,1.345013776075088,1.911209658368398,1.99797242049322,1.353898076165483,1.445232911253827,1.200426514464756
2015-04-01,1.43591455685058,1.345013776075088,1.899989249415159,2.041541912528897,1.353898076165483,1.445232911253827,1.193379000681206
2015-04-02,1.43591455685058,1.345013776075088,1.909339590209525,2.106451563928989,1.353898076165483,1.445232911253827,1.199251928834164
2015-04-03,1.43591455685058,1.345013776075088,1.907469522050652,2.126013376679702,1.353898076165483,1.445232911253827,1.198077343203573
2015-04-07,1.43591455685058,1.345013776075088,1.920559999162764,2.167804522101678,1.353898076165483,1.445232911253827,1.206299442617715
2015-04-08,1.43591455685058,1.345013776075088,1.918689931003891,2.113564950383793,1.353898076165483,1.445232911253827,1.205124856987123
2015-04-09,1.43591455685058,1.345013776075088,1.905599453891778,2.192701374693494,1.353898076165483,1.445232911253827,1.196902757572981
2015-04-10,1.43591455685058,1.345013776075088,1.92991033995713,2.15535609580577,1.353898076165483,1.445232911253827,1.212172370770674
2015-04-13,1.43591455685058,1.345013776075088,1.928040271798257,2.179363775090736,1.353898076165483,1.445232911253827,1.210997785140082
2015-04-14,1.43591455685058,1.345013776075088,1.911209658368398,2.169582868715379,1.353898076165483,1.445232911253827,1.200426514464757
2015-04-15,1.43591455685058,1.345013776075088,1.892484665893601,2.071773804961817,1.353898076165483,1.445232911253827,1.189855243789431
2015-04-16,1.434478642293729,1.345013776075088,1.890592181227707,2.111786603770093,1.352544178089317,1.443787678342573,1.189820006220513
2015-04-17,1.430250705242758,1.345013776075088,1.885019909535667,2.105562390622139,1.348557732090738,1.439532304132721,1.186313168307442
2015-04-20,1.40005115487868,1.343668762299013,1.845217968878242,2.06110372527961,1.320083117815174,1.409136774062352,1.161264326071221
2015-04-21,1.5075615541748,1.446849538696435,1.986912877618677,2.219376573899011,1.421452744636184,1.517344861112869,1.250438204432169
2015-04-22,1.524473302378683,1.463080222624119,2.009201964386835,2.244273426490827,1.4373985286305,1.534366357952276,1.264465556084453
2015-04-23,1.569168636917519,1.505975601575856,2.068108836559824,2.310072251197768,1.479540957758335,1.579351742456423,1.30153784259406
2015-04-24,1.597556214259753,1.533219963883041,2.105522660777804,2.351863396619745,1.506307095177366,1.607923540722571,1.325083754296108
2015-04-27,1.600576169296161,1.536118300298698,2.109502854843547,2.356309263153998,1.509154556604922,1.610963093729608,1.32758863851973
2015-04-28,1.560108771808296,1.497280592328883,2.056168254362597,2.29673465159501,1.470998573475666,1.570233083435312,1.294023189923194
2015-04-29,1.643022845314888,1.578434011967304,2.163278460826981,2.421218914554089,1.549176765953799,1.653685227064716,1.361431628288244
2015-04-30,1.643022845314888,1.591332768351549,2.144077764429108,2.443448247225354,1.549176765953799,1.653685227064716,1.36030227811961
2015-05-04,1.643022845314888,1.591332768351549,2.152611407272607,2.436334860770549,1.549176765953799,1.653685227064716,1.346750076096002
2015-05-05,1.643022845314888,1.591332768351549,2.154744817983481,2.374092729291009,1.549176765953799,1.653685227064716,1.344491375758734
2015-05-06,1.643022845314888,1.589741435583197,2.135544121585609,2.434556514156847,1.549176765953799,1.653685227064716,1.345620725927368
2015-05-07,1.643022845314888,1.559549121978257,2.154744817983481,2.388319502200618,1.549176765953799,1.653685227064716,1.330172344970625
2015-05-08,1.643022845314888,1.680318376398017,2.161145050116106,2.573267550025536,1.549176765953799,1.653685227064716,1.330172344970625
2015-05-11,1.643022845314888,1.769124421895625,2.184559232667956,2.711978585894224,1.549176765953799,1.653685227064716,1.330172344970625
2015-05-12,1.643022845314888,1.769124421895625,2.184559232667956,2.782223277135418,1.549176765953799,1.653685227064716,1.330172344970625
2015-05-13,1.643022845314888,1.769124421895625,2.184559232667956,2.699530159598316,1.549176765953799,1.653685227064716,1.330172344970625
2015-05-14,1.643022845314888,1.769124421895625,2.184559232667956,2.6746333070065,1.549176765953799,1.653685227064716,1.330172344970625
2015-05-15,1.643022845314888,1.769124421895625,2.184559232667956,2.681746693461304,1.549176765953799,1.653685227064716,1.328842172625654
2015-05-18,1.643022845314888,1.769124421895625,2.184559232667956,2.807120129727234,1.549176765953799,1.653685227064716,1.319734174621451
2015-05-19,1.643022845314888,1.769124421895625,2.184559232667956,2.83201698231905,1.549176765953799,1.653685227064716,1.309507849451057
2015-05-20,1.643022845314888,1.769124421895625,2.182374673435288,2.902261673560244,1.549176765953799,1.653685227064716,1.292385751749973
2015-05-21,1.643022845314888,1.769124421895625,2.197177602421767,3.032080976360427,1.549176765953799,1.653685227064716,1.301151934174633
2015-05-22,1.643022845314888,1.769124421895625,2.173915856871585,3.007184123768611,1.549176765953799,1.653685227064716,1.287376504650167
2015-05-25,1.643022845314888,1.769124421895625,2.163342336166957,2.95827959189183,1.549176765953799,1.653685227064716,1.281114945775409
2015-05-26,1.643022845314888,1.769124421895625,2.161227632026031,3.079207161623507,1.549176765953799,1.653685227064716,1.279862634000458
2015-05-27,1.643022845314888,1.769124421895625,2.1421952947577,3.079207161623507,1.549176765953799,1.653685227064716,1.268591828025894
2015-05-28,1.643022845314888,1.769124421895625,2.142165688899727,2.92538017953836,1.549176765953799,1.653685227064716,1.269844139800845
2015-05-29,1.643022845314888,1.769124421895625,2.142165688899727,3.008962470382313,1.549176765953799,1.653685227064716,1.259825645601233
2015-06-01,1.643022845314888,1.769124421895625,2.142165688899727,3.172570358842817,1.549176765953799,1.653685227064716,1.248557344250219
2015-06-02,1.643022845314888,1.769124421895625,2.142165688899727,3.350405020212929,1.549176765953799,1.653685227064716,1.244170903165325
2015-06-03,1.643022845314888,1.769124421895625,2.142165688899727,3.369966832963641,1.549176765953799,1.653685227064716,1.244170903165325
2015-06-04,1.643022845314888,1.769124421895625,2.140023523210828,3.335289073996469,1.549176765953799,1.653685227064716,1.244170903165325
2015-06-05,1.643022845314888,1.769124421895625,2.142169986122774,3.292608755267642,1.549176765953799,1.653685227064716,1.244170903165325
2015-06-08,1.643022845314888,1.769124421895625,2.133601306178283,3.141449293103046,1.549176765953799,1.653685227064716,1.244170903165325
2015-06-09,1.643022845314888,1.769124421895625,2.130899404988525,3.135225079955092,1.549176765953799,1.653685227064716,1.244170903165325
2015-06-10,1.643022845314888,1.769124421895625,2.135402573638121,3.254374303073068,1.549176765953799,1.653685227064716,1.244170903165325
2015-06-11,1.643022845314888,1.769124421895625,2.135402573638121,3.259709342914172,1.549176765953799,1.653685227064716,1.244170903165325
2015-06-12,1.643022845314888,1.769124421895625,2.139005108557797,3.293497928574493,1.549176765953799,1.653685227064716,1.244170903165325
2015-06-15,1.641379822469573,1.769124421895625,2.132030600953303,3.122776653659185,1.547627589187845,1.652031541837651,1.24292673226216
2015-06-16,1.589969862198601,1.769124421895625,2.065252877119345,3.024967589905622,1.499154059913739,1.600287957099001,1.203996794748254
2015-06-17,1.655146007740314,1.767355297473729,2.147759790267284,3.148967253412468,1.562169647970078,1.665887062641987,1.254605713516331
2015-06-18,1.655146007740314,1.655181830074127,2.146850108018124,3.148967253412468,1.46155622793495,1.665887062641987,1.174976295874251
2015-06-19,1.655146007740314,1.568858115050834,2.150488837014765,3.148967253412468,1.46155622793495,1.665887062641987,1.113697035142135
2015-06-23,1.655146007740314,1.568858115050834,2.141392014523163,3.148967253412468,1.46155622793495,1.665887062641987,1.113697035142135
2015-06-24,1.655146007740314,1.568858115050834,2.149579154765605,3.148967253412468,1.46155622793495,1.665887062641987,1.113697035142135
2015-06-25,1.655146007740314,1.568858115050834,2.145940425768964,3.148967253412468,1.46155622793495,1.665887062641987,1.113697035142135
2015-06-26,1.655146007740314,1.568858115050834,2.140482332274003,3.148967253412468,1.46155622793495,1.665887062641987,1.113697035142135
2015-06-29,1.655146007740314,1.568858115050834,2.142301696772323,3.148967253412468,1.46155622793495,1.665887062641987,1.113697035142135
2015-06-30,1.655146007740314,1.568858115050834,2.134114556529881,3.148967253412468,1.46155622793495,1.665887062641987,1.113697035142135
2015-07-01,1.655146007740314,1.568858115050834,2.136843603277362,3.148967253412468,1.46155622793495,1.665887062641987,1.113697035142135
2015-07-02,1.655146007740314,1.568858115050834,2.119559640543317,3.148967253412468,1.46155622793495,1.665887062641987,1.113697035142135
2015-07-03,1.655146007740314,1.568858115050834,2.103185360058433,3.148967253412468,1.46155622793495,1.665887062641987,1.113697035142135
2015-07-06,1.655146007740314,1.568858115050834,2.119559640543317,3.148967253412468,1.46155622793495,1.665887062641987,1.113697035142135
2015-07-07,1.655146007740314,1.568858115050834,2.104095042307593,3.148967253412468,1.46155622793495,1.665887062641987,1.113697035142135
2015-07-08,1.655146007740314,1.568858115050834,2.034049509122256,3.148967253412468,1.46155622793495,1.665887062641987,1.113697035142135
2015-07-09,1.655146007740314,1.568858115050834,2.105914406805914,3.148967253412468,1.46155622793495,1.665887062641987,1.113697035142135
2015-07-10,1.655146007740314,1.568858115050834,2.093178855317671,3.148967253412468,1.46155622793495,1.665887062641987,1.113697035142135
2015-07-13,1.655146007740314,1.568858115050834,2.101365995560113,3.148967253412468,1.46155622793495,1.665887062641987,1.113697035142135
2015-07-14,1.655146007740314,1.568858115050834,2.100456313310953,3.148967253412468,1.46155622793495,1.665887062641987,1.113697035142135
2015-07-15,1.655146007740314,1.568858115050834,2.098636948812632,3.148967253412468,1.46155622793495,1.665887062641987,1.113697035142135
2015-07-16,1.655146007740314,1.568858115050834,2.091359490819351,3.148967253412468,1.46155622793495,1.665887062641987,1.113697035142135
2015-07-17,1.655146007740314,1.568858115050834,2.091359490819351,3.148967253412468,1.46155622793495,1.665887062641987,1.113697035142135
2015-07-20,1.655146007740314,1.568858115050834,2.040417284866378,3.148967253412468,1.46155622793495,1.665887062641987,1.113697035142135
2015-07-21,1.655146007740314,1.568858115050834,2.020902781257393,3.148967253412468,1.46155622793495,1.665887062641987,1.113697035142135
2015-07-22,1.655146007740314,1.568858115050834,1.982450085630931,3.148967253412468,1.46155622793495,1.665887062641987,1.113697035142135
2015-07-23,1.655146007740314,1.568858115050834,1.982450085630931,3.148967253412468,1.460094671707015,1.665887062641987,1.112583338106993
2015-07-24,1.655146007740314,1.568858115050834,1.973905042158384,3.148967253412468,1.418673546268518,1.665887062641987,1.081020690217433
2015-07-27,1.655146007740314,1.568858115050834,1.929043563927512,3.148967253412468,1.276806191641666,1.665887062641987,0.9729186211956894
2015-07-28,1.655146007740314,1.568858115050834,1.914089737850554,3.148967253412468,1.240044942815,1.665887062641987,0.9449067711937048
2015-07-29,1.655146007740314,1.568858115050834,1.948269911740743,3.148967253412468,1.332206946915656,1.665887062641987,1.015133662747976
2015-07-30,1.655146007740314,1.568858115050834,1.946133650872606,3.148967253412468,1.242633763154906,1.665887062641987,0.9468794366868024
2015-07-31,1.655146007740314,1.568858115050834,1.941861129136332,3.148967253412468,1.226065312979508,1.665887062641987,0.9342543775309784
2015-08-03,1.655146007740314,1.568858115050834,1.941861129136332,3.148967253412468,1.158631720765635,1.665887062641987,0.8837541409076823
2015-08-04,1.655146007740314,1.568858115050834,1.967496259553974,3.148967253412468,1.158631720765635,1.665887062641987,0.9634498268288216
2015-08-05,1.655146007740314,1.568858115050834,1.965359998685837,3.148967253412468,1.158631720765635,1.665887062641987,0.9293787374982386
2015-08-06,1.655146007740314,1.568858115050834,1.993409103884473,3.148967253412468,1.158631720765635,1.665887062641987,0.9293787374982386
2015-08-07,1.655146007740314,1.568858115050834,2.002565783277603,3.148967253412468,1.158631720765635,1.665887062641987,0.9293787374982386
2015-08-10,1.655146007740314,1.568858115050834,2.009891126792107,3.148967253412468,1.158631720765635,1.665887062641987,0.9293787374982386
2015-08-11,1.655146007740314,1.568858115050834,2.061168531393637,3.148967253412468,1.158631720765635,1.665887062641987,0.9284493587607404
2015-08-12,1.655146007740314,1.568858115050834,2.128628535486646,3.148967253412468,1.158631720765635,1.665887062641987,0.9129913049208112
2015-08-13,1.655146007740314,1.568858115050834,2.128628535486646,3.148967253412468,1.158631720765635,1.665887062641987,0.909126791460829
2015-08-14,1.655146007740314,1.568858115050834,2.128628535486646,3.148967253412468,1.158631720765635,1.665887062641987,0.9140579106357664
2015-08-17,1.653490861732574,1.568858115050834,2.126499906951159,3.145818286159055,1.157473089044869,1.664221175579345,0.9148530893314044
2015-08-18,1.631076487714266,1.568858115050834,2.09767352189672,3.103174235749417,1.157976119505123,1.641661343685545,0.9152506786792232
2015-08-19,1.636744868210233,1.568858115050834,2.104963438567083,3.113958507637339,1.162000363187156,1.647366509084973,0.9184313934617748
2015-08-20,1.66225258044208,1.567289256935783,2.137768063583713,3.162487731132985,1.180109459756307,1.673039753382401,0.9327446099832571
2015-08-21,1.693428673169894,1.596684281362541,2.177862605270705,3.221801226516554,1.202242800007491,1.704418163079258,0.9502385412872908
2015-08-24,1.687051745111932,1.590671662729795,2.169661449016547,3.209668920642641,1.197715525865203,1.697999852004901,0.9466602371569204
2015-08-25,1.677840626805987,1.581986769149162,2.157815334427209,3.192144478824769,1.191176129881899,1.68872895823083,0.941491575635274
2015-08-26,1.664378223128068,1.569293463146698,2.140501782335099,3.166531833090956,1.18161855113707,1.675179190407187,0.9339373780267139
2015-08-27,1.645247438954182,1.55125560724846,2.115898313572626,3.130134915469221,1.168036728710207,1.655924257184116,0.9232024656356024
2015-08-28,1.653041462136135,1.55860436335515,2.125921948994374,3.144963289315113,1.173570063773003,1.66376885960833,0.9275759484616108
2015-08-31,1.65729274750811,1.56261277577698,2.131389386497145,3.153051493231054,1.176588246534528,1.668047733657901,0.9299614845485245
2015-09-01,1.667920960938047,1.572633806831557,2.145057980254075,3.173272003020907,1.184133703438341,1.67874491878183,0.9359253247658088
2015-09-02,1.665795318252059,1.570629600620641,2.142324261502689,3.169227901062936,1.182624612057578,1.676605481757044,0.9347325567223518
2015-09-07,1.63887051089622,1.545242988615714,2.107697157318468,3.118002609595309,1.16350945456792,1.649505946109759,0.9196241615052316
2015-09-08,1.631785035276262,1.538562301245996,2.098584761480515,3.104522269735407,1.158479149965378,1.642374489360473,0.915648268027042
2015-09-09,1.637231640385324,1.545242988615714,2.103481763003832,3.114884606985714,1.162345945113352,1.647856440163649,0.9196241615052316
2015-09-10,1.637231640385324,1.527205132717476,2.079820550821561,3.114884606985714,1.162345945113352,1.647856440163649,0.9088892491141199
2015-09-11,1.637231640385324,1.527873201454448,2.077454429603334,3.114884606985714,1.162345945113352,1.647856440163649,0.908377551623477
2015-09-14,1.637231640385324,1.52300832491182,2.070356065948653,3.114884606985714,1.162345945113352,1.647856440163649,0.908377551623477
2015-09-15,1.637231640385324,1.52300832491182,2.041962611329929,3.114884606985714,1.162345945113352,1.647856440163649,0.908377551623477
2015-09-16,1.637231640385324,1.52300832491182,2.08274507664729,3.114884606985714,1.162345945113352,1.647856440163649,0.908377551623477
2015-09-17,1.637231640385324,1.52300832491182,2.10835634680369,3.114884606985714,1.162345945113352,1.647856440163649,0.908377551623477
2015-09-18,1.637231640385324,1.52300832491182,2.120247293662019,3.114884606985714,1.162345945113352,1.647856440163649,0.9074691740718536
2015-09-21,1.637231640385324,1.52300832491182,2.144626478786253,3.114884606985714,1.162345945113352,1.647856440163649,0.8921532386444806
2015-09-22,1.637231640385324,1.52300832491182,2.144626478786253,3.114884606985714,1.161183599168238,1.647856440163649,0.895982222501324
2015-09-23,1.637231640385324,1.52300832491182,2.144626478786253,3.114884606985714,1.151258953021501,1.647856440163649,0.8883242547876374
2015-09-24,1.637231640385324,1.52300832491182,2.142481852307467,3.114884606985714,1.136371983801396,1.647856440163649,0.8768373032171076
2015-09-25,1.637231640385324,1.52300832491182,2.121806514770121,3.114884606985714,1.134099239833793,1.647856440163649,0.8750836286106735
2015-09-28,1.637231640385324,1.521485316586908,2.145066269499635,3.114884606985714,1.216467423106274,1.647856440163649,0.9386398379515029
2015-09-29,1.637231640385324,1.459700948092202,2.10888442880928,3.114884606985714,1.199870848864804,1.647856440163649,0.9258337360693952
2015-09-30,1.635594408744939,1.459700948092202,2.114983653382797,3.111769722378728,1.189421153972027,1.646208583723485,0.9177706348843648
2015-10-08,1.758158330847273,1.45824124714411,2.273470800535514,3.344951432841217,1.27855090452807,1.769567883278992,0.9865441449919788
2015-10-09,1.777599504697988,1.474366030165415,2.298610141118358,3.38193887656975,1.292688727030063,1.789135220449866,0.9974530465952556
2015-10-12,1.874619414897339,1.556392100317271,2.421639887901184,3.570092394667068,1.363242608194357,1.886784740470425,1.050840262441552
2015-10-13,1.874619414897339,1.559037966887811,2.407364958035661,3.579741293031033,1.363242608194357,1.886784740470425,1.04464583563137
2015-10-14,1.872744795482441,1.559037966887811,2.444071920547005,3.508982705028623,1.361879365586163,1.884897955729954,1.060574361714695
2015-10-15,1.880557664883703,1.559037966887811,2.454268299022378,3.695528073398613,1.367560964941967,1.892761526675845,1.064998952293396
2015-10-16,1.876651230183072,1.557478928920923,2.449170109784692,3.745380714945766,1.364720165264065,1.8888297412029,1.062786657004045
2015-10-19,1.873526082422567,1.554885292070097,2.445091558394542,3.689095474489303,1.362447525521743,1.885684312824543,1.061016820772565
2015-10-20,1.869619647721936,1.551643246006565,2.439993369156855,3.845085998040071,1.359606725843841,1.881752527351598,1.058804525483214
2015-10-21,1.874307369362693,1.555533701282804,2.44611119624208,3.570092394667067,1.363015685457324,1.886470669919132,1.061459279830435
2015-10-22,1.866494499961431,1.549049609155739,2.435914817766706,3.775935559764987,1.35733408610152,1.878607098973242,1.057034689251733
2015-10-23,1.873677652088952,1.55812733813363,2.445289368136964,3.902979388223861,1.362557748549246,1.885836866100894,1.061102657829791
2015-10-26,1.909267060005725,1.547752790730326,2.491736205297108,3.856343046131363,1.388438733717221,1.921657231155324,1.081257680380748
2015-10-27,1.890425608755668,1.552291655219271,2.467146703271149,3.930317933588428,1.374737035687116,1.902693508479449,1.070587374324359
2015-10-28,1.869490662922272,1.556952420640205,2.439825034353418,3.795233356492917,1.359512926764779,1.881622705506255,1.058731478706149
2015-10-29,1.895001987914849,1.581361529138484,2.473119220096565,3.782368158674297,1.37806502589754,1.911121829668727,1.0731790731065
2015-10-30,1.895001987914849,1.579618021388607,2.473119220096565,3.777543709492315,1.37806502589754,1.905196719872664,1.0731790731065
2015-11-02,1.879781088413524,1.567413467139468,2.453254808690168,3.71643401985387,1.366996230508804,1.889893934974089,1.064559160872713
2015-11-03,1.898807212790179,1.586592052388115,2.478085322948165,3.706785121489905,1.380832224744723,1.909022416097308,1.075334051164947
2015-11-04,2.050382278800328,1.592118971955226,2.675902112285459,4.002684671318166,1.491059178910896,2.061412925668633,1.16117416631217
2015-11-05,2.012488512297791,1.585750496067405,2.626447914951135,3.928709783861101,1.463502440369353,2.023315298275802,1.139714137525364
2015-11-06,2.098985153227495,1.592118971955226,2.739332495822961,4.097565505230489,1.526403691388093,2.110277273846395,1.188698985843073
2015-11-09,2.12781736687073,1.598487447843047,2.776960689446902,4.153850745686952,1.547370775061006,2.139264599036593,1.205027268615643
2015-11-10,2.14923558271999,1.579382020179584,2.804913061853259,4.195662638597467,1.562946322932314,2.160798040606454,1.217156850103837
2015-11-11,2.203308339964046,1.579382020179584,2.875482051266846,4.30984126923772,1.602268590712029,2.215161698477442,1.247779378137879
2015-11-12,2.19442403214161,1.569867517203179,2.863887365576254,4.258380477963239,1.595807830265609,2.206229594854549,1.242748009677646
2015-11-13,2.19442403214161,1.529553698785575,2.863887365576254,4.149026296504969,1.595807830265609,2.206229594854549,1.242748009677646
2015-11-16,2.150002493029432,1.582910223161816,2.805913937123293,4.293759771964444,1.563504028033512,2.161569076740085,1.217591167376479
2015-11-17,2.165603337565628,1.523032345806256,2.823445101887469,4.131336649504366,1.574849123377424,2.177253850701884,1.227653904296946
2015-11-18,2.163437734228063,1.491611281451359,2.80007621035235,4.046104713956009,1.573274274254047,2.175076596851182,1.230219902211665
2015-11-19,2.256303900880142,1.555639110702848,2.920270260717236,4.219784884507379,1.64080751019182,2.268442364919516,1.283027433785138
2015-11-20,2.274361211062491,1.568088966390638,2.943641326065964,4.253556028781257,1.653938972735276,2.286596819821692,1.293295564924425
2015-11-23,2.252004541312917,1.552674859348613,2.914705721348492,4.211744135870742,1.637680971490998,2.264119875657093,1.280582640656737
2015-11-24,2.289838905504504,1.578760271265886,2.963673667793445,4.282502723873152,1.665194512058238,2.302157781166414,1.302096820186671
2015-11-25,2.361208274320453,1.627966843746197,3.056045021314608,4.415979151241335,1.717095054491897,2.373911102922634,1.342680386118137
2015-11-26,2.299297496552401,1.585281624245204,2.975915654404683,4.300192370873754,1.672072897200048,2.311667257543745,1.307475365069154
2015-11-27,2.14624029595916,1.479754276034417,2.777818052877371,4.013941719409458,1.560768119450756,2.157786639801491,1.220440729698059
2015-11-30,2.164710344659962,1.493982682534748,2.798918786163651,4.048484775552454,1.575775505214705,2.17635605367286,1.232175736714386
2015-12-01,2.164710344659962,1.486275629013735,2.841229514493198,4.048484775552454,1.567646504592566,2.17635605367286,1.225819274580542
2015-12-02,2.164710344659962,1.454854564658838,2.825310423495027,4.048484775552454,1.53297068916948,2.17635605367286,1.197504658484646
2015-12-03,2.164710344659962,1.51677125409584,2.825310423495027,4.048484775552454,1.53297068916948,2.17635605367286,1.197504658484646
2015-12-04,2.164710344659962,1.51677125409584,2.803766662095827,4.048484775552454,1.53297068916948,2.17635605367286,1.188373359345874
2015-12-07,2.164710344659962,1.51677125409584,2.812999702695484,4.048484775552454,1.53297068916948,2.17635605367286,1.192286773262491
2015-12-08,2.164710344659962,1.51677125409584,2.822232743295141,4.048484775552454,1.53297068916948,2.17635605367286,1.196200187179107
2015-12-09,2.164710344659962,1.51677125409584,2.769912179897085,4.048484775552454,1.53297068916948,2.17635605367286,1.174024174984947
2015-12-10,2.164710344659962,1.51677125409584,2.745943206500375,4.048484775552454,1.53297068916948,2.17635605367286,1.166197347151714
2015-12-11,2.164710344659962,1.51677125409584,2.767998975227286,4.048484775552454,1.53297068916948,2.17635605367286,1.163864952457411
2015-12-14,2.164710344659962,1.51677125409584,2.718439662897918,4.048484775552454,1.53297068916948,2.17635605367286,1.145317303812671
2015-12-15,2.164710344659962,1.51677125409584,2.739105124178727,4.048484775552454,1.53297068916948,2.17635605367286,1.138399030868183
2015-12-16,2.164710344659962,1.51677125409584,2.739105124178727,4.048484775552454,1.53297068916948,2.17635605367286,1.13942231089593
2015-12-17,2.164710344659962,1.51677125409584,2.739105124178727,4.048484775552454,1.53297068916948,2.17635605367286,1.139933950909804
2015-12-18,2.164710344659962,1.51677125409584,2.739105124178727,4.048484775552454,1.53297068916948,2.17635605367286,1.132037298935683
2015-12-21,2.164710344659962,1.51677125409584,2.739105124178727,4.048484775552454,1.53297068916948,2.17635605367286,1.129915789754768
2015-12-22,2.164710344659962,1.51677125409584,2.736366019054548,4.048484775552454,1.531437718480311,2.17635605367286,1.126945676901489
2015-12-23,2.164710344659962,1.51677125409584,2.730282501893466,4.048484775552454,1.49914836899428,2.17635605367286,1.103184774075253
2015-12-24,2.162545634315302,1.51677125409584,2.726036206915031,4.044436290776901,1.51298666163115,2.174179697619187,1.11336801814364
2015-12-25,2.159249070848358,1.51677125409584,2.721880663916686,4.038270991553157,1.510680279525005,2.170865399299646,1.111670810798909
2015-12-28,2.100280967692529,1.51677125409584,2.644897152100826,3.927987660363607,1.470895188194003,2.111580059534269,1.082393984102296
2015-12-29,2.100280967692529,1.51677125409584,2.64961176378015,3.927987660363607,1.487616458463555,2.111580059534269,1.094698737351598
2015-12-30,2.100280967692529,1.515254482841744,2.646075805020656,3.927987660363607,1.502031346626961,2.111580059534269,1.105306283256167
2015-12-31,2.100280967692529,1.47686415813251,2.630753317062853,3.927987660363607,1.462512065833693,2.111580059534269,1.077302362068103
2016-01-04,2.100280967692529,1.345804242947876,2.653147722539642,3.927987660363607,1.462512065833693,2.111580059534269,0.9807176864941424
2016-01-05,2.100280967692529,1.345804242947876,2.675542128016432,3.927987660363607,1.462512065833693,2.111580059534269,0.9637149914990946
2016-01-06,2.100280967692529,1.345804242947876,2.697936533493222,3.927987660363607,1.462512065833693,2.111580059534269,0.971781328432347
2016-01-07,2.100280967692529,1.345804242947876,2.756869179484773,3.927987660363607,1.462512065833693,2.111580059534269,0.993008530888274
2016-01-08,2.098180686724837,1.345804242947876,2.755690526564942,3.924059672703244,1.461049553767859,2.109468479474734,0.9925839868391556
2016-01-11,2.106257515715651,1.344458438704928,2.766298402843421,3.939165120545129,1.46667378216132,2.117588760191275,0.9964048832812226
2016-01-12,2.080232177856361,1.32784604214658,2.732117468168322,3.890492010832386,1.448551268449058,2.091423411215755,0.9840931058567848
2016-01-13,2.064078519874732,1.317534899455192,2.710901715611363,3.860281115148614,1.437302811662137,2.075182849782673,0.976451312972651
2016-01-14,2.079334752412937,1.327273200885948,2.730938815248491,3.888813627738843,1.447926354183118,2.090521157802806,0.9836685618076664
2016-01-15,2.067668221648427,1.319826264497722,2.715616327290687,3.866994647522786,1.439802468725897,2.078791863434469,0.9781494891691253
2016-01-18,2.075745050639242,1.324981835843417,2.726224203569167,3.882100095364672,1.445426697119358,2.08691214415101,0.9819703856111922
2016-01-19,2.073950199752394,1.323836153322151,2.723866897729504,3.878743329177586,1.444176868587478,2.085107637325112,0.9811212975129552
2016-01-20,2.090103857734023,1.33414729601354,2.745082650286462,3.908954224861358,1.455425325374399,2.101348198758194,0.9887630903970888
2016-01-21,2.108949792045922,1.346176962486827,2.769834361602914,3.944200269825759,1.46854852495914,2.120295520430123,0.9976785154285784
2016-01-22,2.095488410394565,1.337584343577336,2.752154567805448,3.919024523422615,1.459174810970039,2.106761719235888,0.9913103546918
2016-01-25,2.09907811216826,1.339875708619867,2.756869179484772,3.925738055796787,1.461674468033799,2.110370732887684,0.9930085308882742
2016-01-26,2.134975129905212,1.362789359045174,2.804015296278013,3.992873379538501,1.486671038671401,2.146460869405643,1.009990292853016
2016-01-27,2.131385428131517,1.360497994002644,2.799300684598689,3.98615984716433,1.484171381607641,2.142851855753847,1.008292116656542
2016-01-28,2.118821471923584,1.352478216353786,2.782799543721055,3.96266248385473,1.47542258188448,2.130220307972562,1.002348499968882
2016-01-29,2.120616322810431,1.353623898875051,2.785156849560717,3.966019250041815,1.47667241041636,2.132024814798459,1.003197588067119
2016-02-01,2.138564831678907,1.365080724087705,2.808729907957337,3.999586911912673,1.489170695735162,2.150069883057439,1.01168846904949
2016-02-02,2.14394938433945,1.368517771651501,2.815801825476323,4.00965721047393,1.492920181330802,2.155483403535133,1.014235733344201
2016-02-03,2.152923638773688,1.374246184257828,2.827588354674634,4.026441041409359,1.499169323990203,2.164505937664623,1.018481173835386
2016-02-04,2.172666998529011,1.386848691991747,2.853518718910916,4.063365469467302,1.512917437840884,2.184355512749501,1.027821142915994
2016-02-05,2.199589761831725,1.404033929810728,2.888878306505847,4.113716962273589,1.531664865819086,2.211423115137971,1.040557464389551
2016-02-15,2.28574260440041,1.459026690831466,3.002028986809626,4.274841739253705,1.591656635349331,2.298039442781073,1.081313693104931
2016-02-16,2.254332713880577,1.438977246709322,2.96077613461554,4.216098330979704,1.569784636041429,2.266460573327858,1.066454651385782
2016-02-17,2.273178648192476,1.451006913182608,2.985527845931991,4.251344375944104,1.58290783562617,2.285407894999787,1.075370076417271
2016-02-18,2.276768349966171,1.453298278225139,2.990242457611315,4.258057908318276,1.585407492689931,2.289016908651583,1.077068252613745
2016-02-19,2.309973091372852,1.474493404868549,3.033852615645063,4.320158082779362,1.608529320529713,2.322400284930696,1.092776382431132
2016-02-22,2.2929220079478,1.463609420916528,3.011458210168274,4.288268804002048,1.596655949476852,2.305257470084665,1.08471004549788
2016-02-23,2.294716858834648,1.464755103437793,3.013815516007936,4.291625570189134,1.597905778008732,2.307061976910563,1.085559133596117
2016-02-24,2.312665367703123,1.476211928650447,3.037388574404556,4.325193232059991,1.610404063327533,2.325107045169542,1.094050014578487
2016-02-25,2.345870109109804,1.497407055293856,3.080998732438304,4.387293406521078,1.633525891167315,2.358490421448655,1.109758144395873
2016-02-26,2.344075258222956,1.496261372772591,3.078641426598643,4.383936640333992,1.632276062635436,2.356685914622757,1.108909056297636
2016-02-29,2.321639622137361,1.481940341256774,3.049175103602867,4.34197706299542,1.616653205986934,2.334129579299033,1.098295455069673
2016-03-01,2.356639214430889,1.504281150421449,3.095142567476277,4.407434003643592,1.641024862358596,2.369317462404043,1.114852672985296
2016-03-02,2.328819025684752,1.486523071341835,3.058604326961516,4.355404127743763,1.621652520114455,2.341347606602625,1.101691807462621
2016-03-03,2.348562385440075,1.499125579075754,3.084534691197797,4.392328555801706,1.635400633965136,2.361197181687502,1.111031776543229
2016-03-04,2.379074850516484,1.518602181937265,3.124608890472052,4.449393580982163,1.656647719007097,2.391873797727767,1.125466274213259
2016-03-07,2.377279999629636,1.517456499416,3.12225158463239,4.446036814795078,1.655397890475217,2.390069290901869,1.124617186115022
2016-03-08,2.388946530394146,1.524903435804225,3.137574072590193,4.467855795011135,1.663521775932438,2.401798585270206,1.130136258753563
2016-03-09,2.363818617978279,1.50886388050651,3.104571790834925,4.420861068391935,1.646024176486117,2.376535489707635,1.118249025378244
2016-03-10,2.349459810883499,1.499698420336387,3.085713344117628,4.39400693889525,1.636025548231076,2.362099435100451,1.111456320592348
2016-03-11,2.379074850516484,1.518602181937266,3.124608890472052,4.449393580982164,1.656647719007098,2.391873797727767,1.12546627421326
2016-03-14,2.354844363544042,1.503135467900183,3.092785261636615,4.404077237456507,1.639775033826716,2.367512955578145,1.114003584887059
2016-03-15,2.308178240486005,1.473347722347283,3.031495309805401,4.316801316592278,1.607279491997833,2.320595778104798,1.091927294332895
2016-03-16,2.320578865263235,1.484231706299305,3.047781935851627,4.339993214178854,1.615914557324593,2.333063115764928,1.097793644003615
2016-03-17,2.328664505908752,1.499125579075755,3.058401385105465,4.35511514175439,1.621544921635829,2.341192255541112,1.1016187089653
2016-03-18,2.315188438166224,1.496127327917603,3.040702303015734,4.329911929128496,1.612160981117103,2.327643689247471,1.095243600695825
2016-03-21,2.315188438166224,1.496127327917603,3.040702303015734,4.329911929128496,1.612160981117103,2.327643689247471,1.095243600695825
2016-03-22,2.309798011069213,1.492643911554582,3.033622670179842,4.319830644078139,1.605190590099793,2.322224262730014,1.090508170273259
2016-03-23,2.321317353775526,1.503094160643646,3.048751845550144,4.341374350230753,1.642662881150241,2.333805577197819,1.115965483443049
2016-03-24,2.269444340283335,1.492643911554582,2.980623312688689,4.244360398270289,1.605955330733476,2.281653497260437,1.091027707276724
2016-03-25,2.263826925197244,1.490902203373071,2.973245560317567,4.242339274271113,1.601980208919594,2.276005861603885,1.088327153932712
2016-03-28,2.26118226757435,1.489160495191561,2.969772142606916,4.189790050292528,1.600108736712912,2.273346976251544,1.087055743706155
2016-03-29,2.266471582820138,1.489658623731473,2.976718978028218,4.121071834320533,1.603851681126276,2.278664746956226,1.089598564159269
2016-03-30,2.28762884380329,1.559064003454126,3.00450631971343,4.313078614242284,1.61882345877973,2.299935829774954,1.099769845971724
2016-03-31,2.292918159049078,1.548105259287391,3.011453155134733,4.282761754254639,1.622566403193094,2.305253600479636,1.102312666424838
2016-04-01,2.282339528557502,1.528968369640495,2.997559484292127,4.238297026272759,1.615080514366367,2.294618059070272,1.097227025518611
2016-04-05,2.266847124202589,1.520109920221952,2.98019239573887,4.381796830214279,1.604117430179625,2.279042308676259,1.090869974385826
2016-04-06,2.266847124202589,1.505936401152283,2.952405054053659,4.408071442203571,1.604117430179625,2.279042308676259,1.080698692573371
2016-04-07,2.264580277078386,1.504430464751131,2.946500243945552,4.335310978233224,1.602513312749445,2.276763266367583,1.078537295188224
2016-04-08,2.24346530945994,1.504430464751131,2.919027048197808,4.294888498249698,1.58757146367952,2.255534704443409,1.068481003391597
2016-04-11,2.290973986601445,1.50292603428638,2.980841738630232,4.385839078212633,1.621190624086851,2.303298968772799,1.091107659934008
2016-04-12,2.282527999554066,1.497385293146154,2.969852460331134,4.369670086219222,1.615213884458881,2.29480754400313,1.087085143215357
2016-04-13,2.298364225267901,1.507774182784078,2.990457357141942,4.399986946206867,1.626420271261325,2.31072896544626,1.094627362062827
2016-04-14,2.335315418600183,1.532014925272568,3.038535449700495,4.470726286178039,1.652568507133694,2.347878948813563,1.112225872706924
2016-04-15,2.317367696124503,1.520240850349587,3.015183233314912,4.43636717819204,1.639867935424257,2.329834671178016,1.103678024679791
2016-04-18,2.280416502792222,1.496000107861097,2.96710514075636,4.36562783822087,1.613719699551889,2.292684687810713,1.086079514035694
2016-04-19,2.281472251173144,1.496692700503625,2.968478800543747,4.367648962220046,1.614466792005385,2.293746115906921,1.086582328625526
2016-04-20,2.141026044059047,1.405963064332419,2.782952309659231,4.098778836609618,1.515081082916779,2.152544336268283,1.02071361735762
2016-04-21,2.138885018014988,1.385875799921172,2.800531291748578,4.094680057773009,1.513566001833863,2.150391791932015,1.00512334818531
2016-04-22,2.124625784561554,1.385875799921172,2.781861083136921,4.067382190721188,1.503475561821637,2.136055846652468,0.9984225258640742
2016-04-25,2.124625784561554,1.385875799921172,2.781861083136921,4.067382190721188,1.503475561821637,2.136055846652468,0.9984225258640742
2016-04-26,2.112743090017027,1.38448992412125,2.76630257596054,4.044633968178005,1.495066861811449,2.124109225586178,0.9928385072630448
2016-04-27,2.117496167834838,1.387604637111399,2.772525978831092,4.053733257195279,1.498430341815524,2.128887874012694,0.9950721147034564
2016-04-28,2.141261556923893,1.403178202062145,2.803642993183854,4.099229702281646,1.5152477418359,2.152781116145272,1.006240151905515
2016-04-29,2.122249245652648,1.390719350101548,2.778749381701644,4.062832546212552,1.501793821819599,2.13366652243921,0.997305722143868
2016-05-03,2.138885018014987,1.40162084556707,2.800531291748578,4.094680057773009,1.513566001833862,2.150391791932014,1.005123348185309
2016-05-04,2.100860395472499,1.376703141645878,2.750744068784158,4.021885745634822,1.48665816180126,2.112162604519889,0.987254488662015
2016-05-05,2.100860395472499,1.376703141645878,2.750744068784158,4.021885745634822,1.48665816180126,2.112162604519889,0.987254488662015
2016-05-06,2.075312602201764,1.362686933190207,2.717293278354939,3.972977067166978,1.468579456779356,2.086477369227368,0.9752488486698015
2016-05-09,2.067568898462205,1.368916359170505,2.707154124331227,3.958152525871579,1.463099682686896,2.078692005909355,0.9716098604284964
2016-05-10,2.057502083600779,1.375145785150804,2.693973224100401,3.93888062218756,1.455975976366697,2.068571033595939,0.9668791757147996
2016-05-11,2.066794528088249,1.38448992412125,2.706140208928856,3.956670071742039,1.46255170527765,2.077913469577554,0.971245961604366
2016-05-12,2.059825194722646,1.359961559323827,2.697014970307515,3.94332798457618,1.457619908594436,2.070906642591343,0.9679708721871912
2016-05-13,2.076861342949676,1.371209361694174,2.719321109159682,3.975941975426058,1.469675411597848,2.088034441890971,0.9759766463180628
2016-05-16,2.086928157811102,1.377855790367561,2.732502009390508,3.995213879110077,1.476799117918047,2.098155414204387,0.9807073310317594
2016-05-17,2.076861342949676,1.371209361694174,2.719321109159682,3.975941975426058,1.469675411597848,2.08803444189097,0.9759766463180626
2016-05-18,2.07608697257572,1.370698097950068,2.718307193757311,3.974459521296519,1.469127434188602,2.087255905559169,0.975612747493932
2016-05-19,2.042293449456285,1.349736284441693,2.67673666226009,3.909765223083397,1.445213700049106,2.053280580039363,0.9606928957045808
2016-05-20,2.042293449456285,1.348713756953479,2.674708831455347,3.909765223083397,1.445213700049106,2.053280580039363,0.9599650980563196
2016-05-23,2.042293449456285,1.345832785755438,2.666323751077737,3.909765223083397,1.445213700049106,2.053280580039363,0.958873401583928
2016-05-24,2.042293449456285,1.345832785755438,2.649763293011971,3.909765223083397,1.445213700049106,2.053280580039363,0.9545066156943618
2016-05-25,2.042293449456285,1.345832785755438,2.683655614201659,3.909765223083397,1.445213700049106,2.053280580039363,0.9382836422157989
2016-05-26,2.042293449456285,1.345832785755438,2.717547935391348,3.909765223083397,1.445213700049106,2.053280580039363,0.937345358573583
2016-05-27,2.042293449456285,1.345832785755438,2.764387123275497,3.909765223083397,1.445213700049106,2.053280580039363,0.937345358573583
2016-05-30,2.042293449456285,1.345832785755438,2.731055900550359,3.909765223083397,1.445213700049106,2.053280580039363,0.945092014429563
2016-05-31,2.040251156006829,1.345832785755438,2.742248752601795,3.905855457860314,1.443768486349057,2.051227299459323,0.948965342357553
2016-06-01,2.040251156006829,1.345832785755438,2.742248752601795,3.905855457860314,1.443768486349057,2.051227299459323,0.948965342357553
2016-06-02,2.031923600268026,1.344486952969683,2.731055900550359,3.889913190685374,1.437875553751714,2.042854943135,0.9450920144295628
2016-06-03,2.056906267484436,1.361017530260294,2.764634456704667,3.937739992210194,1.455554351543743,2.067972012107971,0.956711998213533
2016-06-06,2.02785975306749,1.344486952969683,2.725593788749258,3.882133364304003,1.43499980264421,2.03876923324873,0.9432018304007038
2016-06-07,2.024000838218646,1.349997145399886,2.720407121215958,3.874745860280589,1.432269070384183,2.034889558209246,0.9414069648813876
2016-06-08,2.01821246594538,1.347297151109087,2.712627119916008,3.863664604245469,1.428172971994143,2.029070045650021,0.9387146666024132
2016-06-13,1.897621376919007,1.266794214259834,2.550543759500377,3.632805103513784,1.342837588868298,1.907830200666152,0.8826251191237795
2016-06-14,1.897621376919007,1.266794214259834,2.550543759500377,3.632805103513784,1.342837588868298,1.907830200666152,0.8826251191237795
2016-06-15,1.968046572910408,1.313807929379798,2.645200441983105,3.767627051941088,1.392673452613791,1.978634270136731,0.9153814148513016
2016-06-16,1.934263702866204,1.293843201041183,2.599793761062828,3.702953147968111,1.368767257043385,1.94466965500357,0.8996682646624471
2016-06-17,1.8910788452581,1.309943788411033,2.541750112094194,3.6202800852479,1.338207815222466,1.901252471492507,0.8795820448536347
2016-06-20,1.892471905180942,1.307367694431858,2.543622487867376,3.622946958238875,1.339193603668303,1.902653025799316,0.8802299874281125
2016-06-21,1.888989255373837,1.292555154051595,2.538941548434422,3.616279775761439,1.336729132553713,1.899151640032295,0.878610130991918
2016-06-22,1.863217646801258,1.323468281801708,2.50430259663056,3.56694262542841,1.318492046305745,1.873241385356338,0.8666231933640782
2016-06-23,1.867396826569785,1.318250403446887,2.509919723950105,3.574943244401333,1.321449411643253,1.877443048276763,0.8685670210875117
2016-06-24,1.953766541785993,1.379221328485087,2.626007021887372,3.740289369841753,1.38256829528509,1.964277415298889,0.9087394607051364
2016-06-27,1.969786730898676,1.390530451677656,2.647539343278961,3.770958409237959,1.393904862412204,1.980383789827186,0.9161908003116312
2016-06-28,1.962124901323045,1.385121740585558,2.637241276526462,3.7562906077876,1.388483025960106,1.97268074113974,0.9126271161520032
2016-06-29,1.971179790821518,1.391513853694402,2.649411719052143,3.773625282228934,1.394890650858041,1.981784344133995,0.9168387428861092
2016-06-30,1.962821431284466,1.385613441593931,2.638177464413053,3.757624044283087,1.388975920183024,1.973381018293144,0.9129510874392422
2016-07-01,1.990682629741307,1.405281481928834,2.675624979876687,3.810961504102577,1.408691689099745,2.001392104429313,0.9259099389287984
2016-07-04,2.019240358159569,1.42544122327211,2.714008683226913,3.865632400417554,1.428900352239385,2.030103467718887,0.9391927617055936
2016-07-05,2.01297158850678,1.421015914196756,2.705582992247595,3.853631471958169,1.424464304233122,2.023800973338249,0.9362770201204434
2016-07-06,2.052673796307778,1.449042871673993,2.758945701783274,3.929637352200943,1.45255927493945,2.06371677108229,0.9547433834930612
2016-07-07,2.045011966732147,1.443634160581895,2.748647635030774,3.914969550750583,1.447137438487352,2.056013722394844,0.9511796993334332
2016-07-08,2.031081367503726,1.433800140414443,2.729923877298957,3.888300820840837,1.437279554028991,2.042008179326759,0.9447002735886548
2016-07-11,2.049191146500673,1.446584366632131,2.75426476235032,3.922970169723507,1.45009480382486,2.060215385315269,0.9531235270568666
2016-07-12,2.033170957387989,1.435275243439561,2.73273244095873,3.892301130327299,1.438758236697745,2.044109010786972,0.9456721874503716
2016-07-13,2.014364648429622,1.421999316213501,2.707455368020776,3.856298344949143,1.425450092678958,2.025201527645057,0.9369249626949212
2016-07-14,2.000434049201201,1.41216529604605,2.688731610288959,3.829629615039398,1.415592208220598,2.011195984576973,0.9304455369501432
2016-07-15,1.998518591807293,1.410813118273025,2.686157093600834,3.825962664676809,1.414236749107573,2.013296816037186,0.929554615910236
2016-07-18,1.979774630005389,1.400381967675812,2.660963819861591,3.790079236653574,1.400972724588217,2.002281456414137,0.9208363901780208
2016-07-19,1.972010807926937,1.416680640483957,2.65052866762684,3.77521618082356,1.395478713903557,1.994429372271337,0.9172252670792834
2016-07-20,1.979774630005389,1.411465065185351,2.660963819861591,3.790079236653574,1.400972724588217,2.002281456414137,0.9208363901780208
2016-07-21,2.003066096240747,1.409943421091983,2.692269276565845,3.834668404143616,1.417454756642196,2.025837708842539,0.9316697594742328
2016-07-22,1.972010807926937,1.388083833168076,2.65052866762684,3.77521618082356,1.395478713903557,1.994429372271336,0.9172252670792832
2016-07-25,1.987538452083842,1.399013627130029,2.671398972096342,3.804942292483588,1.406466735272877,2.010133540556938,0.924447513276758
2016-07-26,2.003066096240747,1.409943421091983,2.692269276565845,3.834668404143616,1.417454756642196,2.025837708842539,0.9316697594742328
2016-07-27,1.995302274162294,1.404478524111006,2.681834124331094,3.819805348313602,1.411960745957536,2.017985624699738,0.9280586363754952
2016-07-28,2.018593740397652,1.420873215053936,2.713139581035348,3.864394515803644,1.428442778011515,2.04154187712814,0.9388920056717072
2016-07-29,2.010829918319199,1.415408318072959,2.702704428800597,3.84953145997363,1.422948767326855,2.033689792985339,0.93528088257297
2016-08-01,2.018593740397652,1.420873215053936,2.713139581035348,3.864394515803644,1.428442778011515,2.04154187712814,0.9388920056717072
2016-08-02,2.041885206633009,1.437267905996866,2.744445037739602,3.908983683293686,1.444924810065494,2.065098129556541,0.9497253749679192
2016-08-03,2.003066096240746,1.409943421091982,2.692269276565845,3.834668404143616,1.417454756642196,2.025837708842538,0.9316697594742324
2016-08-04,2.018593740397652,1.420873215053936,2.713139581035348,3.864394515803644,1.428442778011515,2.041541877128139,0.9388920056717072
2016-08-05,2.010829918319199,1.415408318072959,2.702704428800597,3.84953145997363,1.422948767326855,2.033689792985339,0.9352808825729698
2016-08-08,2.034121384554556,1.431803009015889,2.734009885504851,3.894120627463672,1.439430799380834,2.05724604541374,0.946114251869182
2016-08-09,2.041885206633009,1.437267905996865,2.744445037739602,3.908983683293686,1.444924810065494,2.06509812955654,0.9497253749679192
2016-08-10,2.030053141785447,1.431803009015889,2.728541865733841,3.886332386208744,1.436551937782073,2.053131553322912,0.9442220233654434
2016-08-11,2.043192644321275,1.428939402997857,2.746202330884222,3.911486641135661,1.445850008576779,2.066420430690698,0.9503334927723394
2016-08-12,2.047572478499884,1.432002509971057,2.752089152601016,3.919871392777967,1.448949365508347,2.07085005647996,0.9523706492413048
2016-08-15,2.030053141785447,1.419750082078256,2.728541865733841,3.886332386208744,1.436551937782073,2.053131553322912,0.9442220233654433
2016-08-16,2.038812810142666,1.425876296024657,2.740315509167429,3.903101889493355,1.44275065164521,2.061990804901436,0.948296336303374
2016-08-17,2.043192644321275,1.428939402997857,2.746202330884222,3.911486641135661,1.445850008576778,2.066420430690698,0.9503334927723394
2016-08-18,2.038812810142666,1.425876296024657,2.740315509167429,3.903101889493355,1.44275065164521,2.061990804901436,0.948296336303374
2016-08-19,2.049762395589189,1.433534063457657,2.755032563459413,3.924063768599119,1.450499043974131,2.073064869374591,0.9533892274757872
2016-08-22,2.043192644321275,1.428939402997857,2.746202330884222,3.911486641135661,1.445850008576778,2.066420430690698,0.9503334927723393
2016-08-23,2.036622893053361,1.424344742538057,2.737372098309032,3.898909513672202,1.441200973179425,2.059775992006805,0.9472777580688913
2016-08-24,2.038812810142666,1.425876296024656,2.740315509167429,3.903101889493354,1.44275065164521,2.061990804901435,0.9482963363033738
2016-08-25,2.036622893053361,1.424344742538056,2.737372098309032,3.898909513672202,1.441200973179425,2.059775992006804,0.9472777580688913
2016-08-26,2.025673307606838,1.416686975105056,2.722655044017048,3.877947634566437,1.433452580850504,2.048701927533649,0.9421848668964778
2016-08-29,2.023483390517534,1.415155421618456,2.719711633158651,3.873755258745284,1.431902902384719,2.046487114639018,0.9411662886619953
2016-08-30,2.028178572757003,1.421281635564856,2.726022306039054,3.882743712505836,1.435225413015361,2.051235673485107,0.9433501203967261
2016-08-31,2.023358756757105,1.422813189051456,2.719544116148277,3.873516659957106,1.431814706235382,2.046361063994886,0.9411083187798136
2016-09-01,2.006890409448654,1.415382091534473,2.700109546475945,3.841989666808603,1.420161003309548,2.029705498288698,0.9343829139290764
2016-09-02,2.006890409448654,1.413344593322091,2.696222632541479,3.841989666808603,1.420161003309548,2.029705498288698,0.9330378329589288
2016-09-05,2.006890409448654,1.415262558306013,2.69988151419179,3.841989666808603,1.420161003309548,2.029705498288698,0.9361763552226064
2016-09-06,2.006890409448654,1.413847295747707,2.694481751163406,3.841989666808603,1.420161003309548,2.029705498288698,0.9541107681579052
2016-09-07,2.006890409448654,1.413847295747707,2.676754897537331,3.841989666808603,1.420161003309548,2.029705498288698,0.9478337236305506
2016-09-08,2.006890409448654,1.413847295747707,2.694481751163406,3.841989666808603,1.420161003309548,2.029705498288698,0.9541107681579052
2016-09-09,2.006890409448654,1.413847295747707,2.670423878385161,3.841989666808603,1.420161003309548,2.029705498288698,0.9455919220136382
2016-09-12,2.006890409448654,1.413847295747707,2.605771510803205,3.841989666808603,1.420161003309548,2.029705498288698,0.923622266167897
2016-09-13,2.006890409448654,1.413847295747707,2.605771510803205,3.841989666808603,1.420161003309548,2.029705498288698,0.9195377036218828
2016-09-14,2.006890409448654,1.413847295747707,2.605771510803205,3.841989666808603,1.420161003309548,2.029705498288698,0.915031743576133
2016-09-19,2.006890409448654,1.413847295747707,2.605771510803205,3.841989666808603,1.420161003309548,2.029705498288698,0.908650660442774
2016-09-20,2.006890409448654,1.413847295747707,2.605771510803205,3.841989666808603,1.420161003309548,2.029705498288698,0.908650660442774
2016-09-21,2.006890409448654,1.413847295747707,2.605771510803205,3.841989666808603,1.420161003309548,2.029705498288698,0.9077420097823312
2016-09-22,2.006890409448654,1.413847295747707,2.603165739292402,3.841989666808603,1.420161003309548,2.029705498288698,0.9111674513286796
2016-09-23,2.006890409448654,1.413847295747707,2.594371260443441,3.841989666808603,1.420161003309548,2.029705498288698,0.9214437759677248
2016-09-26,2.006890409448654,1.413847295747707,2.552911574441197,3.841989666808603,1.420161003309548,2.029705498288698,0.914592892875028
2016-09-27,2.006890409448654,1.413847295747707,2.574269594502959,3.841989666808603,1.420161003309548,2.029705498288698,0.9214437759677248
2016-09-28,2.006890409448654,1.413847295747707,2.570374896726991,3.841989666808603,1.420161003309548,2.029705498288698,0.9214437759677248
2016-09-29,2.006890409448654,1.413847295747707,2.570374896726991,3.841989666808603,1.420161003309548,2.029705498288698,0.9214437759677248
2016-09-30,2.006890409448654,1.413847295747707,2.560819599713136,3.841989666808603,1.420161003309548,2.029705498288698,0.9180183344213764
2016-10-10,2.006890409448654,1.413847295747707,2.570374896726991,3.841989666808603,1.420161003309548,2.029705498288698,0.9214437759677248
2016-10-11,2.006890409448654,1.413847295747707,2.599040787768555,3.841989666808603,1.420161003309548,2.029705498288698,0.93172010060677
2016-10-12,2.006890409448654,1.413847295747707,2.5894854907547,3.841989666808603,1.420161003309548,2.029705498288698,0.9282946590604216
2016-10-13,2.004883519039205,1.413847295747707,2.5894854907547,3.838147677141794,1.418740842306238,2.027675792790409,0.9282946590604216
2016-10-14,2.004883519039205,1.413847295747707,2.5894854907547,3.838147677141794,1.418740842306238,2.027675792790409,0.9282946590604216
2016-10-17,1.997485424873009,1.413847295747707,2.579930193740845,3.823984770584076,1.413505636246068,2.020193594293028,0.9248692175140732
2016-10-18,2.002878635520167,1.413847295747707,2.5894854907547,3.834309529464654,1.417322101463932,2.025648116997619,0.9282946590604216
2016-10-19,2.002878635520167,1.413847295747707,2.5894854907547,3.834309529464654,1.417322101463932,2.025648116997619,0.9282946590604216
2016-10-20,2.002878635520167,1.413847295747707,2.599040787768555,3.834309529464654,1.417322101463932,2.025648116997619,0.93172010060677
2016-10-21,2.002878635520167,1.412433448451959,2.60859608478241,3.834309529464654,1.417322101463932,2.025648116997619,0.9351455421531184
2016-10-24,2.002878635520167,1.412433448451959,2.60859608478241,3.834309529464654,1.417322101463932,2.025648116997619,0.9351455421531184
2016-10-25,2.000875756884647,1.427954695138245,2.637261975823975,3.830475219935189,1.415904779362468,2.023622468880621,0.9454218667921638
2016-10-26,1.991632580833821,1.422780946242816,2.62770667881012,3.812780089843097,1.409363914892587,2.014274212910249,0.9419964252458154
2016-10-27,1.991632580833821,1.422780946242816,2.62770667881012,3.812780089843097,1.409363914892587,2.014274212910249,0.9419964252458154
2016-10-28,1.991632580833821,1.41618959015004,2.618151381796265,3.812780089843097,1.409363914892587,2.014274212910249,0.9385709836994668
2016-10-31,1.991632580833821,1.41618959015004,2.599040787768555,3.812780089843097,1.409363914892587,2.014274212910249,0.93172010060677
2016-11-01,1.991632580833821,1.41618959015004,2.60859608478241,3.812780089843097,1.409363914892587,2.014274212910249,0.9351455421531184
2016-11-02,1.991632580833821,1.41618959015004,2.57037489672699,3.812780089843097,1.409363914892587,2.014274212910249,0.9214437759677246
2016-11-03,1.991632580833821,1.41618959015004,2.558258780113421,3.812780089843097,1.409363914892587,2.014274212910249,0.9161822977525336
2016-11-04,1.991632580833821,1.41618959015004,2.555700521333308,3.812780089843097,1.409363914892587,2.014274212910249,0.9100159981927396
2016-11-07,1.991632580833821,1.41618959015004,2.544763143923893,3.812780089843097,1.409363914892587,2.014274212910249,0.9061214932076066
2016-11-08,1.991632580833821,1.41618959015004,2.550231832628601,3.812780089843097,1.409363914892587,2.014274212910249,0.9080687457001732
2016-11-09,1.989640948252987,1.41618959015004,2.611298856497835,3.808967309753254,1.407954550977695,2.012259938697339,0.9298130652004992
2016-11-10,1.953528791426057,1.41618959015004,2.56390355439037,3.739834220710612,1.382400053019286,1.97573724522011,0.9129368769315896
2016-11-11,1.921049378683005,1.41618959015004,2.523799837222515,3.677655654529164,1.359416239268963,1.942888594234792,0.8986570253194354
2016-11-14,1.921049378683005,1.41618959015004,2.440524468523463,3.677655654529164,1.359416239268963,1.942888594234792,0.8707464062593157
2016-11-15,1.921049378683005,1.41618959015004,2.435643419586417,3.677655654529164,1.359416239268963,1.942888594234792,0.8783053158933769
2016-11-16,1.921049378683005,1.41618959015004,2.435537319274697,3.677655654529164,1.359416239268963,1.942888594234792,0.8774270105774835
2016-11-17,1.921049378683005,1.41618959015004,2.435537319274697,3.677655654529164,1.359416239268963,1.942888594234792,0.8689849701164905
2016-11-18,1.921049378683005,1.41618959015004,2.435537319274697,3.677655654529164,1.359416239268963,1.942888594234792,0.868115985146374
2016-11-21,1.921049378683005,1.41618959015004,2.433101781955422,3.677655654529164,1.359416239268963,1.942888594234792,0.868115985146374
2016-11-22,1.921049378683005,1.41618959015004,2.438490711705047,3.677655654529164,1.359416239268963,1.942888594234792,0.8807431267485032
2016-11-23,1.921049378683005,1.41618959015004,2.440287021621589,3.677655654529164,1.359416239268963,1.942888594234792,0.8838999121490354
2016-11-24,1.919128329304322,1.41618959015004,2.405826612182657,3.673977998874635,1.358056823029694,1.940945705640557,0.8838999121490354
2016-11-25,1.939690418546868,1.41618959015004,2.431603325884613,3.713342048862577,1.372607431847869,1.961741552486705,0.8933702683506319
2016-11-28,1.994522656526991,1.41618959015004,2.500341229089832,3.818312848830423,1.411409055363003,2.017197144076436,0.91862455155489
2016-11-29,1.939690418546868,1.41477340055989,2.431603325884613,3.713342048862576,1.372607431847869,1.961741552486705,0.8933702683506319
2016-11-30,1.973960567284445,1.439769397036214,2.474564515387875,3.778948798842481,1.396858446544828,1.996401297230287,0.9091541953532932
2016-12-01,1.912274299556806,1.394776603378832,2.397234374282004,3.660856648878654,1.353206620090302,1.934013756691841,0.880743126748503
2016-12-02,1.878004150819229,1.369780606902509,2.354273184778742,3.59524989889875,1.328955605393343,1.899354011948259,0.8649591997458416
2016-12-05,1.878004150819229,1.369780606902509,2.354273184778742,3.59524989889875,1.328955605393343,1.899354011948259,0.8649591997458416
2016-12-06,1.898566240061775,1.384778204788303,2.380049898480699,3.634613948886692,1.343506214211519,1.920149858794408,0.8744295559474384
2016-12-07,1.903514849539482,1.389777404083567,2.383864852108589,3.64408756358379,1.34700806073376,1.925154725935382,0.8775863413479708
2016-12-08,1.903514849539482,1.429770998445684,2.404783925591419,3.64408756358379,1.345661052673026,1.925154725935382,0.9028406245522288
2016-12-09,1.903514849539482,1.404775001969361,2.399066651856068,3.64408756358379,1.320813374284333,1.925154725935382,0.8870566975495676
2016-12-12,1.903514849539482,1.419772599855155,2.262244770137397,3.64408756358379,1.320813374284333,1.925154725935382,0.8947339996436618
2016-12-13,1.901611334689942,1.419772599855155,2.271759995248385,3.640443476020206,1.319492560910049,1.923229571209446,0.8984973392846446
2016-12-14,1.925505927377146,1.454766994922007,2.300305670581349,3.686187268389047,1.336072572146615,1.947395806659199,0.909787358207593
2016-12-15,1.899620118632675,1.449767795626743,2.269381188970638,3.636631493322803,1.318110893307001,1.9212157182553,0.8975565043743989
2016-12-16,1.925505927377146,1.454766994922007,2.300305670581349,3.686187268389046,1.336072572146614,1.947395806659198,0.909787358207593
2016-12-19,1.921523495262612,1.451857460932163,2.295548058025855,3.67856330299424,1.33330923694052,1.943368100750906,0.9079056883871016
2016-12-20,1.915549847090811,1.447343914421493,2.288411639192614,3.667127354902029,1.329164234131379,1.937326541888468,0.9050831836563644
2016-12-21,1.937453223720747,1.463893584960616,2.314578508247831,3.709059164573466,1.344362577764897,1.959478924384074,0.9154323676690672
2016-12-22,1.921654915522391,1.454866491939276,2.295705059240186,3.678814893852267,1.333400427002321,1.94350101504588,0.9079677834911778
2016-12-23,1.915374997497808,1.451956758955398,2.288202755125022,3.666792622957325,1.329042909267019,1.937149704539194,0.9050005685124484
2016-12-26,2.028413521940302,1.537646010303586,2.423244229197974,3.883193499066283,1.40747822850245,2.05147329365954,0.9584104381295768
2016-12-27,2.015853685891136,1.528124982376009,2.408239620967646,3.859148957276399,1.398763193031847,2.038770672646168,0.952476008172118
2016-12-28,1.993019903953753,1.513843440484645,2.38096124320491,3.823082144591573,1.38291925854629,2.015677307643858,0.9416872145094582
2016-12-29,1.988910584564157,1.494801384629492,2.376052044765312,3.774993061011805,1.380067878631761,2.011521271957994,0.9397455913867584
2016-12-30,2.007402521817336,1.49956189859328,2.398143437743502,3.787015331906747,1.392899088247139,2.030223432544381,0.948482895438908
2017-01-03,2.034113097849706,1.480519842738127,2.430053227600887,3.738926248326979,1.411433057691574,2.057237664502494,0.9611034457364572
2017-01-04,2.017741569401558,1.451956758955398,2.41049498101753,3.666792622957326,1.400073160112092,2.040680018330014,0.9533680192156208
2017-01-05,1.991279384884816,1.432914703100245,2.378881932086152,3.618703539377558,1.381711544897507,2.013917001696177,0.9408648320783668
2017-01-06,1.951586108109704,1.404351619317516,2.331462358689086,3.546569914007905,1.35416912207563,1.973772476745423,0.9221100513724856
2017-01-09,1.954285250930411,1.409112133281304,2.334686889680086,3.551475000533041,1.358759525879276,1.976502304442074,0.9252358481567992
2017-01-10,1.950340821983579,1.423393675172669,2.332306984593766,3.544306885853066,1.372530737290215,1.97251303373586,0.9346132385097397
2017-01-11,1.950340821983579,1.461477786882974,2.337066794766406,3.544306885853066,1.407844713751665,1.97251303373586,0.9596196127842476
2017-01-12,1.950340821983579,1.499561898593279,2.346586415111687,3.544306885853066,1.407844713751665,1.97251303373586,0.9846259870587558
2017-01-13,1.950340821983579,1.475759328774338,2.325267225348431,3.544306885853066,1.407844713751665,1.97251303373586,0.9670590091309138
2017-01-16,1.948390481161596,1.480519842738127,2.342737302172988,3.540762578967213,1.406436869037913,1.970540520702124,0.9743246665999664
2017-01-17,1.957108111949791,1.485280356701915,2.353219348267722,3.55660491712814,1.412729651449716,1.979357256812649,0.9786840610813982
2017-01-18,1.950569888858644,1.464772062545915,2.345357813696671,3.544723163507445,1.408010064640864,1.972744704729756,0.9754145152203244
2017-01-19,1.933861096514604,1.464772062545915,2.325267225348432,3.514358682032335,1.395948898351576,1.955845960517918,0.967059009130914
2017-01-20,1.938219911908702,1.463307290483369,2.330508248395799,3.522279851112798,1.399095289557477,1.96025432857318,0.9692387063716298
2017-01-23,1.947664011929246,1.470437348495469,2.34186379833176,3.539442384120469,1.405912470503597,1.969805792692914,0.973961383726514
2017-01-24,1.942813376864848,1.468243484491746,2.338369782966848,3.53062744312876,1.402411061489963,1.964900013775417,0.9725082522327034
2017-01-25,1.942813376864848,1.453983368467545,2.315658683094925,3.53062744312876,1.402411061489963,1.964900013775417,0.9630628975229348
2017-01-26,1.942813376864848,1.447050209749779,2.302309797393282,3.53062744312876,1.402411061489963,1.964900013775417,0.9575112086508318
2017-02-03,1.942813376864848,1.447050209749779,2.270832905632046,3.53062744312876,1.402411061489963,1.964900013775417,0.9444202350950588
2017-02-06,1.940870563487983,1.447050209749779,2.264087857397495,3.527096815685631,1.401008650428473,1.962935113761641,0.9416150264759644
2017-02-07,1.90812246840931,1.447050209749779,2.228114266813225,3.467584499900811,1.377369585900737,1.929814725958341,0.9266539138407952
2017-02-08,1.90812246840931,1.447050209749779,2.234859315047776,3.467584499900811,1.377369585900737,1.929814725958341,0.9294591224598896
2017-02-09,1.906214345940901,1.447050209749779,2.23038959641768,3.46411691540091,1.375992216314836,1.927884911232382,0.9276002042149698
2017-02-10,1.918317294169097,1.447050209749779,2.244550800204459,3.486111308514567,1.384728674831121,1.940125450351318,0.9334897293210964
2017-02-13,1.924368768283195,1.445603159540029,2.251631402097848,3.497108505071395,1.389096904089263,1.946245719910786,0.9364344918741599
2017-02-14,1.924368768283195,1.445603159540029,2.251631402097848,3.497108505071395,1.389096904089263,1.946245719910786,0.9364344918741599
2017-02-15,1.912265820054999,1.436511315769337,2.237470198311069,3.475114111957738,1.380360445572979,1.93400518079185,0.9305449667680332
2017-02-16,1.918317294169097,1.441057237654683,2.244550800204459,3.486111308514567,1.384728674831121,1.940125450351318,0.9334897293210964
2017-02-17,1.954626138853686,1.46833276896676,2.287034411564795,3.552094487855537,1.410938050379975,1.976847067708126,0.951158304639477
2017-02-20,1.966729087081882,1.477424612737452,2.301195615351574,3.574088880969194,1.41967450889626,1.989087606827062,0.957047829745604
2017-02-21,1.966729087081882,1.477424612737452,2.301195615351574,3.574088880969194,1.41967450889626,1.989087606827062,0.957047829745604
2017-02-22,1.97278056119598,1.481970534622798,2.308276217244964,3.585086077526022,1.424042738154402,1.995207876386529,0.9599925922986672
2017-02-23,1.97278056119598,1.481970534622798,2.308276217244964,3.585086077526022,1.424042738154402,1.995207876386529,0.9599925922986672
2017-02-24,1.960677612967784,1.472878690852106,2.294115013458185,3.563091684412365,1.415306279638118,1.982967337267594,0.9541030671925405
2017-02-27,1.954626138853686,1.46833276896676,2.287034411564795,3.552094487855537,1.410938050379975,1.976847067708126,0.951158304639477
2017-02-28,1.960677612967784,1.472878690852106,2.294115013458185,3.563091684412365,1.415306279638118,1.982967337267594,0.9541030671925405
2017-03-01,1.966729087081882,1.477424612737452,2.301195615351574,3.574088880969193,1.41967450889626,1.989087606827062,0.957047829745604
2017-03-02,1.966729087081882,1.477424612737452,2.301195615351574,3.574088880969193,1.41967450889626,1.989087606827062,0.957047829745604
2017-03-03,1.960677612967784,1.472878690852106,2.294115013458185,3.563091684412365,1.415306279638118,1.982967337267594,0.9541030671925405
2017-03-06,1.97278056119598,1.481970534622798,2.308276217244964,3.585086077526022,1.424042738154403,1.995207876386529,0.9599925922986672
2017-03-07,1.962795628907718,1.477424612737452,2.296593224120871,3.566940703207255,1.416835159878468,1.989087606827062,0.9551337340861128
2017-03-08,1.951402092275536,1.46833276896676,2.283262076118059,3.546235506513176,1.408610786918751,1.972893373572709,0.9495894221732116
2017-03-09,1.93586545141347,1.46833276896676,2.265083237932406,3.518001147384886,1.397395732882774,1.957185623783118,0.9420289968374378
2017-03-10,1.934829675355999,1.471405812161253,2.263871315386695,3.516118856776334,1.396648062613709,1.956138440463812,0.9415249684817196
2017-03-13,1.957616748620363,1.469934406349092,2.29053361139232,3.557529250164492,1.413096808533142,1.979176473488546,0.9526135923075212
2017-03-14,1.942080107758297,1.45680999200669,2.272354773206667,3.529294891036202,1.401881754497165,1.963468723698955,0.9450531669717472
2017-03-15,1.943115883815768,1.45680999200669,2.273566695752377,3.531177181644754,1.40262942476623,1.964515907018261,0.9455571953274656
2017-03-16,1.949330540160594,1.455353182014683,2.280838231026638,3.54247092529607,1.407115446380621,1.970799006934097,0.9485813654617752
2017-03-17,1.926686403992162,1.438447267421057,2.252086580552209,3.501320288011893,1.390769878958318,1.947905485207427,0.9366237967507152
2017-03-20,1.924759717588169,1.438447267421057,2.269494013058893,3.497818967723881,1.38937910907936,1.94595757972222,0.9438634009768078
2017-03-21,1.921068903172852,1.437008820153636,2.265142154932222,3.491111740556625,1.386714911363005,1.942226117440873,0.9420534999202846
2017-03-22,1.887851573434993,1.412161405395936,2.225975431792184,3.430746696051323,1.362737131915806,1.908642956908754,0.9257643904115764
2017-03-23,1.897078609473287,1.419063465050853,2.236855077108862,3.447514763969464,1.369397626206695,1.917971612612121,0.9302891430528846
2017-03-24,1.90815105271924,1.425918590700116,2.249910651488875,3.467636445471231,1.377390219355761,1.929165999456161,0.935718846222454
2017-03-27,1.906305645511581,1.425918590700116,2.247734722425539,3.464282831887603,1.376058120497583,1.927300268315487,0.9348138956941924
2017-03-28,1.917378088757534,1.425918590700116,2.260790296805552,3.48440451338937,1.38405071364665,1.938494655159527,0.9402435988637616
2017-03-29,1.937677568041782,1.424492672109416,2.284725516502242,3.521294262809277,1.398703801086605,1.959017697706933,0.9501980546746388
2017-03-30,1.93952297524944,1.425849331797139,2.286901445565577,3.524647876392904,1.400035899944782,1.960883428847606,0.9511030052029004
2017-03-31,1.943213789664758,1.428562651172585,2.291253303692248,3.53135510356016,1.402700097661138,1.964614891128952,0.9529129062594236
2017-04-05,1.945059196872417,1.429919310860309,2.293429232755583,3.534708717143788,1.404032196519315,1.966480622269626,0.953817856787685
2017-04-06,1.93952297524944,1.425849331797139,2.286901445565577,3.524647876392904,1.400035899944782,1.960883428847606,0.9511030052029004
2017-04-07,1.937677568041781,1.424492672109416,2.284725516502241,3.521294262809276,1.398703801086605,1.959017697706933,0.9501980546746388
2017-04-10,1.935832160834122,1.423136012421692,2.282549587438905,3.517940649225648,1.397371702228427,1.957151966566259,0.9492931041463772
2017-04-11,1.922751914546237,1.416352713983076,2.267126602237984,3.494170236144894,1.387929785521663,1.947823310862893,0.9428788148020592
2017-04-12,1.941883774392468,1.395918705766588,2.289685075892093,3.528938099191111,1.401740032143769,1.919721668422072,0.9522606935563086
2017-04-13,1.949399862189202,1.401321628273074,2.298547333399065,3.542596902530697,1.407165486173882,1.927151977483523,0.9559464316383351
2017-04-14,1.953499546441966,1.404268676912975,2.303381292039231,3.550047158897744,1.410124824735762,1.931204873335223,0.9579568342285316
2017-04-17,1.948716581480408,1.400830453499757,2.297741673625704,3.54135519313619,1.406672263080236,1.926476494841573,0.9556113645399692
2017-04-18,1.942567055101262,1.396409880539905,2.290490735665454,3.530179808585619,1.402233255237416,1.920397151064022,0.9525957606546748
2017-04-19,1.941200493683674,1.395427530993272,2.288879416118732,3.527696389796604,1.401246809050123,1.919046185780122,0.9519256264579428
2017-04-20,1.937784090139704,1.392971657126687,2.284851117251927,3.521487842824065,1.398780693581889,1.915668772570372,0.9502502909661124
2017-04-21,1.929702929196798,1.387162533082668,2.277600179291678,3.506802145815222,1.392947344053331,1.907679839364028,0.947234687080818
2017-04-24,1.929702929196798,1.387162533082668,2.259875664277735,3.506802145815222,1.392947344053331,1.907679839364028,0.9398632109167648
2017-04-25,1.929702929196798,1.387162533082668,2.261486983824457,3.506802145815222,1.392947344053331,1.907679839364028,0.9405333451134972
2017-04-26,1.929702929196798,1.387162533082668,2.246511379957222,3.506802145815222,1.392947344053331,1.907679839364028,0.934305117889069
2017-04-27,1.929702929196798,1.387162533082668,2.273577782125381,3.506802145815222,1.392947344053331,1.907679839364028,0.9325828964736051
2017-04-28,1.929702929196798,1.387162533082668,2.290333173943765,3.506802145815222,1.391554396709277,1.907679839364028,0.9334440071813374
2017-05-02,1.927773226267601,1.387162533082668,2.28060731343134,3.503295343669406,1.399256727318369,1.905772159524664,0.9386106714277286
2017-05-03,1.93661622271837,1.387162533082668,2.291068814869098,3.51936550579633,1.405675336159279,1.914514233650924,0.9429162249663876
2017-05-04,1.931310424847909,1.385775370549586,2.284791914006443,3.509723408520176,1.401824170854733,1.909268989175168,0.9403328928431922
2017-05-05,1.961376612780523,1.407348796647885,2.320361018894822,3.564361959751717,1.423647440913827,1.938992041204452,0.9549717748746338
2017-05-08,2.00736019432452,1.440343448327637,2.374760826371166,3.647926802811722,1.457024206886559,1.984450826661003,0.9773606532756622
2017-05-09,1.994979999293444,1.431460272875396,2.360114724358304,3.625428575834028,1.448038154509285,1.972211922884239,0.9713328783215393
2017-05-10,2.019740389355597,1.449226623779878,2.389406928384028,3.670425029789415,1.466010259263833,1.996689730437767,0.9833884282297852
2017-05-11,2.055112375158672,1.474607125071995,2.431252934135061,3.73470567829711,1.491684694627472,2.031658026942807,1.000610642384423
2017-05-12,2.003822995744213,1.437805398198425,2.370576225796063,3.641498737960952,1.454456763350195,1.980953997010499,0.9756384318601988
2017-05-15,2.021508988645751,1.450495648844484,2.39149922867158,3.673639062214801,1.467293981032015,1.99843814526302,0.9842495389375174
2017-05-16,2.010897392904828,1.442881498456849,2.37894542694627,3.654354867662492,1.459591650422923,1.987947656311507,0.9790828746911262
2017-05-17,1.980831204972215,1.42130807235855,2.343376322057891,3.599716316430951,1.437768380363829,1.958224604282224,0.9644439926596848
2017-05-18,1.96491381136083,1.409886846777097,2.324545619469926,3.570790024602488,1.426214884450191,1.942488870854956,0.956693996290098
2017-05-19,1.971988208521445,1.41496294703552,2.332914820620132,3.583646154304026,1.431349771522919,1.949482530155964,0.9601384391210251
2017-05-22,2.012665992194981,1.444150523521455,2.38103772723382,3.657568900087876,1.460875372191105,1.989696071136759,0.979943985398858
2017-05-23,2.016203190775289,1.446688573650666,2.385222327808924,3.663996964938645,1.463442815727469,1.993192900787263,0.9816662068143218
2017-05-24,1.993211400003291,1.430191247810791,2.358022424070752,3.622214543408643,1.446754432741103,1.970463508058988,0.9704717676138076
2017-05-25,1.980831204972214,1.42130807235855,2.34337632205789,3.59971631643095,1.437768380363829,1.958224604282224,0.9644439926596848
2017-05-26,1.975316712385515,1.418770022229338,2.334513338039821,3.5896949633286,1.433765735890638,1.952773046857088,0.9627217712442212
2017-05-31,1.975316712385515,1.412424896906309,2.338659898142911,3.5896949633286,1.433765735890638,1.952773046857088,0.9584162177055616
2017-06-01,1.975316712385515,1.413547984088485,2.295812110410979,3.5896949633286,1.433765735890638,1.952773046857088,0.9582181622427834
2017-06-02,1.975316712385515,1.413547984088485,2.31930928432849,3.5896949633286,1.433765735890638,1.952773046857088,0.9561478313196804
2017-06-05,1.975316712385515,1.413547984088485,2.329844311363742,3.5896949633286,1.433765735890638,1.952773046857088,0.967879706550597
2017-06-06,1.975316712385515,1.413547984088485,2.343964579917462,3.5896949633286,1.433765735890638,1.952773046857088,0.9737456441660552
2017-06-07,1.975316712385515,1.413547984088485,2.344795183950033,3.5896949633286,1.433765735890638,1.952773046857088,0.9740906993199056
2017-06-08,1.975316712385515,1.413547984088485,2.330674915396314,3.5896949633286,1.433765735890638,1.952773046857088,0.9682247617044476
2017-06-09,1.975316712385515,1.413547984088485,2.309079210549448,3.5896949633286,1.433765735890638,1.952773046857088,0.9592533277043348
2017-06-12,1.975316712385515,1.413547984088485,2.30077317022373,3.5896949633286,1.433765735890638,1.952773046857088,0.9538911706134984
2017-06-13,1.975316712385515,1.413547984088485,2.302621264196202,3.5896949633286,1.433765735890638,1.952773046857088,0.9432228049446124
2017-06-14,1.975316712385515,1.413547984088485,2.302621264196202,3.5896949633286,1.433765735890638,1.952773046857088,0.945602105713842
2017-06-15,1.975316712385515,1.413547984088485,2.302621264196202,3.5896949633286,1.433765735890638,1.952773046857088,0.9359088343800004
2017-06-16,1.975316712385515,1.413547984088485,2.302621264196202,3.5896949633286,1.433765735890638,1.952773046857088,0.9332256095107916
2017-06-19,1.975316712385515,1.413547984088485,2.300318642932006,3.5896949633286,1.433765735890638,1.952773046857088,0.9369821243276838
2017-06-20,1.975316712385515,1.413547984088485,2.30295360128588,3.5896949633286,1.433765735890638,1.952773046857088,0.9380554142753672
2017-06-21,1.973341395673129,1.413547984088485,2.309540997170565,3.586105268365272,1.432331970154747,1.950820273810231,0.940738639144576
2017-06-22,1.941821966649258,1.413547984088485,2.272651580216329,3.528825777484366,1.409453878218448,1.919660566071106,0.9257125798770072
2017-06-23,1.955330293373774,1.413547984088485,2.288461330339573,3.55337413071904,1.419258774762576,1.933014726530731,0.9321523195631082
2017-06-26,1.968838620098291,1.413547984088485,2.304271080462818,3.577922483953714,1.429063671306704,1.946368886990357,0.9385920592492092
2017-06-27,1.965461538417162,1.412134436104397,2.300318642932007,3.571785395645046,1.426612447170672,1.94303034687545,0.936982124327684
2017-06-28,1.951953211692645,1.402429044790964,2.284508892808763,3.547237042410372,1.416807550626544,1.929676186415825,0.930542384641583
2017-06-29,1.958997804079481,1.408899305666586,2.295048726224258,3.560039008622254,1.421920804174307,1.93664038109552,0.934835544432317
2017-06-30,1.958997804079481,1.413752001323302,2.302953601285881,3.560039008622254,1.421920804174307,1.93664038109552,0.9380554142753674
2017-07-03,1.958997804079481,1.426692523074545,2.324033268116873,3.560039008622254,1.421920804174307,1.93664038109552,0.9466417338568353
2017-07-04,1.958997804079481,1.419413479589471,2.312175955524439,3.560039008622254,1.421920804174307,1.93664038109552,0.9418119290922596
2017-07-05,1.958997804079481,1.424266175246187,2.320080830586062,3.560039008622254,1.421920804174307,1.93664038109552,0.94503179893531
2017-07-06,1.958997804079481,1.416378118456195,2.309540997170565,3.560039008622254,1.421920804174307,1.93664038109552,0.940738639144576
2017-07-07,1.958997804079481,1.416378118456195,2.305588559639754,3.560039008622254,1.421920804174307,1.93664038109552,0.9391287042230508
2017-07-10,1.958997804079481,1.416378118456195,2.256272679088648,3.560039008622254,1.421920804174307,1.93664038109552,0.9208827751124316
2017-07-11,1.958997804079481,1.416378118456195,2.26448477255212,3.560039008622254,1.421920804174307,1.93664038109552,0.909239725759961
2017-07-12,1.958997804079481,1.416378118456195,2.272696866015591,3.560039008622254,1.421920804174307,1.93664038109552,0.909239725759961
2017-07-13,1.958997804079481,1.416378118456195,2.313227653304552,3.560039008622254,1.421920804174307,1.93664038109552,0.909239725759961
2017-07-14,1.958997804079481,1.416378118456195,2.301431629060061,3.560039008622254,1.421920804174307,1.93664038109552,0.9083304860342012
2017-07-17,1.958997804079481,1.416378118456195,2.169687823290642,3.560039008622254,1.421920804174307,1.93664038109552,0.9027136014032476
2017-07-18,1.958997804079481,1.416378118456195,2.180153849896497,3.560039008622254,1.421920804174307,1.93664038109552,0.8954918925920218
2017-07-19,1.958997804079481,1.416378118456195,2.180958928866177,3.560039008622254,1.421920804174307,1.93664038109552,0.8938870684117494
2017-07-20,1.958997804079481,1.416378118456195,2.180153849896497,3.560039008622254,1.421920804174307,1.93664038109552,0.8929001015408817
2017-07-21,1.958997804079481,1.416378118456195,2.188649043184572,3.560039008622254,1.421920804174307,1.93664038109552,0.8901778451337449
2017-07-24,1.958997804079481,1.416378118456195,2.195254883979903,3.560039008622254,1.421920804174307,1.93664038109552,0.887455588726608
2017-07-25,1.957038806275401,1.416378118456195,2.201988794666958,3.556478969613632,1.420498883370132,1.934703740714424,0.8901778451337449
2017-07-26,1.951053978121654,1.416378118456195,2.195254883979903,3.545602887137749,1.416154850087655,1.928787215513462,0.887455588726608
2017-07-27,1.963023634429149,1.416378118456195,2.208722705354013,3.567355052089515,1.42484291665261,1.940620265915386,0.8929001015408816
2017-07-28,1.945069149967906,1.416378118456195,2.188520973292848,3.534726804661867,1.411810816805177,1.922870690312501,0.8847333323194712
2017-07-31,1.951053978121653,1.416378118456195,2.195254883979903,3.545602887137749,1.416154850087655,1.928787215513462,0.8874555887266079
2017-08-01,1.945069149967906,1.414961740337739,2.188520973292848,3.534726804661866,1.411810816805177,1.922870690312501,0.884733332319471
2017-08-02,1.957038806275401,1.423669197201356,2.201988794666958,3.556478969613631,1.420498883370132,1.934703740714424,0.8901778451337448
2017-08-03,1.945069149967906,1.414961740337739,2.188520973292848,3.534726804661866,1.411810816805177,1.922870690312501,0.884733332319471
2017-08-04,1.937145237492344,1.41060801190593,2.181787062605793,3.520326871463797,1.406059316739177,1.915037210946428,0.8820110759123342
2017-08-07,1.937145237492344,1.419315468769547,2.190864374211943,3.520326871463797,1.406059316739177,1.915037210946428,0.8856806775491546
2017-08-08,1.937145237492344,1.419315468769547,2.186844439580362,3.520326871463797,1.406059316739177,1.915037210946428,0.884055575388514
2017-08-09,1.937145237492344,1.413546778597401,2.192472348064575,3.520326871463797,1.406059316739177,1.915037210946428,0.8845580569765839
2017-08-10,1.937145237492344,1.413546778597401,2.210160060443535,3.520326871463797,1.406059316739177,1.915037210946428,0.8813894908023393
2017-08-11,1.935208092254852,1.413546778597401,2.216973045657139,3.516806544592334,1.404653257422438,1.913122173735481,0.8761085471785985
2017-08-14,1.985367192897986,1.413546778597401,2.274435276496956,3.607959456839152,1.441060786095834,1.962708824410964,0.8988166047606839
2017-08-15,1.99003315574851,1.413546778597401,2.279780600296009,3.616438797513274,1.444447532949173,1.967321536101706,0.90092898221018
2017-08-16,2.023861386414809,1.412133231818804,2.318534197839142,3.677914017400663,1.469001447635883,2.00076369585959,0.9162437187190288
2017-08-17,2.03669278425375,1.421086237899499,2.333233838286537,3.7012322042545,1.478315001482566,2.013448653009132,0.9220527567051434
2017-08-18,2.021528404989547,1.410505412531404,2.315861535939615,3.673674347063602,1.467308074209213,1.998457340014219,0.9151875299942804
2017-08-21,2.026194367840071,1.413761051106203,2.321206859738668,3.682153687737724,1.470694821062552,2.003070051704961,0.9172999074437768
2017-08-22,2.01336297000113,1.404808045025507,2.306507219291273,3.658835500883886,1.461381267215869,1.990385094555419,0.9114908694576616
2017-08-23,2.00286455358745,1.397482858232211,2.294480240743404,3.639756984367111,1.453761086795856,1.980006493251248,0.906738020196295
2017-08-24,1.988866665035878,1.387715942507816,2.278444269346246,3.614318962344743,1.443600846235839,1.966168358179021,0.900400887847806
2017-08-25,2.009863497863236,1.402366316094408,2.302498226441983,3.652475995378294,1.458841207075865,1.986925560787362,0.9099065863705394
2017-08-28,2.047191200667428,1.428411424692795,2.345260816834405,3.720310720771274,1.485935181902579,2.023827254313302,0.9268056059665098
2017-08-29,2.033193312115857,1.4186445089684,2.329224845437247,3.694872698748907,1.475774941342561,2.009989119241075,0.920468473618021
2017-08-30,2.04835769138006,1.429225334336495,2.346597147784169,3.722430555939805,1.486781868615914,2.024980432235988,0.927333700328884
2017-08-31,2.058856107793739,1.436550521129792,2.358624126332037,3.741509072456581,1.494402049035927,2.035359033540159,0.9320865495902506
2017-09-01,2.07168750563268,1.445503527210487,2.373323766779432,3.764827259310419,1.50371560288261,2.048043990689701,0.9378955875763656
2017-09-04,2.095017319885301,1.461781720084479,2.400050385774696,3.807223962681032,1.520649337149306,2.071107549143414,0.9484574748238472
2017-09-05,2.095017319885301,1.461781720084479,2.400050385774696,3.807223962681032,1.520649337149306,2.071107549143414,0.9484574748238472
2017-09-06,2.114847662000028,1.475618184027373,2.422768011920671,3.843261160546053,1.535043011275997,2.09071157382907,0.9574350789842068
2017-09-07,2.099683282735825,1.465037358659278,2.405395709573749,3.815703303355155,1.524036084002645,2.075720260834157,0.9505698522733438
2017-09-08,2.089184866322146,1.457712171865981,2.39336873102588,3.796624786838378,1.516415903582632,2.065341659529985,0.9458170030119768
2017-09-11,2.107848717724242,1.470734726165175,2.414750026222092,3.830542149534869,1.529962890995989,2.083792506292956,0.9542665128099622
2017-09-12,2.091517847747408,1.45933999115338,2.396041392925407,3.80086445717544,1.518109277009301,2.067648015375357,0.9468731917367252
2017-09-13,2.096183810597932,1.462595629728179,2.40138671672446,3.809343797849563,1.521496023862641,2.072260727066099,0.9489855691862216
2017-09-14,2.084518903471622,1.454456533291183,2.388023407226828,3.788145446164256,1.513029156729293,2.060728947839243,0.9437046255624806
2017-09-15,2.078686449908467,1.450386985072685,2.381341752478012,3.777546270321603,1.508795723162619,2.054963058225815,0.9410641537506104
2017-09-18,2.109015208436873,1.471548635808874,2.416086357171855,3.8326619847034,1.530809577709324,2.084945684215641,0.9547946071723364
2017-09-19,2.088018375609515,1.456898262222281,2.392032400076118,3.794504951669848,1.515569216869297,2.0641884816073,0.9452889086496028
2017-09-20,2.100849773448456,1.465851268302977,2.406732040523512,3.817823138523685,1.52488277071598,2.076873438756841,0.9510979466357176
2017-09-21,2.072200761546239,1.448759165785285,2.373911752397329,3.765759986784572,1.504088145036478,2.048551388975682,0.9381279490958104
2017-09-22,2.087015422933522,1.443061798279388,2.390883418187479,3.79268231019322,1.514841232757918,2.06319697531331,0.9448348513234838
2017-09-25,2.094422753627164,1.422917534597823,2.399369251082555,3.806143471897544,1.520217776618638,2.070519768482124,0.9481883024373204
2017-09-26,2.062941598179187,1.422917534597823,2.363304461278485,3.748933534654168,1.497367465210578,2.039397897514665,0.9339361352035146
2017-09-27,2.07590442689306,1.421494617063225,2.378154668844866,3.772490567636734,1.506776416966838,2.052212785560089,0.9398046746527288
2017-09-28,2.081459924913291,1.42529879534261,2.384519043516172,3.782586438914977,1.510808824862378,2.0577048804367,0.9423197629881062
2017-09-29,2.098126418973984,1.436711330180762,2.403612167530092,3.812874052749704,1.522906048548998,2.074181165066531,0.9498650279942386
2017-10-09,2.112941080361267,1.446855805592453,2.420583833320242,3.839796376158352,1.533659136270439,2.088826751404159,0.9565719302219118
2017-10-10,2.120348411054909,1.451928043298298,2.429069666215318,3.853257537862675,1.539035680131159,2.096149544572972,0.9599253813357485
2017-10-11,2.122200243728319,1.45319610272476,2.431191124439086,3.856622828288756,1.540379816096338,2.097980242865175,0.9607637441142076
2017-10-12,2.131459407095371,1.459536399857067,2.441798415557931,3.873449280419161,1.547100495922239,2.107133734326193,0.9649555580065036
2017-10-13,2.12960757442196,1.458268340430605,2.439676957334162,3.87008398999308,1.545756359957059,2.105303036033989,0.9641171952280442
2017-10-16,2.131459407095371,1.459536399857066,2.441798415557931,3.873449280419161,1.547100495922239,2.107133734326193,0.9649555580065032
2017-10-17,2.140718570462422,1.465876696989373,2.452405706676775,3.890275732549565,1.553821175748139,2.11628722578721,0.9691473718987992
2017-10-18,2.12960757442196,1.458268340430605,2.439676957334162,3.870083989993079,1.545756359957058,2.105303036033989,0.964117195228044
2017-10-19,2.144422235809243,1.468412815842296,2.456648623124313,3.897006313401727,1.556509447678499,2.119948622371617,0.9708240974557176
2017-10-20,2.142570403135833,1.467144756415835,2.454527164900544,3.893641022975646,1.555165311713319,2.118117924079414,0.9699857346772583
2017-10-23,2.140718570462423,1.465876696989373,2.452405706676775,3.890275732549565,1.553821175748139,2.116287225787211,0.9691473718987992
2017-10-24,2.12719648828118,1.459536399857066,2.436914818726815,3.865702381858322,1.544006294930394,2.102919466857541,0.9630256468904904
2017-10-25,2.12719648828118,1.458268340430605,2.436914818726815,3.865702381858322,1.544006294930394,2.102919466857541,0.9630256468904904
2017-10-26,2.120750438316692,1.46334057813645,2.429530228367037,3.853988132216327,1.539327487976059,2.09654698362464,0.9601073873544588
2017-10-27,2.12719648828118,1.479825350680448,2.436914818726815,3.865702381858322,1.544006294930394,2.102919466857541,0.9630256468904904
2017-10-30,2.172318838032599,1.479396746594305,2.488606951245263,3.947702129352287,1.576757943610736,2.147526849487853,0.9834534636427132
2017-10-31,2.198103037890553,1.496956351895127,2.518145312684376,3.994559127920266,1.595473171428074,2.17301678241946,0.9951265017868404
2017-11-01,2.21099513781953,1.505736154545538,2.532914493403932,4.017987627204256,1.604830785336743,2.185761748885263,1.000963020858904
2017-11-02,2.198103037890553,1.496956351895127,2.518145312684376,3.994559127920267,1.595473171428074,2.17301678241946,0.9951265017868404
2017-11-03,2.204549087855041,1.501346253220333,2.525529903044154,4.006273377562262,1.600151978382408,2.179389265652361,0.998044761322872
2017-11-06,2.21099513781953,1.505736154545538,2.532914493403932,4.017987627204257,1.604830785336743,2.185761748885263,1.000963020858904
2017-11-07,2.223887237748506,1.514515957195949,2.547683674123488,4.041416126488246,1.614188399245411,2.198506715351066,1.006799539930967
2017-11-08,2.217441187784017,1.510126055870743,2.54029908376371,4.029701876846251,1.609509592291077,2.192134232118164,1.003881280394936
2017-11-09,2.223887237748506,1.514515957195949,2.547683674123488,4.041416126488246,1.614188399245411,2.198506715351066,1.006799539930967
2017-11-10,2.223887237748506,1.514515957195949,2.547683674123488,4.041416126488246,1.614188399245411,2.198506715351066,1.006799539930967
2017-11-13,2.217441187784017,1.510126055870743,2.54029908376371,4.02970187684625,1.609509592291076,2.192134232118164,1.003881280394936
2017-11-14,2.223887237748506,1.514515957195949,2.547683674123488,4.041416126488245,1.614188399245411,2.198506715351065,1.006799539930967
2017-11-15,2.217441187784017,1.510126055870743,2.54029908376371,4.029701876846249,1.609509592291076,2.192134232118163,1.003881280394936
2017-11-16,2.217441187784017,1.510126055870743,2.54029908376371,4.029701876846249,1.609509592291076,2.192134232118163,1.003881280394936
2017-11-17,2.223887237748506,1.514515957195949,2.547683674123488,4.041416126488244,1.614188399245411,2.198506715351065,1.006799539930967
2017-11-20,2.210995137819529,1.505736154545537,2.532914493403932,4.017987627204255,1.604830785336742,2.185761748885262,1.000963020858904
2017-11-21,2.217441187784017,1.510126055870743,2.54029908376371,4.029701876846249,1.609509592291076,2.192134232118163,1.003881280394936
2017-11-22,2.236779337677483,1.52329575984636,2.562452854843045,4.064844625772234,1.62354601315408,2.211251681816868,1.012636059003031
2017-11-23,2.221663350510757,1.514515957195949,2.547683674123489,4.037374710361756,1.612574210846165,2.196308208635714,1.006799539930967
2017-11-24,2.221663350510757,1.518905858521154,2.555068264483267,4.037374710361756,1.612574210846165,2.196308208635714,1.009717799466999
2017-11-27,2.221663350510757,1.518905858521154,2.555068264483267,4.037374710361756,1.612574210846165,2.196308208635714,1.009717799466999
2017-11-28,2.221663350510757,1.517386952662633,2.555068264483267,4.037374710361756,1.612574210846165,2.196308208635714,1.009717799466999
2017-11-29,2.221663350510757,1.517386952662633,2.577222035562602,4.037374710361756,1.612574210846165,2.196308208635714,1.018472578075095
2017-11-30,2.221663350510757,1.517386952662633,2.547683674123489,4.037374710361756,1.612574210846165,2.196308208635714,1.006799539930967
2017-12-01,2.221663350510757,1.517386952662633,2.562452854843046,4.037374710361756,1.612574210846165,2.196308208635714,1.012636059003031
2017-12-04,2.221663350510757,1.517386952662633,2.569837445202824,4.037374710361756,1.612574210846165,2.196308208635714,1.015554318539063
2017-12-05,2.221663350510757,1.517386952662633,2.505739200879949,4.037374710361756,1.612574210846165,2.196308208635714,0.9922082422508086
2017-12-06,2.221663350510757,1.517386952662633,2.529629076935054,4.037374710361756,1.612574210846165,2.196308208635714,0.988300692732062
2017-12-07,2.221663350510757,1.517386952662633,2.512676983344276,4.037374710361756,1.612574210846165,2.196308208635714,0.988300692732062
2017-12-08,2.221663350510757,1.517386952662633,2.496666672730763,4.037374710361756,1.612574210846165,2.196308208635714,0.988300692732062
2017-12-11,2.221663350510757,1.517386952662633,2.498550238685294,4.037374710361756,1.612574210846165,2.196308208635714,0.988300692732062
2017-12-12,2.221663350510757,1.517386952662633,2.494783106776232,4.037374710361756,1.612574210846165,2.196308208635714,0.988300692732062
2017-12-13,2.221663350510757,1.517386952662633,2.495724889753498,4.037374710361756,1.612574210846165,2.196308208635714,0.98731239203933
2017-12-14,2.221663350510757,1.517386952662633,2.518327681207869,4.037374710361756,1.612574210846165,2.196308208635714,0.9864792170249508
2017-12-15,2.221663350510757,1.517386952662633,2.512351126434142,4.037374710361756,1.612574210846165,2.196308208635714,0.9764811168524006
2017-12-18,2.221663350510757,1.517386952662633,2.498334219432268,4.037374710361756,1.612574210846165,2.196308208635714,0.9745281546186958
2017-12-19,2.221663350510757,1.517386952662633,2.504526799539372,4.037374710361756,1.612574210846165,2.196308208635714,0.9856656192429094
2017-12-20,2.221663350510757,1.517386952662633,2.497451865077397,4.037374710361756,1.612574210846165,2.196308208635714,0.982881253086856
2017-12-21,2.221663350510757,1.517386952662633,2.469152127229494,4.037374710361756,1.612574210846165,2.196308208635714,0.9717437884626424
2017-12-22,2.221663350510757,1.517386952662633,2.469152127229494,4.037374710361756,1.612574210846165,2.196308208635714,0.9717437884626424
2017-12-25,2.221663350510757,1.517386952662633,2.469152127229494,4.037374710361756,1.612574210846165,2.196308208635714,0.9717437884626424
2017-12-26,2.221663350510757,1.517386952662633,2.47622706169147,4.037374710361756,1.612574210846165,2.196308208635714,0.9745281546186956
2017-12-27,2.221663350510757,1.517386952662633,2.44303146919588,4.037374710361756,1.612574210846165,2.196308208635714,0.963390689994482
2017-12-28,2.221663350510757,1.517386952662633,2.45352301538261,4.037374710361756,1.612574210846165,2.196308208635714,0.9661750561505352
2017-12-29,2.221663350510757,1.517386952662633,2.464014561569341,4.037374710361756,1.612574210846165,2.196308208635714,0.9661750561505352
2018-01-02,2.221663350510757,1.517386952662633,2.495489200129533,4.037374710361756,1.612574210846165,2.196308208635714,0.969800300885717
2018-01-03,2.221663350510757,1.517386952662633,2.526397295195642,4.037374710361756,1.612574210846165,2.196308208635714,0.9733618150277872
2018-01-04,2.221663350510757,1.517386952662633,2.513455633237084,4.037374710361756,1.612574210846165,2.196308208635714,0.968375695228889
2018-01-05,2.221663350510757,1.517386952662633,2.521775273067586,4.037374710361756,1.612574210846165,2.196308208635714,0.9715810579567524
2018-01-08,2.221663350510757,1.517386952662633,2.523624081918809,4.037374710361756,1.612574210846165,2.196308208635714,0.9722933607851664
2018-01-09,2.221663350510757,1.517386952662633,2.529170508472477,4.037374710361756,1.612574210846165,2.196308208635714,0.9744302692704084
2018-01-10,2.221663350510757,1.517386952662633,2.522699677493197,4.037374710361756,1.612574210846165,2.196308208635714,0.9719372093709592
2018-01-11,2.221663350510757,1.517386952662633,2.527321699621254,4.037374710361756,1.612574210846165,2.196308208635714,0.9737179664419944
2018-01-12,2.219441687160247,1.517386952662633,2.564297876645705,4.033337335651394,1.610961636635319,2.194111900427078,0.9879640230102752
2018-01-15,2.226642471293066,1.515869565709971,2.572617516476206,4.046423145320054,1.616188260546537,2.201230504285709,0.9911693857381382
2018-01-16,2.220592212447246,1.514780187653406,2.565627170209734,4.035428157240675,1.611796734989134,2.199648592317125,0.9884761687439048
2018-01-17,2.208357544610071,1.510967364455429,2.551491483321525,4.013194393288936,1.602916312206824,2.189723676626224,0.9830300190538556
2018-01-18,2.226709546365833,1.502797029031192,2.572695013653837,4.046545039216545,1.616236946380288,2.207920826293478,0.9911992435889292
2018-01-19,2.220592212447245,1.495442637771323,2.565627170209733,4.035428157240675,1.611796734989133,2.201855109737727,0.9884761687439046
2018-01-22,2.214474878528658,1.491322961083248,2.558559326765629,4.024311275264806,1.607356523597979,2.195789393181976,0.98575309389888
2018-01-23,2.238944214203008,1.507801667835549,2.586830700542045,4.068778803168284,1.625117369162597,2.220052259404981,0.9966453932789782
2018-01-24,2.25729621595877,1.520160697899775,2.608034230874356,4.102129449095893,1.638438003336061,2.238249409072234,1.004814617814052
2018-01-25,2.23282688028442,1.503681991147473,2.579762857097941,4.057661921192413,1.620677157771443,2.213986542849229,0.9939223184339534
2018-01-26,2.238944214203008,1.507801667835549,2.586830700542045,4.068778803168284,1.625117369162597,2.220052259404981,0.9966453932789781
2018-01-29,2.263413549877358,1.52428037458785,2.615102074318461,4.113246331071762,1.642878214727216,2.244315125627986,1.007537692659076
2018-01-30,2.245061548121595,1.511921344523624,2.593898543986149,4.079895685144153,1.629557580553752,2.226117975960732,0.9993684681240026
2018-01-31,2.220592212447245,1.495442637771323,2.565627170209733,4.035428157240675,1.611796734989133,2.201855109737726,0.9884761687439044
2018-02-01,2.214474878528658,1.491322961083248,2.558559326765629,4.024311275264806,1.607356523597979,2.195789393181975,0.98575309389888
2018-02-02,2.212260403650129,1.491322961083248,2.558559326765629,4.020286963989541,1.605749167074381,2.193593603788793,0.98575309389888
2018-02-05,2.212260403650129,1.432213839962744,2.457149909029626,4.020286963989541,1.605749167074381,2.193593603788793,0.9476300460685364
2018-02-06,2.212260403650129,1.432213839962744,2.454692759120596,4.020286963989541,1.605749167074381,2.193593603788793,0.8922753806188778
2018-02-07,2.212260403650129,1.432213839962744,2.481510447821072,4.020286963989541,1.605749167074381,2.193593603788793,0.8922753806188778
2018-02-08,2.212260403650129,1.432213839962744,2.47320490894774,4.020286963989541,1.605749167074381,2.193593603788793,0.8922753806188778
2018-02-09,2.212260403650129,1.432213839962744,2.48427896077885,4.020286963989541,1.605749167074381,2.193593603788793,0.8922753806188778
2018-02-12,2.212260403650129,1.432213839962744,2.486124636084035,4.020286963989541,1.605749167074381,2.193593603788793,0.8922753806188778
2018-02-13,2.212260403650129,1.432213839962744,2.499044363220329,4.020286963989541,1.605749167074381,2.193593603788793,0.8922753806188778
2018-02-14,2.212260403650129,1.432213839962744,2.519346791577363,4.020286963989541,1.605749167074381,2.193593603788793,0.8922753806188778
2018-02-22,2.212260403650129,1.432213839962744,2.495353012609959,4.020286963989541,1.605749167074381,2.193593603788793,0.8922753806188778
2018-02-23,2.212260403650129,1.432213839962744,2.502735713830699,4.020286963989541,1.605749167074381,2.193593603788793,0.8922753806188778
2018-02-26,2.212260403650129,1.432213839962744,2.516578278619585,4.020286963989541,1.605749167074381,2.193593603788793,0.8922753806188778
2018-02-27,2.212260403650129,1.432213839962744,2.502735713830699,4.020286963989541,1.605749167074381,2.193593603788793,0.8922753806188778
2018-02-28,2.212260403650129,1.432213839962744,2.48427896077885,4.020286963989541,1.605749167074381,2.193593603788793,0.8922753806188778
2018-03-01,2.212260403650129,1.432213839962744,2.481510447821073,4.020286963989541,1.605749167074381,2.193593603788793,0.8922753806188778
2018-03-02,2.212260403650129,1.432213839962744,2.491661661999589,4.020286963989541,1.605749167074381,2.193593603788793,0.8913831052382589
2018-03-05,2.212260403650129,1.432213839962744,2.500890038525514,4.020286963989541,1.604143417907306,2.193593603788793,0.9025988303491056
2018-03-06,2.212260403650129,1.432213839962744,2.494967266471175,4.020286963989541,1.606991009773414,2.193593603788793,0.9042010767935126
2018-03-07,2.210048143246479,1.432213839962744,2.476182443672647,4.016266677025552,1.593702247731579,2.191400010185004,0.8967239267196147
2018-03-08,2.219262161711473,1.432213839962744,2.486506015504516,4.033011088424705,1.600346628752496,2.200536281817699,0.9004625017565635
2018-03-09,2.310086058009274,1.432213839962744,2.588266937847227,4.198063143644934,1.665841241672972,2.290593816482836,0.9373141699779176
2018-03-12,2.339044401756399,1.430781626122781,2.620712449318817,4.250688436613703,1.686723582024428,2.319307813042736,0.9490639772369002
2018-03-13,2.325881518234979,1.422729956870542,2.605964489559004,4.226767848900626,1.677231609137403,2.301643484431751,0.9418357094440336
2018-03-14,2.291658021079286,1.401795616814723,2.567619794183489,4.164574320846627,1.652552479631137,2.28288008646084,0.9341577009431312
2018-03-15,2.292974309431428,1.402600783739946,2.56909459015947,4.166966379617935,1.653501676919839,2.284556283346241,0.9367170371100988
2018-03-16,2.258750812275735,1.381666443684126,2.530749894783956,4.104772851563935,1.628822547413573,2.250458428370924,0.9399520380251456
2018-03-19,2.285076579318575,1.397769782188603,2.560245814303582,4.152614026990088,1.647806493187624,2.276687547582706,0.9509071899834804
2018-03-20,2.316667499769984,1.417093788393976,2.595640917727134,4.210023437501472,1.670587228116485,2.308162490636845,0.9640533723334824
2018-03-21,2.264015965684303,1.384887111385022,2.536649078687881,4.114341086649166,1.632619336568383,2.255704252213281,0.9421430684168124
2018-03-22,2.252169370515025,1.377640609058007,2.52337591490405,4.092812557707397,1.62407656097006,2.243901148567979,0.9372132500355618
2018-03-23,2.132884687467209,1.305980752713084,2.38972695396867,3.876039407733955,1.539598002275534,2.125054386507472,0.888462823820971
2018-03-26,2.132884687467209,1.347044265899501,2.38972695396867,3.876039407733955,1.586419056935364,2.125054386507472,0.9163984613147252
2018-03-27,2.132884687467209,1.399380116039051,2.387337227014701,3.876039407733955,1.586419056935364,2.125054386507472,0.9520027051793142
2018-03-28,2.132884687467209,1.39293878063726,2.345181644009795,3.876039407733955,1.586419056935364,2.125054386507472,0.94762064439598
2018-03-29,2.132884687467209,1.400185282964275,2.362931363169755,3.876039407733955,1.586419056935364,2.125054386507472,0.952550462777231
2018-03-30,2.132884687467209,1.442053963075915,2.36071264827476,3.876039407733955,1.586419056935364,2.125054386507472,0.981033857868902
2018-04-02,2.132884687467209,1.439638462300244,2.36071264827476,3.876039407733955,1.586419056935364,2.125054386507472,0.979390585075152
2018-04-03,2.132884687467209,1.418894141638777,2.34740035890479,3.876039407733955,1.586419056935364,2.125054386507472,0.96624440272515
2018-04-04,2.132884687467209,1.418894141638777,2.362931363169756,3.876039407733955,1.586419056935364,2.125054386507472,0.948716159591814
2018-04-09,2.132884687467209,1.418894141638777,2.391774656804692,3.876039407733955,1.586419056935364,2.125054386507472,0.9514549475813976
2018-04-10,2.132884687467209,1.418894141638777,2.402868231279667,3.876039407733955,1.586419056935364,2.125054386507472,0.948716159591814
2018-04-11,2.132884687467209,1.418894141638777,2.396212086594682,3.876039407733955,1.586419056935364,2.125054386507472,0.9470728867980636
2018-04-12,2.132884687467209,1.418894141638777,2.375919720165057,3.876039407733955,1.586419056935364,2.125054386507472,0.9402587822799792
2018-04-13,2.132884687467209,1.418894141638777,2.369032996338492,3.876039407733955,1.586419056935364,2.125054386507472,0.933039245012016
2018-04-16,2.132884687467209,1.418894141638777,2.369032996338492,3.876039407733955,1.586419056935364,2.125054386507472,0.936820907390473
2018-04-17,2.132884687467209,1.418894141638777,2.389693167818188,3.876039407733955,1.586419056935364,2.125054386507472,0.9381960573462756
2018-04-18,2.132884687467209,1.418894141638777,2.407942985958586,3.876039407733955,1.586419056935364,2.125054386507472,0.9356334654036372
2018-04-19,2.132884687467209,1.418894141638777,2.405535042972627,3.876039407733955,1.586419056935364,2.125054386507472,0.9347859713226556
2018-04-20,2.132884687467209,1.418894141638777,2.39018677915053,3.876039407733955,1.586419056935364,2.125054386507472,0.9254635364318587
2018-04-23,2.132884687467209,1.418894141638777,2.381431516223238,3.876039407733955,1.586419056935364,2.125054386507472,0.9220735601079324
2018-04-24,2.132884687467209,1.418894141638777,2.383620331955061,3.876039407733955,1.586419056935364,2.125054386507472,0.922921054188914
2018-04-25,2.132884687467209,1.418894141638777,2.361732174636832,3.876039407733955,1.586419056935364,2.125054386507472,0.9144461133790984
2018-04-26,2.132884687467209,1.418894141638777,2.350788095977718,3.876039407733955,1.586419056935364,2.125054386507472,0.9102086429741906
2018-04-27,2.132884687467209,1.418894141638777,2.359193148387918,3.876039407733955,1.586419056935364,2.125054386507472,0.91529360746008
2018-05-02,2.132884687467209,1.418894141638777,2.350900729588664,3.876039407733955,1.586419056935364,2.125054386507472,0.9186835837840062
2018-05-03,2.132884687467209,1.418894141638777,2.380681569636387,3.876039407733955,1.586419056935364,2.125054386507472,0.924616042350877
2018-05-04,2.132884687467209,1.418894141638777,2.383342540094251,3.876039407733955,1.586419056935364,2.125054386507472,0.9212260660269508
2018-05-07,2.132884687467209,1.418894141638777,2.389551471162602,3.876039407733955,1.586419056935364,2.125054386507472,0.9269958057302734
2018-05-08,2.132884687467209,1.418894141638777,2.383001935875644,3.876039407733955,1.586419056935364,2.125054386507472,0.9296218561714356
2018-05-09,2.132884687467209,1.418894141638777,2.396465223648953,3.876039407733955,1.586419056935364,2.125054386507472,0.93487395705376
2018-05-10,2.130751802779742,1.418894141638777,2.423391799195571,3.872163368326221,1.584832637878429,2.122929332120964,0.9453781588184093
2018-05-11,2.166264332826071,1.417475247497138,2.463781662515497,3.936699424464991,1.611246515176402,2.158311487656313,0.9611344614653826
2018-05-14,2.172183087833792,1.42134813068702,2.470513306402151,3.947455433821452,1.615648828059398,2.164208513578871,0.9637605119065448
2018-05-15,2.178101842841513,1.425221013876903,2.477244950288805,3.958211443177913,1.620051140942393,2.170105539501429,0.9663865623477068
2018-05-16,2.160345577818349,1.413602364307255,2.457050018628842,3.925943415108528,1.606844202293406,2.152414461733755,0.9585084110242202
2018-05-17,2.172183087833792,1.42134813068702,2.47051330640215,3.947455433821451,1.615648828059398,2.164208513578871,0.9637605119065448
2018-05-18,2.172183087833792,1.42134813068702,2.47051330640215,3.947455433821451,1.615648828059398,2.164208513578871,0.9637605119065448
2018-05-21,2.189939352856956,1.432966780256669,2.490708238062113,3.979723461890837,1.628855766708385,2.181899591346546,0.9716386632300316
2018-05-22,2.172183087833792,1.42134813068702,2.47051330640215,3.947455433821451,1.615648828059397,2.164208513578871,0.9637605119065448
2018-05-23,2.142589312795184,1.401983714737606,2.436855086968878,3.893675387039143,1.593637263644419,2.13472338396608,0.9506302597007334
2018-05-24,2.160345577818349,1.413602364307255,2.457050018628841,3.925943415108528,1.606844202293406,2.152414461733755,0.9585084110242202
2018-05-25,2.160345577818349,1.413602364307255,2.457050018628841,3.925943415108528,1.606844202293406,2.152414461733755,0.9585084110242202
2018-05-28,2.189939352856957,1.432966780256669,2.490708238062113,3.979723461890837,1.628855766708385,2.181899591346546,0.9716386632300316
2018-05-29,2.178101842841514,1.425221013876903,2.477244950288804,3.958211443177913,1.620051140942393,2.170105539501429,0.966386562347707
2018-05-30,2.166264332826071,1.417475247497138,2.463781662515495,3.93669942446499,1.611246515176402,2.158311487656313,0.9611344614653824
2018-05-31,2.184020597849235,1.429093897066786,2.483976594175458,3.968967452534375,1.624453453825389,2.176002565423987,0.9690126127888692
2018-06-01,2.184020597849235,1.429093897066786,2.483976594175458,3.968967452534375,1.624453453825389,2.176002565423987,0.9690126127888692
2018-06-04,2.237289392918728,1.463949845775732,2.544561389155348,4.06577153674253,1.66407426977235,2.229075798727011,0.9926470667593296
2018-06-05,2.255045657941893,1.475568495345381,2.564756320815311,4.098039564811915,1.677281208421336,2.246766876494686,1.000525218082816
2018-06-06,2.272801922965058,1.487187144915029,2.584951252475274,4.130307592881301,1.690488147070323,2.26445795426236,1.008403369406303
2018-06-07,2.278720677972779,1.491060028104912,2.591682896361928,4.141063602237763,1.694890459953319,2.270354980184919,1.011029419847465
2018-06-08,2.249126902934171,1.471695612155498,2.558024676928656,4.087283555455454,1.672878895538341,2.240869850572127,0.997899167641654
2018-06-11,2.266883167957336,1.483314261725147,2.578219608588619,4.11955158352484,1.686085834187328,2.258560928339802,1.005777318965141
2018-06-12,2.272801922965057,1.487187144915029,2.584951252475273,4.130307592881301,1.690488147070323,2.26445795426236,1.008403369406303
2018-06-13,2.290558187988221,1.498805794484678,2.605146184135236,4.162575620950686,1.70369508571931,2.282149032030035,1.01628152072979
2018-06-14,2.2846394329805,1.494932911294795,2.598414540248582,4.151819611594225,1.699292772836315,2.276252006107476,1.013655470288627
2018-06-15,2.337908228049994,1.529788860003741,2.658999335228471,4.24862369580238,1.738913588783275,2.329325239410501,1.037289924259088
2018-06-19,2.272801922965057,1.487187144915029,2.584951252475273,4.130307592881302,1.690488147070323,2.26445795426236,1.008403369406303
2018-06-20,2.302395698003664,1.506551560864444,2.618609471908545,4.18408763966361,1.712499711485302,2.293943083875151,1.021533621612114
2018-06-21,2.343826983057715,1.533661743193624,2.665730979115125,4.259379705158842,1.743315901666271,2.335222265333059,1.03991597470025
2018-06-22,2.331989473042272,1.525915976813858,2.652267691341816,4.237867686445919,1.73451127590028,2.323428213487942,1.034663873817925
2018-06-25,2.331989473042272,1.525915976813858,2.652267691341816,4.237867686445919,1.73451127590028,2.323428213487942,1.034663873817925
2018-06-26,2.278720677972779,1.491060028104912,2.591682896361927,4.141063602237764,1.694890459953319,2.270354980184918,1.011029419847465
2018-06-27,2.278720677972779,1.491060028104912,2.591682896361927,4.141063602237764,1.694890459953319,2.270354980184918,1.011029419847465
2018-06-28,2.266883167957336,1.483314261725147,2.578219608588618,4.11955158352484,1.686085834187328,2.258560928339802,1.00577731896514
2018-06-29,2.314233208019108,1.51429732724421,2.632072759681853,4.205599658376535,1.721304337251293,2.305737135720268,1.026785722494439
2018-07-02,2.300093302305661,1.506551560864444,2.618609471908545,4.179903552023948,1.710787211773817,2.291649140791276,1.021533621612114
2018-07-03,2.300093302305661,1.522043093623976,2.645536047455162,4.179903552023948,1.710787211773817,2.291649140791276,1.032037823376763
2018-07-04,2.300093302305661,1.522043093623976,2.645536047455162,4.179903552023948,1.710787211773817,2.291649140791276,1.032037823376763
2018-07-05,2.300093302305661,1.522043093623976,2.645536047455162,4.179903552023948,1.710787211773817,2.291649140791276,1.032037823376763
2018-07-06,2.300093302305661,1.541407509573391,2.679194266888434,4.179903552023948,1.710787211773817,2.291649140791276,1.045168075582574
2018-07-09,2.300093302305661,1.555342143290589,2.706120842435052,4.179903552023948,1.710787211773817,2.291649140791276,1.055672277347223
2018-07-10,2.297793209003355,1.553786801147299,2.733047417981669,4.175723648471924,1.709076424562043,2.289357491650485,1.066176479111872
2018-07-11,2.30911238737283,1.561440923320438,2.746510705754978,4.196293715705775,1.717495520249541,2.300635114762063,1.071428579994196
2018-07-12,2.314771976557568,1.565267984407008,2.753242349641632,4.206578749322701,1.721705068093289,2.306273926317853,1.074054630435359
2018-07-13,2.337410333296517,1.580576228753287,2.78016892518825,4.247718883790405,1.738543259468285,2.32882917254101,1.084558832200008
2018-07-16,2.354389100850729,1.592057412012996,2.800363856848213,4.278573984641183,1.751171902999532,2.345745607208379,1.092436983523495
2018-07-17,2.297793209003356,1.553786801147299,2.73304741798167,4.175723648471925,1.709076424562043,2.289357491650485,1.066176479111872
2018-07-18,2.320431565742305,1.569095045493577,2.759973993528286,4.216863782939628,1.725914615937038,2.311912737873642,1.076680680876521
2018-07-19,2.31579070261082,1.569095045493577,2.75445404554123,4.208430055373748,1.722462786705164,2.311912737873642,1.074527319514768
2018-07-20,2.295278827476977,1.569095045493577,2.730056755501006,4.171154324148117,1.707206251836208,2.307288912397895,1.065009805612954
2018-07-23,2.285022889910056,1.557613862233868,2.717858110480895,4.152516458535302,1.69957798440173,2.296979310465822,1.060251048662048
2018-07-24,2.297330014990362,1.581234483260177,2.732496484505029,4.17488189727068,1.708731905323104,2.30935083278431,1.065961557003136
2018-07-25,2.321944265150973,1.598176281295107,2.761773232553297,4.219612774741436,1.727039747165851,2.334093877421284,1.077382573685312
2018-07-26,2.344507327798199,1.613706262827126,2.788610251597543,4.260616079089631,1.743821935521703,2.356775001671844,1.087851838977307
2018-07-27,2.393735828119422,1.647589858896988,2.84716374769408,4.350077834031145,1.780437619207198,2.406261090945794,1.11069387234166
2018-07-30,2.356814452878505,1.622177161844592,2.803248625621677,4.282981517825009,1.752975856443077,2.369146523990332,1.093562347318396
2018-07-31,2.342456140284815,1.612294446324215,2.78617052259352,4.256888505967066,1.742296282034808,2.35471308128543,1.086900087587126
2018-08-01,2.358865640391889,1.623588978347502,2.805688354625699,4.286709090947571,1.754501509929973,2.371208444376747,1.094514098708577
2018-08-02,2.317841890124204,1.595352648289285,2.756893774545252,4.21215762849631,1.72398844019206,2.329970036648455,1.075479070904949
2018-08-03,2.3445073277982,1.613706262827127,2.788610251597543,4.260616079089631,1.743821935521704,2.356775001671845,1.087851838977307
2018-08-06,2.319893077637589,1.596764464792196,2.759333503549275,4.215885201618873,1.725514093678956,2.33203195703487,1.076430822295131
2018-08-07,2.303483577530515,1.585469932768909,2.739815671517096,4.186064616638368,1.713308865783791,2.315536593943554,1.06881681117368
2018-08-08,2.292735354960381,1.581234483260177,2.727031491536019,4.166532133476138,1.705314441512458,2.304732131118742,1.06382963388913
2018-08-09,2.276436288455924,1.588293565774731,2.70764501173837,4.136912236792658,1.693191353065687,2.288347779475717,1.056266863979965
2018-08-10,2.274159852167468,1.585469932768909,2.70764501173837,4.132775324555865,1.691498161712621,2.286059431696242,1.056266863979965
2018-08-13,2.274159852167468,1.550034750362349,2.69472069187327,4.132775324555865,1.691498161712621,2.286059431696242,1.051225017373856
2018-08-14,2.274159852167468,1.550034750362349,2.70764501173837,4.132775324555865,1.691498161712621,2.286059431696242,1.056266863979965
2018-08-15,2.274159852167468,1.550034750362349,2.733493651468569,4.132775324555865,1.691498161712621,2.286059431696242,1.066350557192184
2018-08-16,2.274159852167468,1.550034750362349,2.71410717167092,4.132775324555865,1.691498161712621,2.286059431696242,1.05878778728302
2018-08-17,2.274159852167468,1.550034750362349,2.739955811401119,4.132775324555865,1.691498161712621,2.286059431696242,1.068871480495239
2018-08-20,2.274159852167468,1.550034750362349,2.727031491536019,4.132775324555865,1.691498161712621,2.286059431696242,1.063829633889129
2018-08-21,2.274159852167468,1.550034750362349,2.70764501173837,4.132775324555865,1.691498161712621,2.286059431696242,1.056266863979965
2018-08-22,2.274159852167468,1.550034750362349,2.70118285180582,4.132775324555865,1.691498161712621,2.286059431696242,1.05374594067691
2018-08-23,2.274159852167468,1.550034750362349,2.702229721714893,4.132775324555865,1.691498161712621,2.286059431696242,1.056266863979965
2018-08-24,2.274159852167468,1.550034750362349,2.703258358837739,4.132775324555865,1.691498161712621,2.286059431696242,1.056266863979965
2018-08-27,2.274159852167468,1.550034750362349,2.716630641434729,4.132775324555865,1.691498161712621,2.286059431696242,1.05878778728302
2018-08-28,2.274159852167468,1.550034750362349,2.725888375540338,4.132775324555865,1.691498161712621,2.286059431696242,1.073913327101349
2018-08-29,2.274159852167468,1.550034750362349,2.708117640606061,4.132775324555865,1.691498161712621,2.286059431696242,1.076434250404403
2018-08-30,2.274159852167468,1.550034750362349,2.746170815883898,4.132775324555865,1.691498161712621,2.286059431696242,1.091559790222732
2018-08-31,2.274159852167468,1.550034750362349,2.746170815883898,4.132775324555865,1.691498161712621,2.286059431696242,1.091559790222732
2018-09-03,2.271885692315301,1.548484715611987,2.752513011763538,4.128642549231309,1.689806663550908,2.283773372264545,1.094080713525787
2018-09-04,2.282355211634727,1.554064969287603,2.765197403522817,4.14766855176233,1.69759379103271,2.294297673519221,1.099122560131897
2018-09-05,2.277120451975014,1.554064969287603,2.758855207643177,4.138155550496819,1.693700227291809,2.289035522891883,1.096601636828842
2018-09-06,2.224772855377887,1.554064969287603,2.695433248846783,4.04302553784172,1.654764589882802,2.236414016618507,1.071392403798294
2018-09-07,2.196400458022245,1.554064969287603,2.663722269448586,3.991465070982656,1.63366147440712,2.207893160218337,1.05878778728302
2018-09-10,2.196400458022245,1.554064969287603,2.664724336397569,3.991465070982656,1.63366147440712,2.207893160218337,1.061308710586075
2018-09-11,2.196400458022245,1.554064969287603,2.674764744598011,3.991465070982656,1.63366147440712,2.207893160218337,1.073913327101349
2018-09-12,2.196400458022245,1.554064969287603,2.645366429387114,3.991465070982656,1.63366147440712,2.207893160218337,1.081476097010513
2018-09-13,2.196400458022245,1.554064969287603,2.667115577963919,3.991465070982656,1.63366147440712,2.207893160218337,1.068871480495239
2018-09-14,2.196400458022245,1.554064969287603,2.617619062019321,3.991465070982656,1.63366147440712,2.207893160218337,1.078955173707459
2018-09-17,2.196400458022245,1.554064969287603,2.603821371180364,3.991465070982656,1.63366147440712,2.207893160218337,1.076434250404404
2018-09-18,2.196400458022245,1.554064969287603,2.607763568562923,3.991465070982656,1.63366147440712,2.207893160218337,1.061701974621351
2018-09-19,2.196400458022245,1.554064969287603,2.609734667254203,3.991465070982656,1.63366147440712,2.207893160218337,1.06250447044495
2018-09-20,2.196400458022245,1.554064969287603,2.612691315291122,3.991465070982656,1.63366147440712,2.207893160218337,1.063708214180348
2018-09-21,2.196400458022245,1.554064969287603,2.618604611364961,3.991465070982656,1.63366147440712,2.207893160218337,1.066115701651145
2018-09-25,2.196400458022245,1.554064969287603,2.610720216599843,3.991465070982656,1.63366147440712,2.207893160218337,1.06290571835675
2018-09-26,2.196400458022245,1.554064969287603,2.614662413982402,3.991465070982656,1.63366147440712,2.207893160218337,1.064510710003947
2018-09-27,2.196400458022245,1.554064969287603,2.603821371180364,3.991465070982656,1.63366147440712,2.207893160218337,1.057976789008205
2018-09-28,2.196400458022245,1.554064969287603,2.582510837679595,3.991465070982656,1.63366147440712,2.207893160218337,1.061806569239909
2018-10-08,2.196400458022245,1.554064969287603,2.582510837679595,3.991465070982656,1.63366147440712,2.207893160218337,1.024466211980796
2018-10-09,2.196400458022245,1.554064969287603,2.579928326841916,3.991465070982656,1.63366147440712,2.207893160218337,1.020636431749092
2018-10-10,2.196400458022245,1.554064969287603,2.577917470780464,3.991465070982656,1.63366147440712,2.207893160218337,1.022417279556834
2018-10-11,2.196400458022245,1.554064969287603,2.400173881796668,3.991465070982656,1.63366147440712,2.207893160218337,1.027429128966427
2018-10-12,2.196400458022245,1.554064969287603,2.437823191598218,3.991465070982656,1.63366147440712,2.207893160218337,1.041693623439882
2018-10-15,2.196400458022245,1.554064969287603,2.461281149770517,3.991465070982656,1.63366147440712,2.207893160218337,1.051717322259066
2018-10-16,2.196400458022245,1.554064969287603,2.460378920610044,3.991465070982656,1.63366147440712,2.207893160218337,1.051331795381405
2018-10-17,2.196400458022245,1.554064969287603,2.45316108732626,3.991465070982656,1.63366147440712,2.207893160218337,1.048247580360118
2018-10-18,2.194204057564222,1.554064969287603,2.455867774807679,3.987473605911673,1.632027812932713,2.205685267058119,1.049404160993101
2018-10-19,2.203877256936291,1.554064969287603,2.466694524733356,4.005052475592401,1.639222645318897,2.215409081607971,1.054030483525032
2018-10-22,2.200652857145602,1.554064969287603,2.463085608091464,3.999192852365492,1.636824367856836,2.212167810091354,1.052488376014388
2018-10-23,2.211938256413015,1.552510904318315,2.475716816338087,4.019701533659674,1.645218338974051,2.223512260399514,1.057885752301642
2018-10-24,2.212744356360687,1.553076688175574,2.47661904549856,4.021166439466402,1.645817908339566,2.224322578278669,1.058271279179303
2018-10-25,2.2240297556281,1.560997662177198,2.489250253745182,4.041675120760583,1.65421187945678,2.235667028586829,1.063668655466556
2018-10-26,2.222417555732756,1.55986609446268,2.487445795424236,4.038745309147129,1.65301274072575,2.234046392828521,1.062897601711234
2018-10-29,2.219193155942066,1.557602959033645,2.483836878782344,4.03288568592022,1.650614463263688,2.230805121311903,1.06135549420059
2018-10-30,2.214356556256031,1.554208255890092,2.478423503819505,4.024096251079856,1.647017047070596,2.225943214036977,1.059042332934624
2018-10-31,2.195816257459567,1.541195227173138,2.457672233128625,3.990403417525128,1.633226951663744,2.207305902816427,1.050175214748423
2018-11-01,2.200652857145601,1.544589930316691,2.463085608091463,3.999192852365492,1.636824367856836,2.212167810091353,1.052488376014388
2018-11-02,2.19925749813618,1.54515571417395,2.463987837251937,3.996657100414047,1.635786513285129,2.210765149842537,1.052873902892049
2018-11-05,2.19925749813618,1.545721498031209,2.46489006641241,3.996657100414047,1.635786513285129,2.210765149842537,1.05325942976971
2018-11-06,2.19925749813618,1.546853065745727,2.466694524733356,3.996657100414047,1.634150726771844,2.210765149842537,1.051922422557982
2018-11-07,2.19925749813618,1.545871430753382,2.467596753893829,3.996657100414047,1.629067831820765,2.210765149842537,1.048650502114567
2018-11-08,2.197058240638044,1.545871430753382,2.452756888662368,3.992660443313633,1.607465528278679,2.208554384692694,1.034744840230052
2018-11-09,2.188374215971491,1.545871430753382,2.443062197402833,3.976879176739271,1.601111909589831,2.199824920721577,1.030654939675783
2018-11-12,2.266530437970472,1.545871430753382,2.530314418738649,4.11891057590853,1.658294477789467,2.278390096461633,1.067464044664204
2018-11-13,2.303003341569997,1.544325559322629,2.571032122028697,4.185191895520852,1.684979676282632,2.315053845140326,1.084641626992134
2018-11-14,2.292582511970133,1.537337660864155,2.559398492517255,4.166254375631617,1.677355333856013,2.304578488374986,1.079733746327011
2018-11-15,2.320371390903104,1.555972056753418,2.590421504547767,4.216754428669576,1.697686913660329,2.332512773082561,1.092821428100672
2018-11-16,2.313424171169861,1.551313457781102,2.582665751540139,4.204129415410087,1.69260401870925,2.325529201905668,1.089549507657257
2018-11-19,2.301266536636686,1.54316090957955,2.56909318377679,4.182035642205979,1.683708952544862,2.313307952346103,1.08382364688128
2018-11-20,2.242215168904122,1.503562818314867,2.503169283211951,4.074723029500317,1.640504345460692,2.253947597342505,1.056012323112251
2018-11-21,2.247425583704055,1.507056767544104,2.508986097967673,4.084191789444935,1.644316516674001,2.259185275725176,1.058466263444813
2018-11-22,2.231794339304258,1.496574919856394,2.49153565370051,4.055785509611082,1.632880003034074,2.243472240577164,1.051104442447129
2018-11-23,2.167532556771762,1.453482879362474,2.41979493837995,3.939004136960802,1.585863224736595,2.178874207190896,1.020839178345538
2018-11-26,2.158424751701481,1.448824280390159,2.407215107001577,3.922452744577611,1.579199549455731,2.169718745377988,1.017567257902123
2018-11-27,2.158424751701481,1.459306128077869,2.421789567790689,3.922452744577611,1.579199549455731,2.169718745377988,1.024929078899807
2018-11-28,2.158424751701481,1.487257721911762,2.429076798185244,3.922452744577611,1.579199549455731,2.169718745377988,1.044560601560298
2018-11-29,2.158424751701481,1.450865911389776,2.433934951781615,3.922452744577611,1.579199549455731,2.169718745377988,1.017981155838215
2018-11-30,2.158424751701481,1.450865911389776,2.472800180552579,3.922452744577611,1.579199549455731,2.169718745377988,1.018353906169903
2018-12-03,2.158424751701481,1.450865911389776,2.482460618978961,3.922452744577611,1.579199549455731,2.169718745377988,1.013880902189654
2018-12-04,2.158424751701481,1.450865911389776,2.482460618978961,3.922452744577611,1.579199549455731,2.169718745377988,1.013880902189654
2018-12-05,2.158424751701481,1.450865911389776,2.482460618978961,3.922452744577611,1.579199549455731,2.169718745377988,1.015744653848091
2018-12-06,2.158424751701481,1.450865911389776,2.482460618978961,3.922452744577611,1.579199549455731,2.169718745377988,1.019472157164964
2018-12-07,2.158424751701481,1.450865911389776,2.479978158359982,3.922452744577611,1.579199549455731,2.169718745377988,1.020590408160027
2018-12-10,2.158424751701481,1.450865911389776,2.506245275449989,3.922452744577611,1.579199549455731,2.169718745377988,1.03140016777896
2018-12-11,2.158424751701481,1.450865911389776,2.502622224816884,3.922452744577611,1.579199549455731,2.169718745377988,1.029909166452211
2018-12-12,2.158424751701481,1.450865911389776,2.490847310259295,3.922452744577611,1.579199549455731,2.169718745377988,1.025063412140275
2018-12-13,2.158424751701481,1.450865911389776,2.489035784942743,3.922452744577611,1.579199549455731,2.169718745377988,1.0243179114769
2018-12-14,2.158424751701481,1.450865911389776,2.486318496967914,3.922452744577611,1.579199549455731,2.169718745377988,1.023199660481838
2018-12-17,2.158424751701481,1.450865911389776,2.48722425962619,3.922452744577611,1.579199549455731,2.169718745377988,1.023572410813525
2018-12-18,2.158424751701481,1.450865911389776,2.500810699500332,3.922452744577611,1.579199549455731,2.169718745377988,1.029163665788836
2018-12-19,2.158424751701481,1.450865911389776,2.508962563424817,3.922452744577611,1.579199549455731,2.169718745377988,1.032518418774022
2018-12-20,2.158424751701481,1.450865911389776,2.508962563424817,3.922452744577611,1.579199549455731,2.169718745377988,1.032518418774022
2018-12-21,2.158424751701481,1.450865911389776,2.525266291273787,3.922452744577611,1.579199549455731,2.169718745377988,1.039227924744395
2018-12-24,2.158424751701481,1.450865911389776,2.534323917856548,3.922452744577611,1.579199549455731,2.169718745377988,1.042955428061269
2018-12-25,2.158424751701481,1.450865911389776,2.554250696338622,3.922452744577611,1.579199549455731,2.169718745377988,1.051155935358391
2018-12-26,2.156266326949779,1.450865911389776,2.553344933680346,3.918530291833034,1.577620349906275,2.16754902663261,1.050783185026704
2018-12-27,2.148617280029064,1.450865911389776,2.544287307097585,3.904629865114932,1.572023966969396,2.159859955945726,1.04705568170983
2018-12-28,2.16162065979428,1.450865911389776,2.559685272288279,3.928260590535705,1.58153781796209,2.172931376113429,1.053392437348515
2019-01-02,2.170034611407067,1.449415045478386,2.569648661529316,3.943551059925618,1.587693839192658,2.181389353869001,1.057492690997076
2019-01-03,2.193746656861286,1.465252855280935,2.597727303935875,3.986642382751735,1.605042626296983,2.205225472998341,1.069047951279385
2019-01-04,2.182273086480213,1.457589398924863,2.584140864061734,3.965791742674582,1.596648051891665,2.193691866968016,1.063456696304074
2019-01-07,2.173094230175354,1.451458633840006,2.573271712162421,3.949111230612859,1.58993239236741,2.184464982143755,1.058983692323826
2019-01-08,2.163150469178424,1.444816971664743,2.561496797604831,3.931040675879326,1.582657094549467,2.174469190250806,1.05413793801189
2019-01-09,2.154736517565636,1.439197103670291,2.551533408363794,3.915750206489414,1.5765010733189,2.166011212495233,1.050037684363329
2019-01-10,2.159325945718066,1.442262486212719,2.55696798431345,3.924090462520275,1.579858903081027,2.170624654907363,1.052274186353453
2019-01-11,2.143412103599517,1.433066338585433,2.54066425646448,3.895170624733263,1.56821562838085,2.154627543343301,1.04556468038308
2019-01-14,2.143412103599517,1.432654044633476,2.542475781781032,3.895170624733263,1.56821562838085,2.154627543343301,1.046310181046455
2019-01-15,2.143412103599517,1.432654044633476,2.534504164625544,3.895170624733263,1.56821562838085,2.154627543343301,1.044073679056331
2019-01-16,2.143412103599517,1.432654044633476,2.534504164625544,3.895170624733263,1.56821562838085,2.154627543343301,1.042729541360266
2019-01-17,2.143412103599517,1.432654044633476,2.534504164625544,3.895170624733263,1.566647412752469,2.154627543343301,1.037062532983308
2019-01-18,2.141268691495917,1.432654044633476,2.531969660460919,3.89127545410853,1.592330157223821,2.152472915799958,1.054063558114182
2019-01-21,2.152780888762024,1.432654044633476,2.545582400570924,3.912196289883307,1.600891072047605,2.16404535083114,1.05973056649114
2019-01-22,2.135512592862864,1.432654044633476,2.525163290405917,3.880815036221141,1.588049699811929,2.146686698284367,1.051230053925703
2019-01-23,2.118244296963703,1.431221390588843,2.504744180240909,3.849433782558976,1.575208327576253,2.129328045737593,1.042729541360266
2019-01-24,2.118244296963703,1.431221390588843,2.504744180240909,3.849433782558976,1.575208327576253,2.129328045737593,1.042729541360266
2019-01-25,2.12975649422981,1.438999767711608,2.518356920350914,3.870354618333752,1.583769242400036,2.140900480768775,1.048396549737224
2019-01-28,2.12975649422981,1.438999767711608,2.518356920350914,3.870354618333752,1.583769242400036,2.140900480768775,1.048396549737224
2019-01-29,2.106732099697596,1.423443013466077,2.491131440130904,3.828512946784199,1.566647412752469,2.11775561070641,1.037062532983308
2019-01-30,2.106732099697596,1.423443013466077,2.491131440130904,3.828512946784199,1.566647412752469,2.11775561070641,1.037062532983308
2019-01-31,2.152780888762024,1.454556521957139,2.545582400570924,3.912196289883307,1.600891072047605,2.16404535083114,1.05973056649114
2019-02-01,2.187317480560345,1.477891653325436,2.586420620900939,3.974958797207638,1.626573816518957,2.198762655924688,1.076731591622014
2019-02-11,2.187317480560345,1.477891653325436,2.586420620900939,3.974958797207638,1.626573816518957,2.198762655924688,1.076731591622014
2019-02-12,2.193073579193399,1.481780841886818,2.593226990955941,3.985419215095026,1.630854273930848,2.204548873440279,1.079565095810493
2019-02-13,2.221854072358666,1.501226784693732,2.627258841230953,4.037721304531968,1.652256560990308,2.233479961018235,1.093732616752887
2019-02-14,2.211665777778161,1.497337596132349,2.615211566233598,4.01920636487129,1.644680151371259,2.223238356015639,1.088717314339279
2019-02-15,2.208273652352121,1.485670030448201,2.611200505549191,4.013041937931304,1.642157635801672,2.219828481236473,1.087047502507471
2019-02-18,2.301557101568225,1.502105741308604,2.721504674370393,4.182563678780936,1.711526813965337,2.313600037663514,1.13296732788221
2019-02-19,2.282900411725004,1.489929497274415,2.699443840606153,4.14865933061101,1.697652978332604,2.294845726378106,1.123783362807262
2019-02-20,2.286292537151044,1.492143359826086,2.70345490129056,4.154823757550997,1.700175493902192,2.298255601157271,1.125453174639071
2019-02-21,2.298164976142184,1.499891878756933,2.717493613685986,4.17639925184095,1.709004298395749,2.305569782558579,1.129034921018301
2019-02-22,2.379894846157195,1.556345373824537,2.814136109816097,4.333592138810609,1.769781788529398,2.293623825135996,1.12318499914774
2019-02-25,2.404685417471333,1.65154146354638,2.843450027626681,4.598662497230035,1.788217015493246,2.317515739981163,1.134884842888862
2019-02-26,2.38609248898573,1.633877054246599,2.821464589268743,4.558593722120122,1.77439059527036,2.299596803847288,1.12610996008302
2019-02-27,2.38609248898573,1.633877054246599,2.821464589268743,4.493867239250262,1.77439059527036,2.299596803847288,1.12610996008302
2019-02-28,2.379894846157196,1.629633217742062,2.814136109816097,4.530853800890182,1.769781788529398,2.293623825135996,1.12318499914774
2019-03-01,2.404685417471333,1.646608563760209,2.843450027626681,4.623320204989982,1.788217015493246,2.317515739981163,1.134884842888862
2019-03-04,2.406061294179268,1.650852400264746,2.845076950065168,4.795924159309608,1.789240170589739,2.318841741255069,1.135534184216495
2019-03-05,2.384143731782898,1.638120890751136,2.819160257200203,4.977774754039214,1.772941424096513,2.297718688956187,1.125190249340029
2019-03-06,2.381708447072191,1.638120890751136,2.816280624659651,5.039419023439081,1.771130452263932,2.2953716831452,1.124040923242643
2019-03-07,2.376837877650775,1.625389381237526,2.810521359578547,4.996268034859174,1.767508508598771,2.290677671523226,1.121742271047873
2019-03-08,2.354998244365148,1.594086843180064,2.787484299254133,4.882226136469421,1.751267713204187,2.269629723410295,1.112547662268792
2019-03-11,2.354998244365148,1.594086843180064,2.790363931794684,5.110309933248927,1.751267713204187,2.269629723410295,1.113696988366178
2019-03-12,2.354998244365148,1.594086843180064,2.810521359578547,5.227434045108673,1.751267713204187,2.269629723410295,1.121742271047873
2019-03-13,2.354998244365148,1.594086843180064,2.787657077206566,4.987021394449195,1.751267713204187,2.269629723410295,1.114846314463563
2019-03-14,2.354998244365148,1.594086843180064,2.782714422814356,4.879143922999428,1.751267713204187,2.269629723410295,1.119443618853103
2019-03-15,2.354998244365148,1.594086843180064,2.778760299300588,4.897637203819388,1.751267713204187,2.269629723410295,1.122939868841349
2019-03-18,2.354998244365148,1.594086843180064,2.77480617578682,5.036336809969088,1.751267713204187,2.269629723410295,1.131468526073055
2019-03-19,2.354998244365148,1.594086843180064,2.785041424502209,5.033254596499095,1.751267713204187,2.269629723410295,1.134311411816957
2019-03-20,2.352643246120782,1.594086843180064,2.785041424502209,4.971610327099228,1.749516445490983,2.267360093686885,1.134311411816957
2019-03-21,2.359707072208133,1.594086843180064,2.793403528829411,5.014761315679134,1.754769379580452,2.274167856574697,1.137717188938152
2019-03-22,2.351005017854569,1.592492756336884,2.783102102171159,4.996268034859175,1.748298195636087,2.26578125108026,1.133521550872
2019-03-25,2.317647142832573,1.541751565571248,2.743613299981192,4.925377125049329,1.723491990516019,2.233632596684921,1.117438271618419
2019-03-26,2.25221929683291,1.546458786806891,2.666160306746679,4.786332310990991,1.678193702905461,2.170576505507417,1.088068805155356
2019-03-27,2.274911682695206,1.558385204185864,2.693023382885185,4.834557321681077,1.687753798652603,2.192446293976006,1.094267161125084
2019-03-28,2.257892393298484,1.546458786806891,2.672876075781306,4.798388563663512,1.675127211630264,2.176043952624565,1.086080623760059
2019-03-29,2.269238586229632,1.614041818621074,2.686307613850558,4.822501069008554,1.683544936311823,2.186978846858858,1.091538315336742
2019-04-01,2.303277165023076,1.683612586665085,2.726602228058316,4.894838585043682,1.7087981103565,2.219783529561741,1.107911390066793
2019-04-02,2.314623357954224,1.66834279694754,2.740033766127569,4.918951090388724,1.717215835038059,2.230718423796035,1.113369081643477
2019-04-03,2.320296454419798,1.672431872430254,2.746749535162195,4.931007343061245,1.721424697378839,2.236185870913182,1.116097927431819
2019-04-04,2.331642647350946,1.680610023395683,2.760181073231448,4.955119848406287,1.729842422060398,2.247120765147476,1.121555619008502
2019-04-08,2.331642647350946,1.680610023395683,2.760181073231448,4.955119848406287,1.729842422060398,2.247120765147476,1.121555619008502
2019-04-09,2.331642647350946,1.680610023395683,2.760181073231448,4.955119848406287,1.729842422060398,2.247120765147476,1.121555619008502
2019-04-10,2.320296454419798,1.672431872430254,2.746749535162195,4.931007343061244,1.721424697378839,2.236185870913182,1.116097927431819
2019-04-11,2.348661936747669,1.692877249843827,2.780328380335327,4.991288606423852,1.742469009082736,2.263523106498918,1.129742156373528
2019-04-12,2.342988840282095,1.688788174361112,2.773612611300701,4.97923235375133,1.738260146741957,2.258055659381771,1.127013310585186
2019-04-15,2.342988840282095,1.688788174361112,2.773612611300701,4.97923235375133,1.738260146741957,2.258055659381771,1.127013310585186
2019-04-16,2.348661936747669,1.692877249843827,2.780328380335327,4.991288606423852,1.742469009082736,2.263523106498918,1.129742156373528
2019-04-17,2.348661936747669,1.692877249843827,2.780328380335327,4.991288606423852,1.742469009082736,2.263523106498918,1.129742156373528
2019-04-18,2.348661936747669,1.692877249843827,2.780328380335327,4.991288606423852,1.742469009082736,2.263523106498918,1.129742156373528
2019-04-19,2.349626363146816,1.696966325326541,2.781470061071214,4.99333816937818,1.743184515680669,2.264452572508833,1.130206060157546
2019-04-22,2.333580134325326,1.696966325326541,2.762474655776094,4.959237323343404,1.731279840939435,2.248988018355114,1.122487579746714
2019-04-23,2.331287815922256,1.705144476291971,2.759761026448219,4.954365773909863,1.729579173119259,2.246778796333154,1.121384939688024
2019-04-24,2.347334044743746,1.733768004670973,2.778756431743339,4.988466619944641,1.741483847860493,2.262243350486873,1.129103420098856
2019-04-25,2.342749407937606,1.738462263325129,2.77332917308759,4.978723521077562,1.73808251222014,2.257824906442953,1.126898139981475
2019-04-26,2.322049772757883,1.723101877573832,2.748825100256885,4.934733429692698,1.722725481803948,2.237875631584656,1.116941300251502
2019-04-29,2.34360011867675,1.739093542330898,2.774336238078294,4.980531419759452,1.738713653328811,2.258644778977553,1.1273073448014
2019-04-30,2.332824945717316,1.731097709952365,2.76158066916759,4.957632424726076,1.73071956756638,2.248260205281105,1.122124322526451
2019-05-06,2.268173907960716,1.683122715681167,2.685047255703361,4.820238454525815,1.682755052991792,2.185952763102414,1.091026188876757
2019-05-07,2.2951118403593,1.7031122966275,2.716936177980123,4.877485942109257,1.70274026739787,2.211914197343535,1.10398374456413
2019-05-08,2.252011148521567,1.671128967113368,2.665913902337303,4.78588996197575,1.670763924348145,2.170375902557741,1.083251655464334
2019-05-09,2.24662356204185,1.667131050924102,2.659536117881951,4.774440464459062,1.666766881466929,2.165183615709517,1.080660144326859
2019-05-10,2.249759137373045,1.671128967113368,2.660582074532629,4.781104072013775,1.669093160423797,2.168205526655183,1.083251655464334
2019-05-13,2.249759137373045,1.657476083327023,2.616995747031753,4.781104072013775,1.669093160423797,2.168205526655183,1.07547712205191
2019-05-14,2.249759137373045,1.657476083327023,2.593637107685241,4.781104072013775,1.669093160423797,2.168205526655183,1.044876558540611
2019-05-15,2.249759137373045,1.657476083327023,2.580932097360681,4.781104072013775,1.669093160423797,2.168205526655183,1.039758198911651
2019-05-16,2.249759137373045,1.657476083327023,2.593637107685241,4.781104072013775,1.669093160423797,2.168205526655183,1.044876558540611
2019-05-17,2.247509378235672,1.657476083327023,2.590007104735367,4.776322967941761,1.667424067263373,2.166037321128528,1.043414170075194
2019-05-20,2.232546982234804,1.657476083327023,2.572764590723463,4.744525442927432,1.656323486577317,2.151617310931807,1.036467824864462
2019-05-21,2.231759487708442,1.657476083327023,2.571857089985995,4.74285188897931,1.655739245488577,2.150858363026716,1.036102227748108
2019-05-22,2.231759487708442,1.657476083327023,2.571857089985995,4.74285188897931,1.655739245488577,2.150858363026716,1.036102227748108
2019-05-23,2.237271949392973,1.657476083327023,2.578209595148275,4.754566766616168,1.659828933109756,2.15617099836235,1.038661407562588
2019-05-24,2.249084367288395,1.655818607243696,2.591822106210304,4.779670075838006,1.668592549440852,2.167555216938709,1.044145364307903
2019-05-27,2.250659356341118,1.656978144083503,2.593637107685241,4.783017183734251,1.669761031618332,2.169073112748891,1.044876558540611
2019-05-28,2.245261868857437,1.65465907040389,2.590007104735367,4.771546644973819,1.665756643196109,2.1638712838074,1.043414170075194
2019-05-29,2.245261868857437,1.658717449343213,2.596359609897647,4.771546644973819,1.665756643196109,2.1638712838074,1.045973349889674
2019-05-30,2.245261868857437,1.650600691464567,2.583654599573086,4.771546644973819,1.665756643196109,2.1638712838074,1.040854990260714
2019-05-31,2.245261868857437,1.666904938969087,2.611787122434613,4.771546644973819,1.665756643196109,2.1638712838074,1.052188500867698
2019-06-03,2.245261868857437,1.665238034030118,2.644457148983482,4.771546644973819,1.665756643196109,2.1638712838074,1.065349997056453
2019-06-04,2.243016606988579,1.682381871031114,2.671682171107539,4.766775098328845,1.664090886552913,2.161707412523593,1.076317910547082
2019-06-05,2.257492597319009,1.693239634465078,2.688924685119443,4.797538932183549,1.674830603551726,2.175658649221266,1.083264255757814
2019-06-06,2.256730703091091,1.692668173231712,2.688017184381974,4.795919783033302,1.674265355288631,2.174924373605599,1.08289865864146
2019-06-10,2.249873655039835,1.687525022131413,2.679849677744757,4.781347440681073,1.669178120920772,2.168315893064596,1.07960828459427
2019-06-11,2.237683347393158,1.678381642397548,2.665329665945259,4.755441054277112,1.660134148711245,2.156567483213924,1.073758730732602
2019-06-12,2.264349645370265,1.698382785565377,2.69709219175666,4.812111274535777,1.679917837919585,2.182267129762269,1.086554629805002
2019-06-13,2.268159116509851,1.70124009173221,2.701629695444002,4.820207020287015,1.682744079235062,2.185938507840604,1.088382615386774
2019-06-14,2.30244435676613,1.726955847233704,2.742467228630089,4.893068732048155,1.708180251074356,2.218980910545617,1.104834485622717
2019-06-17,2.272730481877355,1.704668859132409,2.707074699868814,4.8299219151885,1.686135568813635,2.190344161534605,1.0905761980849
2019-06-18,2.288730260663618,1.716669545033107,2.726132215355654,4.863924047343699,1.698005782338639,2.205763949463612,1.09825373752834
2019-06-19,2.277301847244859,1.708097626532608,2.712519704293625,4.839636810089985,1.689527058392207,2.194749815228607,1.092769780783025
2019-06-20,2.326824972059484,1.745242606701434,2.771507252229084,4.944881504856077,1.72626819549341,2.242477730246961,1.116533593346055
2019-06-21,2.345872327757417,1.759529137535598,2.794194770665798,4.985360233612266,1.740399402070795,2.260834620638636,1.125673521254913
2019-06-24,2.362634000771598,1.772101284669662,2.814159786890107,5.020981514917713,1.752834863858894,2.276988684183309,1.133716657814708
2019-06-25,2.412157125586224,1.809246264838487,2.873147334825566,5.126226209683804,1.789576000960097,2.324716599201663,1.157480470377738
2019-06-26,2.36796726036702,1.776101513303228,2.820512292052388,5.032315558969445,1.756791601700562,2.282128613492978,1.136275837629188
2019-06-27,2.361872106543681,1.771529823436295,2.813252286152639,5.019362365767465,1.752269615595799,2.276254408567643,1.133351060698354
2019-06-28,2.368729154594937,1.776672974536594,2.821419792789856,5.033934708119694,1.757356849963658,2.282862889108646,1.136641434745542
2019-07-01,2.306963913326136,1.733813382034103,2.747850523004752,4.902673524807423,1.711533303771038,2.223336633497754,1.107003207716931
2019-07-02,2.281031930078192,1.748595941218829,2.716962647681347,4.84756384277857,1.692294401634205,2.20275018318759,1.094559671659817
2019-07-03,2.246310729289444,1.748595941218829,2.675605837028355,4.773775643980485,1.666534791285041,2.198344682821215,1.077898604520058
2019-07-04,2.228195320182271,1.756766950289945,2.654028370600707,4.735277453303222,1.653094994581129,2.180616096669431,1.069205873838445
2019-07-05,2.252349198991835,1.764937959361061,2.682798325837572,4.786608374206239,1.671014723519678,2.204254211538476,1.080796181413929
2019-07-08,2.18894526711673,1.752681445754388,2.607277193340804,4.651864706835822,1.623975435055987,2.142204160007232,1.050371624028283
2019-07-09,2.207060676223903,1.732253923076597,2.628854659768452,4.690362897513084,1.637415231759899,2.159932746159016,1.059064354709896
2019-07-10,2.198002971670316,1.749176082862879,2.618065926554628,4.671113802174453,1.630695333407943,2.151068453083124,1.054717989369089
2019-07-11,2.196620162108469,1.751578797262415,2.616418846617317,4.668175106952755,1.629669428926211,2.149715171006871,1.054054444260393
2019-07-12,2.191558825329417,1.759988297660795,2.61039023176336,4.65741894311185,1.625914430242049,2.144761910244183,1.051625747384217
2019-07-15,2.206742835666572,1.785243228714327,2.628476076325231,4.689687434634565,1.637179426294534,2.159621692532248,1.058911838012745
2019-07-16,2.221926846003727,1.793931958373345,2.646561920887101,4.72195592615728,1.64844442234702,2.174481474820314,1.066197928641273
2019-07-17,2.211804172445624,1.797546327664897,2.634504691179187,4.70044359847547,1.640934424978696,2.164574953294937,1.061340534888921
2019-07-18,2.191558825329417,1.771040952860186,2.61039023176336,4.657418943111851,1.625914430242049,2.144761910244183,1.051625747384217
2019-07-19,2.206742835666572,1.78673695390363,2.628476076325231,4.689687434634566,1.637179426294535,2.159621692532248,1.058911838012745
2019-07-22,2.196620162108469,1.778540912830678,2.616418846617317,4.668175106952756,1.629669428926211,2.149715171006871,1.054054444260393
2019-07-23,2.206742835666573,1.784950216949727,2.628476076325231,4.689687434634566,1.637179426294535,2.159621692532249,1.058911838012745
2019-07-24,2.209592368273178,1.784950216949727,2.634504691179187,4.695743154876995,1.639293490553718,2.162410378341642,1.061340534888921
2019-07-25,2.207382775904905,1.783165266732777,2.658619150595015,4.691047411722118,1.637654197063164,2.160247967963301,1.071055322393625
2019-07-26,2.202377372784939,1.779121808078054,2.652590535741058,4.680410116003927,1.633940695482522,2.155349446493996,1.068626625517449
2019-07-29,2.217393582144837,1.791252184042223,2.670676380302929,4.712322003158499,1.645081200224448,2.17004501090191,1.075912716145978
2019-07-30,2.212388179024871,1.7872087253875,2.664647765448972,4.701684707440308,1.641367698643806,2.165146489432606,1.073484019269802
2019-07-31,2.195174597695309,1.775078349423331,2.646561920887101,4.66510304746545,1.628596966707978,2.148300474099667,1.066197928641273
2019-08-01,2.192979423097614,1.757145610289635,2.617202566548331,4.660437944417985,1.62696836974127,2.146152173625568,1.054370174854296
2019-08-02,2.171281077882268,1.757145610289635,2.591306762789607,4.614325431775327,1.610870397745149,2.124917158715024,1.043937752279881
2019-08-05,2.128646722646809,1.757145610289635,2.537881993248444,4.523720492767523,1.579240029169038,2.083193185751128,1.022414969014023
2019-08-06,2.126518075924162,1.757145610289635,2.543283383930334,4.519196772274755,1.577660789139869,2.081109992565377,1.02459098141387
2019-08-07,2.169745233414125,1.755388464679346,2.594982409028432,4.611061512487865,1.609730956880273,2.123414109525899,1.045418528669552
2019-08-08,2.184584406880829,1.76739379762244,2.612729835554645,4.642597169575947,1.620740118940412,2.137936418333243,1.052568283697622
2019-08-09,2.195552491617088,1.776267304580379,2.625847498639237,4.665906133510616,1.628877325680514,2.148670298756061,1.057852885240109
2019-08-12,2.182003681060533,1.765305913632337,2.609643326593565,4.637112707473672,1.618825482060388,2.135410799410226,1.051324848040567
2019-08-13,2.235553741831681,1.80862950642698,2.673688387535985,4.750915296095882,1.658554197320888,2.187817392062813,1.077126137924472
2019-08-14,2.178132592330088,1.762174087647182,2.605013563151944,4.628886014320259,1.615953526740352,2.131622371025702,1.049459694554983
2019-08-15,2.202649487622903,1.782008985553163,2.63433539828221,4.680988404291874,1.634142577100581,2.155615750794357,1.061272333297012
2019-08-16,2.205875394898274,1.784618840540792,2.63819353448356,4.687843981919718,1.636535873200611,2.158772774448127,1.062826627868332
2019-08-19,2.194907310162014,1.775745333582853,2.625075871398968,4.664535017985049,1.628398666460509,2.148038894025309,1.057542026325845
2019-08-20,2.185874769790977,1.768437739617492,2.614273090035186,4.645339400627085,1.621697437380424,2.139199227794752,1.05319000152615
2019-08-21,2.1878103141562,1.770003652610069,2.616587971755997,4.649452747203792,1.623133415040443,2.141093441987014,1.054122578268942
2019-08-22,2.19426212870694,1.775223362585327,2.624304244158697,4.66316390245948,1.627920007240503,2.147407489294554,1.057231167411581
2019-08-23,2.192326584341718,1.77365744959275,2.621989362437887,4.659050555882773,1.626484029580485,2.145513275102292,1.05629859066879
2019-08-26,2.271038721860755,1.8373379112909,2.716127885750842,4.826326650002166,1.68488045442122,2.222544652254287,1.094223378208987
2019-08-27,2.272329084770903,1.838381853285952,2.717671140231382,4.829068881053303,1.685837772861232,2.223807461715795,1.094845096037515
2019-08-28,2.273619447681052,1.839425795281004,2.719214394711923,4.83181111210444,1.686795091301244,2.225070271177303,1.095466813866043
2019-08-29,2.300071887339089,1.860826606179562,2.750851111562998,4.88802684865276,1.706420119321491,2.25095786513822,1.108212029350863
2019-08-30,2.263296544399866,1.83107425932059,2.706868358867601,4.809873263695339,1.679136543781148,2.214967795485239,1.09049307123782
2019-09-02,2.2510432582051,1.82481060735028,2.69221361432039,4.783833037633737,1.670045847874793,2.202976156838758,1.08458923873812
2019-09-03,2.255285173892672,1.832640172313168,2.697286881181547,4.792847798383046,1.673192919196165,2.207127493817725,1.086633062680466
2019-09-04,2.272252836642962,1.835746943690441,2.717579948626173,4.828906841380285,1.685781204481654,2.223732841733595,1.094808358449848
2019-09-05,2.300532274560111,1.858593825379184,2.75140172770055,4.889005246375684,1.706761679957468,2.251408421593379,1.10843385139882
2019-09-06,2.306188162143541,1.863163201716932,2.758166083515425,4.901024927374764,1.710957775052631,2.256943537565335,1.111158949988614
2019-09-09,2.361333066081982,1.907714621009979,2.82411855271046,5.018216817115791,1.751869702230468,2.310910918291913,1.137728661239108
2019-09-10,2.348607319019265,1.897433524250045,2.80889875212699,4.991172534867862,1.742428488266351,2.29845690735501,1.131597189412071
2019-09-11,2.316085965414543,1.871159610307992,2.770003706191457,4.922059369123153,1.718300941469165,2.266629990516259,1.115927872520754
2019-09-12,2.327397740581403,1.880298362983489,2.783532417821208,4.946098731121313,1.726693131659491,2.277700222460172,1.121378069700343
2019-09-16,2.333053628164833,1.884867739321237,2.790296773636083,4.958118412120393,1.730889226754654,2.283235338432129,1.124103168290137
2019-09-17,2.287806527497394,1.84831272861925,2.73618192711708,4.861960964127755,1.697320465993351,2.238954410656476,1.102302379571783
2019-09-18,2.286392555601536,1.847170384534812,2.734490838163361,4.858956043877985,1.696271442219561,2.237570631663486,1.101621104924334
2019-09-19,2.321741852997973,1.87572898664574,2.776768062006332,4.934079050122233,1.722497036564328,2.272165106488215,1.118652971110548
2019-09-20,2.316085965414543,1.871159610307992,2.770003706191457,4.922059369123153,1.718300941469165,2.266629990516259,1.115927872520754
2019-09-23,2.286053202346531,1.850597416788124,2.734084976814469,4.858234863018041,1.696019676513851,2.237238524705169,1.101457599008947
2019-09-24,2.29252927374128,1.860878513548058,2.741830260034907,4.871997568012427,1.700824264832588,2.243576310894136,1.104577875493391
2019-09-25,2.286053202346531,1.836635687388134,2.734084976814469,4.858234863018041,1.696019676513851,2.237238524705169,1.101457599008947
2019-09-26,2.290370583276363,1.840104310027205,2.739248498961427,4.867409999680964,1.699222735393008,2.241463715497813,1.10353778333191
2019-09-27,2.299005345136029,1.847041555305347,2.749575543255344,4.885760273006811,1.705628853151323,2.249914097083102,1.107698151977836
2019-09-30,2.283894511881614,1.834901376068598,2.73150321574099,4.853647294686579,1.694418147074273,2.235125929308847,1.100417506847465
2019-10-08,2.268783678627199,1.822761196831849,2.713430888226636,4.821534316366346,1.683207440997222,2.220337761534592,1.093136861717094
2019-10-09,2.266624988162283,1.821026885512314,2.710849127153157,4.816946748034885,1.681605911557643,2.21822516613827,1.092096769555613
2019-10-10,2.257990226302617,1.814089640234172,2.70052208285924,4.798596474709038,1.675199793799328,2.209774784552982,1.087936400909687
2019-10-11,2.270827958497475,1.82622981947092,2.718594410373594,4.825878743576242,1.684724089376503,2.222338389374909,1.095217046040057
2019-10-14,2.270827958497475,1.821026885512314,2.710849127153157,4.825878743576242,1.684724089376503,2.222338389374909,1.092096769555613
2019-10-15,2.270827958497475,1.845307243985812,2.746993782181866,4.825878743576242,1.684724089376503,2.222338389374909,1.106658059816355
2019-10-16,2.270827958497475,1.866118979820238,2.777974915063616,4.825878743576242,1.684724089376503,2.222338389374909,1.119139165754133
2019-10-17,2.270827958497475,1.860787706823986,2.772811392916658,4.825878743576242,1.684724089376503,2.222338389374909,1.11705898143117
2019-10-18,2.270827958497475,1.860787706823986,2.767647870769699,4.825878743576242,1.684724089376503,2.222338389374909,1.114978797108207
2019-10-21,2.270827958497475,1.860787706823986,2.780556676137095,4.825878743576242,1.684724089376503,2.222338389374909,1.117938899399783
2019-10-22,2.268557130538978,1.860787706823986,2.805914733400808,4.821052864832666,1.683039365287126,2.220116050985534,1.128357714864832
2019-10-23,2.258083644248401,1.860787706823986,2.792960371750758,4.798795003037501,1.675269100442772,2.20986620772152,1.123148307132308
2019-10-24,2.283220011345786,1.860787706823986,2.824050839710878,4.852213871345896,1.693917736069222,2.234465831555155,1.135650885690367
2019-10-25,2.28112531408767,1.858926919117162,2.821459967380868,4.847762298986862,1.692363683100351,2.232415862902351,1.134609004143862
2019-10-28,2.293693497636363,1.869168940710094,2.837005201360928,4.874471733141061,1.701688000913577,2.244715674819169,1.140860293422892
2019-10-29,2.293693497636363,1.869168940710094,2.837005201360928,4.874471733141061,1.701688000913577,2.244715674819169,1.140860293422892
2019-10-30,2.295788194894478,1.870875944308916,2.839596073690938,4.878923305500094,1.703242053882448,2.246765643471972,1.141902174969396
2019-10-31,2.299977589410709,1.87428995150656,2.844777818350958,4.88782645021816,1.706350159820189,2.250865580777578,1.143985938062406
2019-11-01,2.304166983926939,1.877703958704204,2.849959563010978,4.896729594936225,1.709458265757931,2.254965518083183,1.146069701155416
2019-11-04,2.316735167475632,1.887945980297136,2.865504796991038,4.923439029090423,1.718782583571156,2.267265330000001,1.152320990434446
2019-11-05,2.331398048282439,1.89989500548889,2.883640903301107,4.954600035603653,1.729660954353252,2.281615110569621,1.15961416125998
2019-11-06,2.306261681185054,1.879410962303026,2.852550435340987,4.901181167295258,1.711012318726801,2.257015486735986,1.147111582701921
2019-11-07,2.314640470217516,1.886238976698314,2.862913924661027,4.91898745673139,1.717228530602285,2.265215361347197,1.15127910888794
2019-11-08,2.314640470217516,1.886238976698314,2.862913924661027,4.91898745673139,1.717228530602285,2.265215361347197,1.15127910888794
2019-11-11,2.289504103120131,1.86575493351245,2.831823456700907,4.865568588422995,1.698579894975835,2.240615737513563,1.138776530329881
2019-11-12,2.299977589410708,1.874289951506561,2.844777818350958,4.887826450218161,1.706350159820189,2.250865580777578,1.143985938062406
2019-11-13,2.314192205004279,1.889652983895958,2.862359477982405,4.918034820246558,1.716895963266946,2.264776668055498,1.151056146236989
2019-11-14,2.329317644252673,1.887945980297137,2.881067709864643,4.950178838679542,1.728117505510521,2.279579129938214,1.158579389022851
2019-11-15,2.334359457335471,1.880762909153294,2.887303787158723,4.960893511490537,1.731858019591713,2.284513283899119,1.161087136618139
2019-11-18,2.344443083501067,1.88888715498117,2.899775941746881,4.982322857112527,1.739339047754096,2.29438159182093,1.166102631808714
2019-11-19,2.359568522749461,1.901073523722983,2.918484173629119,5.01446687554551,1.750560589997671,2.309184053703645,1.173625874594577
2019-11-20,2.354526709666664,1.897011400809046,2.912248096335039,5.003752202734516,1.746820075916479,2.30424989974274,1.171118126999289
2019-11-21,2.33940127041827,1.884825032067232,2.893539864452801,4.971608184301531,1.735598533672904,2.289447437860024,1.163594884213426
2019-11-22,2.349484896583866,1.892949277895108,2.90601201904096,4.993037529923521,1.743079561835288,2.299315745781835,1.168610379404002
2019-11-25,2.359568522749462,1.901073523722984,2.918484173629119,5.014466875545511,1.750560589997671,2.309184053703646,1.173625874594577
2019-11-26,2.379735775080654,1.917322015378736,2.943428482805436,5.05732556678949,1.765522646322437,2.328920669547267,1.183656864975727
2019-11-27,2.394861214329048,1.92950838412055,2.962136714687674,5.089469585222474,1.776744188566012,2.343723131429983,1.19118010776159
2019-11-28,2.460404784405422,1.982315982001744,3.043205719510706,5.228760331765406,1.825370871621504,2.407867132921751,1.223780826500328
2019-11-29,2.46544659748822,1.986378104915682,3.049441796804785,5.2394750045764,1.829111385702695,2.412801286882656,1.226288574095616
2019-12-02,2.520906541398998,2.031061456969,3.118038647039658,5.357336405497342,1.870257040595803,2.467076980452614,1.253873797643779
2019-12-03,2.38981940124625,1.925446261206612,2.955900637393595,5.07875491241148,1.773003674484821,2.338788977469078,1.188672360166302
2019-12-04,2.359568522749463,1.901073523722984,2.91848417362912,5.014466875545512,1.750560589997672,2.309184053703647,1.173625874594577
2019-12-05,2.364610335832261,1.905135646636922,2.924720250923199,5.025181548356507,1.754301104078863,2.314118207664552,1.176133622189865
2019-12-06,2.359568522749463,1.901073523722984,2.91848417362912,5.014466875545513,1.750560589997672,2.309184053703647,1.173625874594577
2019-12-09,2.372319268035859,1.913259892464798,2.931318020700336,5.041564283084519,1.761782132241247,2.321662529070776,1.18114911738044
2019-12-10,2.372319268035859,1.905135646636922,2.93658071014504,5.041564283084519,1.752546802974785,2.321662529070776,1.176133622189865
2019-12-11,2.372319268035859,1.905135646636922,2.928686675977983,5.041564283084519,1.752546802974785,2.321662529070776,1.173781354945485
2019-12-12,2.372319268035859,1.915404693363358,2.928686675977983,5.041564283084519,1.752546802974785,2.321662529070776,1.176621721200647
2019-12-13,2.369946948767824,1.915404693363358,2.959594451086732,5.036522718801434,1.75079425617181,2.319340866541705,1.2021850174971
2019-12-16,2.400743660447028,1.915404693363358,2.99805344572578,5.101970739955381,1.773545274267368,2.349479968174262,1.217807031900489
2019-12-17,2.432940222657104,1.913489288669994,3.038260576484784,5.170393671161779,1.797330429549088,2.380989028971934,1.234139137867667
2019-12-18,2.414742165755757,1.899176653024016,3.015534806925347,5.131719840479902,1.783886646128985,2.363179559825423,1.224907947538392
2019-12-19,2.413342315224884,1.898075681051248,3.01378667080539,5.128744930427449,1.782852508942823,2.361809600660307,1.224197855974602
2019-12-20,2.390944706730917,1.880460129486968,2.985816492886082,5.081146369588215,1.766306313964235,2.339890254018448,1.212836390953956
2019-12-23,2.33915023708862,1.839724166494568,2.921135456447683,4.971074697647486,1.728043238076251,2.289201764909149,1.186563003093712
2019-12-24,2.385345304607426,1.876056241595898,2.978823948406255,5.069246729378406,1.762169765219588,2.334410417357983,1.209996024698794
2019-12-25,2.404943212039647,1.891469849214643,3.003297854085649,5.110895470112736,1.776647685825853,2.353589845669609,1.21993730659186
2019-12-26,2.41614201628663,1.900277624996783,3.017282943045303,5.134694750532352,1.784920783315147,2.364549518990539,1.225618039102182
2019-12-27,2.376946201422188,1.869450409759292,2.968335131686515,5.051397269063693,1.755964942102618,2.326190662367285,1.205735475316052
2019-12-30,2.417541866817503,1.901378596969551,3.01903107916526,5.137669660584804,1.785954920501308,2.365919478155655,1.226328130665973
2019-12-31,2.421741418410121,1.904681512887854,3.02427548752513,5.146594390742161,1.789057332059793,2.370029355651003,1.228458405357344
2020-01-02,2.470736186990672,1.943215531934717,3.085460251723615,5.250716242577984,1.825252133575454,2.41797792643007,1.253311610090007
2020-01-03,2.469336336459799,1.94211455996195,3.083712115603658,5.247741332525532,1.824217996389292,2.416607967264953,1.252601518526216
2020-01-06,2.502932749200749,1.968537887308371,3.12566738248262,5.319139173784383,1.849037288857174,2.449486987227742,1.269643716057185
2020-01-07,2.550527667250428,2.005970934382467,3.185104010561148,5.420286115567755,1.884197953186673,2.496065598841692,1.293786829226058
2020-01-08,2.50853215132424,1.972941775199441,3.132659926962447,5.331038813994192,1.853173837601821,2.454966823888207,1.272484082312347
2020-01-09,2.574325126275267,2.024687457919516,3.214822324600413,5.470859586459441,1.901778285351422,2.519354904648667,1.305858385810494
2020-01-10,2.563126322028284,2.015879682137375,3.200837235640759,5.447060306039824,1.893505187862129,2.508395231327738,1.300177653300171
2020-01-13,2.606521688485344,2.050009813293169,3.255029455359418,5.53928251766584,1.925563440633142,2.55086396544634,1.322190491777673
2020-01-14,2.58972348211487,2.036798149619959,3.234051821919937,5.503583597036415,1.913153794399202,2.534424455464946,1.313669393012189
2020-01-15,2.585523930522251,2.033495233701656,3.228807413560066,5.494658866879058,1.910051382840716,2.530314577969597,1.311539118320817
2020-01-16,2.598122585300107,2.043403981456564,3.244540638639677,5.521433057351127,1.919358617516172,2.542644210455643,1.317929942394931
2020-01-17,2.600922286361853,2.045605925402099,3.248036910879591,5.527382877456032,1.921426891888495,2.545384128785875,1.319350125522512
2020-01-20,2.66671526131288,2.097351608122174,3.330199308517557,5.667203649921281,1.970031339638097,2.609772209546336,1.352724429020659
2020-01-21,2.648517204411532,2.083038972476195,3.307473538958119,5.628529819239403,1.956587556217994,2.591962740399825,1.343493238691384
2020-01-22,2.684913318214227,2.111664243768152,3.352925078076994,5.705877480603158,1.983475123058199,2.627581678692846,1.361955619349934
2020-01-23,2.593923033707489,2.040101065538261,3.239296230279807,5.51250832719377,1.916256205957687,2.538534332960294,1.31579966770356
2020-02-03,2.390944706730918,1.880460129486967,2.985816492886082,5.081146369588214,1.766306313964236,2.339890254018447,1.212836390953956
2020-02-04,2.537044306937061,1.999365102545862,3.168265963453725,5.391631781942536,1.877993130069703,2.482870152163293,1.289526279843316
2020-02-05,2.576685624232952,2.059918561048077,3.21777011913269,5.475876028535388,1.934870675308598,2.521664998290844,1.328581315851787
2020-02-06,2.626237270852816,2.124875907441362,3.279650313731395,5.581181336776453,1.991892999753556,2.570158555950283,1.367735764679188
2020-02-07,2.685699246796654,2.135885627169038,3.353906547249842,5.707547706665731,2.036992463898919,2.62835082514161,1.398703366898339
2020-02-10,2.730295728754532,2.159006038597156,3.409598722388677,5.802322484082691,2.070817062007942,2.671995027035106,1.421929068562703
2020-02-11,2.794712869360355,2.139305246116454,3.490042975366994,5.939219384796074,2.119674814832086,2.735036651992377,1.455477304300117
2020-02-12,2.854174845304192,2.184822379012548,3.56429920888544,6.065585754685351,2.164774278977449,2.793228921183704,1.486444906519268
2020-02-13,2.986933616928134,2.291029022436769,3.730088626254292,6.360440617760334,2.265466349259331,2.923152860864874,1.55558523974056
2020-02-14,2.985431135229478,2.150684529340477,3.72821232412841,5.970810977268393,2.264326778661112,2.921682462041501,1.554802752195419
2020-02-17,3.111639597916582,2.165856906972509,3.885821702702535,6.012933100564819,2.360050708911507,3.045195963204806,1.620531705987274
2020-02-18,3.140186750191046,2.116546679668406,3.921471443094302,5.876036199851435,2.381702550277667,3.073133540848887,1.635398969344955
2020-02-19,3.08609740903943,2.093788113220359,3.853924566562533,5.812853014906796,2.340678008741784,3.02019918320747,1.607229417719875
2020-02-20,3.162723975670886,2.120339774076414,3.949615974982538,5.886566730675542,2.398796109250952,3.095189523199477,1.643842009957028
2020-02-21,3.216377597129892,2.07482264118032,4.0166187238978,5.748679960064691,2.439490175313352,3.147697465182115,1.67360410530686
2020-02-24,3.087016889384265,1.987391815075737,3.855072815441215,5.837121190219532,2.341375396781553,3.021099029653766,1.606292788457224
2020-02-25,3.133657304558734,2.002904056056586,3.913317458435653,5.882681823935664,2.38151326072638,3.066743520136078,1.633829236259348
2020-02-26,3.150837443289867,1.914206887097623,3.934772049764796,5.633438357135656,2.309987587176698,3.083556806978929,1.584759286275963
2020-02-27,3.151696450226423,1.914206887097623,3.935844779331252,5.657558692632432,2.31061735478498,3.084397471321072,1.585191336244959
2020-02-28,3.105957766882527,1.82571815562316,3.878726220835675,5.346674368451777,2.277084748714421,3.039635457759349,1.562186403595818
2020-03-02,3.197813159487073,1.879711825388456,3.993435417341593,5.504796567819524,2.344427104691439,3.12952943871564,1.608386402499152
2020-03-03,3.256974259808646,1.914487409305088,4.067315916786082,5.606637984361464,2.387800147524095,3.187427256958676,1.638142333996216
2020-03-04,3.25074677556427,1.91082682152439,4.059539022107715,5.595917835251786,2.383234564068026,3.181332749775199,1.635010130680735
2020-03-05,3.302123520580372,1.941026670715149,4.123698403204244,5.684359065406627,2.420900627580595,3.231612434038887,1.660850808033448
2020-03-06,3.286554809969432,1.931875201263404,4.104256166508327,5.657558692632434,2.409486668940423,3.216376166080194,1.653020299744747
2020-03-09,3.127713483090255,1.842190800636301,3.905894802394551,5.384125209366437,2.293034614518198,3.060926618604827,1.573128755878448
2020-03-10,3.08753787945395,1.887948147895028,3.855723428873769,5.314965907688323,2.263580494025617,3.021608894889488,1.55292185466875
2020-03-11,3.118310682239205,1.852257417033221,3.894152566038624,5.367938989824751,2.286141096956105,3.051724598160812,1.568399481127242
2020-03-12,3.081034560465333,1.800147119681094,3.843750617694852,5.30377092966349,2.258812686606307,3.015244442931482,1.551202118395584
2020-03-13,3.081034560465333,1.745513053744475,3.710054944035901,5.30377092966349,2.258812686606307,3.015244442931482,1.505629107156689
2020-03-16,3.081034560465333,1.745513053744475,3.419099734235607,5.30377092966349,2.258812686606307,3.015244442931482,1.464859319328746
2020-03-17,3.081034560465333,1.745513053744475,3.437762942391915,5.30377092966349,2.258812686606307,3.015244442931482,1.466386805584564
2020-03-18,3.081034560465333,1.745513053744475,3.386185300331143,5.30377092966349,2.258812686606307,3.015244442931482,1.463331833072929
2020-03-19,3.081034560465333,1.745513053744475,3.371931964731432,5.30377092966349,2.258812686606307,3.015244442931482,1.449584456770574
2020-03-20,3.081034560465333,1.745513053744475,3.406547208330729,5.30377092966349,2.258812686606307,3.015244442931482,1.492354071933457
2020-03-23,3.081034560465333,1.745513053744475,3.397384349730915,5.30377092966349,2.256553873919701,3.015244442931482,1.571783357235954
2020-03-24,3.077953525904867,1.743767540690731,3.57957659393881,5.298467158733827,2.225852460669093,3.01222919848855,1.550398549654513
2020-03-25,3.129505456880614,1.77297349950033,3.639530093541727,5.387209958436759,2.263132748187689,3.062680327921364,1.576365816003406
2020-03-26,3.047628860625016,1.726587564920379,3.544309829466507,5.246265511849749,2.203922879775801,2.982552063528072,1.53512368709634
2020-03-27,3.084018458960837,1.747203535844801,3.586629946833271,5.308907488110641,2.230238376847751,3.018164625480646,1.553453522166147
2020-03-30,3.111310657712703,1.762665514038118,3.618370034858344,5.355888970306311,2.249974999651714,3.044874046945076,1.567200898468502
2020-03-31,3.102213258128747,1.757511521307012,3.607790005516653,5.340228476241087,2.243396125383726,3.035970906456932,1.562618439701051
2020-04-01,3.011239262289195,1.705971593995956,3.501989712099742,5.183623535588856,2.177607382703852,2.946939501575498,1.516793852026533
2020-04-02,2.999109396177254,1.699099603687815,3.48788300631082,5.162742876835225,2.168835550346535,2.935068647591306,1.510683907003264
2020-04-03,2.959687331313448,1.676765635186358,3.442036212496826,5.094880735885924,2.140327095185256,2.896488372142684,1.490826585677639
2020-04-07,2.965815946166507,1.681919627917464,3.44571100935484,5.105430688721197,2.146905969453244,2.902486121118197,1.495409044445091
2020-04-08,2.965815946166507,1.685355623071534,3.434995466669993,5.105430688721197,2.146989301860638,2.902486121118197,1.495467088922813
2020-04-09,2.96285013022034,1.687073620648569,3.431560471203323,5.100325258032475,2.152296333916872,2.899583634997079,1.499163656843797
2020-04-10,2.979896665216128,1.688791618225604,3.451303695832164,5.129669595133484,2.164679408714749,2.916266170979254,1.507788981992761
2020-04-13,2.973126755603515,1.675088869551172,3.443462815193852,5.118015701256225,2.159761559009306,2.909640820974904,1.504363495719315
2020-04-14,3.057880342767619,1.67341378068162,3.541624060860164,5.263912672862341,2.221328910350846,2.992584643155359,1.547247709256677
2020-04-15,3.0440281101843,1.668905661660388,3.525580463755475,5.240067088840315,2.211266265230345,2.97902820083076,1.54023865961112
2020-04-16,2.988619179851025,1.67816533813,3.461406075336718,5.14468475275221,2.171015684748336,2.924802431532362,1.509178056106834
2020-04-17,3.017203261786702,1.708612307978677,3.494512037962244,5.204298712807276,2.191779952954492,2.952776150269172,1.536559088074621
2020-04-20,3.007715201215046,1.703239313299499,3.483523006396325,5.222182900823796,2.184887563165327,2.943490690677131,1.531727141256776
2020-04-21,2.96066707152706,1.67659642368368,3.429032061871454,5.12680056473569,2.15071049966412,2.897447191713395,1.507767127636024
2020-04-22,2.933125982489599,1.657678177526207,3.397134089202882,5.079109396691638,2.130703890364919,2.870494194581177,1.493741386913828
2020-04-23,2.944438484811736,1.670390017501123,3.410236181476498,5.098698543965733,2.138921605134566,2.881565138153236,1.49950245991547
2020-04-24,2.926448025637733,1.648949772235647,3.389399707862589,5.06754559970525,2.125852837689752,2.8639588338468,1.490340530425152
2020-04-27,3.022397141232414,1.672339130707075,3.500527567136772,5.23369463576116,2.19555293072876,2.957859123481122,1.539204154373517
2020-04-28,3.058378059580418,1.690391817220605,3.542200514364591,5.296000524282126,2.221690465618388,2.993071732093992,1.557528013354154
2020-04-29,3.142333535725764,1.736794729850191,3.639437391229501,5.441380930831048,2.28267804702752,3.075234485524024,1.597083116940357
2020-04-30,3.243775738188239,1.7964556175168,3.756927320447132,5.628298596393947,2.356368470393012,3.17451056673991,1.597083116940357
2020-05-06,3.217295936243845,1.782939111966554,3.726258525994502,5.597145652133463,2.337132809410212,3.148596194766523,1.584045703740844
2020-05-07,3.194344567908542,1.77942419996662,3.699676348402685,5.534839763612497,2.320460300253369,3.12613491285859,1.572745525850166
2020-05-08,3.221161287737897,1.79436257596634,3.730735359722609,5.545224078365991,2.339940707712286,3.152379008423328,1.585948821622735
2020-05-11,3.192767113800933,1.774988381022703,3.697849347736808,5.503686819352014,2.319314393932257,3.124591142531252,1.571968861392956
2020-05-12,3.222738741845507,1.753602978841707,3.732562360388488,5.430996616077553,2.3410866140334,3.153922778750667,1.586725486079945
2020-05-13,3.239907752352724,1.760767088572341,3.752447435635901,5.347922098049598,2.353558658432391,3.170725174993408,1.595178702032218
2020-05-14,3.176996922209953,1.738460616495928,3.679584378633262,5.244078950514655,2.30785849030749,3.109157695867323,1.564204358303437
2020-05-15,3.208452337281338,1.755673097847372,3.716015907134582,5.296000524282126,2.330708574369941,3.139941435430365,1.579691530167828
2020-05-18,3.233616669338447,1.769443082928528,3.745161129935637,5.337537783296104,2.348988641619901,3.1645684270808,1.59208126765934
2020-05-19,3.289934444482256,1.803868045631418,3.8103881385644,5.430498168969385,2.389899432125312,3.219683634394471,1.619809500165345
2020-05-20,3.258008831241283,1.786655564279973,3.773412028534663,5.377800467184142,2.366707783099351,3.188439736923395,1.604090824763449
2020-05-21,3.218037963463585,1.803868045631418,3.727117938777432,5.311822944549016,2.337671838518847,3.155633644578764,1.584411043160276
2020-05-22,3.185857583828949,1.769443082928529,3.689846759389658,5.258704715103526,2.314295120133659,3.074486994066883,1.568566932728673
2020-05-25,3.17372742077497,1.810567143373401,3.675797655919754,5.238682179893315,2.305483433978966,3.062780874893613,1.562594609059324
2020-05-26,3.229914614816607,1.846313779965176,3.740873426069077,5.331427023145247,2.346299366757819,3.123250388711849,1.590258549551792
2020-05-27,3.243514255300046,1.874911089238596,3.756624472073579,5.353875136926911,2.356178521986273,3.165282747766904,1.596954375023589
2020-05-28,3.311512457717237,1.908870394000783,3.835379702096085,5.466115705835231,2.405574298128543,3.231640876650906,1.630433502382574
2020-05-29,3.311512457717237,1.905295730341605,3.835379702096085,5.466115705835231,2.405574298128543,3.231640876650906,1.630433502382574
2020-06-01,3.365911019650991,1.910403924710569,3.898383886114091,5.555908160961888,2.445090919042359,3.284727379758108,1.657216804269762
2020-06-02,3.396510210738727,1.927771233117029,3.933823739624219,5.606416416970632,2.46731901830638,3.314588537755909,1.672282411581305
2020-06-03,3.464365616930842,1.970224653666152,4.012413583663678,5.729881042769785,2.51661106331875,3.380807314569254,1.705691232772836
2020-06-04,3.464365616930842,2.016537476083378,4.012413583663678,5.86456972545977,2.51661106331875,3.380807314569254,1.705691232772836
2020-06-05,3.470728088219972,2.060920597566553,4.0197825709615,5.993646379704339,2.521232938549823,3.387016327084533,1.708823815385826
2020-06-08,3.486634266442795,2.085686379354164,4.038205039206053,6.077826806385579,2.532787626627503,3.40253885837273,1.7166552719183
2020-06-09,3.531171565466698,2.112328358652484,4.089787950290802,6.094662891721828,2.565140753245008,3.446001945979681,1.738583350209227
2020-06-10,3.559802686267779,2.129455345344261,4.122948393130997,6.027318550376836,2.585939191784832,3.473942502298434,1.75267997196768
2020-06-11,3.458003145641713,2.068559392662388,4.005044596365857,5.819673497896441,2.511989188087679,3.374598302053975,1.702558650159846
2020-06-12,3.410284610973244,2.040014414842759,3.949777191632198,5.65131264453396,2.477325123854638,3.328030708189385,1.679064280562425
2020-06-15,3.311666305991741,1.981021460682194,3.835557888515968,5.494175848062311,2.40568605777302,3.231791014202565,1.630509250061085
2020-06-16,3.476486124736633,2.083783380832856,4.026451504466028,5.780389298778529,2.525415735633943,3.39263548341086,1.715088980611805
2020-06-17,3.50348795871517,2.083783380832856,4.057724914209453,5.825285526341857,2.545030615134012,3.418986050272303,1.711658802650581
2020-06-18,3.500112729467852,2.06475339561977,4.053815737991525,5.81967349789644,2.542578755196503,3.415692229414622,1.710009805730879
2020-06-19,3.496480982797739,2.07011985144986,4.049609464381034,5.813634955289173,2.539940553903744,3.412148078171759,1.70823548504528
2020-06-22,3.53553908135446,2.042199159811808,4.094846388692708,5.878577258185611,2.568313437660488,3.450264120153123,1.72731765087465
2020-06-23,3.604281334814291,2.054165170513831,4.174463375481254,5.992875711283343,2.618249713072358,3.517348354040325,1.760902262734343
2020-06-24,3.604281334814291,2.079912036874349,4.174463375481254,5.992875711283343,2.618249713072358,3.517348354040325,1.760902262734343
2020-06-29,3.585533447507065,2.069093248646134,4.152749651811651,5.961703405893052,2.604630728869121,3.49905265388927,1.751742823136245
2020-06-30,3.678151135452647,2.126793452529947,4.260019065693436,6.127955701307934,2.671910780663813,3.58943646191884,1.796991981324116
2020-07-01,3.725220711226265,2.111466835873309,4.314534848983846,6.083794935338357,2.70610342319516,3.6353707493657,1.81998822240139
2020-07-02,3.792462962331431,2.118679361358786,4.392414539398716,6.104576472265217,2.754950055382798,3.700991160004069,1.852839995368924
2020-07-03,3.812635637662981,2.145726331929323,4.415778446523177,6.182507235740943,2.76960404503909,3.72067728319558,1.862695527259184
2020-07-06,3.832808312994532,2.208835929927245,4.439142353647639,6.364345683850971,2.784258034695381,3.740363406387091,1.872551059149444
2020-07-07,3.852980988326082,2.252105673445991,4.4625062607721,6.502023365991421,2.798912024351673,3.760049529578602,1.882406591039704
2020-07-08,3.846256763215565,2.248175297052543,4.454718291730614,6.686459506217306,2.794027361132909,3.753487488514765,1.879121413742951
2020-07-09,3.886602113878665,2.271757555413234,4.501446105979536,6.946228717803059,2.823335340445492,3.792859734897787,1.898832477523471
2020-07-10,3.879877888768149,2.267827179019785,4.493658136938048,6.974803331077492,2.818450677226728,3.78629769383395,1.895547300226717
2020-07-13,3.953844364983833,2.311061319347719,4.579325796394406,7.278733308632823,2.87218197263313,3.858480145536157,1.931684250491005
2020-07-14,3.900050564099699,2.279618308200131,4.51702204406251,7.187814084577809,2.83310466688302,3.805983817025461,1.905402832116978
2020-07-15,3.906774789210216,2.283548684593579,4.524810013103997,7.07091793936422,2.837989330101783,3.812545858089298,1.908688009413731
2020-07-16,3.556711629956716,2.083099488527706,4.11936834480418,6.644896432363583,2.588871505944828,3.470926000305944,1.741143967279307
2020-07-17,3.589889910086909,2.267827179019785,4.157795288319144,6.709838735260022,2.812813775872275,3.503304041353574,1.891756205626264
2020-07-20,3.599843394125966,2.25603604983944,4.169323371373633,6.782574114504033,2.820612705010552,3.513017453667862,1.897001370706558
2020-07-21,3.68278909445145,2.354295459675653,4.265390730161045,6.865700262211474,2.88560378116287,3.593962556286939,1.940711079709014
2020-07-22,3.676153438425412,2.322852448528065,4.257705341458052,6.956619486266489,2.880404495070684,3.587486948077413,1.937214302988818
2020-07-23,3.719285202594663,2.326051774912332,4.307660368027505,7.0293548655105,2.914199854669889,3.629578401439332,1.959943351670094
2020-07-24,3.632378015621634,2.27625227214882,4.207004832184407,6.590344897930576,2.846104804720537,3.544767360719169,1.914146066965682
2020-07-27,3.636673299045704,2.282477209994259,4.211979611252816,6.598137974278148,2.849470320847522,3.548959044630149,1.916409542803639
2020-07-28,3.67655357387705,2.292408060837016,4.258168776643303,6.670494090473245,2.880718016247872,3.587877432515633,1.937425161467124
2020-07-29,3.673232387270115,2.387739449297786,4.25432219238256,6.664468350554118,2.878115741617115,3.58463635082411,1.93567500323635
2020-07-30,3.662571378261853,2.362792917737959,4.241974656905572,6.645125725413721,2.869762440052385,3.574232478594322,1.930056995315564
2020-07-31,3.699425234966932,2.412685980857614,4.284658637641085,6.711990910001018,2.8986388230141,3.610197443640072,1.949477789231054
2020-08-03,3.685385670507854,2.471488519534351,4.268398073551365,6.686518458729667,2.887638296171542,3.596496504575025,1.942079391548963
2020-08-04,3.690650507180009,2.439414407528858,4.27449578508501,6.696070627956424,2.891763493737502,3.601634356724418,1.944853790679747
2020-08-05,3.790682403950936,2.456764720228718,4.390352304224262,6.877561843264801,2.97014224749073,3.699253547562883,1.997567374164648
2020-08-06,3.819639005647783,2.475531672952687,4.423889717659308,6.930098774011962,2.992830834103506,3.727511734384543,2.01282656938396
2020-08-07,3.841575825115092,2.489749061379937,4.449296849049495,6.969899479123449,3.010019157295003,3.748919451673681,2.024386565762228
2020-08-10,3.816129114533014,2.473256890804327,4.419824576636878,6.923730661194125,2.990080702392866,3.724086499618282,2.010976969963438
2020-08-11,3.731891727778549,2.418662119243689,4.322261192098561,6.770895953566018,2.924077541337517,3.641880865227995,1.96658658387089
2020-08-12,3.50023891420377,2.268526497451934,4.05396188461819,6.350600507588725,2.742568848435305,3.415815370654708,1.844513022116384
2020-08-13,3.550160095529135,2.305491707362783,4.11178038538021,6.441174176196832,2.787258488733199,3.464532484735252,1.87456901269988
2020-08-14,3.573710079579079,2.324827355623842,4.139055877157193,6.483901699753694,2.805013339057087,3.487514458099996,1.886510026558775
2020-08-17,3.567822583566593,2.348143872644531,4.132237004212947,6.473219818864479,2.800392229767043,3.48176896475881,1.883402102297558
2020-08-18,3.579597575591565,2.397933166916759,4.145874750101439,6.494583580642909,2.809634448347132,3.493259951441182,1.889617950819992
2020-08-19,3.609035055653996,2.41765301203943,4.179969114822668,6.547992985088986,2.832739994797355,3.521987418147113,1.905157572126077
2020-08-20,3.597260063629023,2.409765073990361,4.166331368934176,6.526629223310556,2.823497776217266,3.51049643146474,1.898941723603643
2020-08-21,3.667910015778857,2.457092702284771,4.248157844265126,6.65481179398114,2.878951087697801,3.579442351558974,1.936236814738248
2020-08-24,3.767997447991121,2.524140175701852,4.364078684317305,6.836403769097801,2.95750994562856,3.677115738359139,1.989071527178939
2020-08-25,3.879859872228358,2.599075587168001,4.493637270257976,7.039359505992893,3.045311022139408,3.786280111841676,2.048122088142064
2020-08-26,3.815097416091011,2.555691927898125,4.418629667871272,6.921858816211524,2.994478819948918,3.723079685088629,2.013934921268676
2020-08-27,3.950509824378192,2.646403215462411,4.575463745588926,7.167542076663477,3.100764333619944,3.85522603193591,2.085417179276669
2020-08-28,3.991722296465595,2.67401099863415,4.623195856198646,7.242315242887984,3.133112098650256,3.895444485324213,2.107172649105189
2020-08-31,4.064191484883286,2.725282595953093,4.702417522064893,7.381179694447781,3.189993332901415,3.966165762860873,2.143280513172008
2020-09-01,4.064191484883286,2.784442131321105,4.677404662904975,7.541407907786011,3.189993332901415,3.966165762860873,2.131880084910455
2020-09-02,4.064191484883286,2.931378641299149,4.676370798059698,7.947319381576193,3.189993332901415,3.966165762860873,2.131408867208977
2020-09-03,4.064191484883286,2.931378641299149,4.644318552297899,8.385276498034022,3.189993332901415,3.966165762860873,2.116800008377893
2020-09-04,4.060127293398402,2.931378641299149,4.513694053539029,7.541407907786011,3.186803339568513,3.962199597098012,2.057263622801945
2020-09-07,4.075713194716631,2.931378641299149,4.531021094051655,7.017995744214462,3.199036749701214,3.977409576357506,2.065160987956656
2020-09-08,4.087402620705301,2.92844726265785,4.544016374436125,7.423907218004643,3.20821180730074,3.988817060802126,2.071084011822688
2020-09-09,4.052334342739289,2.903322357639814,4.505030533282717,7.071405148660538,3.180686634502163,3.954594607468266,2.053314940224591
2020-09-10,4.079609670046188,2.92286395043162,4.535352854179813,7.231633361998768,3.202095102234389,3.981212071172379,2.067135329245333
2020-09-11,4.157001463041849,2.984280384920155,4.621390273845257,7.060723267771324,3.262840100248314,4.056737223185394,2.106349695921045
2020-09-14,4.236556786048626,3.028461134566316,4.709832916756214,7.195849061019898,3.331947152295934,4.134373722237277,2.150962246212868
2020-09-15,4.24824921508096,3.059867398184041,4.722831535661705,7.215708810038352,3.366500678319743,4.14578413729405,2.173268521358779
2020-09-16,4.170299688198741,3.046407570919302,4.636174076291765,7.083310483248658,3.34498864026092,4.069714703582233,2.159381271775082
2020-09-17,4.178094640886963,2.929755734624895,4.644839822228759,7.096550315927628,3.351240955476361,4.077321646953415,2.163417498451297
2020-09-18,4.302813883898514,2.950762038376065,4.783491757220663,7.30838763879114,3.451277998923417,4.199032740892323,2.227997125270739
2020-09-21,4.263839120457404,2.924034121361789,4.740163027535693,7.242188475396292,3.420016422846212,4.160998024036415,2.207815991889663
2020-09-22,4.213171927983961,2.88928782924323,4.683835678945232,7.156129562982989,3.379376373945846,4.111552892123733,2.181580518494265
2020-09-23,4.193684546263406,2.875923870736092,4.662171314102747,7.123029981285566,3.363745585907243,4.092535533695779,2.171489951803727
2020-09-24,4.197582022607517,2.878596662437519,4.666504187071244,7.129649897625051,3.366871743514964,4.09633900538137,2.173508065141835
2020-09-25,4.178094640886963,2.865232703930382,4.64483982222876,7.096550315927629,3.351240955476362,4.077321646953416,2.163417498451297
2020-09-28,4.213171927983962,2.88928782924323,4.683835678945233,7.156129562982991,3.379376373945846,4.111552892123734,2.181580518494265
2020-09-29,4.178094640886964,2.865232703930382,4.644839822228761,7.09655031592763,3.351240955476362,4.077321646953417,2.163417498451297
2020-09-30,4.20147949895163,2.881269454138948,4.670837060039744,7.136269813964539,3.369997901122685,4.100142477066962,2.175526178479942
2020-10-09,4.443123032286509,3.046982539627458,4.939475184086556,7.54670462701259,3.563819672801355,4.335957721573595,2.30064920544261
2020-10-12,4.478200319383509,3.071037664940307,4.978471040803029,7.606283874067954,3.59195509127084,4.370188966743914,2.318812225485579
2020-10-13,4.400250792501289,3.017581830911755,4.891813581433089,7.473885547278259,3.529431939116431,4.294119533032096,2.278449958723427
2020-10-14,4.392455839813067,3.0122362475089,4.883147835496096,7.46064571459929,3.52317962390099,4.286512589660914,2.274413732047213
2020-10-15,4.383670928133441,3.0122362475089,4.873381539825103,7.445724423170092,3.516133264653188,4.277939564481592,2.269864904583118
2020-10-16,4.357203481020182,3.057673706433169,4.84395734939597,7.400769105898122,3.494903780791131,4.252110495413024,2.256160059876201
2020-10-19,4.300960155904508,3.055000914731741,4.781430944734064,7.305239056695185,3.44979112758426,4.197223723642317,2.227037264874003
2020-10-20,4.375399850910547,3.063019289836023,4.864186480316,7.431675886522601,3.509499050946295,4.269867980397664,2.265582140612207
2020-10-21,4.320810741239452,3.054225805138327,4.803499087555913,7.338955544649163,3.465713240480802,4.216595525443743,2.23731589840419
2020-10-22,4.271184277902091,3.019146641985896,4.748328730501289,7.254664324764217,3.425907958239445,4.168166020940177,2.211619314578721
2020-10-23,4.153682046442781,2.936088538084447,4.617700037091154,7.055085193735306,3.331659664633844,4.053497868810269,2.150776656502363
2020-10-26,4.183062644472438,2.956856626771162,4.65036281365767,7.104988537280736,3.355225780740891,4.082169825441995,2.165989930818914
2020-10-27,4.168372345457609,2.946472582427805,4.634031425374411,7.080036865508021,3.343442722687367,4.067833847126132,2.158383293660638
2020-10-28,4.150009471689073,2.933492526998607,4.613617190020339,7.048847275792125,3.328713900120462,4.049913874231303,2.148874997212794
2020-10-29,4.109611149398295,2.904936405054373,4.56870587224138,6.980230178417159,3.296310490473272,4.010489933862679,2.127956745027537
2020-10-30,4.098163733890989,2.899744382882694,4.551419097743552,6.96078658818827,3.287128542485064,3.999318622760043,2.124153426448399
2020-11-02,4.098163733890989,2.873784272024299,4.566615822610809,6.96078658818827,3.287128542485064,3.999318622760043,2.105136833552711
2020-11-03,4.098163733890989,2.889360338539336,4.665394534247982,6.96078658818827,3.287128542485064,3.999318622760043,2.112313695711543
2020-11-04,4.098163733890989,2.912724438311892,4.878148682389583,6.96078658818827,3.287128542485064,3.999318622760043,2.119490299434232
2020-11-05,4.098163733890989,2.966487827899627,4.862951957522326,6.96078658818827,3.287128542485064,3.999318622760043,2.145007112670461
2020-11-06,4.098163733890989,2.905132257906746,4.84015687022144,6.96078658818827,3.287128542485064,3.999318622760043,2.102744890747958
2020-11-09,4.098163733890989,2.905132257906746,4.936640876403656,6.96078658818827,3.287128542485064,3.999318622760043,2.168131724665793
2020-11-10,4.094065570157098,2.905132257906746,4.919573837937264,6.953825801600082,3.283841413942579,3.995319304137283,2.127984208640242
2020-11-11,4.143776687227523,2.905132257906746,4.979308472569634,7.038260806996788,3.32371459676582,4.04383142057954,2.153822698597713
2020-11-12,4.18638621614503,2.902227125648839,5.030509587968808,7.110633668765393,3.357891610614312,4.085413234672903,2.175969975704116
2020-11-13,4.168632245762735,2.889919122571448,5.009175789885819,7.080478309695141,3.34365118817744,4.068087478800669,2.166741943576448
2020-11-16,4.264503685827125,2.95638233918936,5.12437829953396,7.243317248674502,3.420549469336547,4.161646560510736,2.216573317065856
2020-11-17,4.257402097674207,2.951459137958404,5.115844780300764,7.231255105046401,3.414853300361798,4.154716258161842,2.212882104214788
2020-11-18,4.204140186527324,2.91453512872623,5.051843386051797,7.140789027835645,3.372132033051183,4.102738990545138,2.185198007831784
2020-11-19,4.211241774680242,2.919458329957187,5.060376905284993,7.152851171463746,3.377828202025932,4.109669292894032,2.188889220682852
2020-11-20,4.200589392450865,2.912073528110752,5.047576626435199,7.134757956021596,3.369283948563809,4.099273839370691,2.183352401406251
2020-11-23,4.25030050952129,2.946535936727448,5.107311261067569,7.219192961418301,3.40915713138705,4.147785955812949,2.209190891363721
2020-11-24,4.303562420668174,2.983459945959621,5.171312655316536,7.309659038629056,3.451878398697664,4.199763223429652,2.236874987746726
2020-11-25,4.317765596974009,2.993306348421533,5.188379693782927,7.333783325885257,3.463270736647161,4.213623828127439,2.24425741344886
2020-11-26,4.371027508120893,3.030230357653708,5.252381088031894,7.424249403096013,3.505992003957776,4.265601095744143,2.271941509831864
2020-11-27,4.392332272579646,3.044999961346577,5.277981645731481,7.460435833980315,3.523080510882022,4.286392002790824,2.283015148385066
2020-11-30,4.392332272579646,3.044999961346577,5.277981645731481,7.460435833980315,3.523080510882022,4.286392002790824,2.283015148385066
2020-12-01,4.445594183726529,3.08192397057875,5.341983039980447,7.550901911191071,3.565801778192636,4.338369270407527,2.310699244768069
2020-12-02,4.420738625191317,3.064692766270403,5.312115722664263,7.508684408492719,3.545865186781016,4.314113212186399,2.297779999789335
2020-12-03,4.413637037038399,3.059769565039446,5.303582203431067,7.496622264864619,3.540169017806268,4.307182909837505,2.294088786938267
2020-12-04,4.385230684426729,3.04007676011562,5.269448126498284,7.448373690352216,3.517384341907273,4.27946170044193,2.279323935533998
2020-12-07,4.374578302197351,3.032691958269185,5.256647847648491,7.430280474910064,3.50884008844515,4.269066246918589,2.273787116257397
2020-12-08,4.328417979203386,3.000691150267969,5.20117997263272,7.35187654132741,3.471814990109285,4.22401928165078,2.249794232725461
2020-12-09,4.413637037038399,3.059769565039446,5.303582203431067,7.496622264864619,3.540169017806269,4.307182909837506,2.294088786938267
2020-12-10,4.399433860732564,3.049923162577533,5.286515164964676,7.472497977608418,3.528776679856771,4.293322305139718,2.286706361236133
2020-12-11,4.385230684426728,3.04007676011562,5.269448126498284,7.448373690352216,3.517384341907274,4.27946170044193,2.279323935533998
2020-12-14,4.388781478503186,3.042538360731098,5.273714886114882,7.454404762166266,3.520232426394648,4.282926851616376,2.281169541959532
2020-12-15,4.376460223057874,3.04007676011562,5.258909230245288,7.433476942971512,3.51034957322346,4.27946170044193,2.274765287662931
2020-12-16,4.376460223057874,3.059769565039446,5.258909230245288,7.433476942971512,3.51034957322346,4.29856854401783,2.274765287662931
2020-12-17,4.420766344551149,3.074539168732315,5.312149031226399,7.508731490200696,3.545887420421448,4.34208611083016,2.297794407560531
2020-12-18,4.410920539774866,3.051193348495119,5.300317964341708,7.4920082574831,3.537990121044118,4.33241554042742,2.292676825361065
2020-12-21,4.558607611419113,2.989144408694227,5.477783967612077,7.742856748247043,3.656449611704077,4.477474096468517,2.369440558353064
2020-12-22,4.460149563656281,2.924584054294784,5.359473298765164,7.575624421071081,3.57747661793077,4.380768392441118,2.318264736358397
2020-12-23,4.504455685149555,2.953636213774533,5.412713099746274,7.650878968300263,3.613014465128758,4.424285959253448,2.341293856255998
2020-12-24,4.473277303357992,2.933192101548042,5.375248054611419,7.597922064694541,3.588006350433878,4.393662486311438,2.32508817929102
2020-12-25,4.51101955500041,2.957940237401163,5.420600477669402,7.662027790111993,3.618279331380311,4.430733006188607,2.344705577722308
2020-12-28,4.504455685149555,2.953636213774533,5.412713099746274,7.650878968300262,3.613014465128757,4.424285959253447,2.341293856255998
2020-12-29,4.449591579001179,2.923508048388126,5.346786451375813,7.55769154118691,3.569008080565145,4.379156630707328,2.312776982379836
2020-12-30,4.572364590796362,3.011740532734032,5.494314840084344,7.766223163978856,3.667484056032244,4.502298450692349,2.37659106299734
2020-12-31,4.728621151262958,3.083832928480077,5.682078243895199,8.031627047532242,3.792817115717642,4.656160562107384,2.457808983783254
2021-01-04,4.7509435170439,3.202193578212389,5.708901587296749,8.069541888039868,3.810721838529841,4.678140863738102,2.469411543895527
2021-01-05,4.758384305637549,3.208675437794093,5.717842701763933,8.082180168209078,3.816690079467242,4.685467630948343,2.473279063932952
2021-01-06,4.79930864290261,3.236271551801705,5.767018831333444,8.151690709139727,3.849515404622942,4.725764850604662,2.494550424138787
2021-01-07,4.774858211583885,3.226236601253483,5.737638329194279,8.110161320503705,3.829903764902645,4.711111316184183,2.486815384063938
2021-01-08,4.734121921239508,3.232302728859883,5.688688163448613,8.05708434851088,3.797229271787939,4.729428234209782,2.496484184157499
2021-01-11,4.847799519658118,3.175899259172946,5.825287182090679,7.932353464327741,3.888409835246828,4.833307139716562,2.551317883248104
2021-01-12,4.852742661679675,3.179137619385779,5.83122703619163,8.163238292496532,3.89237471910304,4.804140631114825,2.535921999469883
2021-01-13,4.830436038863627,3.126427600338745,5.804422610092917,8.011836229886997,3.87448262368999,4.782057417459223,2.5242651160378
2021-01-14,4.882376211324526,3.08715346849978,5.866835756438002,7.925065440393637,3.916143727170528,4.833477389689967,2.551407751694121
2021-01-15,4.968878858545835,3.090254057855487,5.97078039359386,7.890357124596292,3.985527319224258,4.919113680585113,2.596611872620033
2021-01-18,5.061941472618934,3.1481317258287,6.082607718691269,7.751523861406914,4.06017264694217,5.011244237813463,2.645244068227632
2021-01-19,4.94561320502756,3.075784640862184,5.942823562319507,7.734169703508242,3.966865987294779,4.896081041278025,2.584453823718134
2021-01-20,5.134743026142405,3.193408598660317,6.170088637581758,7.496996212226389,4.118566620454068,5.083316656582383,2.683288340105806
2021-01-21,5.164014230985877,3.211612998912556,6.205261951512663,7.539733718411517,4.142044992515729,5.11229469937469,2.698584739995236
2021-01-22,5.269700920222048,3.27734185436889,6.332258811351555,7.694041870708982,4.22681606446583,5.216922896937459,2.753813961689093
2021-01-25,5.27132686928722,3.278353067529757,6.33421260919523,7.696415842282788,4.228120234803524,5.218532561515348,2.754663642022845
2021-01-26,5.124991453421751,3.187343883051756,6.158370803264456,7.482758400640145,4.110744904411075,5.07366274950536,2.678192411985196
2021-01-27,5.147754740334157,3.201500867303889,6.185723973075909,7.515994002673444,4.129003289138789,5.096198053595802,2.690087936657719
2021-01-28,4.970526292230423,3.091278632769422,5.972760008115305,7.257231101128465,3.986848722330158,4.920744614605927,2.597472780278789
2021-01-29,4.92499971840561,3.062964664265155,5.918053668492397,7.190759897061864,3.950331952874729,4.875674006425042,2.573681730933743
2021-02-01,4.968900343165251,3.090267419608555,5.970806210271629,7.254857129554657,3.985544551992464,4.919134950028038,2.596623099945038
2021-02-02,5.059569766835494,3.152962635582289,6.079757793226337,7.387239280396439,4.066403112929483,5.008896285549427,2.64930328063764
2021-02-03,5.127635727824313,3.140828077651888,6.161548256812342,7.486619181029575,4.042651562739402,5.076280540511975,2.633828902399355
2021-02-04,5.082258420498434,3.132738372364955,6.107021281088339,7.420365913940818,4.006875885193035,5.031357703870277,2.610520682024139
2021-02-05,5.150324381487253,3.112344225336596,6.188811744674344,7.519745814573954,4.060539401512585,5.098741958832825,2.645483012586963
2021-02-08,5.180575919704506,3.130625248686591,6.22516306182368,7.563914659299793,4.084389853210163,5.128690516593958,2.66102182617044
2021-02-09,5.173013035150192,3.126054992849092,6.216075232536346,7.552872448118333,4.078427240285769,5.121203377153674,2.657137122774571
2021-02-10,5.195701688813132,3.139765760361588,6.243338720398347,7.585999081662711,4.096315079058951,5.143664795474523,2.668791232962178
2021-02-18,5.165450150595879,3.121484737011593,6.206987403249011,7.541830236936873,4.072464627361374,5.11371623771339,2.653252419378701
2021-02-19,5.157887266041565,3.116914481174094,6.197899573961677,7.530788025755413,4.066502014436979,5.106229098273107,2.649367715982831
2021-02-22,5.104947074161373,3.084922690311603,6.13428476895034,7.453492547485197,4.024763723966219,5.053819122191125,2.622174792211747
2021-02-23,5.02680735094621,3.043790387774115,6.040389316753607,7.339404421558356,3.963158007231375,4.976461997494119,2.582038036725625
2021-02-24,4.926863463998089,2.984377061886632,5.920293211044955,7.193481064134146,3.884361787647246,4.877519085909183,2.530701492549195
2021-02-25,5.034210601831256,3.04074659738634,6.049285324583876,7.350213559145335,3.968994764237607,4.983791102055966,2.585840743701658
2021-02-26,4.826919577049968,3.04074659738634,5.800197105336305,7.047557706709938,3.805565568063118,4.778576174324249,2.479364948372766
2021-03-01,4.893548835015382,3.04074659738634,5.880261175808739,7.144839944992744,3.858096381119203,4.844538115380872,2.513589311157052
2021-03-02,4.849129329705106,3.04074659738634,5.826885128827117,7.079985119470873,3.823075839081813,4.80056348800979,2.490773069300861
2021-03-03,4.866467743277885,3.04074659738634,5.841866006013292,7.105300119699577,3.836745523990408,4.817728250893636,2.502181190228956
2021-03-04,4.866467743277885,3.04074659738634,5.772685407393757,7.105300119699577,3.836745523990408,4.817728250893636,2.445140585588478
2021-03-05,4.866467743277885,3.04074659738634,5.699843951149041,7.105300119699577,3.836745523990408,4.817728250893636,2.406094390358583
2021-03-08,4.866467743277885,3.04074659738634,5.70894913317963,7.105300119699577,3.836745523990408,4.817728250893636,2.403963217293606
2021-03-09,4.866467743277885,3.04074659738634,5.670270319913686,7.105300119699577,3.836745523990408,4.817728250893636,2.504128351347507
2021-03-10,4.866467743277885,3.04074659738634,5.518017333292732,7.105300119699577,3.836745523990408,4.817728250893636,2.510521870542436
2021-03-11,4.861601275534607,3.04074659738634,5.396473312700539,7.098194819579877,3.832908778466418,4.812910522642743,2.574457062491735
2021-03-12,4.740866144519674,3.037705850788954,5.262454935729498,6.921915146908191,3.737720646550861,4.693384599067178,2.510521870542437
2021-03-15,4.708670109582359,3.014059193189858,5.226716701870554,6.874907234195741,3.712337144706713,4.661511019447028,2.493472486022624
2021-03-16,4.696596596480866,3.014059193189858,5.213314864173451,6.857279266928574,3.702818331515157,4.649558427089472,2.487078966827695
2021-03-17,4.708670109582359,3.011045133996669,5.226716701870554,6.874907234195741,3.712337144706713,4.661511019447028,2.493472486022625
2021-03-18,4.797209205659976,3.067663076687204,5.32499684498265,7.004178994154977,3.782141774778121,4.749163363402442,2.54035829345211
2021-03-19,4.773062179456989,3.052221819589786,5.298193169588442,6.96892305962064,3.763104148395009,4.725258178687329,2.52757125506225
2021-03-22,4.740866144519674,3.031633476793227,5.262454935729498,6.921915146908191,3.737720646550861,4.693384599067178,2.510521870542437
2021-03-23,4.740866144519674,3.031633476793227,5.262454935729498,6.921915146908191,3.737720646550861,4.693384599067178,2.510521870542437
2021-03-24,4.724768127051016,3.021339305394948,5.244585818800026,6.898411190551966,3.725028895628786,4.677447809257103,2.50199717828253
2021-03-25,4.700621100848029,3.005898048297529,5.217782143405818,6.863155256017628,3.705991269245675,4.65354262454199,2.489210139892671
2021-03-26,4.748915153254002,3.036780562492367,5.271389494194233,6.933667125086302,3.744066522011897,4.701352993972216,2.51478421667239
2021-03-29,4.769037675089824,3.049648276740216,5.293725890356074,6.963047070531583,3.75993121066449,4.72127398123481,2.525440081997273
2021-03-30,4.797209205659974,3.067663076687204,5.324996844982649,7.004178994154976,3.782141774778119,4.749163363402441,2.540358293452109
2021-03-31,4.837454249331618,3.093398505182901,5.369669637306329,7.062938885045537,3.813871152083304,4.789005337927629,2.561670024101875
2021-04-01,4.861601275534604,3.10883976228032,5.396473312700537,7.098194819579875,3.832908778466416,4.812910522642741,2.574457062491735
2021-04-02,4.889772806104755,3.126854562227309,5.427744267327113,7.139326743203268,3.855119342580046,4.840799904810373,2.589375273946571
2021-04-06,4.95014037161222,3.165457704970855,5.494753455812632,7.22746657953911,3.902713408537823,4.900562866598155,2.62134286992122
2021-04-07,4.932207180152136,3.160310619271716,5.474847259553201,7.201283172158275,3.888574798010633,4.882809282749731,2.611846362743684
2021-04-08,4.997009902227127,3.171968768380268,5.546779559313753,7.2958985715005,3.939665561780115,4.946962981355202,2.646162592327177
2021-04-09,4.997009902227127,3.171968768380268,5.546779559313753,7.2958985715005,3.939665561780115,4.946962981355202,2.646162592327177
2021-04-12,5.047412019396566,3.20396268967517,5.602726903571961,7.369488326544453,3.979402822489713,4.996860302492791,2.672852993114339
2021-04-13,5.033011414491011,3.194821569305197,5.586741948069616,7.348462682246181,3.968049319429828,4.982603925024908,2.665227164318007
2021-04-14,5.112214741471556,3.245097731340043,5.674659203332514,7.464103725886678,4.030493586259195,5.061014001098261,2.707169222697833
2021-04-15,5.054612321849342,3.208533249860155,5.610719381323134,7.380001148693589,3.985079574019655,5.003988491226732,2.676665907512505
2021-04-16,5.090613834113226,3.231386050785086,5.650681770078997,7.43256525943927,4.013463331669367,5.039629434896439,2.695730479503335
2021-04-19,5.112214741471557,3.245097731340044,5.674659203332515,7.464103725886679,4.030493586259195,5.061014001098262,2.707169222697833
2021-04-20,5.040211716943788,3.199392129490184,5.594734425820789,7.358975504395318,3.97372607095977,4.98973211375885,2.669040078716173
2021-04-21,5.004210204679904,3.176539328565254,5.554772037064927,7.306411393649637,3.945342313310057,4.954091170089145,2.649975506725344
2021-04-22,5.047412019396565,3.20396268967517,5.602726903571963,7.369488326544455,3.979402822489713,4.996860302492792,2.67285299311434
2021-04-23,4.979829980574801,3.167398208195282,5.527709507399457,7.270814977852663,3.926120832629672,4.92995512303602,2.637064978573154
2021-04-26,4.931599181731462,3.194821569305198,5.474172369313264,7.200395462328665,3.888095449262799,4.882207373660369,2.611524397666876
2021-04-27,4.967772280863967,3.215800440554283,5.514325222877908,7.253210098971663,3.916614486787954,4.918018185692107,2.630679833346584
2021-04-28,5.079736635321718,3.288278605823364,5.638607864863713,7.416683974295226,4.004887698175337,5.028861175314154,2.6899704675933
2021-04-29,5.084904220912076,3.291623751912705,5.64434398680152,7.424228922387082,4.008961846393216,5.033977005604402,2.692706958404687
2021-04-30,5.148637776526489,3.332880553681259,5.715089490701132,7.517283282186649,4.059209674413728,5.097072245850799,2.726457011745125
2021-05-06,5.002222851466351,3.23810141448323,5.552566035796617,7.303509752917373,3.943775474907148,4.952123720960429,2.648923105422496
2021-05-07,4.855807926406214,3.143322275285202,5.390042580892102,7.089736223648097,3.828341275400568,4.807175196070058,2.571389199099868
2021-05-10,4.869588154647167,3.152242664856781,5.405338906059585,7.109856085226381,3.839205670648246,4.820817410177386,2.578686507930233
2021-05-11,4.86269804052669,3.147782470070991,5.397690743475843,7.099796154437239,3.833773473024407,4.813996303123721,2.57503785351505
2021-05-12,4.925174150314117,3.194614515321782,5.467040457703924,7.191014576867788,3.883029924978568,4.875846691332825,2.608122027424718
2021-05-13,4.80877417039532,3.172313541392834,5.337834183962029,7.02106445392852,3.791259646101674,4.760612500695713,2.54648251126697
2021-05-14,4.682989442095569,3.274898021465993,5.198210654399694,6.837412102327272,3.692090388490331,4.6453783100586,2.479873309119003
2021-05-17,4.794603082186373,3.352951430217311,5.322103996520219,7.000373916138273,3.78008709505973,4.672026216643432,2.538978222853539
2021-05-18,4.764307951304583,3.33176550498481,5.288475803658933,6.956141423818145,3.756202274705179,4.642505598713194,2.522935460554165
2021-05-19,4.802575485050002,3.358526673699548,5.330953520957399,7.012014045696203,3.786372574100402,4.679794800309284,2.543200002406006
2021-05-20,4.852004382804501,3.393093183289417,5.385820572467916,7.08418284895536,3.825342544152563,4.727960019037567,2.5693750356313
2021-05-21,4.802575485050002,3.358526673699548,5.330953520957398,7.012014045696203,3.786372574100401,4.679794800309284,2.543200002406006
2021-05-24,4.84084301879542,3.385287842414285,5.373431238255863,7.06788666757426,3.816542873495623,4.717084001905373,2.563464544257847
2021-05-25,4.973184906331658,3.477836884219419,5.520333343913056,7.261112818235876,3.920881825570768,4.846042490758518,2.633546084828796
2021-05-26,4.934917372586241,3.451075715504682,5.477855626614591,7.205240196357819,3.890711526175546,4.808753289162429,2.613281542976956
2021-05-27,4.971590425758933,3.476721835522972,5.51856343902562,7.25878479232429,3.919624729762634,4.844488774025348,2.632701728918303
2021-05-28,4.97637386747711,3.480066981612314,5.523873153687928,7.265768870059047,3.923396017187037,4.84914992422486,2.635234796649783
2021-05-31,5.094365429858816,3.562580585149421,5.654846115358196,7.43804278751639,4.016421106988972,4.964124962479469,2.697717134026291
2021-06-01,5.083204065849736,3.554775244274289,5.642456781146144,7.421746606135291,4.007621436332032,4.953248945347277,2.691806642652838
2021-06-02,4.995507634349818,3.493447565969682,5.545112012337161,7.293705180998075,3.938481166884647,4.867794525022904,2.645367067575703
2021-06-03,4.941295294877142,3.455535910290471,5.484935246164335,7.214552300004161,3.895739909408082,4.814968156095111,2.616658966618929
2021-06-04,5.008263478931624,3.502367955541262,5.55927125143665,7.312329388290762,3.948537933349721,4.880224258888268,2.65212191485965
2021-06-07,4.977968348049835,3.481182030308761,5.525643058575365,7.268096895970633,3.92465311299517,4.85070364095803,2.636079152560276
2021-06-08,4.950862178313497,3.462226202469155,5.495554675488952,7.228520455473675,3.903282484256888,4.824290456494134,2.621725102081889
2021-06-09,4.942889775449868,3.456650958986919,5.486705151051772,7.216880325915747,3.896997005216217,4.816521872828281,2.617503322529422
2021-06-10,5.068853740695203,3.544739806006262,5.62652763715922,7.400794372931018,3.996307574058823,4.939265494748744,2.684207439458398
2021-06-11,5.094365429858814,3.562580585149421,5.654846115358196,7.438042787516389,4.016421106988971,4.96412496247947,2.697717134026291
2021-06-15,5.030586206949784,3.517978637291525,5.584049919860754,7.344921751052961,3.966137274663601,4.901976293152654,2.663942897606557
2021-06-16,4.812065833418864,3.371907258056917,5.341487994847418,7.025870455921961,3.793854808350416,4.689042522305115,2.548225608785263
2021-06-17,4.798158128698001,3.44327037462955,5.326050168272714,7.005564471945307,3.782889910060386,4.675490376286892,2.54086079488704
2021-06-18,4.90246591410448,3.497907760755472,5.441833867582991,7.157859351770206,3.865126647235612,4.777131471423564,2.596096899123715
2021-06-21,4.86769665230232,3.523183684606542,5.403239301146233,7.107094391828573,3.837714401510537,4.743251106378007,2.577684864378157
2021-06-22,4.90246591410448,3.548349282353731,5.441833867582991,7.157859351770206,3.865126647235612,4.777131471423564,2.596096899123715
2021-06-23,4.97895829006923,3.603713597397548,5.52674191374386,7.269542263641798,3.925433587830777,4.85166827452379,2.636603375563943
2021-06-24,4.972004437708797,3.59868047784811,5.519023000456508,7.259389271653471,3.919951138685762,4.844892201514678,2.632920968614831
2021-06-25,4.985912142429661,3.608746716946985,5.534460827031211,7.279695255630124,3.930916036975792,4.858444347532902,2.640285782513054
2021-06-28,4.999819847150524,3.618812956045861,5.549898653605914,7.300001239606776,3.941880935265822,4.871996493551124,2.647650596411277
2021-06-29,5.041542961313115,3.649011673342488,5.596212133330024,7.360919191536735,3.974775630135912,4.912652931605792,2.669745038105947
2021-06-30,5.076312223115274,3.674177271089678,5.634806699766783,7.411684151478368,4.002187875860987,4.946533296651349,2.688157072851505
2021-07-01,5.062404518394411,3.664111031990802,5.619368873192079,7.391378167501715,3.991222977570957,4.932981150633126,2.680792258953281
2021-07-02,5.062404518394411,3.664111031990802,5.619368873192079,7.391378167501715,3.991222977570957,4.932981150633126,2.680792258953281
2021-07-05,5.118035337277866,3.704375988386305,5.681120179490893,7.472602103408327,4.035082570731077,4.987189734706018,2.710251514546175
2021-07-06,5.118035337277866,3.704375988386305,5.681120179490893,7.472602103408327,4.035082570731077,4.987189734706018,2.710251514546175
2021-07-07,5.166712303800889,3.73960782523237,5.735152572502355,7.543673047326612,4.073459714746182,5.034622245769797,2.736028363189956
2021-07-08,5.159758451440457,3.734574705682932,5.727433659215003,7.533520055338285,4.067977265601167,5.027846172760685,2.732345956240844
2021-07-09,5.152804599080025,3.729541586133494,5.719714745927652,7.523367063349959,4.062494816456152,5.021070099751574,2.728663549291733
2021-07-12,5.208435417963481,3.769806542528998,5.781466052226467,7.604590999256573,4.106354409616272,5.075278683824466,2.758122804884626
2021-07-13,5.208435417963481,3.769806542528998,5.781466052226467,7.604590999256573,4.106354409616272,5.075278683824466,2.758122804884626
2021-07-14,5.194527713242618,3.759740303430122,5.766028225651763,7.584285015279919,4.095389511326242,5.061726537806243,2.750757990986403
2021-07-15,5.198018547127555,3.769806542528998,5.769903120122015,7.58938181725806,4.09814170079704,5.065128126456818,2.752606559274857
2021-07-16,5.044912722321523,3.722082502961227,5.599952634519121,7.3658392207159,3.977432365194677,4.915936542679582,2.671529492349584
2021-07-19,5.068105980930754,3.746687615661092,5.625697609070847,7.399702604152486,3.995718036825531,4.938536851905243,2.683811463873908
2021-07-20,5.052863556927955,3.745891304740987,5.608778217765371,7.377447859478343,3.983700839722296,4.923684109493498,2.675739850448724
2021-07-21,5.018568102921656,3.720466703125098,5.570709587328049,7.327374683961521,3.956662146240018,4.890265439067072,2.657578720242058
2021-07-22,4.936274255730543,3.666792544158221,5.479361793669783,7.207221317465824,3.891781299079654,4.819714912611283,2.614000079359486
2021-07-23,4.834332582619179,3.632893075337036,5.366204525679511,7.058381086651376,3.811410015707154,4.765606372005295,2.560016947994005
2021-07-26,4.685670035662128,3.548144403284072,5.201186166134261,6.841325910615771,3.694203780772102,4.61905725298022,2.481292815295668
2021-07-27,4.673387807521467,3.577699090184676,5.1875526506267,6.823393208359897,3.684520415684888,4.606949632395737,2.474788771218877
2021-07-28,4.624258894958824,3.540088587265521,5.133018588596459,6.751662399336403,3.645786955336033,4.558519150057806,2.448772594911715
2021-07-29,4.636541123099485,3.54949121299531,5.14665210410402,6.769595101592277,3.655470320423246,4.570626770642289,2.455276638988505
2021-07-30,4.552149933545004,3.48488577160593,5.058034253304878,6.646379504392169,3.588935918909,4.487435309606306,2.413000352489366
2021-08-02,4.552149933545004,3.48488577160593,5.146652104104019,6.646379504392169,3.588935918909,4.487435309606306,2.455276638988505
2021-08-03,4.552149933545004,3.48488577160593,5.126201830842678,6.646379504392169,3.588935918909,4.487435309606306,2.445520572873319
2021-08-04,4.552149933545004,3.48488577160593,5.160285619611579,6.646379504392169,3.588935918909,4.487435309606306,2.461780683065296
2021-08-05,4.552149933545004,3.48488577160593,5.146652104104018,6.646379504392169,3.588935918909,4.487435309606306,2.455276638988505
2021-08-06,4.552149933545004,3.48488577160593,5.187552650626699,6.646379504392169,3.588935918909,4.487435309606306,2.474788771218878
2021-08-09,4.552149933545004,3.48488577160593,5.160285619611578,6.646379504392169,3.588935918909,4.487435309606306,2.461780683065296
2021-08-10,4.552149933545004,3.48488577160593,5.180735892872919,6.646379504392169,3.588935918909,4.487435309606306,2.471536749180482
2021-08-11,4.552149933545004,3.48488577160593,5.160285619611579,6.646379504392169,3.588935918909,4.487435309606306,2.461780683065296
2021-08-12,4.552149933545004,3.48488577160593,5.153468861857799,6.646379504392169,3.588935918909,4.487435309606306,2.458528661026901
2021-08-13,4.552149933545004,3.48488577160593,5.156768172610628,6.646379504392169,3.588935918909,4.487435309606306,2.460102639693484
2021-08-16,4.552149933545004,3.48488577160593,5.160893587148716,6.646379504392169,3.588935918909,4.487435309606306,2.462070721805238
2021-08-17,4.552149933545004,3.48488577160593,5.165019001686805,6.646379504392169,3.588935918909,4.487435309606306,2.464038803916993
2021-08-18,4.552149933545004,3.48488577160593,5.156768172610628,6.646379504392169,3.588935918909,4.487435309606306,2.460102639693484
2021-08-19,4.552149933545004,3.48488577160593,5.078385296386947,6.646379504392169,3.588935918909,4.487435309606306,2.422709079570143
2021-08-20,4.552149933545004,3.48488577160593,5.07013446731077,6.646379504392169,3.588935918909,4.487435309606306,2.418772915346634
2021-08-23,4.552149933545004,3.48488577160593,5.140266514458275,6.646379504392169,3.588935918909,4.487435309606306,2.452230311246465
2021-08-24,4.552149933545004,3.48488577160593,5.152642758072541,6.646379504392169,3.588935918909,4.487435309606306,2.45813455758173
2021-08-25,4.552149933545004,3.48488577160593,5.136141099920187,6.646379504392169,3.588935918909,4.487435309606306,2.445361704676441
2021-08-26,4.552149933545004,3.48488577160593,5.105282999175285,6.646379504392169,3.588935918909,4.487435309606306,2.439059226056141
2021-08-27,4.552149933545004,3.48488577160593,5.118474944909588,6.646379504392169,3.588935918909,4.487435309606306,2.445361704676441
2021-08-30,4.552149933545004,3.48488577160593,5.138262863511042,6.646379504392169,3.588935918909,4.487435309606306,2.454815422606891
2021-08-31,4.547597783611459,3.48488577160593,5.21081856504971,6.639733124887777,3.585346982990091,4.4829478742967,2.489479055018542
2021-09-01,4.524571972048869,3.481400885834324,5.184434673581103,6.606114222989611,3.567193327380014,4.460249404047096,2.476874097777942
2021-09-02,4.518815519158221,3.476971622620794,5.177838700713952,6.597709497515069,3.562654913477495,4.454574786484695,2.473722858467792
2021-09-03,4.530328424939516,3.485830149047854,5.191030646448255,6.614518948464152,3.571731741282533,4.465924021609497,2.480025337088092
2021-09-06,4.536084877830164,3.490259412261383,5.197626619315407,6.622923673938693,3.576270155185052,4.471598639171898,2.483176576398242
2021-09-07,4.527012708074504,3.490259412261383,5.187231366076777,6.609677826590816,3.569117614874682,4.462655441893554,2.478210223245446
2021-09-08,4.555174528964547,3.474438084062655,5.219500301480053,6.650795573568052,3.591320523831912,4.490416906539859,2.493626772068124
2021-09-09,4.527012708074503,3.452957786788698,5.187231366076777,6.609677826590816,3.569117614874682,4.462655441893554,2.478210223245446
2021-09-10,4.593897032688356,3.503973492814347,5.263870087659559,6.707332475661754,3.621849523648103,4.528588920428528,2.514824526699305
2021-09-13,4.611498170744634,3.517398678610571,5.284038172286608,6.733031067522527,3.635726341746372,4.545939835832469,2.524459869713479
2021-09-14,4.62909930880091,3.530823864406794,5.304206256913655,6.7587296593833,3.64960315984464,4.563290751236409,2.534095212727653
2021-09-15,4.62909930880091,3.530823864406794,5.304206256913655,6.7587296593833,3.64960315984464,4.563290751236409,2.534095212727653
2021-09-16,4.600937487910866,3.509343567132837,5.271937321510379,6.717611912406063,3.627400250887411,4.535529286590104,2.518678663904975
2021-09-17,4.618538625967144,3.522768752929061,5.292105406137428,6.743310504266837,3.64127706898568,4.552880201994046,2.528314006919149
2021-09-22,4.530532935685757,3.455642823947943,5.191264983002187,6.614817544962972,3.571892978494337,4.466125624974342,2.480137291848281
2021-09-23,4.572775667020823,3.487863269858879,5.239668386107102,6.676494165428827,3.605197341930181,4.507767821943799,2.503262115082297
2021-09-24,4.562214984187056,3.479808158381145,5.227567535330873,6.661075010312364,3.59687125107122,4.497357272701435,2.497480909273793
2021-09-27,4.55165430135329,3.471753046903411,5.215466684554644,6.6456558551959,3.588545160212258,4.48694672345907,2.491699703465288
2021-09-28,4.498850887184458,3.431477489514741,5.154962430673501,6.568560079613581,3.546914705917453,4.434893977247248,2.462793674422768
2021-09-29,4.442527245404372,3.388516894966826,5.090424559866947,6.486324585659108,3.502508888002994,4.379371047954638,2.431960576777413
2021-09-30,4.431051303391679,3.383146820648336,5.072192611364096,6.469569103765884,3.493461202602922,4.368058251111269,2.428106439571743
2021-10-08,4.431051303391679,3.21882254650256,5.135183431262493,6.469569103765884,3.493461202602922,4.368058251111269,2.307857358754857
2021-10-11,4.431051303391679,3.21882254650256,5.10491061586314,6.469569103765884,3.493461202602922,4.368058251111269,2.27696825452678
2021-10-12,4.431051303391679,3.21882254650256,5.052734560738239,6.469569103765884,3.493461202602922,4.368058251111269,2.235016438255877
2021-10-13,4.431051303391679,3.21882254650256,5.051327505722717,6.469569103765884,3.493461202602922,4.368058251111269,2.235016438255877
2021-10-14,4.431051303391679,3.21882254650256,5.116052036436712,6.469569103765884,3.493461202602922,4.368058251111269,2.235016438255877
2021-10-15,4.431051303391679,3.21882254650256,5.095990246025404,6.469569103765884,3.493461202602922,4.368058251111269,2.232781421817621
2021-10-18,4.431051303391679,3.21882254650256,5.075794776093995,6.469569103765884,3.493461202602922,4.368058251111269,2.229969354535735
2021-10-19,4.431051303391679,3.21882254650256,5.14311300919869,6.469569103765884,3.493461202602922,4.368058251111269,2.243326674124694
2021-10-20,4.431051303391679,3.21882254650256,5.139545142844142,6.469569103765884,3.493461202602922,4.368058251111269,2.239108573201865
2021-10-21,4.431051303391679,3.21882254650256,5.121794751455983,6.469569103765884,3.493461202602922,4.368058251111269,2.231375388176677
2021-10-22,4.426620252088287,3.21882254650256,5.139545142844142,6.463099534662118,3.489967741400319,4.363690192860158,2.239108573201865
2021-10-25,4.497501769468665,3.21882254650256,5.221842412007423,6.566590296441637,3.545851055312852,4.433564038962472,2.274962431045913
2021-10-26,4.476654264356789,3.215603723956058,5.197637332841753,6.53615183709472,3.529414786515048,4.413012907755909,2.26441717873884
2021-10-27,4.454416925570788,3.199630529425385,5.171818581731704,6.503684147124675,3.511882766464058,4.391091701135576,2.253168909611295
2021-10-28,4.416891416369412,3.172675763654874,5.128249439233495,6.448894920300224,3.48229748262801,4.354099664963763,2.234187455458563
2021-10-29,4.51556960723229,3.243556814384735,5.242820147284339,6.5929702945423,3.560095821604282,4.451375019341493,2.284101649712043
2021-11-01,4.480823765379164,3.218598697930559,5.202478348674887,6.542239528964105,3.532702040274609,4.417123133997222,2.266526229200255
2021-11-02,4.477410333875514,3.222591996563227,5.198515170379495,6.537255738553704,3.530010875196782,4.413758228781002,2.264799619889177
2021-11-03,4.505784290363952,3.216602048614225,5.231458866009277,6.578683214716908,3.552381032834278,4.441728813247295,2.279151962220541
2021-11-04,4.568206994638516,3.248029308853324,5.303934996394796,6.669823662275959,3.601595379636768,4.50326409907314,2.310727115349541
2021-11-05,4.619280116317703,3.284342680008205,5.363233648528401,6.744393119369726,3.641861663384259,4.553611151112466,2.336561331545995
2021-11-08,4.60225574242464,3.272238222956578,5.343467431150533,6.719536633671804,3.628439568801762,4.536828800432691,2.327949926147177
2021-11-09,4.619280116317702,3.284342680008205,5.3632336485284,6.744393119369725,3.641861663384259,4.553611151112466,2.336561331545995
2021-11-10,4.573881785936202,3.252064127870532,5.310523735520751,6.678109157508599,3.606069411164266,4.508858215966398,2.313597583815813
2021-11-11,4.534158246852388,3.223820394750069,5.264402561639057,6.620110690880113,3.574751190471773,4.469699397713588,2.293504304551904
2021-11-12,4.534158246852388,3.223820394750069,5.264402561639057,6.620110690880113,3.574751190471773,4.469699397713588,2.293504304551904
2021-11-15,4.573881785936202,3.252064127870533,5.310523735520751,6.6781091575086,3.606069411164267,4.508858215966398,2.313597583815814
2021-11-16,4.551182620745451,3.235924851801696,5.284168779016926,6.644967176578036,3.58817328505427,4.486481748393364,2.302115709950723
2021-11-17,4.590906159829265,3.26416858492216,5.33028995289862,6.702965643206523,3.619491505746764,4.525640566646174,2.322208989214632
2021-11-18,4.60225574242464,3.272238222956578,5.343467431150533,6.719536633671806,3.628439568801763,4.536828800432692,2.327949926147177
2021-11-19,4.670353237996891,3.320656051163088,5.422532300662009,6.818962576463497,3.682127947131752,4.603958203151794,2.36239554774245
2021-11-22,4.676028029294579,3.324690870180297,5.429121039787965,6.827248071696139,3.686601978659251,4.609552320045053,2.365266016208723
2021-11-23,4.602255742424641,3.272238222956579,5.343467431150534,6.719536633671808,3.628439568801764,4.536828800432693,2.327949926147178
2021-11-24,4.604378114369976,3.280307860990997,5.345931619583642,6.722635408888816,3.630112856593048,4.54801703421921,2.329023481353564
2021-11-25,4.612595326947673,3.296447137059833,5.355472247102233,6.734632973568568,3.636591344736879,4.56125271478866,2.333179977750982
2021-11-26,4.607117185229208,3.260133765904952,5.349111828756506,6.726634597115399,3.632272352640991,4.555835550044256,2.330408980152703
2021-11-29,4.641355570969615,3.245559999614793,5.3888644434173,6.776624449947707,3.659266053240285,4.589692829696784,2.347727715141947
2021-11-30,4.637246964680767,3.242686975124134,5.384094129658005,6.77062566760783,3.65602680916837,4.58562995613848,2.345649466943238
2021-12-01,4.608486720658824,3.222575803689519,5.350701933342938,6.728634191228691,3.633352100664963,4.557189841230357,2.331101729552273
2021-12-02,4.594791366362661,3.212999055387321,5.33480088747862,6.708638250095767,3.622554620425245,4.543646929369345,2.324174235556575
2021-12-03,4.615334397806905,3.227364177840617,5.358652456275097,6.738632161795152,3.638750840784822,4.563961297160862,2.334565476550122
2021-12-06,4.506738455450911,3.148271728962427,5.227328898690868,6.58007634617575,3.553133300972005,4.456574131850157,2.277352689138454
2021-12-07,4.506738455450911,3.116255406295013,5.174169621755029,6.58007634617575,3.553133300972005,4.456574131850157,2.25419317026586
2021-12-08,4.506738455450911,3.110473792026656,5.169739682010376,6.58007634617575,3.553133300972005,4.456574131850157,2.25226321035981
2021-12-09,4.506738455450911,3.107363318234629,5.253908537158789,6.58007634617575,3.553133300972005,4.456574131850157,2.288932448574751
2021-12-10,4.506738455450911,3.135664952773896,5.307067814094628,6.58007634617575,3.553133300972005,4.456574131850157,2.312091967447345
2021-12-13,4.506738455450911,3.135664952773896,5.302637874349975,6.58007634617575,3.553133300972005,4.456574131850157,2.310162007541296
2021-12-14,4.506738455450911,3.135664952773896,5.218469019201563,6.58007634617575,3.553133300972005,4.456574131850157,2.273492769326355
2021-12-15,4.506738455450911,3.135664952773896,5.307067814094628,6.58007634617575,3.553133300972005,4.456574131850157,2.312091967447345
2021-12-16,4.506738455450911,3.135664952773896,5.373516910264428,6.58007634617575,3.553133300972005,4.456574131850157,2.341041366038089
2021-12-17,4.50223171699546,3.135664952773896,5.400096548732348,6.573496269829574,3.549580167671033,4.452117557718307,2.352621125474387
2021-12-20,4.472684667171044,3.135664952773896,5.364657030775121,6.530356015392629,3.52628513785859,4.422899394911297,2.33718144622599
2021-12-21,4.457911142258836,3.135664952773896,5.346937271796508,6.508785888174156,3.514637622952368,4.408290313507791,2.329461606601792
2021-12-22,4.498538335767408,3.135664952773896,5.395666608987693,6.568103738024955,3.546668288944477,4.448465287367431,2.350691165568337
2021-12-23,4.598259628924813,3.132529287821122,5.515274982093332,6.713702096749646,3.625289014561472,4.547076586841094,2.402800083031674
2021-12-24,4.624113297521178,3.150141902290799,5.546284560305905,6.751449819381974,3.645672165647361,4.572642479297229,2.416309802374021
2021-12-27,4.576099341556501,3.117432761132828,5.488695343625412,6.681346905921938,3.607817742202141,4.525162964735836,2.391220323595378
2021-12-28,4.613033153837023,3.142593638946652,5.532994741071946,6.735272223968121,3.636936529467695,4.5616856682446,2.410519922655873
2021-12-29,4.557632435416242,3.104852322225915,5.466545644902146,6.654384246898847,3.593258348569364,4.506901612981454,2.38157052406513
2021-12-30,4.579792722784554,3.11994884891421,5.493125283370066,6.686739437726557,3.610729620928697,4.528815235086713,2.393150283501427
2021-12-31,4.509618479451565,3.072143181067944,5.408956428221654,6.584281333438812,3.555403925124144,4.459422098420061,2.356481045286486
2022-01-04,4.598259628924814,3.132529287821122,5.515274982093333,6.713702096749648,3.625289014561473,4.547076586841095,2.402800083031675
2022-01-05,4.661047109801698,3.175302780104623,5.590583957752438,6.805375137428157,3.674790952912915,4.609165182805993,2.435609401434517
2022-01-06,4.550245672960137,3.099820146663151,5.457685765412839,6.643599183289611,3.587434591116252,4.499597072279701,2.377710604253031
2022-01-07,4.557632435416241,3.104852322225915,5.466545644902146,6.654384246898847,3.593258348569363,4.506901612981454,2.38157052406513
2022-01-10,4.559575153942196,3.112400585570063,5.468875793207834,6.657220718628078,3.594789996779532,4.508822707186016,2.382585682975712
2022-01-11,4.536449667109015,3.107368410007298,5.441138468812866,6.623456285566566,3.576557756728241,4.485954629212122,2.370501562859183
2022-01-12,4.601971879803028,3.122464936695592,5.519727554598608,6.719122179240848,3.628215770206898,4.55074751680482,2.404739903189349
2022-01-13,4.621243118830678,3.124981024476975,5.542841991594414,6.747259206792108,3.643409303582974,4.569804248449731,2.414810003286457
2022-01-14,4.605826127608558,3.071021005917447,5.524350441997768,6.7247495847511,3.631254476882113,4.554558863133803,2.40675392320877
2022-01-17,4.559575153942196,3.040182301255515,5.468875793207832,6.657220718628076,3.59478999677953,4.508822707186015,2.382585682975712
2022-01-18,4.548012410525605,3.032472625090032,5.455007131010349,6.640338502097319,3.585673876753885,4.497388668199068,2.376543622917447
2022-01-19,4.454905346287412,2.973365107821328,5.337983359387979,6.504397267186162,3.512267839600713,4.405317974929843,2.330221162470751
2022-01-20,4.454905346287412,3.003766930833882,5.37099209040893,6.504397267186162,3.512267839600713,4.405317974929843,2.356403422723231
2022-01-21,4.454905346287412,3.003766930833882,5.336719596543177,6.504397267186162,3.512267839600713,4.405317974929843,2.329580704104575
2022-01-24,4.454905346287412,3.003766930833882,5.322186046443658,6.504397267186162,3.512267839600713,4.405317974929843,2.323236530073788
2022-01-25,4.454905346287412,3.003766930833882,5.335266241533225,6.504397267186162,3.512267839600713,4.405317974929843,2.328946286701496
2022-01-26,4.454905346287412,3.003766930833882,5.339626306563082,6.504397267186162,3.512267839600713,4.405317974929843,2.330849538910732
2022-01-27,4.454905346287412,3.003766930833882,5.230316569554583,6.504397267186162,3.512267839600713,4.405317974929843,2.283133737190385
2022-01-28,4.454905346287412,3.003766930833882,5.347399927622006,6.504397267186162,3.512267839600713,4.405317974929843,2.300915152589064
2022-02-07,4.450450440941125,3.003766930833882,5.822632533245291,6.497892869918976,3.508755571761112,4.400912656954913,2.505401429673872
2022-02-08,4.478877732614984,3.000763163903048,5.859824650207113,6.539398218271899,3.531167779103801,4.429023525594085,2.521404703532683
2022-02-09,4.554683843745281,3.051551821120025,5.959003628771972,6.650079147213032,3.590933665350974,4.503985841965211,2.564080100489513
2022-02-10,4.622704035544903,3.100224284286294,6.041942049596836,6.756148370781617,3.64456109703151,4.571248903759054,2.599767401194661
2022-02-11,4.622704035544903,3.043087044917195,5.94729021592169,6.631632325722842,3.64456109703151,4.571248903759054,2.585580403098101
2022-02-14,4.622704035544903,3.026157492511536,5.893412288819715,6.594738682742465,3.64456109703151,4.571248903759054,2.628141397387782
2022-02-15,4.622704035544903,2.994414581750926,5.834585124412258,6.525563102154257,3.64456109703151,4.571248903759054,2.654387343866418
2022-02-16,4.622704035544903,3.001990556452458,5.924323289753815,6.548621629016994,3.64456109703151,4.571248903759054,2.618919848625017
2022-02-17,4.622704035544903,3.001990556452458,5.978880979854473,6.686972790193409,3.64456109703151,4.571248903759054,2.64303774538917
2022-02-18,4.622704035544903,3.001990556452458,6.033438669955132,6.696196200938504,3.64456109703151,4.571248903759054,2.667155642153322
2022-02-21,4.622704035544903,3.001990556452458,6.02381084229031,6.742313254663975,3.64456109703151,4.571248903759054,2.662899542724354
2022-02-22,4.618081331509358,3.001990556452458,6.099228825664749,6.880664415840391,3.640916535934479,4.566677654855295,2.696238988251271
2022-02-23,4.582847351342619,3.001990556452458,6.052694325284775,6.936004880310957,3.613137904115983,4.531835862697756,2.675667841011258
2022-02-24,4.68125950284282,2.998988565896005,6.182669998759874,7.231154024153977,3.690726496436608,4.629152592517088,2.733125183302328
2022-02-25,4.625371120509373,2.963184394073732,6.108856653329571,6.926781469565862,3.64666383906934,4.573886301508579,2.700495087680239
2022-02-28,4.601071823842656,2.947617362846657,6.076763894446831,6.843770772860013,3.627506161953136,4.549857479330966,2.686308089583679
2022-03-01,4.599856859009321,2.946839011285304,6.075159256502694,6.936004880310955,3.626548278097326,4.548656038222086,2.685598739678851
2022-03-02,4.652496425378428,2.986534940914345,6.144681800070375,6.936004880310955,3.668049554034158,4.600709675705449,2.71633203365543
2022-03-03,4.646309595025531,2.978751425300807,6.136510680655388,6.926781469565861,3.663171828563368,4.59459171071116,2.712719889993654
2022-03-04,4.640122764672634,2.98964834715976,6.1283395612404,6.917558058820767,3.658294103092578,4.58847374571687,2.709107746331878
2022-03-07,4.875222318082714,3.04969661341508,6.438842099009914,7.268047667134351,3.843647670982602,4.820956415499858,2.84636920547936
2022-03-08,4.949464282317476,3.096138693822416,6.53689553198976,7.378728596075483,3.902180376632083,4.894371995431328,2.88971492942067
2022-03-09,5.023706246552238,3.142580774229752,6.634948964969606,7.489409525016614,3.960713082281563,4.967787575362798,2.93306065336198
2022-03-10,4.896876224317852,3.063242220200552,6.467441016962368,7.30032960474218,3.860719710130366,4.842369292979869,2.859011708295575
2022-03-11,4.98039843408196,3.115489560658805,6.577751129064695,7.424845649800954,3.926569003986033,4.924961820402774,2.907775647729549
2022-03-14,5.023706246552237,3.142580774229751,6.634948964969605,7.489409525016614,3.960713082281563,4.967787575362798,2.933060653361979
2022-03-15,4.890689393964954,3.059372046833273,6.459269897547379,7.291106193997085,3.855841984659576,4.83625132798558,2.855399564633799
2022-03-16,4.980398434081959,3.115489560658805,6.577751129064695,7.424845649800955,3.926569003986033,4.924961820402774,2.907775647729549
2022-03-17,4.964931358199716,3.10581412724061,6.557323330527226,7.401787122938218,3.914374690309057,4.909666907917051,2.898745288575109
2022-03-18,5.076294304551859,3.175477247851615,6.704403479996996,7.567808516349917,4.002173748783279,5.019790277814256,2.963763874487074
2022-03-21,5.091761380434101,3.18515268126981,6.724831278534464,7.590867043212652,4.014368062460254,5.035085190299978,2.972794233641514
2022-03-22,5.249525554432972,3.2838421021354,6.933194823616638,7.82606401721256,4.138750061965403,5.191093297654352,3.064903897016798
2022-03-23,5.249525554432972,3.2838421021354,6.933194823616638,7.82606401721256,4.138750061965403,5.191093297654352,3.064903897016798
2022-03-24,5.218591402668488,3.26449123529901,6.892339226541703,7.779946963487088,4.114361434611452,5.160503472682906,3.046843178707919
2022-03-25,5.178377005374658,3.239335108411703,6.839226950344285,7.719994793643974,4.082656219051317,5.120736700220027,3.023364244906376
2022-03-28,5.094854795610551,3.18708776795345,6.728916838241958,7.595478748585201,4.016806925195651,5.038144172797123,2.974600305472402
2022-03-29,5.02909497578961,3.152256207647948,6.642066009980059,7.497443115775593,3.964961581166623,4.973116322872824,2.936206830491387
2022-03-30,5.103650292142285,3.063242220200553,6.740533295842297,7.60859119431135,4.023741335065319,5.046841767012448,2.979735503180612
2022-03-31,5.069761511981978,3.070634251332054,6.695775438632189,7.558069340431461,3.997023265111366,5.013330201494437,2.959949742867328
2022-04-01,5.008761707693425,3.033688117291963,6.615211295653994,7.467130003447659,3.94893073919425,4.953009383562017,2.918486703554809
2022-04-06,4.968095171501056,3.009057361265235,6.561501867001865,7.406503778791792,3.916869055249506,4.912795504940404,2.862286910606241
2022-04-07,4.866428831020134,2.947480471198415,6.42722829537154,7.254938217152123,3.836714845387648,4.812260808386371,2.803713508615663
2022-04-08,4.900317611180442,2.968006101220689,6.471986152581649,7.305460071032013,3.863432915341601,4.845772373904383,2.823237975945856
2022-04-11,4.791873514667458,2.902324085149415,6.328761009509303,7.143790138616366,3.777935091488951,4.738535364246748,2.760759680489239
2022-04-12,4.690207174186535,2.840747195082596,6.194487437878978,6.992224576976698,3.697780881627092,4.638000667692715,2.702186278498661
2022-04-13,4.712600880116467,2.857167699100414,6.21783313619977,7.025609418020529,3.719155337590255,4.660145110187017,2.717805852362816
2022-04-14,4.712600880116467,2.898218959144961,6.204846851454156,7.025609418020529,3.768818886020663,4.660145110187017,2.756854787023201
2022-04-15,4.712600880116467,2.824326691064778,6.18206890801035,7.025609418020529,3.768818886020663,4.660145110187017,2.681193571225238
2022-04-18,4.712600880116467,2.805098280859912,6.218120526895806,7.025609418020529,3.768818886020663,4.660145110187017,2.696829334951957
2022-04-19,4.712600880116467,2.805098280859912,6.169529214484974,7.025609418020529,3.768818886020663,4.660145110187017,2.675755044711597
2022-04-20,4.712600880116467,2.805098280859912,6.091156129951374,7.025609418020529,3.768818886020663,4.660145110187017,2.641764254001338
2022-04-21,4.712600880116467,2.805098280859912,6.171096676175646,7.025609418020529,3.768818886020663,4.660145110187017,2.676434860525802
2022-04-22,4.712600880116467,2.805098280859912,6.193041139845054,7.025609418020529,3.768818886020663,4.660145110187017,2.685952281924674
2022-04-25,4.712600880116467,2.805098280859912,6.15071967419691,7.025609418020529,3.768818886020663,4.660145110187017,2.667597254941134
2022-04-26,4.712600880116467,2.805098280859912,6.097425976714063,7.025609418020529,3.768818886020663,4.660145110187017,2.644483517258158
2022-04-27,4.712600880116467,2.805098280859912,6.100560900095407,7.025609418020529,3.768818886020663,4.660145110187017,2.645843148886569
2022-04-28,4.712600880116467,2.805098280859912,6.085231124760635,7.025609418020529,3.768818886020663,4.660145110187017,2.639194550223642
2022-04-29,4.712600880116467,2.805098280859912,6.165076733155221,7.025609418020529,3.768818886020663,4.660145110187017,2.645780188527382
2022-05-05,4.712600880116467,2.805098280859912,6.218391790529433,7.025609418020529,3.765050067134642,4.660145110187017,2.629316092768033
2022-05-06,4.712600880116467,2.805098280859912,5.985089934030493,7.025609418020529,3.689607611187047,4.660145110187017,2.576630986338116
2022-05-09,4.712600880116467,2.805098280859912,5.89535845076167,7.025609418020529,3.619971866770669,4.660145110187017,2.530531518211939
2022-05-10,4.712600880116467,2.805098280859912,5.823573264146611,7.025609418020529,3.619971866770669,4.660145110187017,2.546995613971288
2022-05-11,4.712600880116467,2.805098280859912,5.841519560800376,7.025609418020529,3.619971866770669,4.660145110187017,2.551934842699092
2022-05-12,4.712600880116467,2.805098280859912,5.61491167295329,7.025609418020529,3.619971866770669,4.660145110187017,2.546830973013694
2022-05-13,4.712600880116467,2.805098280859912,5.623369796378072,7.025609418020529,3.619971866770669,4.660145110187017,2.515854039060868
2022-05-16,4.712600880116467,2.805098280859912,5.693771922154323,7.025609418020529,3.619971866770669,4.660145110187017,2.575642940551996
2022-05-17,4.712600880116467,2.805098280859912,5.682384378310015,7.025609418020529,3.619971866770669,4.660145110187017,2.566202587684975
2022-05-18,4.712600880116467,2.805098280859912,5.622292100902042,7.025609418020529,3.619971866770669,4.660145110187017,2.564629195540472
2022-05-19,4.712600880116467,2.805098280859912,5.642811415138912,7.025609418020529,3.619971866770669,4.660145110187017,2.555188842673452
2022-05-20,4.712600880116467,2.805098280859912,5.663705939693254,7.025609418020529,3.616351894903898,4.660145110187017,2.58462386291282
2022-05-23,4.70788827923635,2.805098280859912,5.695733300798059,7.018583808602508,3.59323929225219,4.65548496507683,2.568105176102555
2022-05-24,4.534269757789384,2.805098280859912,5.485684817149417,6.759750958027974,3.460727037049065,4.483798984375026,2.473398038390369
2022-05-25,4.548401497907161,2.805098280859912,5.502781786748725,6.780818748191018,3.471512918286529,4.497773424664707,2.481106758901826
2022-05-26,4.54032621783986,2.805098280859912,5.493012089834835,6.768780010954992,3.465349557579406,4.48978803021346,2.476701775752422
2022-05-27,4.535275130157763,2.802293182579052,5.486901144415196,6.761249780813857,3.461494375457101,4.484793165984205,2.473946458792469
2022-05-30,4.508019870962103,2.833415941159451,5.453926978883854,6.720617270111851,3.440692125604594,4.457841283977088,2.459078992092995
2022-05-31,4.520764430161994,2.905620741065975,5.469345698686309,6.739617032116109,3.450419257635626,4.479402789582782,2.466031019521669
2022-06-01,4.525086384684137,2.930518947930293,5.474574518665933,6.746060260636296,3.453717937614246,4.389750049274309,2.468388601758305
2022-06-02,4.481866839462703,2.970356078913203,5.422286318869697,6.681627975434422,3.420731137828054,4.347823114706264,2.444812779391941
2022-06-06,4.563983975383428,3.083642920145852,5.521633898482546,6.804049317317984,3.483406057421818,4.42748429038555,2.489606841888033
2022-06-07,4.51172290130167,3.084887830489068,5.458407007288937,6.726137798051877,3.443518419120355,4.37678624110587,2.461098957482626
2022-06-08,4.540854284038081,3.104806395980523,5.493650958909851,6.769567259217668,3.465752597774885,4.405046362113818,2.476989830493006
2022-06-09,4.411583773145256,3.016417761612192,5.337255923592048,6.57684902529447,3.367088429995408,4.279642075141051,2.406474081509444
2022-06-10,4.51536432414372,3.0873776511755,5.462812501241551,6.731566480697599,3.446297691452171,4.380318756231863,2.463085316608923
2022-06-13,4.495336498512437,3.073683637400124,5.438582284502172,6.701708726146117,3.431011693627181,4.360889923038899,2.452160341414286
2022-06-14,4.506260767038592,3.08115309945942,5.451798766360016,6.71799477408329,3.43934951062263,4.37148746841688,2.458119418793179
2022-06-15,4.546316418301156,3.10854112701017,5.50025919983877,6.777710283186251,3.469921506272609,4.410345134802807,2.479969369182451
2022-06-16,4.564523532511414,3.12099023044233,5.522286669601842,6.804853696414871,3.483817867931691,4.428007710432774,2.489901164813939
2022-06-17,4.704718311930392,3.216848326869956,5.691898186777486,7.01385797827524,3.590819852706617,4.564009542783521,2.566375991176393
2022-06-20,4.781188191613471,3.269134561285024,5.784413559782383,7.127860313835441,3.649184571674758,4.638192360429382,2.608089532828641
2022-06-21,4.761160365982189,3.255440547509649,5.760183343043005,7.098002559283961,3.633898573849769,4.618763527236418,2.597164557634005
2022-06-22,4.7265668489827,3.231787250988547,5.718331150493171,7.046430074149583,3.607495486697514,4.58520463353948,2.578294145934178
2022-06-23,4.87462710174051,3.336359719818685,5.89155517270996,7.274434745269986,3.720500699709164,4.728836698562374,2.659059508009435
2022-06-24,4.87462710174051,3.408564519725209,5.790625880799356,7.431866541995979,3.720500699709164,4.728836698562374,2.659059508009435
2022-06-27,4.87462710174051,3.408886951504102,5.829966427677012,7.440009565964566,3.720500699709164,4.728836698562374,2.659059508009435
2022-06-28,4.87462710174051,3.408886951504102,5.798191370583521,7.475296003161771,3.720500699709164,4.728836698562374,2.659059508009435
2022-06-29,4.87462710174051,3.408886951504102,5.78154729305836,7.282577769238572,3.720500699709164,4.728836698562374,2.659059508009435
2022-06-30,4.87462710174051,3.408886951504102,5.777007999187862,7.410151811413083,3.720500699709164,4.728836698562374,2.659059508009435
2022-07-01,4.869752474638769,3.408886951504102,5.714111543318233,7.326007230404363,3.716780199009455,4.724107861863811,2.659059508009435
2022-07-04,4.961770768898338,3.405478064552598,5.822084751435769,7.464438637870322,3.787012059012968,4.813374071924965,2.656400448501425
2022-07-05,4.941923685822745,3.391856152294388,5.798796412430026,7.434580883318841,3.771864010776916,4.794120575637265,2.64577484670742
2022-07-06,4.916663761908354,3.374519173056665,5.769156708240899,7.396580104798774,3.752584676658305,4.769616125816556,2.632251353515049
2022-07-07,4.996052094210728,3.429006822089507,5.862310064263871,7.5160111230047,3.813176869602513,4.846630110967356,2.674753760691072
2022-07-08,4.927489443585951,3.381949307015689,5.781859438607667,7.412866152735947,3.760847248423424,4.780118032882575,2.638047136311779
2022-07-11,4.853513952122375,3.33117672496236,5.69505744776808,7.301578158498607,3.704386341361776,4.708355001264785,2.598442620534122
2022-07-12,4.730822893109616,3.246968540093422,5.551093170278032,7.117002948543996,3.610743861357092,4.589333387849913,2.532757082171177
2022-07-13,4.808406945132391,3.300217833466426,5.642129404573209,7.233719625427059,3.669958959007113,4.664597055156376,2.574293525547745
2022-07-14,4.929771858139643,3.386902729655038,5.778747269667809,7.416299794509366,3.76635562960017,4.78233218495566,2.641910991509599
2022-07-15,4.924842086281504,3.318793168363986,5.797040653881727,7.408883494714857,3.683234157643071,4.777549852770704,2.583605416574492
2022-07-18,5.044960185946906,3.364612327777966,5.938431889342256,7.589587970195708,3.77306913709778,4.894075458935844,2.646620182832406
2022-07-19,4.964881452836638,3.299796792542081,5.844171065701903,7.469118319875141,3.71317915079464,4.816391721492417,2.604610338660463
2022-07-20,5.125038919057174,3.406241850366019,6.032692712982609,7.710057620516274,3.832959123400919,4.971759196379269,2.688630027004349
2022-07-21,5.173086158923335,3.438175367713201,6.08924920716682,7.782339410708613,3.868893115182802,5.018369438845324,2.713835933507514
2022-07-22,5.229141272100522,3.475431137951579,6.155231783715067,7.866668165933009,3.910816105594999,5.072748055055722,2.743242824427874
2022-07-25,5.15707041230128,3.427530861930807,6.070397042438749,7.7582454806445,3.856915117922174,5.002832691356639,2.705433964673126
2022-07-26,5.125038919057173,3.406241850366019,6.032692712982608,7.710057620516273,3.832959123400918,4.971759196379269,2.688630027004349
2022-07-27,5.117031045746145,3.400919597474822,6.023266630618573,7.698010655484216,3.826970124770604,4.963990822634926,2.684429042587154
2022-07-28,5.237149145411548,3.480753390842776,6.164657866079104,7.878715130965067,3.916805104225313,5.080516428800066,2.747443808845069
2022-07-29,5.373282991699005,3.571231689993124,6.324901266267704,8.083513536510031,4.018618080940651,5.212578782453891,2.818860543937372
2022-08-01,5.381290865010032,3.576553942884321,6.33432734863174,8.095560501542089,4.024607079570965,5.220347156198234,2.823061528354567
2022-08-02,5.357267245076952,3.56058718421073,6.306049101539634,8.059419606445919,4.006640083680023,5.197042034965206,2.810458575102984
2022-08-03,5.373282991699005,3.571231689993124,6.324901266267704,8.083513536510033,4.018618080940651,5.212578782453892,2.818860543937372
2022-08-04,5.509416837986461,3.66170998914347,6.485144666456304,8.288311942054996,4.120431057655987,5.344641136107716,2.890277279029675
2022-08-05,5.541448331230568,3.682999000708258,6.522848995912446,8.336499802183223,4.144387052177242,5.375714631085086,2.907081216698452
2022-08-08,5.525432584608515,3.672354494925864,6.503996831184375,8.312405872119109,4.132409054916614,5.360177883596401,2.898679247864064
2022-08-09,5.485393218053382,3.64574323046988,6.456866419364199,8.252171046958827,4.102464061765046,5.321336014874689,2.877674325778093
2022-08-10,5.405314484943114,3.592520701557911,6.362605595723846,8.13170139663826,4.042574075461906,5.243652277431263,2.83566448160615
2022-08-11,5.605511317718785,3.725577023837834,6.598257654824728,8.432875522439677,4.192299041219754,5.437861621039827,2.940689092036007
2022-08-12,5.54144833123057,3.682999000708258,6.522848995912446,8.336499802183223,4.144387052177242,5.375714631085087,2.907081216698453
2022-08-15,5.645550684273919,3.752188288293818,6.645388066644905,8.493110347599961,4.222244034371323,5.476703489761541,2.961694014121979
2022-08-16,5.71762154407316,3.80008856431459,6.730222807921223,8.60153303288847,4.276145022044148,5.546618853460624,2.999502873876727
2022-08-17,5.685590050829053,3.778799552749803,6.692518478465082,8.553345172760244,4.252189027522893,5.515545358483254,2.98269893620795
2022-08-18,5.621527064340839,3.736221529620227,6.617109819552799,8.45696945250379,4.204277038480382,5.453398368528513,2.949091060870396
2022-08-19,5.613519191029812,3.73089927672903,6.607683737188763,8.444922487471732,4.198288039850068,5.445629994784171,2.944890076453201
2022-08-22,5.533440457919543,3.677676747817061,6.51342291354841,8.324452837151165,4.138398053546928,5.367946257340744,2.902880232281258
2022-08-23,5.421330231565168,3.603165207340305,6.381457760451916,8.155795326702373,4.054552072722534,5.259189024919948,2.844066450440538
2022-08-24,5.442455001359657,3.624454218905093,6.406323765728241,8.187575220456939,4.070351051109302,5.279681994857524,2.855148647333097
2022-08-25,5.345614165036531,3.661709989143471,6.292332239647667,8.04188882863386,3.99792487582266,5.185737475376072,2.804345290618985
2022-08-26,5.264913468100594,3.688321253599455,6.197339301247189,7.92048350211463,3.937569729750458,5.107450375808197,2.762009160023892
2022-08-29,5.290737691120095,3.521596359529821,6.227737041535343,7.959333206600784,3.956883376493562,5.132502247669917,2.775556721814322
2022-08-30,5.255229384468281,3.497961484633648,6.185940148639132,7.905914862932322,3.930327112221793,5.098055923860051,2.756928824352481
2022-08-31,5.290737691120095,3.521596359529821,6.227737041535343,7.959333206600784,3.956883376493562,5.132502247669916,2.775556721814322
2022-09-01,5.264913468100594,3.504407359605331,6.197339301247189,7.920483502114631,3.937569729750458,5.107450375808196,2.762009160023892
2022-09-02,5.348842192913969,3.560271609359922,6.296131957183686,8.046745041694631,4.000339081665548,5.188868959358786,2.806038735842789
2022-09-05,5.406946694707844,3.598946859190024,6.364526872832029,8.134156876788477,4.043794786837533,5.245235671047657,2.836520749871256
2022-09-06,5.323017969894468,3.543082609435432,6.265734216895532,8.007895337208478,3.981025434922443,5.163817087497066,2.792491174052359
2022-09-07,5.361754304423718,3.568866109322167,6.311330827327761,8.066169893937708,4.009995905037099,5.201394895289646,2.812812516738004
2022-09-08,5.361754304423718,3.568866109322167,6.311330827327761,8.066169893937708,4.009995905037099,5.201394895289646,2.812812516738004
2022-09-09,5.377894443810906,3.579609234274973,6.330329415007856,8.090450959241554,4.02206693425154,5.217052315203222,2.821279742857022
2022-09-13,5.674873008535158,3.777282733406604,6.679903428321617,8.537222560832326,4.244173871797244,5.505148841613004,2.977076703446966
2022-09-14,5.649048785515658,3.760093733482115,6.649505688033464,8.498372856346172,4.224860225054139,5.480096969751284,2.963529141656537
2022-09-15,5.571576116457158,3.708526733708646,6.558312467169005,8.381823742887711,4.166919284824826,5.404941354166124,2.922886456285247
2022-09-16,5.584488227966908,3.71712123367089,6.57351133731308,8.401248595130788,4.176576108196378,5.417467290096984,2.929660237180462
2022-09-19,5.600628367354096,3.727864358623697,6.592509924993177,8.425529660434636,4.188647137410819,5.43312471001056,2.938127463299481
2022-09-20,5.626452590373597,3.745053358548187,6.62290766528133,8.46437936492079,4.207960784153924,5.458176581872281,2.951675025089911
2022-09-21,5.691013147922346,3.78802585835941,6.698902016001711,8.561503626136172,4.256244901011685,5.52080626152658,2.985543929565985
2022-09-22,5.710381315186971,3.800917608302777,6.721700321217826,8.590640904500788,4.270730136069012,5.53959516542287,2.995704600908807
2022-09-23,5.65873286914797,3.766539608453798,6.660904840641519,8.51294149552848,4.232102842582803,5.48949142169943,2.968609477327947
2022-09-26,5.619996534618721,3.740756108567064,6.615308230209291,8.454666938799251,4.203132372468147,5.451913613906851,2.948288134642303
2022-09-27,5.632908646128472,3.749350608529309,6.630507100353369,8.47409179104233,4.2127891958397,5.464439549837712,2.955061915537518
2022-09-28,5.68778512004491,3.78587723336885,6.695102298465693,8.556647413075407,4.253830695168797,5.517674777543867,2.983850484342181
2022-09-29,5.810450179387536,3.867524983010176,6.839491564834421,8.741183509384639,4.345570517198544,5.636671168887038,3.048201402846724
2022-09-30,5.726521454574161,3.811660733255585,6.740698908897923,8.614921969804637,4.282801165283454,5.555252585336447,3.004171827027827
2022-10-10,5.742661593961349,3.822403858208391,6.759697496578019,8.639203035108483,4.294872194497894,5.570910005250022,3.012639053146845
2022-10-11,5.665188924902848,3.770836858434921,6.66850427571356,8.522653921650022,4.23693125426858,5.495754389664862,2.971996367775556
2022-10-12,5.710381315186973,3.800917608302778,6.721700321217828,8.590640904500791,4.270730136069013,5.539595165422872,2.995704600908808
2022-10-13,5.723293426696723,3.809512108265023,6.736899191361903,8.610065756743868,4.280386959440565,5.552121101353731,3.002478381804023
2022-10-14,5.826590318774724,3.878268107962982,6.858490152514515,8.765464574688485,4.357641546412984,5.652328588800613,3.056668628965742
2022-10-17,5.681329064290036,3.781579983387727,6.687502863393655,8.54693498695387,4.249002283483021,5.511411809578437,2.980463593894574
2022-10-18,5.601477338685864,3.73216160860482,6.600109360065215,8.426806844469622,4.189282073547499,5.433948290298016,2.941514353747088
2022-10-19,5.601477338685864,3.727864358623697,6.57932490514319,8.426806844469622,4.189282073547499,5.433948290298016,2.932251208372882
2022-10-20,5.601477338685864,3.741308305189639,6.548102166336816,8.426806844469622,4.189282073547499,5.433948290298016,2.912499292112948
2022-10-21,5.601477338685864,3.741308305189639,6.541163779935399,8.426806844469622,4.189282073547499,5.433948290298016,2.892559202821631
2022-10-24,5.601477338685864,3.741308305189639,6.626159013352751,8.426806844469622,4.185092791473951,5.433948290298016,2.818367115590965
2022-10-25,5.595875861347179,3.741308305189639,6.625024587176119,8.418380037625152,4.280934611126026,5.428514342007718,2.882909873963277
2022-10-26,5.637636128969172,3.741308305189639,6.67446506916997,8.48120376924922,4.312881884343384,5.469025643067477,2.904424126754047
2022-10-27,5.685362149108593,3.741308305189639,6.730968477162944,8.553002319676727,4.349393053734651,5.515324272850059,2.929011844229214
2022-10-28,5.625704623934316,3.737566996884449,6.660339217171726,8.463254131642344,4.303754091995568,5.457450985621831,2.898277197385255
2022-10-31,5.774848436870008,3.836654138901534,6.836912367149767,8.687624601728302,4.417851496343276,5.602134203692398,2.975113814495151
2022-11-01,5.79274569442229,3.848544595943584,6.858101145147132,8.714549058138617,4.431543184865001,5.619496189860866,2.978365540131242
2022-11-02,5.750985426800296,3.8208001961788,6.80866066315328,8.65172532651455,4.399595911647642,5.567826919023505,2.930804331163796
2022-11-03,5.643601881486598,3.749457453926498,6.68152799516909,8.490178588052659,4.317445780517292,5.497174610933229,2.893614222065718
2022-11-04,5.66149913903888,3.761347910968548,6.702716773166455,8.517103044462974,4.331137469039017,5.514607511390733,2.902790588520471
2022-11-07,5.786779941904861,3.844581110262899,6.85103821914801,8.70557423933518,4.426979288691092,5.636637814593268,2.967025153703748
2022-11-08,5.846437467079138,3.884215967069733,6.921667479139226,8.795322427369562,4.472618250430175,5.694747482784951,2.997613041886261
2022-11-09,5.947855259875409,3.951595223641351,7.041737221124295,8.947894347028015,4.550204485386617,5.793533918710813,3.049612451796533
2022-11-10,5.900129239735987,3.919887338195884,6.985233813131322,8.876095796600509,4.513693315995351,5.747046184157467,3.025142141250523
2022-11-11,6.198416865607371,4.118061622230053,7.338380113087405,9.324836736772426,4.741888124690767,6.037594525115883,3.178081582163087
2022-11-14,6.192451113089945,4.11409813654937,7.331317187088285,9.315861917968988,4.73732422851686,6.031783558296715,3.175022793344836
2022-11-15,6.2043826181248,4.122025107910737,7.345443039086528,9.333811555575863,4.746452020864677,6.043405491935052,3.174778090239376
2022-11-16,6.257465884024871,4.165623450398254,7.408288954626713,9.432534562413686,4.787061569020113,6.095111474692011,3.210992288987354
2022-11-17,6.298633422735561,4.193367850163038,7.457027697749257,9.495358294037755,4.818555395132088,6.135210892288669,3.232117238257008
2022-11-18,6.257465884024872,4.177513907440304,7.408288954626713,9.459459018824004,4.787061569020114,6.095111474692011,3.210992288987355
2022-11-21,6.245703730107532,4.181477393120987,7.394363599448844,9.46843383762744,4.778063332988122,6.083654498235823,3.204956589196025
2022-11-22,6.256689581866328,4.173550421759621,7.407369881184974,9.45048420002056,4.786467685442003,6.1065684511482,3.217027988778685
2022-11-23,6.345816214086647,4.233002706969872,7.512887970660544,9.585106482072137,4.854650985804425,6.151525626762282,3.247206487735333
2022-11-24,6.399292193418838,4.268674078096022,7.576198824345886,9.665879851303082,4.895560966021878,6.203364325864212,3.294924730285585
2022-11-25,6.452768172751029,4.304345449222173,7.639509678031228,9.746653220534029,4.936470946239331,6.255203024966142,3.322458920232261
2022-11-28,6.411175744381547,4.276601049457389,7.590267902942628,9.683829488909955,4.904652072736867,6.214884036775752,3.301043439162624
2022-11-29,6.351757989568001,4.236966192650555,7.519922509958915,9.594081300875574,4.859196539161919,6.157285482218053,3.270449894777428
2022-11-30,6.316107336679874,4.213185278566455,7.477715274168688,9.540232388054944,4.831923219016951,6.122726349483433,3.25209376814631
2022-12-01,6.405233968900192,4.272637563776706,7.583233363644257,9.674854670106519,4.900106519379372,6.209124181319982,3.297984084724104
2022-12-02,6.345816214086646,4.233002706969872,7.512887970660543,9.585106482072137,4.854650985804424,6.151525626762282,3.267390540338908
2022-12-05,6.316107336679873,4.213185278566455,7.477715274168686,9.540232388054942,4.83192321901695,6.122726349483433,3.25209376814631
2022-12-06,6.250747806384974,4.169586936078938,7.400335341886603,9.441509381217122,4.781922132084508,6.059367939469964,3.218440869322595
2022-12-07,6.167562949646011,4.11409813654937,7.301851791709404,9.315861917968984,4.718284385079581,5.978729963089185,3.175609907183321
2022-12-08,6.184877283398678,4.133915564952787,7.322350439224858,9.342014539962204,4.731530127563321,5.995514181887298,3.184524866017167
2022-12-09,6.245922825416638,4.169586936078938,7.394622989014609,9.434221436720271,4.778230944406803,6.054690685500731,3.215956540019414
2022-12-12,6.149535127493541,4.14976950767552,7.280508436715,9.288631599733849,4.704492812548673,5.961254100847941,3.166327581068497
2022-12-13,6.133470511173026,4.165203320916102,7.261489344665066,9.264366626902778,4.692203123905652,5.945681336739144,3.158056087910011
2022-12-14,6.088489585475581,4.134657041978006,7.20823588692525,9.196424702975779,4.657791995705192,5.902077597234509,3.13489590706625
2022-12-15,6.107767125060199,4.147748304380046,7.231058797385171,9.225542670373065,4.672539622076817,5.920764914165066,3.144821698856433
2022-12-16,6.155960974021748,4.180476460385149,7.288116073534975,9.298337588866277,4.709408688005882,5.967483206491461,3.169636178331892
2022-12-19,6.072424969155064,4.123747656642971,7.189216794875315,9.172159730144708,4.64550230706217,5.88650483312571,3.126624413907764
2022-12-20,6.1077671250602,4.147748304380047,7.231058797385172,9.225542670373065,4.672539622076818,5.920764914165066,3.144821698856433
2022-12-21,6.159173897285852,4.182658337452158,7.291919891944963,9.303190583432492,4.711866625734488,5.970597759313221,3.171290476963589
2022-12-22,6.197728976455091,4.20884086225624,7.337565712864807,9.361426518227059,4.74136187847774,6.007972393174337,3.191142060543957
2022-12-23,6.210580669511504,4.217568370524268,7.352780986504755,9.380838496491918,4.751193629392158,6.020430604461376,3.197759255070746
2022-12-26,6.351949293132046,4.31357096147257,7.520148996544181,9.594370257405339,4.859342889450748,6.157470928618801,3.270548394865424
2022-12-27,6.377652679244872,4.331025978008626,7.550579543824077,9.633194213935054,4.879006391279583,6.182387351192878,3.283782783919002
2022-12-28,6.297329597642292,4.276479051333454,7.455484083574404,9.511869349779699,4.817557948064475,6.104523530648886,3.242425318126571
2022-12-29,6.380865602508975,4.333207855075632,7.554383362234065,9.63804720850127,4.881464329008187,6.185501904014637,3.2854370825507
2022-12-30,6.457975760847452,4.385572904683797,7.64567500407375,9.754519078090407,4.94045483449469,6.260251171736868,3.325140249711433
2023-01-03,6.474040377167969,4.396482290018833,7.664694096123687,9.77878405092148,4.952744523137713,6.275823935845668,3.33341174286992
2023-01-04,6.342310523339737,4.307025330271551,7.508737541314221,9.579811273706699,4.851969076264935,6.148127270153521,3.265585498970333
2023-01-05,6.278052058057673,4.263387788931413,7.432661173114482,9.482751382382418,4.802810321692849,6.085836213718329,3.232499526336388
2023-01-06,6.226645285832022,4.228477755859304,7.371800078554691,9.405103469322992,4.76348331803518,6.036003368570174,3.206030748229232
2023-01-09,6.261987441737157,4.252478403596379,7.413642081064547,9.458486409551346,4.790520633049828,6.070263449609531,3.224228033177901
2023-01-10,6.191531247478637,4.208840862256242,7.322890581439079,9.352065091708836,4.731879154720786,6.001964420781163,3.184759776422869
2023-01-11,6.185339716231159,4.250405620382723,7.330098510120036,9.342713026617126,4.678667685675613,5.995962456360382,3.148946151281921
2023-01-12,6.206183321003631,4.250405620382723,7.354799768789354,9.374196474053072,4.694434046874183,6.016167890080215,3.159557595768128
2023-01-13,6.297374091883197,4.24615521476234,7.462867775467617,9.511936556585336,4.763411877117925,6.104566662604483,3.205982665395283
2023-01-16,6.414619368728355,4.214355758358985,7.601812355482531,9.68903094841254,4.852097658859882,6.218222227278543,3.265672040630197
2023-01-17,6.435462973500827,4.228049846932044,7.626513614151849,9.720514395848484,4.867864020058452,6.238427660998376,3.276283485116404
2023-01-18,6.430252072307709,4.224626324788779,7.620338299484518,9.712643533989496,4.863922429758809,6.233376302568417,3.273630623994852
2023-01-19,6.503204689011361,4.272555634794486,7.70679270482713,9.822835600015308,4.919104693953803,6.304095320587831,3.310770679696576
2023-01-20,6.531864645573511,4.291385006582443,7.740756935497442,9.866125340239735,4.940783440601836,6.331877791952602,3.325361415865111
2023-01-30,6.599606361084045,4.335890794444885,7.821036026172724,9.968446544406561,4.992024114497188,6.397545451542057,3.359848610445283
2023-01-31,6.53186464557351,4.291385006582443,7.740756935497441,9.866125340239734,4.940783440601836,6.331877791952601,3.32536141586511
2023-02-01,6.610028163470281,4.342737838731415,7.833386655507382,9.984188268124532,4.999907295096472,6.407648168401973,3.365154332688386
2023-02-02,6.576157305715013,4.320484944800193,7.79324711016974,9.933027666041118,4.974286958148796,6.374814338607245,3.3479107353983
2023-02-03,6.513626491397595,4.279402679081016,7.719143334161786,9.838577323733276,4.926987874553086,6.314198037447746,3.316076401939679
2023-02-06,6.430252072307706,4.224626324788779,7.620338299484515,9.712643533989493,4.863922429758807,6.233376302568415,3.273630623994851
2023-02-07,6.399189890295529,4.212643997287351,7.583527248752564,9.66572532644807,4.840426609982638,6.203265154967434,3.25781691884928
2023-02-08,6.506657201430263,4.188679342284498,7.710884194914821,9.82805048460216,4.921716217173186,6.30744212703559,3.312528348020795
2023-02-09,6.428499156968638,4.258885510876429,7.61826096134227,9.709995824126461,4.862596502852787,6.231677056440567,3.272738217714239
2023-02-10,6.330801601391608,4.194160807063717,7.502481919376582,9.562427498531832,4.788696859952289,6.13697071819679,3.223000554831044
2023-02-13,6.311262090276202,4.181215866301175,7.479326110983445,9.532913833412907,4.773916931372189,6.118029450548034,3.213053022254405
2023-02-14,6.39918989029553,4.239468099732615,7.583527248752564,9.66572532644807,4.840426609982637,6.203265154967434,3.25781691884928
2023-02-15,6.418729401410936,4.252413040495156,7.606683057145701,9.695238991566995,4.855206538562736,6.222206422616188,3.267764451425919
2023-02-16,6.55550597921878,4.343027625832953,7.768773715897665,9.901834647399474,4.958666038623433,6.354795296157477,3.337397179462393
2023-02-17,6.389420134737827,4.232995629351342,7.571949344555995,9.650968493888607,4.833036645692586,6.193794521143055,3.252843152560961
2023-02-20,6.389420134737827,4.232995629351342,7.571949344555995,9.650968493888607,4.833036645692586,6.193794521143055,3.252843152560961
2023-02-21,6.369880623622421,4.2200506885888,7.548793536162858,9.621454828769682,4.818256717112487,6.1748532534943,3.242895619984322
2023-02-22,6.262413312487687,4.148853514394817,7.421436590000601,9.459129670615592,4.736967109921938,6.070676281426144,3.188184190812807
2023-02-23,6.295190842383781,4.174743395919903,7.452812710373304,9.508638843852587,4.766526967082138,6.102450257906932,3.208079255966085
2023-02-24,6.295190842383781,4.187688336682444,7.499062434639806,9.508638843852587,4.776525588766575,6.102450257906932,3.211590734965638
2023-02-27,6.295190842383781,4.155325984776088,7.338998746056913,9.508638843852587,4.776525588766575,6.102450257906932,3.149339637019168
2023-02-28,6.295190842383781,4.16827092553863,7.241729740636339,9.508638843852587,4.776525588766575,6.102450257906932,3.183294781353606
2023-03-01,6.295190842383781,4.151170658791312,7.252447139918747,9.508638843852587,4.776525588766575,6.102450257906932,3.186124376714809
2023-03-02,6.295190842383781,4.151170658791312,7.2040514011395,9.508638843852587,4.776525588766575,6.102450257906932,3.152169232380371
2023-03-03,6.295190842383781,4.151170658791312,7.307756555666459,9.508638843852587,4.776525588766575,6.102450257906932,3.174805995269997
2023-03-06,6.295190842383781,4.151170658791312,7.424238185231141,9.508638843852587,4.776525588766575,6.102450257906932,3.237057093216466
2023-03-07,6.295190842383781,4.151170658791312,7.420701754217719,9.508638843852587,4.776525588766575,6.102450257906932,3.273841832912108
2023-03-08,6.295190842383781,4.151170658791312,7.342416627762528,9.508638843852587,4.776525588766575,6.102450257906932,3.214420330326841
2023-03-09,6.295190842383781,4.151170658791312,7.327731794507003,9.508638843852587,4.776525588766575,6.102450257906932,3.230582979030034
2023-03-10,6.295190842383781,4.151170658791312,7.217188092313296,9.508638843852587,4.776525588766575,6.102450257906932,3.189165248529648
2023-03-13,6.295190842383781,4.151170658791312,7.15023829553859,9.508638843852587,4.776525588766575,6.102450257906932,3.159581155315088
2023-03-14,6.295190842383781,4.151170658791312,6.995624434867083,9.508638843852587,4.776525588766575,6.102450257906932,3.091259650445381
2023-03-15,6.295190842383781,4.151170658791312,6.9905575895497,9.508638843852587,4.776525588766575,6.102450257906932,3.089020688844382
2023-03-16,6.288895651541398,4.151170658791312,7.04967078491917,9.499130205008736,4.771749063177808,6.096347807649025,3.115141907522699
2023-03-17,6.325056048196164,4.151170658791312,7.090205547458236,9.553749065794603,4.799186048687215,6.131401077266556,3.133053600330687
2023-03-20,6.51941818021553,4.14701948813252,7.308079896105713,9.847325442518638,4.94665984580028,6.319812401460787,3.229328949173626
2023-03-21,6.457644169263638,4.107724873153682,7.238833010101476,9.754018222009448,4.899788328888375,6.259929732530837,3.198729807293312
2023-03-22,6.362723128044878,4.047345342820345,7.132429258436429,9.610643712446548,4.827766241926181,6.167914899784817,3.151711613672342
2023-03-23,6.407923623863335,4.076097500121934,7.183097711610261,9.678917288428879,4.86206247381294,6.211731486806731,3.174101229682328
2023-03-24,6.441070654130203,4.097182415476433,7.220254577271071,9.728984577482592,4.88721304386323,6.243863650622802,3.190520281422984
2023-03-27,6.397376841505695,4.069388663418231,7.171275072536367,9.662986787366336,4.854060019706029,6.201507616501618,3.168876985946664
2023-03-28,6.365736494432773,4.049262153307118,7.135807155314683,9.6151952841787,4.830052657385297,6.170836005586277,3.153204254739673
2023-03-29,6.388336742342003,4.063638231957913,7.1611413819016,9.649332072169868,4.847200773328677,6.192744299097234,3.164399062744667
2023-03-30,6.387589427477805,4.071305473905003,7.160303663475793,9.648203282380294,4.846633742294816,6.192019864858473,3.164028887759969
2023-03-31,6.415728587951276,4.102932846936751,7.191846851420621,9.69070638054056,4.867984551732238,6.219297485408511,3.177967341010013
2023-04-03,6.500146069371687,4.037337675268907,7.286476415255103,9.818215675021357,4.932036980044503,6.301130347058622,3.219782700760145
2023-04-04,6.528285229845157,4.054815327542798,7.31801960319993,9.860718773181622,4.953387789481925,6.328407967608659,3.233721154010188
2023-04-06,6.406348867793453,3.979078834355936,7.181332455439012,9.676538681153806,4.860867615253097,6.210204945225165,3.173321189926665
2023-04-07,6.462627188740393,4.014034138903718,7.244418831328666,9.761544877474336,4.903569234127941,6.26476018632524,3.201198096426753
2023-04-10,6.434488028266924,3.996556486629828,7.212875643383839,9.719041779314074,4.882218424690519,6.237482565775203,3.187259643176709
2023-04-11,6.462627188740394,4.014034138903718,7.244418831328666,9.761544877474339,4.903569234127941,6.26476018632524,3.201198096426753
2023-04-12,6.412258091492883,3.99073060253853,7.187956524907427,9.685464331767465,4.865351285234956,6.215933245540674,3.176248265109174
2023-04-13,6.456027771298296,3.961601182082045,7.237021074565498,9.751576716284648,4.898561874212669,6.258362824008529,3.19792914063893
2023-04-14,6.510739871055061,3.996556486629828,7.298351761638087,9.83421719693113,4.940075110434811,6.311399797093347,3.225030235051124
2023-04-17,6.510739871055061,4.006006070625912,7.298351761638087,9.83421719693113,4.940075110434811,6.311399797093347,3.225030235051124
2023-04-18,6.494326241128032,3.995906895657948,7.279952555516311,9.809425052737186,4.927621139568169,6.295488705167902,3.216899906727466
2023-04-19,6.527153500982092,4.016105245593876,7.316750967759864,9.859009341125072,4.952529081301454,6.327310889018793,3.233160563374783
2023-04-20,6.532624710957768,4.019471637249864,7.322884036467122,9.86727338918972,4.956680404923667,6.332614586327273,3.235870672816002
2023-04-21,6.472441401225327,3.982441329033994,7.255420280687275,9.776368860478591,4.911015845079312,6.274273915933974,3.206059468962589
2023-04-24,6.527153500982092,4.016105245593876,7.316750967759865,9.859009341125072,4.952529081301454,6.327310889018793,3.233160563374783
2023-04-25,6.598279230665886,4.059868337121722,7.39648086095423,9.966441965965496,5.006496288390237,6.396258954029055,3.268391986110635
2023-04-26,6.565451970811827,4.039669987185794,7.359682448710677,9.916857677577608,4.981588346656952,6.364436770178164,3.252131329463319
2023-04-27,6.554509550860473,4.032937203873817,7.347416311296159,9.900329581448313,4.973285699412524,6.3538293755612,3.24671111058088
2023-04-28,6.609221650617238,4.066601120433698,7.408746998368748,9.982970062094791,5.014798935634666,6.406866348646018,3.273812204993074
2023-05-04,6.543567130909119,4.026204420561839,7.33515017388164,9.883801485319015,4.964983052168096,6.343221980944236,3.241290891698441
2023-05-05,6.527153500982091,4.016105245593875,7.316750967759864,9.859009341125072,4.952529081301454,6.327310889018791,3.233160563374783
2023-05-08,6.585082672204553,4.059868337121721,7.38168789923232,9.946509082033565,4.996483295813456,6.383466436120996,3.261855202138414
2023-05-09,6.619924379464895,4.036303595529804,7.420744448963708,9.999136114213638,5.022919715368025,6.417241390809467,3.279113695271421
2023-05-10,6.57346876978444,4.049769162153757,7.368669049321857,9.928966737973539,4.987671155961934,6.372208117891506,3.256102371094078
2023-05-11,6.631538281885009,4.028230988338745,7.433763298874172,10.01667845827366,5.031731855219548,6.428499709038958,3.284866526315757
2023-05-12,6.788325964556547,4.123469374227665,7.609517772665418,10.25350010308398,5.150695743215107,6.580487005137077,3.362529745414291
2023-05-15,6.78251901334649,4.119942026602149,7.603008347710186,10.24472893105397,5.146289673289346,6.574857846022331,3.359653329892123
2023-05-16,6.794132915766603,4.12699672185318,7.616027197620649,10.262271275114,5.155101813140868,6.586116164251821,3.365406160936459
2023-05-17,7.043831817799052,4.278672669750349,7.895932470695596,10.63943167240451,5.344562819948609,6.828170006185863,3.489092028389679
2023-05-18,7.490967060973434,4.550278436915045,8.397158192248407,11.31481191871543,5.683830204232239,7.261615258021238,3.710576023596608
2023-05-19,8.090290881460987,4.924177285219692,9.068982923027921,12.2445561538967,6.138571869130222,7.842589511935853,4.007445116808513
2023-05-22,8.047085055658792,4.465622093902672,9.020550437457675,11.10430378999514,6.10578910881444,7.800706523888132,3.986043540750791
2023-05-23,8.090290881460986,4.236344498244162,9.068982923027921,10.53417760804436,6.138571869130222,7.842589511935853,4.007445116808513
2023-05-24,7.95553191078394,4.208125717240038,8.917922000534332,10.46400823180427,6.036322439705296,7.711956472215009,3.948590782649776
2023-05-25,7.96220042034872,4.211653064865553,8.925397207575852,10.47277940383428,6.041382223812341,7.718420811252908,3.999430226574896
2023-05-26,7.90885234383047,4.183434283861429,8.865595551243686,10.40261002759419,6.000903950955977,7.666706098949707,3.972633374135533
2023-05-29,7.966241537144979,4.2222351077421,8.929927183043016,10.47809473408447,6.044448452981213,7.722338200709878,4.001460088147178
2023-05-30,7.976467777885858,4.227871809247674,8.94139050420225,10.49154543335801,6.052207693614051,7.7322513434579,4.006596750648009
2023-05-31,7.94578905566322,4.21161076382749,8.90700054072455,10.4511933355374,6.028929971715535,7.702511915213831,3.991186763145516
2023-06-01,7.93556281492234,4.206190415354095,8.895537219565316,10.43774263626386,6.021170731082696,7.692598772465808,3.986050100644686
2023-06-02,8.037825222331133,4.26039390008804,9.010170431157652,10.57224962899922,6.098763137411082,7.791730199946037,4.037416725652993
2023-06-05,8.078730185294649,4.282075293981618,9.056023715794586,10.62605242609337,6.129800099942435,7.831382770938128,4.057963375656316
2023-06-06,8.088956426035528,4.287495642455012,9.067487036953819,10.6395031253669,6.137559340575273,7.841295913686151,4.063100038157146
2023-06-07,8.119635148258167,4.303756687875195,9.10187700043152,10.67985522318751,6.160837062473789,7.87103534193022,4.078510025659638
2023-06-08,7.935562814922339,4.206190415354095,8.895537219565316,10.43774263626386,6.021170731082695,7.692598772465807,3.986050100644684
2023-06-09,8.06850394455377,4.276654945508223,9.044560394635353,10.61260172681983,6.122040859309596,7.821469628190105,4.052826713155484
2023-06-12,8.160540111221684,4.325438081768772,9.147730285068455,10.73365802028165,6.191874025005142,7.910687912922311,4.099056675662961
2023-06-13,8.34461244455751,4.423004354289872,9.354070065934661,10.9757706072053,6.331540356396236,8.089124482386724,4.191516600677915
2023-06-14,8.35483868529839,4.428424702763266,9.365533387093894,10.98922130647884,6.339299597029074,8.099037625134747,4.196653263178745
2023-06-15,8.405969889002787,4.455526445130238,9.422849992890065,11.05647480284652,6.378095800193267,8.148603338874862,4.222336575682899
2023-06-16,8.487779814929821,4.498889232917394,9.514556562163932,11.1640803970348,6.440169725255975,8.227908480859046,4.263429875689545
2023-06-19,8.446874851966303,4.477207839023816,9.468703277526997,11.11027759994066,6.409132762724621,8.188255909866953,4.242883225686222
2023-06-20,8.436648611225424,4.471787490550422,9.457239956367763,11.09682690066712,6.401373522091783,8.178342767118931,4.237746563185391
2023-06-21,8.450392678781167,4.488048535970605,9.472646660005774,11.11490464049076,6.411801941502318,8.191666030972275,4.244650237586508
2023-06-26,8.332965708978238,4.455526445130238,9.341014410999,10.96045151373149,6.322703304126835,8.077834336254698,4.185666420594827
2023-06-27,8.263379356502428,4.395902611922899,9.263010115291284,10.86892373491119,6.269904111608031,8.010378517162801,4.15071304756272
2023-06-28,8.232935327294262,4.446615392239978,9.228883235919159,10.8288803316773,6.246804464881055,7.980866596310096,4.135420946861173
2023-06-29,8.211189592145571,4.434870502138974,9.204506893510498,10.80027790079596,6.230304717218928,7.959786652843878,4.12449801778864
2023-06-30,8.267728503532167,4.465407216401584,9.267885383773018,10.87464422108746,6.273204061140458,8.014594505856046,4.152897633377227
2023-07-03,8.924449705022623,4.820102897451894,10.00405092451459,11.73843763370408,6.771496440536675,8.651208798535826,4.482770091367738
2023-07-04,8.759182117892573,4.730841732684265,9.818790722208762,11.52105915900586,6.646098358304513,8.49100122819257,4.39095631875565
2023-07-05,8.780927853041266,4.74258662278527,9.843167064617424,11.54966158988721,6.662598105966642,8.495057009315472,4.396202383652611
2023-07-06,8.754685099863826,4.737888666744868,9.813749694598652,11.53822061753467,6.642686210487986,8.50519430884926,4.401448448549571
2023-07-07,8.695520541441624,4.712049908522659,9.747427929678064,11.4752952695957,6.59779463621687,8.447715820492675,4.380464188961731
2023-07-10,8.70419005344705,4.716747864563061,9.757146202788412,11.48673624194824,6.604372696671723,8.456138268967743,4.335054251213643
2023-07-11,8.743202857471463,4.737888666744867,9.800878431784971,11.53822061753466,6.633973968718557,8.494039287105545,4.354484275247967
2023-07-12,8.886249805560981,4.815404941411491,9.961229938105696,11.72699666135154,6.74251196622362,8.633009686944158,4.425727696707155
2023-07-13,8.821228465520292,4.780170271108481,9.888342889778096,11.64118936870751,6.693176512812228,8.569841323381153,4.393344323316615
2023-07-14,8.825563221523005,4.782519249128681,9.89320202633327,11.64690985488378,6.696465543039655,8.574052547618686,4.395503214875984
2023-07-17,8.91225834157726,4.829498809532696,9.99038475743674,11.76131957840916,6.762246147588178,8.658277032369362,4.438681046063372
2023-07-18,8.925262609585399,4.836545743593298,10.00496216710226,11.77848103693797,6.772113238270457,8.670910705081964,4.44515772074148
2023-07-19,9.128996141712896,4.946947710542732,10.23334158519542,12.04734388722261,6.926697658959486,8.868838244246049,4.546625624031838
2023-07-20,9.194017481753583,4.982182380845743,10.30622863352302,12.13315117986665,6.976033112370879,8.932006607809056,4.579008997422378
2023-07-21,9.115991873704758,4.939900776482131,10.2187641755299,12.03018242869381,6.916830568277209,8.85620457153345,4.540148949353731
2023-07-24,9.133330897715608,4.949296688562934,10.23820072175059,12.05306437339888,6.929986689186914,8.873049468483584,4.548784515591208
2023-07-25,9.3023863818214,5.040906831350761,10.42770704740236,12.27616333427337,7.058258868056533,9.037287213747398,4.632981286406612
2023-07-26,9.367407721862094,5.076141501653773,10.50059409572996,12.36197062691741,7.107594321467926,9.100455577310404,4.665364659797153
2023-07-27,9.47577662192991,5.13486595215879,10.6220725096093,12.50498278132413,7.189820077153579,9.205736183248746,4.719336948781386
2023-07-28,9.367407721862094,5.076141501653773,10.50059409572996,12.36197062691741,7.107594321467925,9.100455577310402,4.665364659797153
2023-07-31,9.324060161834966,5.052651721451765,10.45200273017823,12.30476576515472,7.074704019193662,9.058343334935063,4.64377574420346
2023-08-01,9.419424793894647,5.104329237896182,10.55890373439204,12.43061646103264,7.147062684197039,9.150990268160808,4.691271358509586
2023-08-02,9.44109857390821,5.116074127997185,10.58319941716791,12.45921889191398,7.16350783533417,9.172046389348475,4.702065816306432
2023-08-03,9.332729673840394,5.057349677492167,10.46172100328857,12.31620673750726,7.081282079648517,9.066765783410132,4.648093527322199
2023-08-04,9.428094305900071,5.109027193936582,10.56862200750239,12.44205743338518,7.153640744651891,9.159412716635874,4.695589141628324
2023-08-07,9.324060161834966,5.052651721451764,10.45200273017822,12.30476576515472,7.074704019193663,9.058343334935063,4.64377574420346
2023-08-08,9.285047357810551,5.031510919269958,10.40827050118166,12.2532813895683,7.045102747146828,9.02044231679726,4.624345720169136
2023-08-09,9.480111377932625,5.13721493017899,10.62693164616447,12.51070326750041,7.193109107381004,9.209947407486275,4.721495840340756
2023-08-10,9.49311564594076,5.144261864239592,10.64150905582999,12.52786472602921,7.202976198063283,9.22258108019888,4.727972515018864
2023-08-11,9.562471741984163,5.181845512562804,10.71925524071277,12.61939250484952,7.255600681702101,9.289960667999418,4.762514779968774
2023-08-14,9.618823570019428,5.212382226825413,10.78242401593002,12.69375882514101,7.298358074658641,9.344706583087357,4.790580370240575
2023-08-15,9.696849178068256,5.254663831189027,10.86988847392315,12.79672757631386,7.357560618752312,9.420508619362964,4.829440418309224
2023-08-16,9.683844910060118,5.247616897128424,10.85531106425762,12.77956611778505,7.347693528070033,9.407874946650365,4.822963743631115
2023-08-17,9.839896126157775,5.332180105855651,11.03023998024387,12.98550362013074,7.466098616257375,9.55947901920158,4.900683839768412
2023-08-18,9.952599782228305,5.393253534380869,11.15657753067838,13.13423626071373,7.551613402170455,9.668970849377455,4.956815020312015
2023-08-21,10.1563333143558,5.503655501330303,11.38495694877154,13.40309911099838,7.706197822859484,9.866898388541539,5.058282923602374
2023-08-22,9.848565638163199,5.336878061896051,11.03995825335422,12.99694459248327,7.472676676712227,9.567901467676643,4.90500162288715
2023-08-23,9.839896126157775,5.33218010585565,11.03023998024387,12.98550362013074,7.466098616257375,9.55947901920158,4.900683839768412
2023-08-24,9.909252222201181,5.369763754178862,11.10798616512665,13.07703139895104,7.518723099896194,9.62685860700212,4.935226104718322
2023-08-25,10.11732051033139,5.482514699148497,11.34122471977498,13.35161473541196,7.676596550812651,9.828997370403741,5.038852899568051
2023-08-28,10.21701989839378,5.536541193613114,11.45298486054397,13.48318591746614,7.752244246043452,9.925855527867016,5.088507405433546
2023-08-29,10.28204123843447,5.571775863916123,11.52587190887157,13.56899321011018,7.801579699454843,9.989023891430019,5.120890778824085
2023-08-30,10.26036745842091,5.56003097381512,11.5015762260957,13.54039077922883,7.785134548317712,9.967967770242351,5.110096321027239
2023-08-31,10.28204123843447,5.571775863916123,11.52587190887157,13.56899321011018,7.801579699454843,9.989023891430019,5.120890778824085
2023-09-01,10.17367233836665,5.513051413411105,11.40439349499223,13.42598105570345,7.719353943769189,9.883743285491676,5.066918489839852
2023-09-04,9.987277830250006,5.412045358542473,11.19545062311977,13.18000015012388,7.577925643989864,9.702660643277726,4.97408615278697
2023-09-05,10.09564673031782,5.470769809047492,11.31692903699911,13.32301230453061,7.660151399675519,9.807941249216071,5.028058441771204
2023-09-06,10.25169794641548,5.555333017774718,11.49185795298535,13.52894980687629,7.77855648786286,9.959545321767283,5.1057785379085
2023-09-07,10.26470221442362,5.56237995183532,11.50643536265087,13.5461112654051,7.788423578545138,9.972178994479886,5.112255212586607
2023-09-08,10.07397295030426,5.459024918946487,11.29263335422324,13.29440987364926,7.643706248538386,9.786885128028402,5.017263983974356
2023-09-11,10.17367233836665,5.513051413411104,11.40439349499223,13.42598105570345,7.719353943769189,9.883743285491679,5.066918489839852
2023-09-12,10.04084674493153,5.451977984885886,11.2554998326686,13.25069391829022,7.618571479540397,9.754702952405172,5.000765734677657
2023-09-13,9.935768116205502,5.365065798138459,11.13770971814068,13.11202386565695,7.538842243126602,9.652618851740469,4.948432139779867
2023-09-14,9.994145132164409,5.326204305772258,11.20314867065619,13.18906278378654,7.583136263356489,9.709332240998638,4.977506359167529
2023-09-15,10.06419755131509,5.363537513522997,11.28167541367481,13.28150948554205,7.636289087632353,9.77738830810844,5.012395422432721
2023-09-18,9.890841164723527,5.276426695437937,11.0762494539381,13.05273471426441,7.504753565157683,9.60897222736738,4.921125632930976
2023-09-19,9.890841164723527,5.259664085157856,11.06732419249254,13.05273471426441,7.504753565157683,9.60897222736738,4.917160181171965
2023-09-20,9.890841164723527,5.220505037710939,10.97393025672622,13.05273471426441,7.504753565157683,9.60897222736738,4.875665693965688
2023-09-21,9.890841164723527,5.220505037710939,10.94048771785069,13.05273471426441,7.504753565157683,9.60897222736738,4.860807330945331
2023-09-22,9.890841164723527,5.220505037710939,10.89510141509105,13.05273471426441,7.504753565157683,9.60897222736738,4.840642409703418
2023-09-25,9.890841164723527,5.220505037710939,10.94287647062752,13.05273471426441,7.504753565157683,9.60897222736738,4.861868642589642
2023-09-26,9.890841164723527,5.220505037710939,10.93571021229705,13.05273471426441,7.504753565157683,9.60897222736738,4.858684707656709
2023-09-27,9.890841164723527,5.220505037710939,10.77566377624989,13.05273471426441,7.504753565157683,9.60897222736738,4.787576827487857
2023-09-28,9.890841164723527,5.220505037710939,10.57531430335216,13.05273471426441,7.504753565157683,9.60897222736738,4.707978454164516
2023-10-09,9.890841164723527,5.220505037710939,10.32627410108651,13.05273471426441,7.504753565157683,9.60897222736738,4.670402715397679
2023-10-10,9.890841164723527,5.220505037710939,10.51865765733673,13.05273471426441,7.504753565157683,9.60897222736738,4.670402715397679
2023-10-11,9.890841164723527,5.220505037710939,10.58428800222451,13.05273471426441,7.504753565157683,9.60897222736738,4.670402715397679
2023-10-12,9.890841164723527,5.220505037710939,10.64801246408864,13.05273471426441,7.504753565157683,9.60897222736738,4.670402715397679
2023-10-13,9.890841164723527,5.220505037710939,10.52356922899005,13.05273471426441,7.504753565157683,9.60897222736738,4.670402715397679
2023-10-16,9.890841164723527,5.220505037710939,10.31255678686634,13.05273471426441,7.504753565157683,9.60897222736738,4.670402715397679
2023-10-17,9.890841164723527,5.220505037710939,10.34502023950076,13.05273471426441,7.504753565157683,9.60897222736738,4.670402715397679
2023-10-18,9.890841164723527,5.220505037710939,10.20975585352402,13.05273471426441,7.504753565157683,9.60897222736738,4.670402715397679
2023-10-19,9.890841164723527,5.220505037710939,10.10154434474263,13.05273471426441,7.504753565157683,9.60897222736738,4.670402715397679
2023-10-20,9.890841164723527,5.220505037710939,9.989545433153893,13.05273471426441,7.504753565157683,9.60897222736738,4.670402715397679
2023-10-23,9.890841164723527,5.220505037710939,9.900432628219423,13.05273471426441,7.504753565157683,9.60897222736738,4.670402715397679
2023-10-24,9.890841164723527,5.220505037710939,9.818377557435769,13.05273471426441,7.504753565157683,9.60897222736738,4.665732312682281
2023-10-25,9.890841164723527,5.220505037710939,9.749112107295126,13.05273471426441,7.504753565157683,9.60897222736738,4.6473753330914
2023-10-26,9.890841164723527,5.220505037710939,9.636555750816589,13.05273471426441,7.504753565157683,9.60897222736738,4.681029795674681
2023-10-27,9.890841164723527,5.220505037710939,9.66048696384018,13.05273471426441,7.504753565157683,9.60897222736738,4.690208285470121
2023-10-30,9.880950323558803,5.220505037710939,9.6411659899125,13.03968197955015,7.497248811592526,9.599363255140013,4.700406607465055
2023-10-31,9.904532543901428,5.220505037710939,9.664175932609188,13.07080293892855,7.515142006846922,9.622273429973282,4.711624761659483
2023-11-01,9.868087294281008,5.220505037710939,9.628615112077942,13.02270691079829,7.487488886908308,9.586866796140049,4.694287614268094
2023-11-02,9.889525676410669,5.220505037710939,9.649533241802205,13.05099869205138,7.503755428048669,9.607694227806656,4.704485936263029
2023-11-03,9.883094161771767,5.220505037710939,9.643257802884923,13.04251115767546,7.49887546570656,9.601445998306676,4.701426439664549
2023-11-06,9.81411831110781,5.215284532673228,9.575955812310085,12.95148518067175,7.446539496241561,9.534435819662528,4.668614358478048
2023-11-07,9.789135404927643,5.194819060340959,9.551579174688587,12.91851576570186,7.427583519585875,9.51016487570072,4.656729892567624
2023-11-08,9.851592670378055,5.164004880832673,9.61252076874232,13.00093930312659,7.474973461225087,9.570842235605234,4.686441057343682
2023-11-09,9.822445946501198,5.148726759883464,9.584081358183912,12.96247498566172,7.452858155126788,9.542526134316461,4.672575847114855
2023-11-10,9.601763608576414,5.03304955841088,9.368754392527386,12.67124515342769,7.285413694668238,9.32813279598718,4.567596398239447
2023-11-13,9.668384691723515,5.067970977723358,9.433758759518035,12.7591635933474,7.335962965750063,9.392855313218661,4.599288307333909
2023-11-14,9.759988681050784,5.115987929278015,9.523139764130178,12.88005144823699,7.405468213487574,9.481848774411946,4.642864682338795
2023-11-15,9.840200465159899,5.168370058246731,9.60140502198692,12.98590524990032,7.466329535870093,9.578932550259166,4.681021740888528
2023-11-16,9.806501148498391,5.159639703418612,9.568523497939021,12.94143297164723,7.440759914171908,9.543626417109394,4.664990844515621
2023-11-17,9.840200465159899,5.043962501946028,9.60140502198692,12.98590524990032,7.466329535870093,9.576422384178498,4.681021740888527
2023-11-20,9.694170092960038,4.972884318112894,9.458918417779351,12.79319204413696,7.355527841844624,9.434306526879045,4.611554523272601
2023-11-21,9.806501148498391,5.030507543119995,9.568523497939021,12.94143297164723,7.440759914171907,9.543626417109392,4.664990844515621
2023-11-22,9.708413670802299,4.990171285615024,9.472816341943595,12.81198899374526,7.366335268615722,9.467102493948149,4.618330248806216
2023-11-23,9.716423913104943,5.024745220619286,9.480632197011207,12.8225599417599,7.372413102995769,9.513629039230183,4.622140752311832
2023-11-24,9.804536578434004,5.030507543119996,9.56660660275492,12.93884036992095,7.439269281176274,9.599902674375716,4.664056290873604
2023-11-27,9.82055706303929,4.991692538755212,9.582238312890141,12.95998226595024,7.451424949936365,9.615588789856725,4.671677297884835
2023-11-28,9.764485366920796,4.963191847261505,9.52752732741687,12.88598562984775,7.408880109276044,9.560687385673203,4.645003773345525
2023-11-29,9.828567305341934,4.995764066111457,9.590054167957751,12.97055321396488,7.457502784316412,9.623431847597228,4.675487801390451
2023-11-30,9.964741424486853,5.064980031167606,9.722923704107124,13.15025933021378,7.560825968777193,9.756763829185781,4.740266360985918
2023-12-01,9.932700455276285,5.04869392174263,9.691660283836685,13.10797553815522,7.53651463125701,9.725391598223768,4.725024346963455
2023-12-04,9.980761909092136,5.073123085880094,9.738555414242349,13.17140122624307,7.572981637537286,9.772449944666786,4.747887367997149
2023-12-05,9.908669728368356,5.036479339673898,9.668212718633855,13.0762626941113,7.518281128116873,9.701862425002259,4.713592836446608
2023-12-06,10.05285408981591,5.109766832086289,9.808898109850835,13.26653975837484,7.627682146957699,9.843037464331312,4.782181899547689
2023-12-07,10.02882336290799,5.097552250017557,9.785450544648008,13.23482691433091,7.609448643817561,9.819508291109804,4.770750389030843
2023-12-08,10.08489505902648,5.126052941511266,9.84016153012128,13.3088235504334,7.651993484477883,9.874409695293323,4.797423913570152
2023-12-11,10.21305893586876,5.191197379211171,9.96521521120304,13.47795871866766,7.749238834558618,9.999898619141373,4.858391969660003
2023-12-12,10.18902820896083,5.178982797142439,9.94176764600021,13.44624587462374,7.73100533141848,9.976369445919865,4.846960459143157
2023-12-13,10.20504869356611,5.187125851854926,9.957399356135427,13.46738777065302,7.743161000178572,9.992055561400868,4.854581466154388
2023-12-14,10.34923305501367,5.260413344267319,10.09808474735241,13.65766483491656,7.852562019019399,10.13323060072992,4.923170529255469
2023-12-15,10.26112038968461,5.215626543348634,10.0121103416087,13.54138440675551,7.785705840838893,10.04695696558439,4.881254990693696
2023-12-18,10.20504869356611,5.187125851854926,9.957399356135427,13.46738777065302,7.743161000178572,9.992055561400868,4.854581466154387
2023-12-19,10.20504869356611,5.187125851854926,9.957399356135427,13.46738777065302,7.743161000178572,9.992055561400868,4.854581466154387
2023-12-20,10.26458081435935,5.227841125417366,10.01548679099791,13.54595105629783,7.788331465291073,10.05034516652829,4.882901128208123
2023-12-21,9.973495686787963,5.16456144724662,9.731465523790504,13.1618121457461,7.567468334185803,9.765335378223757,4.744430797706698
2023-12-22,9.996476091596232,5.17646135841539,9.753888255412139,13.19213890184229,7.584904897167798,9.78783615098464,4.755362665904179
2023-12-25,10.1573389252541,5.259760736596789,9.910847376763602,13.40442619451562,7.706960838041764,9.94534156031083,4.831885743286546
2023-12-26,10.40246324320895,5.386693122397013,10.15002318072773,13.72791159287497,7.892950843183042,10.18534980309359,4.948492337393008
2023-12-27,10.23394027461499,5.299427107159358,9.985589815502392,13.50551538150292,7.765082714648412,10.02034413618044,4.868325303944815
2023-12-28,10.12669838550975,5.24389418837176,9.880950401268086,13.3639905197207,7.683712087399102,9.915340529962982,4.817309919023237
2023-12-29,10.09605784576539,5.228027640146732,9.851053425772568,13.32355484492578,7.660463336756442,9.885339499615135,4.802734094759929
2024-01-02,10.08073757589321,5.220094366034218,9.836104938024812,13.30333700752832,7.648838961435112,9.870338984441211,4.795446182628275
2024-01-03,9.92753487717143,5.140761624909078,9.686620060547233,13.10115863355373,7.532595208221813,9.720333832701986,4.722567061311736
2024-01-04,10.05775717108494,5.208194454865446,9.813682206403175,13.27301025143213,7.631402398453117,9.84783821168033,4.784514314430794
2024-01-05,9.958175416915788,5.156628173134106,9.716517036042749,13.14159430834865,7.555843958864473,9.750334863049831,4.737142885575044
2024-01-08,10.1573389252541,5.259760736596788,9.910847376763604,13.40442619451562,7.706960838041763,9.94534156031083,4.831885743286545
2024-01-09,10.49438486244202,5.434292767072097,10.23971410721428,13.84921861725973,7.962697095111023,10.27535289413713,4.992219810182932
2024-01-10,10.58630648167509,5.48189241174718,10.32940503370083,13.97052564164448,8.032443347039001,10.36535598518067,5.035947282972854
2024-01-11,11.07655511758479,5.735757183347628,10.80775664162909,14.61749643836319,8.40442335732156,10.8453724707462,5.26916047118578
2024-01-12,11.15315646694568,5.775423553910198,10.88249908036788,14.71858562535048,8.462545233928211,10.92037504661581,5.305600031844049
2024-01-15,11.67404564259974,6.045154873735674,11.39074766379165,15.40599209686411,8.85777399485343,11.43039256252919,5.553389044320283
2024-01-16,11.17613687175395,5.787323465078969,10.90492181198952,14.74891238144667,8.479981796910206,10.9428758193767,5.316531900041531
2024-01-17,11.06123484771261,5.727823909235114,10.79280815388133,14.59727860096573,8.392798982000231,10.83037195557228,5.261872559054126
2024-01-18,11.08421525252088,5.739723820403885,10.81523088550297,14.62760535706192,8.410235544982227,10.85287272833316,5.272804427251607
2024-01-19,11.18379700669004,5.791290102135226,10.9123960558634,14.7590213001454,8.48579398457087,10.95037607696366,5.320175856107357
2024-01-22,11.86475236196861,6.15622071131087,11.57682643927575,15.68904182042854,9.002474218853346,11.61711897541418,5.644108974535111
2024-01-23,11.71857471479857,6.457685127586402,11.43419613406907,16.45731964153199,8.891560778785337,11.47399225292448,5.574571697641455
2024-01-24,11.77948206778609,6.040981971552491,11.49362542790518,15.42620993426156,8.937774712147007,11.53362838729519,5.603545563013812
2024-01-25,11.68203030300606,5.979022861734644,11.3985385577674,14.1828129343178,8.863832418768334,11.43821057230205,5.557187378418041
2024-01-26,11.53709516583696,5.919360481075852,11.25712061015497,14.04128807253559,8.753861742940904,11.29630042695351,5.48824116837798
2024-01-29,11.90256110341567,6.106870820289199,11.61371766332043,14.4860804952797,9.031161898944791,11.65413859742576,5.662094740306441
2024-01-30,12.45076000978373,6.388136329109218,12.14861324306861,15.15326912939586,9.447112132950624,12.19089585313414,5.922875098199132
2024-01-31,11.74612507004391,6.038685242393437,11.46107791560865,14.29568912050782,8.912464827622584,11.50096759509226,5.587677509085973
2024-02-01,11.61040303667155,6.051470038248891,11.32864949431485,14.13050783865322,8.809484666799214,11.36807826363636,5.523114008455778
2024-02-02,11.88184710341627,6.102609221670713,11.59350633690245,14.46087040236243,9.015444988445957,11.63385692654815,5.652241009716167
2024-02-05,11.96821567010777,6.111132418907683,11.67777896863486,14.56598576354263,9.080977818060829,11.71842286474736,5.693326873753564
2024-02-06,12.00523077011841,5.916027910956197,11.7138958108059,14.61103520404843,9.1090633164672,11.75466540968988,5.710935101198163
2024-02-07,11.90652383675669,5.867386365953474,11.61758423168314,14.49090336269963,9.034168654050204,11.6580186231765,5.663979828012566
2024-02-08,12.19030627017162,6.007230807836303,11.89448002166108,14.83628240657744,9.249490808499068,11.93587813440246,5.798976238421156
2024-02-19,12.10393770348012,5.96466945595892,11.81020738992866,14.73116704539724,9.183957978884196,11.85131219620326,5.757890374383759
2024-02-20,12.09159933680991,5.95858926283358,11.79816844253831,14.71615056522864,9.174596146082072,11.83923134788908,5.75202096523556
2024-02-21,11.94353893676734,5.885626945329495,11.65370107385417,14.53595280320543,9.062254152456577,11.69426116811901,5.681588055457165
2024-02-22,12.12861443682055,5.9768298422096,11.83428528470935,14.76120000573444,9.202681644488443,11.8754738928316,5.769629192680158
2024-02-23,12.30135157020355,6.061952545964366,12.00283054817418,14.97143072809485,9.315079809110753,12.04460576923001,5.840097318913442
2024-02-26,12.16562953683119,5.995070421585622,11.87040212688038,14.80624944624024,9.287826796211071,11.91171643777412,5.823011018975134
2024-02-27,12.11667089788378,5.982910035334941,11.82263158363549,14.74666405293124,9.516752104568386,11.86377963166348,5.966535938456915
2024-02-28,11.8043855654641,5.995070421585621,11.51792458405726,14.36659539177321,9.271474988471264,11.55801211538349,5.81275923901215
2024-02-29,12.22076600869035,5.946428876582897,11.92420058349491,14.87335360665058,9.598511143267428,11.96570213709014,6.017794838271838
2024-03-01,12.31792144544314,6.031624542655167,12.01899831669703,14.99159719012196,9.674819579386533,12.0608298088217,6.065636478099099
2024-03-04,12.3734388378733,6.058809329326289,12.07316844995538,15.05916495210561,9.718424400026022,12.11518847838258,6.092974558000391
2024-03-05,12.35261981571199,6.048615034324619,12.0528546499835,15.03382704136174,9.702072592286214,12.09480397729725,6.082722778037406
2024-03-06,12.36649916381953,6.055411230992399,12.06639718329808,15.05071898185765,9.712973797446086,12.10839364468747,6.089557298012729
2024-03-07,12.0889122016687,5.919487297636789,11.79554651700632,14.71288017193941,9.494949694248644,11.83660029688304,5.95286689850627
2024-03-08,12.18606763842149,5.967060674311252,11.89034425020844,14.8311237554108,9.571258130367749,11.93172796861459,6.000708538333531
2024-03-11,12.76900025893824,6.252500934358032,12.45913064942114,15.5405852562391,10.02910874708238,12.5024939990039,6.287758377297094
2024-03-12,12.84533667352972,6.289880016030824,12.53361458265138,15.63349092896662,10.08906537546167,12.57723716965012,6.32534823716137
2024-03-13,12.77593993299201,6.255899032691921,12.46590191607844,15.54903122648706,10.03455934966231,12.50928883269901,6.291175637284755
2024-03-14,12.71348286650807,6.22531614768691,12.40496051616279,15.47301749425545,9.985503926442888,12.44813532944301,6.260420297395802
2024-03-15,12.72042254056184,6.2287142460208,12.41173178282008,15.48146346450341,9.990954529022824,12.45493016313812,6.263837557383463
2024-03-18,13.01188885082022,6.37143437604419,12.69612498242644,15.83619421491756,10.21987983738014,12.74031317833278,6.407362476865245
2024-03-19,12.83349758959398,6.296676212698605,12.52206280173403,15.6190821037236,10.0797666474603,12.56564518336626,6.319518391622419
2024-03-20,12.97556582859318,6.294256766684876,12.66068342315545,15.79198707166151,10.19135078008901,12.70474826657695,6.389476159795362
2024-03-21,13.20050720700857,6.403372531800763,12.88016607373934,16.06575327089651,10.36802565675114,12.92499481499389,6.500242626069186
2024-03-22,12.97556582859318,6.294256766684875,12.66068342315544,15.7919870716615,10.19135078008901,12.70474826657695,6.389476159795361
2024-03-25,12.63223425101178,6.127711651507994,12.3256835880537,15.37413339914491,9.921689126236291,12.3685824821511,6.220411553377417
2024-03-26,12.66183180080328,6.142068989023242,12.35456288418316,15.4101552674653,9.94493582053394,12.39756229115333,6.234986088413446
2024-03-27,12.70918788046968,6.165040729047639,12.4007697579903,15.46779025677794,9.982130531410176,12.44392998555689,6.258305344471094
2024-03-28,12.46518567998856,6.058796431434802,12.16268884069903,15.1708259743446,9.790484783620364,12.2294793989404,6.138152877634067
2024-03-29,12.70561578755645,6.136326054017143,12.39728435025318,15.46344282053896,9.97932491565679,12.36119842681733,6.256546361255166
2024-04-01,12.77749695373654,6.18136789326998,12.46742115207864,15.55092620754552,10.03578227471922,12.43113107495969,6.29194235120374
2024-04-02,12.78741159734759,6.186164299006756,12.47709519370974,15.56299288161539,10.04356949665887,12.44077695746208,6.296824556713889
2024-04-03,12.96587518234643,6.272499602268723,12.65122794306952,15.78019301487305,10.1837394915725,12.61440284250516,6.38470425589656
2024-04-08,13.27075047338612,6.419989078674583,12.94870472322581,16.15124324252157,10.42319656621663,12.91101372945377,6.534832075333624
2024-04-09,13.30793038692754,6.437975600187493,12.98498237934243,16.19649327028359,10.4523986484903,12.94718578883774,6.55314034599668
2024-04-10,13.35502494408001,6.460758527437179,13.03093407709015,16.25380997211547,10.48938795270362,12.99300373072411,6.576330822169885
2024-04-11,13.25587850796954,6.412794470069419,12.93419366077917,16.13314323141676,10.41151573330716,12.89654490570017,6.527508767068401
2024-04-12,13.64254960880037,6.59985429380368,13.31148128439202,16.60374352014171,10.71521738895337,13.27273432329352,6.717914781964187
2024-04-15,13.4269061102601,6.495532469028803,13.10107087891562,16.34129335912203,10.54584531176606,13.06293637886646,6.61172681211846
2024-04-16,13.51365924185676,6.537501019225592,13.18571874318773,16.44687675723339,10.61398350373796,13.1473378507624,6.654446110332257
2024-04-17,13.53596718998162,6.548292932133339,13.20748533685771,16.4740267738906,10.63150475310217,13.16904108639279,6.665431072730092
2024-04-18,13.49630861553743,6.529107309186235,13.16878917033331,16.42576007761112,10.60035586534358,13.13045755638322,6.645902250689499
2024-04-19,13.56075379900923,6.560283946475279,13.23167044093545,16.50419345906528,10.65097280795128,13.19315579264877,6.677636586505463
2024-04-22,13.29553708241373,6.431980093016522,12.97288982730356,16.18140992769624,10.44266462106574,12.93512843570975,6.547037589108993
2024-04-23,12.96835384324919,6.273698703702917,12.6536464534773,15.78320968339052,10.18568629705742,12.61681431313076,6.385924807274097
2024-04-24,13.10468019290108,6.339649282583586,12.78666452590491,15.94912645185124,10.29276059872755,12.74944519753867,6.453055133038637
2024-04-25,13.10715885380384,6.340848384017781,12.78908303631268,15.95214312036871,10.29470740421246,12.75185666816427,6.454275684416174
2024-04-26,13.19557516686625,6.390011542819733,12.86246547910538,16.05975070305529,10.37452642909384,12.83787623684999,6.504318290895196
2024-04-29,13.19557516686625,6.348042992622943,12.80365219387856,16.05975070305529,10.29608184888481,12.83787623684999,6.461598992681397
2024-04-30,13.19557516686625,6.338450181149391,12.86834680762807,16.05975070305529,10.29608184888481,12.83787623684999,6.438930912497779
2024-05-06,13.18237959169939,6.300078935255184,13.19770120489826,16.04369095235224,10.28578576703593,12.82503836061314,6.603729875523316
2024-05-07,13.59946914206064,6.304232622623232,13.61527553000867,16.55131219014948,10.61122729531558,13.2308216599017,6.812671417930693
2024-05-08,13.64059064702584,6.323295097076089,13.65644482966745,16.60135935443935,10.64331307979386,13.27082846405691,6.833271288308886
2024-05-09,13.57009663851407,6.290616569442621,13.58586888739526,16.51556421565672,10.5883088778311,13.20224537121941,6.797957224803413
2024-05-10,13.3644891136881,6.195304197178339,13.38002238910139,16.26532839420737,10.42787995543972,13.00221135044335,6.694957872912452
2024-05-13,13.48785362858368,6.252491620536907,13.50353028807771,16.41546988707698,10.52413730887455,13.12223176290898,6.756757484047028
2024-05-14,13.43498312219986,6.227982724811806,13.45059833137358,16.35112353299001,10.48288415740248,13.07079444328086,6.730271936417924
2024-05-15,13.52310063283957,6.268830884353641,13.53881825921381,16.4583674564683,10.55163940985593,13.15652330932773,6.774414515799764
2024-05-16,13.49960263000231,6.257938041809152,13.51529294512308,16.42976907687408,10.53330467586834,13.1336622783819,6.76264316129794
2024-05-17,13.65821414915378,6.331464728984456,13.67408881523549,16.62280813913501,10.65706413028455,13.28797423726628,6.842099804185254
2024-05-20,13.61121814347927,6.309679043895478,13.62703818705404,16.56561137994659,10.62039466230938,13.24225217537461,6.818557095181606
2024-05-21,13.62296714489789,6.315125465167721,13.6388008440994,16.57991056974369,10.62956202930317,13.25368269084753,6.824442772432517
2024-05-22,13.73458265837485,6.366866467254046,13.75054608603035,16.71575287281619,10.7166520157442,13.36227258784024,6.880356706316181
2024-05-23,13.72470174818178,6.375036099162413,13.7406536914552,16.70372725419683,10.70894226010242,13.35265952432752,6.875406851748164
2024-05-24,13.48715883330941,6.323295097076088,13.50283468525694,16.41462428248957,10.52359518252373,13.12155580179108,6.756409425467908
2024-05-27,13.6719144337657,6.317848675803844,13.68780502341114,16.63948214937299,10.66775402064049,13.30130314154164,6.848962979241441
2024-05-28,13.72470174818178,6.245422165725534,13.7406536914552,16.70372725419682,10.70894226010242,13.35265952432752,6.875406851748164
2024-05-29,13.65871760516168,6.215396097621084,13.67459285640013,16.62342087316703,10.65745696077501,13.28846404584517,6.842352011114759
2024-05-30,13.52674931912147,6.155343961412184,13.54247118628998,16.46280811110745,10.55448636212018,13.16007308888049,6.77624232984795
2024-05-31,13.44756834749734,6.119312679686844,13.46319818422389,16.3664404538717,10.49270400292728,13.08303851470167,6.736576521087864
2024-06-03,13.52674931912147,6.155343961412185,13.54247118628998,16.46280811110745,10.55448636212018,13.16007308888049,6.77624232984795
2024-06-04,13.47396200470538,6.131323106928625,13.48962251824592,16.39856300628362,10.51329812265825,13.10871670609461,6.749798457341226
2024-06-05,13.56595709690401,6.179364815895745,13.59531985433404,16.51052616271535,10.58507892698053,13.1982180421947,6.802686202354675
2024-06-06,13.55239113980711,6.311479515555324,13.88598752857636,16.49401563655264,10.57449384805355,13.1850198241525,6.948127501141656
2024-06-07,13.55239113980711,6.311479515555324,13.88598752857636,16.49401563655264,10.57449384805355,13.1850198241525,6.948127501141656
2024-06-11,13.57818065672396,6.323489942797104,13.91241186259839,16.52540291654608,10.59461657659408,13.21011025198153,6.961349437395017
2024-06-12,13.69423348284981,6.377536865385115,14.03132136569753,16.66664567651656,10.68516885502651,13.32301717721214,7.020848150535147
2024-06-13,13.96502341047678,6.503646351423803,14.30877687292883,16.99621211644768,10.89645750470218,13.5864666694169,7.159678481195446
2024-06-14,13.96502341047678,6.503646351423803,14.30877687292883,16.99621211644768,10.89645750470218,13.5864666694169,7.159678481195446
2024-06-17,14.02949720276892,6.533672419528253,14.37483770798391,17.07468031643128,10.94676432605353,13.64919273898946,7.192733321828852
2024-06-18,14.2100238211869,6.617745410220713,14.55980804613811,17.29439127638536,11.08762342583731,13.82482573379264,7.285286875602385
2024-06-19,14.2100238211869,6.617745410220713,14.55980804613811,17.29439127638536,11.08762342583731,13.82482573379264,7.285286875602385
2024-06-20,14.28739237193747,6.653776691946052,14.6390810482042,17.38855311636568,11.14799161145893,13.90009701727971,7.32495268436247
2024-06-21,14.10686575351948,6.569703701253593,14.45411071005,17.1688421564116,11.00713251167515,13.72446402247654,7.232399130588938
2024-06-24,14.05528671968577,6.545682846770034,14.40126204200594,17.10606759642472,10.96688705459407,13.67428316681849,7.205955258082214
2024-06-25,13.88765485972622,6.467615069698464,14.22950387086275,16.90205027646736,10.83608931908056,13.51119538592982,7.120012672435361
2024-06-26,14.10686575351948,6.569703701253593,14.45411071005,17.1688421564116,11.00713251167515,13.72446402247654,7.232399130588937
2024-06-27,14.09397099506106,6.563698487632703,14.44089854303898,17.15314851641488,10.99707114740488,13.71191880856202,7.225788162462256
2024-06-28,14.27449761347904,6.647771478325161,14.62586888119318,17.37285947636896,11.13793024718865,13.88755180336519,7.318341716235788
2024-07-01,14.24870809656218,6.635761051083382,14.59944454717115,17.34147219637552,11.11780751864811,13.86246137553617,7.305119779982427
2024-07-02,14.27449761347904,6.647771478325161,14.62586888119318,17.37285947636896,11.13793024718865,13.88755180336519,7.318341716235788
2024-07-03,14.5839718164813,6.791896605226521,14.94296088945754,17.74950683629023,11.37940298967513,14.18863693731349,7.477004951276132
2024-07-04,14.60627974861437,6.815917459710081,14.96581793838659,17.77665683348456,11.3968091498627,14.2103401573856,7.48844192613529
2024-07-05,14.26349873756475,6.86996438229809,14.614599264474,17.3594732311342,11.12934817894023,13.87685107937655,7.312702741428073
2024-07-08,14.49201941159783,6.936021732127881,14.84874504708239,17.63759563270111,11.30765549288854,14.09917713138258,7.429862197899551
2024-07-09,14.93953906491262,6.952115704631866,15.30728053802383,18.18225200243629,11.65684064937064,14.53456564989439,7.659299466822861
2024-07-10,15.0617024085728,7.023010447317723,15.43245097097657,18.36766693681422,11.75216076761884,14.65341745186262,7.721930959594905
2024-07-11,15.24490295915492,6.974270311721197,15.62016106097976,18.2401941694294,11.89510625045695,14.83165189523888,7.815855402196408
2024-07-12,14.68221555379555,6.619796598291911,15.04362292739854,17.31311949753972,11.45605941031133,14.28421753344036,7.527373185634652
2024-07-15,15.070757750073,6.743862397992161,15.44172921256816,17.63759563270111,11.7592263586277,14.69161054687182,7.742057625866655
2024-07-16,15.16977718338491,6.788171612170822,15.54318604050881,17.75347996668732,11.83648802984076,14.63681618656529,7.713182568655451
2024-07-17,15.05095386341062,6.735000555156429,15.42143784698002,17.61441876590386,11.74377402438508,14.5221674958089,7.65276599501063
2024-07-18,14.80340528013084,6.624227519709778,15.16779577712838,17.32470793093834,11.55061984635244,14.2833160567331,7.526898133250588
2024-07-19,14.58556252684463,6.526747248516724,14.94459075565893,17.06976239616868,11.3806441696837,14.07312679034639,7.416134414901749
2024-07-22,14.38839503123395,6.451421584413001,14.74256991986349,16.83901351033534,11.2492993286215,13.88288639615129,7.330544268904919
2024-07-23,14.31673174662902,6.500161720009527,14.66914262087137,16.75514459965851,11.33428716695587,13.81374086346432,7.385926128079338
2024-07-24,14.50517964318272,6.446990662995134,14.86222922192473,16.97568877217905,11.21909001517719,13.99556800497451,7.310858535325647
2024-07-25,14.12476173234678,6.259057561977762,14.45796026991083,16.53047842549102,10.92485423940312,13.62851534706984,7.126247651908458
2024-07-26,14.12476173234678,6.259057561977762,14.53545323100354,16.53047842549102,10.92485423940312,13.62851534706984,7.157016132477989
2024-07-29,14.12476173234678,6.259057561977762,14.82287744743581,16.53047842549102,10.92485423940312,13.62851534706984,7.206513253394193
2024-07-30,14.12476173234678,6.259057561977762,14.60199878054133,16.53047842549102,10.92485423940312,13.62851534706984,7.215877573567528
2024-07-31,14.12476173234678,6.259057561977762,14.66049451927159,16.53047842549102,10.92485423940312,13.62851534706984,7.272063494607543
2024-08-01,14.12476173234678,6.259057561977762,14.54360540935385,16.53047842549102,10.92485423940312,13.62851534706984,7.330924935697082
2024-08-02,14.12476173234678,6.259057561977762,14.03700667230814,16.53047842549102,10.92485423940312,13.62851534706984,7.364368936316138
2024-08-05,14.12476173234678,6.259057561977762,13.50334711939191,16.53047842549102,10.92485423940312,13.62851534706984,7.171241872581312
2024-08-06,14.12476173234678,6.259057561977762,13.36760545450136,16.53047842549102,10.92485423940312,13.62851534706984,7.171241872581312
2024-08-07,14.12476173234678,6.259057561977762,13.30064187050887,16.53047842549102,10.92485423940312,13.62851534706984,7.171241872581312
2024-08-08,14.12476173234678,6.259057561977762,13.24204873451544,16.53047842549102,10.92485423940312,13.62851534706984,7.171241872581312
2024-08-09,14.12476173234678,6.259057561977762,13.10812156653045,16.53047842549102,10.92485423940312,13.62851534706984,7.171241872581312
2024-08-12,14.12476173234678,6.259057561977762,13.0568442020882,16.53047842549102,10.92485423940312,13.62851534706984,7.171241872581312
2024-08-13,14.12476173234678,6.259057561977762,12.57719339970125,16.53047842549102,10.92485423940312,13.62851534706984,7.171241872581312
2024-08-14,14.12476173234678,6.259057561977762,12.39387562518089,16.53047842549102,10.92485423940312,13.62851534706984,7.171241872581312
2024-08-15,14.12476173234678,6.259057561977762,12.44863184739632,16.53047842549102,10.92485423940312,13.62851534706984,7.171241872581312
2024-08-16,14.12476173234678,6.259057561977762,12.61670679247204,16.53047842549102,10.92485423940312,13.62851534706984,7.164070630708731
2024-08-19,14.12476173234678,6.259057561977762,12.6005418894708,16.53047842549102,10.92485423940312,13.62851534706984,7.242897741994725
2024-08-20,14.12476173234678,6.259057561977762,12.43889285945834,16.53047842549102,10.92485423940312,13.62851534706984,7.242897741994725
2024-08-21,14.12476173234678,6.259057561977762,12.33335220776321,16.53047842549102,10.91392938516372,13.62851534706984,7.259879729336106
2024-08-22,14.12476173234678,6.259057561977762,12.30216800496229,16.53047842549102,10.98678605662676,13.62851534706984,7.308343545953838
2024-08-23,14.12476173234678,6.259057561977762,12.25984658687533,16.53047842549102,10.91392938516372,13.62851534706984,7.259879729336107
2024-08-26,14.11063697061443,6.259057561977762,12.31090849151878,16.51394794706552,10.86292971513959,13.61488683172277,7.225955057703695
2024-08-27,14.06331759780888,6.259057561977762,12.26962442548418,16.45856918131413,10.82650137940807,13.56922993423209,7.201723149394829
2024-08-28,14.12956471973665,6.259057561977762,12.32742211793262,16.53609945336608,10.8775010494322,13.63314959071905,7.235647821027242
2024-08-29,13.99707047588111,6.252798504415784,12.21182673303573,16.38103890926218,10.77550170938394,13.50531027774513,7.167798477762418
2024-08-30,14.07278147236999,6.243960626671027,12.2778812386911,16.46964493446441,10.83378704655438,13.57836131373023,7.206569531056604
2024-09-02,13.99707047588112,6.24911310939622,12.21182673303573,16.38103890926218,10.77550170938394,13.50531027774513,7.167798477762419
2024-09-03,13.99707047588112,6.24911310939622,12.21182673303573,16.38103890926218,10.77550170938394,13.50531027774513,7.167798477762419
2024-09-04,13.37404468577415,5.982923707170417,11.66826420599773,15.65189992787304,10.29587166980844,12.90417330262375,6.848751480204571
2024-09-05,13.44173688591906,5.974473249956899,11.72732266546409,15.7311214025622,10.34798381853488,12.96948726727911,6.883416165932287
2024-09-06,13.47074782883831,5.940671421102829,11.75263343380682,15.76507346314327,10.37031759656049,12.99747896641712,6.898272459815595
2024-09-09,13.28939075433577,5.94144041270926,11.59440738397365,15.55282781509747,10.2307017055297,12.82249352453903,6.805400814653081
2024-09-10,13.05909550171222,5.958699498875445,11.39348493185586,15.28330888252188,10.05341125803326,12.60028925347158,6.687468282696809
2024-09-11,13.15392295867486,5.919866555001529,11.4762177062573,15.39428726652359,10.12641320700238,12.69178512979347,6.736028737031744
2024-09-12,13.09296245062745,5.96831280987001,11.42303235128494,15.32294401966535,10.07948338266509,12.63296635215797,6.704811302102143
2024-09-13,13.19456329737313,6.014626670267345,11.5116746095722,15.44184943109576,10.15769975656058,12.73099764821713,6.756840360318144
2024-09-18,13.4858190580441,6.147393070073043,11.76578241666235,15.7827116105296,10.38192002839431,13.01202069692008,6.905990327204018
2024-09-19,13.18778990759009,6.011539079574191,11.50576512568638,15.43392240366706,10.15248533163421,12.72446222847986,6.753371756437078
2024-09-20,13.18778990759009,6.011539079574191,11.50576512568638,15.43392240366706,10.15248533163421,12.72446222847986,6.753371756437078
2024-09-23,13.14037617910877,5.9899259447221,11.46439873848566,15.3784332116662,10.11598435714965,12.67871429031891,6.72909152926961
2024-09-24,13.323257703251,6.073290893437306,11.62395480340273,15.59246295224094,10.25677383016153,12.85517062322541,6.822743834058415
2024-09-25,13.11409542675055,5.9899259447221,11.44146994100869,15.34767634524287,10.09575238843535,12.65335686173827,6.715633346211071
2024-09-26,13.11294851457211,6.085641256209929,11.44046931071072,15.34633409201547,10.09486944981183,12.65225024411727,6.715046020786019
2024-09-27,14.46624213351372,6.027248741020967,12.62115831430719,16.93011946094233,11.13668871687427,13.95799848995143,7.408057887699879
2024-09-30,17.32477157909603,7.232698489225161,15.1150991972143,20.3161433531308,13.33729840732862,16.71609899156584,8.871890126309376
2024-10-08,17.34602151795247,8.660586120536152,15.13363883176494,24.37573113785138,13.35365745566423,16.7366023546184,8.882772066187451
2024-10-09,17.12137930718444,8.548425922265295,14.93764840937246,20.40716550077027,13.18071894468783,16.51985251663419,8.767734416047816
2024-10-10,17.23066470701754,8.602990343045713,15.03299510134718,19.78821489682185,13.26485119327094,16.62529838376164,8.823698678277909
2024-10-11,17.42191415672545,8.698478079411442,15.19985181230294,18.75056241373183,13.41208262829139,16.80982865123468,8.92163613718057
2024-10-14,17.6040564897806,8.789418780712138,15.35876296559414,19.26028644051289,13.55230304259658,16.98557176311377,9.014909907564061
2024-10-15,17.56884837680104,8.789418780712138,15.32804543966295,18.61402919227262,13.52519843651138,16.95160061958754,8.996880087748931
2024-10-16,17.37891488083563,8.900414938006344,15.16233684031524,18.20442952789498,13.37898007503559,16.76834007234876,8.899616519232726
2024-10-17,17.4389338655607,8.949051085208565,15.21470075770912,18.15891845407525,13.42518507726194,16.82625040527622,8.930351806883847
2024-10-18,17.55706381553909,8.884202888938937,15.31776392964957,19.62437503107079,13.51612621241697,16.94023008626031,8.990845299225143
2024-10-21,17.77855747174858,8.890703920614966,15.51100737703791,19.72449939347421,13.68664084083266,17.15394198810547,9.104270597365073
2024-10-22,17.77265097424966,8.887750198382204,15.50585421844089,19.79731711158579,13.68209378407491,17.14824300405627,9.101245922748006
2024-10-23,17.88487442672914,8.94387092080469,15.60376423178432,19.67898831965448,13.76848786247219,17.25652370099116,9.158714740472238
2024-10-24,17.70472625301208,8.853782392705435,15.44659289457513,19.40592187673606,13.62980263136076,17.08270468749042,9.066462164651762
2024-10-25,17.71358599926046,8.858212976054579,15.45432263247066,19.98846362162869,13.63662321649739,17.09125316356423,9.070999176577359
2024-10-28,17.7696977255002,8.886273337265823,15.50327763914238,19.91564590351711,13.67982025569603,17.14539351203167,9.099733585439475
2024-10-29,17.92031341172266,8.961593254201265,15.63468318336645,19.43322852102789,13.7957702030187,17.29071760528638,9.176862788174628
2024-10-30,18.13294732168377,9.067927254580711,15.82019689285926,19.17634581595977,13.93154531780517,17.49588103105774,9.267179572240185
2024-10-31,18.02367711795375,9.013283393274609,15.72486345881435,19.06078803172679,14.00413982206659,17.39044982614746,9.315468996823148
2024-11-01,17.87010818298184,8.936486615222783,15.59088133529176,18.89838249712908,13.72585208973063,17.24227624086814,9.130353682658193
2024-11-04,17.73721198925614,8.870027864985628,15.47493526685875,18.75783924603491,13.62377584711984,17.11404909976104,9.062453184274515
2024-11-05,17.73721198925614,8.870027864985628,15.47493526685875,18.75783924603491,13.62377584711984,17.11404909976104,9.062453184274515
2024-11-06,17.70177300426262,8.852305531589053,15.44401631527662,18.72036104574313,13.59655551575696,17.07985519546581,9.044346384705536
2024-11-07,17.306037671835,8.65440614199397,15.09875468927611,18.30185447581828,13.26600995857376,16.69802326416912,8.824469481939555
2024-11-08,17.38342460206584,8.710526864416456,15.1662713732143,18.38369437252209,13.12794220531888,16.77269135318179,8.732627648649638
2024-11-11,17.46934406766423,8.720864892231127,15.24123231798417,18.47455778018593,13.5133813498221,16.85559220331352,8.989019433250659
2024-11-12,17.43959635533104,8.558980237820116,15.21527875081859,18.44309833739294,13.49037005761296,16.8268896197404,8.973712461035673
2024-11-13,17.64039341358005,8.657527131816337,15.39046532918622,18.65544957624565,13.6456962800247,17.02063205885895,9.077034523486828
2024-11-14,17.01569145458312,8.350936794939198,14.84544041870914,17.99480127759277,13.1624591436326,16.41787780382347,8.755588106972118
2024-11-15,16.39098949558619,8.04434645806206,14.30041550823206,17.33415297893989,12.67922200724049,15.81512354878799,8.434141690457409
2024-11-18,15.98195845100486,7.843602785106791,13.9435539597054,16.90158564053622,12.36281673936471,15.42046302465762,8.223670822501347
2024-11-19,16.43985011309345,8.084495192653113,14.34304424230151,17.38582511372739,12.74250306081565,15.86226754230684,8.47623586404862
2024-11-20,16.61397032611827,8.113694272355698,14.49495644963392,17.56996447945089,12.76294859394348,16.03027037594116,8.489836108861635
2024-11-21,16.48338016634965,8.113694272355698,14.38102229413462,17.43185995515826,12.66262847399108,15.90426825071542,8.423103772634775
2024-11-22,16.64299036162241,7.78056197202891,14.520275150856,17.60065437373814,12.7852419539329,16.05827084821355,8.50466551691205
2024-11-25,16.77358052139102,7.841612589071857,14.6342093063553,17.73875889803077,12.88556207388529,16.18427297343929,8.57139785313891
2024-11-26,16.77358052139102,7.841612589071857,14.6342093063553,17.73875889803077,12.88556207388529,16.18427297343929,8.57139785313891
2024-11-27,16.80260055689516,7.855179392859178,14.65952800757737,17.76944879231802,12.90785543387471,16.21227344571167,8.586227261189322
2024-11-28,16.75907050363896,7.834829187178197,14.62154995574427,17.72341395088714,12.87441539389058,16.1702727373031,8.563983149113703
2024-11-29,16.74456048588689,7.828045785284535,14.60889060513323,17.70806900374351,12.86326871389587,16.1562725011669,8.556568445088494
2024-12-02,16.8316205923993,7.868746196646499,14.68484670879944,17.80013868660527,12.93014879386413,16.24027391798406,8.601056669239734
2024-12-03,17.12182094744066,8.004414234519714,14.93803372102011,18.10703762947777,13.15308239375834,16.52027864070793,8.749350749743867
2024-12-04,17.20888105395307,8.045114645881679,15.01398982468632,18.19910731233952,13.2199624737266,16.60428005752508,8.793838973895108
2024-12-05,17.30479227129425,8.106165262924627,15.09766813222526,18.30053741295889,13.29364202849164,16.69682161838533,8.842850167501727
2024-12-06,17.09275261106056,8.072248253456323,14.91267287941378,18.07629665500568,13.13075192875519,16.49223156451811,8.734496659663039
2024-12-09,17.12910563280951,8.194349487542215,14.94438928775691,18.11474148717477,13.15867853141,16.52730739264224,8.753073266618051
2024-12-10,16.979153866327,8.103492602578523,14.81356298422772,17.95616125866752,13.04348471261651,16.38262389358207,8.676447036001191
2024-12-11,16.96761911505912,8.09798751249525,14.80349942241778,17.94396277955158,13.0346236496324,16.37149439365436,8.670552710569126
2024-12-12,17.04836237393431,8.136523143078163,14.87394435508734,18.02935213336318,13.0966510905212,16.4494008931483,8.711812988593588
2024-12-13,17.03682762266643,8.131018052994889,14.86388079327741,18.01715365424723,13.08779002753709,16.43827139322059,8.705918663161523
2024-12-16,17.06031237624784,8.158543503411256,14.88437020512244,18.04198975772729,13.10583115177275,16.4609310550734,8.717919509741209
2024-12-17,17.26602353834086,8.092779697276471,15.06384412238678,18.25953786573847,13.26385966244525,16.659414950432,8.823039117977638
2024-12-18,17.36202208065094,8.137775295275626,15.14759861711014,18.36106031614369,13.33760630075908,16.75204076826602,8.872094935154639
2024-12-19,16.92317160151916,7.932081132993777,14.76472092694621,17.89695768571984,13.00047881132441,16.32860845816766,8.647839770916923
2024-12-20,16.55289150975172,7.758526683568468,14.44166787587041,17.50537109129971,12.71602749211391,15.97133744652218,8.45862447609135
2024-12-23,17.15631091855792,8.041356156706009,14.9681246998458,18.14351220813251,13.17957779008658,16.55355687290741,8.766975326918208
2024-12-24,17.14259684108505,8.034928214134702,14.95615977202817,18.12900900093176,13.16904255604175,16.54032461321684,8.75996735303578
2024-12-25,17.2934516932866,8.105635582419087,15.08777397802202,18.28854428013996,13.28493013053491,16.68587946981315,8.837055065742494
2024-12-26,17.32087984823233,8.118491467561702,15.11170383365727,18.31755069454145,13.30600059862458,16.7123439891943,8.851071013507351
2024-12-27,17.21116722844939,8.067067926991239,15.01598441111629,18.20152503693549,13.22171872626591,16.60648591166971,8.795007222447921
2024-12-30,16.9917419888835,7.964220845850317,14.82454556603433,17.96947372172357,13.05315498154858,16.39476975662054,8.682879640329066
2024-12-31,16.88202936910056,7.912797305279855,14.72882614349335,17.8534480641176,12.96887310918991,16.28891167909595,8.626815849269637
2025-01-02,17.08774053119358,8.009216443849471,14.90830006075769,18.07099617212878,13.12690161986242,16.48739557445455,8.731935457506065
2025-01-03,17.00545606635637,7.970648788421625,14.83651049385195,17.98397692892431,13.06369021559342,16.40800201631111,8.689887614211493
2025-01-06,17.47173470043388,8.189198835846089,15.24331803965111,18.47708597374965,13.42188817311775,16.85789884579061,8.928158726214065
2025-01-07,17.3345939257052,8.12491941013301,15.12366876147489,18.3320539017422,13.31653583266942,16.72557624888487,8.858078987389778
2025-01-08,17.20411819262834,8.079923812133854,15.00983443821803,18.1940703884343,13.21630361596687,16.59968453018876,8.791405123872352
2025-01-09,17.20411819262834,8.047784099277317,15.00983443821803,18.1940703884343,13.21630361596687,16.59968453018876,8.791405123872352
2025-01-10,16.90531587264949,8.01564438642078,14.74914259092767,17.87807450994446,12.98676193659804,16.31138005605054,8.638715388921996
2025-01-13,16.64099074343743,7.808561788543528,14.51853057217081,17.59853969435729,12.78370583561792,16.05634148277442,8.503643700312066
2025-01-14,16.63064758620739,7.808561788543528,14.50950662361076,17.58760137548649,12.77576016210131,16.0463617125158,8.498358286409939
2025-01-15,17.13229334946348,7.800753226754985,14.9471704299623,18.11811263009133,13.16112735387617,16.53038311499168,8.754702208491812
2025-01-16,17.57941239932217,7.743719300289227,15.33726208344954,18.59095961789129,13.50460680741463,16.96179349545932,8.983182660782179
2025-01-17,17.54669637128373,7.729307912013254,15.30871879173096,18.55636105780837,13.47947416447279,16.93022688225437,8.966464578907273
2025-01-20,18.56089324047539,8.1760609485684,16.19356083500689,19.62891642037902,14.25858609566979,17.90879189160779,9.484725117029321
2025-01-21,18.78497622185336,8.291352054776182,16.38906335441801,19.90570490104241,14.43072794472609,18.12500214765289,9.599232832484503
2025-01-22,18.71687946703566,8.718889906963366,16.32965193884011,20.93212885016916,14.37841562177783,18.05929784157647,9.564434992076739
2025-01-23,18.66823892788016,8.718889906963366,16.28721521342733,20.93212885016916,14.34104967681479,18.01236619437903,9.53957939178548
2025-01-24,18.71687946703566,8.811718462644997,16.32965193884012,21.19738447747158,14.37841562177783,18.05929784157647,9.564434992076739
2025-01-27,18.58068595740027,8.747599929133028,16.21082910768432,19.07533945905223,14.27379097588132,17.92788922942363,9.494839311261211
2025-02-05,19.33947836822604,9.104831758699715,16.87284202412378,18.78701812502786,14.85669971730475,18.66002292570375,9.882586675804864
2025-02-06,19.15464431943515,9.017813748933474,16.71158246755519,19.01767519224735,14.71470912644519,18.48168266635347,9.788135394698076
2025-02-07,19.16437242726625,9.022393644184328,16.72006981263775,19.2252665527449,14.7221823154378,18.49106899579296,9.79310651475633
2025-02-10,19.06779177271909,8.994914272679198,16.63580745065812,18.60249247125226,14.64798849511919,18.39788151711771,9.763279794406818
2025-02-11,19.39878877807317,8.999494167930054,16.92458774118411,18.92541236535956,14.90226231896503,18.71724957817121,9.74871441263614
2025-02-12,19.33639584256392,8.871257100906114,16.87015265641996,18.86454196532033,14.88409990297604,18.65704869866263,9.736832981298374
2025-02-13,19.43103711924824,8.816948703021474,16.95272299673893,18.95687377059568,14.83620561201308,18.74836493579282,9.705501646860688
2025-02-14,19.53455101562171,8.897739314228145,17.04303430646281,19.0578616826156,14.91524171496901,18.84824207015397,9.757205232498452
2025-02-17,19.16785155894874,8.795404540033028,16.72310520160441,18.70011056160059,14.63525519116044,18.53148887260861,9.574044541754011
2025-02-18,18.76130335998075,9.565608366869968,16.36840982638432,18.3034831020264,14.32484290415452,18.70556044963804,9.370980022325794
2025-02-19,18.8843752203132,9.304590060183452,16.47578459717524,18.42355171734099,14.4188121253412,18.82826664328174,9.432452507598107
2025-02-20,18.90659112217135,9.300331666563231,16.49516699184685,18.44522549855197,14.43577466243076,18.88819292389843,9.4435490059861
2025-02-21,19.3827186458524,9.5345433156754,16.91056725949867,18.90973438244407,14.79931294376486,18.70517235563024,9.681367318865783
2025-02-24,19.22689509264769,9.457892230511415,16.77461808099444,18.75771329317029,14.68033677896461,18.55479580252558,9.603535871014252
2025-02-25,19.01913035504142,9.355690783626107,16.59335250965546,18.55501850747192,14.52170189256427,18.35429373171936,9.499760607212208
2025-02-26,19.24420882078155,9.466409017751859,16.78972354527269,18.77460452531182,14.6935563528313,18.57150430842609,9.612183809664424
2025-02-27,19.14898331604534,9.419566687929429,16.70664349174233,18.6817027485334,14.62084869656448,18.47960752597324,9.564620147088489
2025-02-28,18.42180673442336,9.061861623830842,16.07221399205591,17.9722709985891,14.0656265941633,17.77785027815148,9.201406723781329
2025-03-03,18.6468852001635,9.172579857956594,16.26858502767313,18.191857016429,14.23748105443033,17.99506085485821,9.313829926233543
2025-03-04,18.60360087982885,9.151287889855489,16.23082136697751,18.14962893607517,14.20443211976359,17.95328959010691,9.292210079608116
2025-03-05,18.58499727894903,9.151287889855489,16.19835972424356,18.1314793071391,14.19022768764383,17.93533630051681,9.292210079608116
2025-03-06,18.58499727894903,9.33014042190478,16.23211528307556,18.1314793071391,14.19022768764383,17.93533630051681,9.473816791261696
2025-03-07,18.58499727894903,9.198130219677919,16.02808031443355,18.1314793071391,14.19022768764383,17.93533630051681,9.321094194699686
2025-03-10,18.56641228167008,9.175484082405584,16.08652499767345,18.11334782783196,14.17603745995619,17.91740096421629,9.516186863891075
2025-03-11,18.19635281136344,8.992601427004562,15.76589380466743,17.75231868547768,13.89348546046959,17.56027736868806,9.326513435510558
2025-03-12,18.06196835800352,8.935124021021384,15.63379375314894,17.6212135312113,13.80468340348808,17.43059048585481,9.266901786590966
2025-03-13,18.06196835800352,9.013502301907536,15.65604826382959,17.6212135312113,13.92577711755377,17.43059048585481,9.348190398754044
2025-03-14,18.04390638964551,9.055304051713485,15.63584116813156,17.60359231768009,13.99036043172213,17.41315989536895,9.391544325241018
2025-03-17,18.30420509693988,9.185934519857073,15.86140148504056,17.85753911972395,14.19218328849828,17.66435954763913,9.527025345512817
2025-03-18,18.57491575252602,9.3217902067264,16.09598421462591,18.12164379384956,14.40207905954546,17.92560718600012,9.667925606595484
2025-03-19,19.13716096028185,9.603952017916551,16.58319449914935,18.67016888626429,14.83801643018193,18.46819843490371,9.960564610382567
2025-03-20,19.02262952907233,9.546474611933371,16.48394795970939,18.55843229336499,14.74921437320043,18.35767058790483,9.900952961462975
2025-03-21,18.46038432131649,9.26431280074322,15.99673767518595,18.00990720095026,14.31327700256396,17.81507933900124,9.608313957675891
2025-03-24,18.77274277006974,9.421069362515528,16.26741005547675,18.31464336340289,14.55546443069533,18.11651892172546,9.770891182002051
2025-03-25,18.53326795935892,9.300889331823427,16.05989456392048,18.08101230552254,14.36978740246128,17.8854152416369,9.646248643351996
2025-03-26,18.68944718373554,9.37926761270958,16.19523075406587,18.23338038674885,14.49088111652697,18.036135032999,9.727537255515076
2025-03-27,18.34585289010698,9.206835394760043,15.897491135746,17.89817060805096,14.22447494558246,17.70455149200237,9.548702308756305
2025-03-28,18.18446769158447,9.144132770051122,15.75764373926242,17.74072359078377,14.09934477438125,17.54880770759485,9.464704076187788
2025-03-31,18.378421368318,8.912039004691048,15.92571315936986,17.92994433822079,14.24972694695321,17.73598149980616,9.565653644022596
2025-04-01,18.49374517610551,8.967961668154597,16.0256463280824,18.04245397183199,14.33914337388788,17.84727402490477,9.625677711383831
2025-04-02,18.42297829405409,8.933645488301964,15.96432370182698,17.97341396938875,14.28427420281433,17.77898088450335,9.58884476095762
2025-04-03,18.59334301010381,9.016258513873115,16.11195224651594,18.13962138267802,14.4163666516951,17.94339029658084,9.677516678650354
2025-04-07,18.02458695806088,8.740458105427885,15.61910002809277,17.58474432600461,13.97538109158545,17.39451579779905,9.381488891891523
2025-04-08,18.15039474837452,8.801464647388121,15.72811803032463,17.70748210812592,14.0729262846051,17.51592582517935,9.44696969264924
2025-04-09,18.378421368318,8.912039004691046,15.92571315936986,17.92994433822079,14.2497269469532,17.73598149980615,9.565653644022593
2025-04-10,18.7768127043112,9.105226387565123,16.27093683310406,18.31861398160492,14.55862005818208,18.12044658651045,9.773009513088686
2025-04-11,19.06250122814843,9.243762076599824,16.51849854650556,18.59733102850539,14.78012893399752,18.39614852368656,9.921705498142661
2025-04-14,19.20403499225128,9.312394436305093,16.64114379901639,18.73541103339186,14.88986727614463,18.5327348044894,9.995371398995086
2025-04-15,19.19879300098821,9.309852497056749,16.63660138225674,18.7302969591368,14.88580289310214,18.52767605334855,9.992643032296847
2025-04-16,19.6653302234013,9.536085090159288,17.04087647386652,19.18544956783664,15.24753298388333,18.97790490488384,10.23546766844003
2025-04-17,19.82783195255643,9.614885206857926,17.181691393416,19.34398586974333,15.37352885820037,19.13472619025007,10.32004703608541
2025-04-18,19.87500987392404,9.637762660093014,17.22257314425294,19.39001253803882,15.41010830558274,19.18025495051769,10.34460233636956
2025-04-21,20.24457025797037,9.816969377101204,17.54281352580901,19.75055477302016,15.69664731007794,19.53689690594733,10.53695218859534
2025-04-22,20.9207871309062,10.14487954013747,18.12878528780522,20.41027035192218,16.22095272255854,20.16928632731335,10.86713366968271
2025-04-23,19.6574672365067,9.532272181286771,17.03406284872703,19.17777845645406,15.2414364093196,20.14911704098604,10.83443891785386
2025-04-24,19.8723888782925,9.636491690468841,17.22030193587311,19.38745550091129,15.40807611406149,20.36941405396748,10.9528954500224
2025-04-25,19.73609710545272,9.570401270011915,17.10219910012194,19.25448957027988,15.30240215495688,20.22971350914998,10.87777667352528
2025-04-28,19.565732389403,9.487788244440765,16.95457055543297,19.0882821569906,15.17030970607611,20.0550878281281,10.78387820290387
2025-04-29,19.70202416224278,9.553878664897686,17.07267339118414,19.22124808762202,15.27598366518072,20.1947883729456,10.858996979401
2025-04-30,19.54229544646581,9.495414062185796,16.93426141010052,19.06541713099626,15.15213784949315,20.03106470751737,10.77096066253008
2025-05-06,20.22069540037448,9.674620779193988,17.52212490809953,19.72726251852244,15.67813591593693,20.72643201539311,11.1448685914645
2025-05-07,20.17692766141263,9.749607987020108,17.48419823080927,19.6845628161014,15.64420055681152,20.68156960843339,11.12074549927518
2025-05-08,20.22069540037448,9.58550801496482,17.52212490809953,19.72726251852244,15.67813591593693,20.72643201539311,11.1448685914645
2025-05-09,20.43953409518373,9.689247279196042,17.71175829455083,19.94076103062767,15.84781271156395,20.90884256209135,11.24295308430626
2025-05-12,20.74809665486477,9.855230101965995,17.97914136944715,20.28235864999602,16.08705699339805,20.82385172204931,11.19725241845874
2025-05-13,20.93025729274769,9.555983820364617,18.13699160096117,19.70591266731192,16.22829542178609,21.00667746148784,11.29556016576742
2025-05-14,21.47014499130509,9.822120880635866,18.60482811712243,19.79131207215401,16.64689787584258,21.54853638803578,11.6101449571552
2025-05-15,21.03008808209819,9.744375591904127,18.22349938548777,19.38566489915409,16.30569932175303,21.10687275117204,11.51824687497105
2025-05-16,21.48499112176833,9.975106952285117,18.61769294433179,19.80499732677995,16.65840883758844,21.56343672441628,11.76739873275883
2025-05-19,21.2840260687586,9.894619268431279,18.44354785726746,19.61974650144443,16.50259038757698,21.36173791151784,11.6573295269252
2025-05-20,21.50326067204195,10.07169217290971,18.63352431588309,19.82183831090137,16.67257415122585,21.58177298013433,11.77740502419825
2025-05-21,21.26575651848498,10.07832435805927,18.42771648571616,19.60290551732302,16.48842507393958,21.34340165579979,11.64732323548578
2025-05-22,21.11960011629608,10.00905752398326,18.30106551330574,19.46817764435173,16.37510256484034,21.19671161005546,11.56727290397041
2025-05-23,21.04652191520163,9.974424106945255,18.23774002710053,19.40081370786608,16.31844131029072,21.1233665871833,11.52724773821273
2025-05-26,21.11960011629609,10.00905752398326,18.30106551330574,19.46817764435173,16.37510256484034,21.19671161005547,11.56727290397042
2025-05-27,21.2840260687586,10.08698271231877,18.44354785726746,19.61974650144443,16.50259038757698,21.36173791151784,11.6573295269252
2025-05-28,21.52153022231557,10.19954131769228,18.6493556874344,19.83867929502278,16.68673946486325,21.60010923585237,11.78741131563767
2025-05-29,21.85038212724059,10.35539169436331,18.93432037535784,20.14181700920819,16.94171511033654,21.93016183877711,11.96752456154725
2025-05-30,21.41191292067389,10.14759119213528,18.55436745812658,19.73763339029431,16.60174758303882,21.49009170154413,11.72737356700115
2025-06-03,21.48499112176834,10.18222460917328,18.61769294433179,19.80499732677996,16.65840883758844,21.56343672441629,11.76739873275883
2025-06-04,21.64941707423085,10.26014979750879,18.76017528829352,19.95656618387266,16.78589666032509,21.72846302587866,11.85745535571362
2025-06-05,21.5763388731364,10.22551638047079,18.69684980208831,19.88920224738702,16.72923540577547,21.6551180030065,11.81743018995593
2025-06-06,21.50326067204195,10.19088296343279,18.6335243158831,19.82183831090137,16.67257415122585,21.58177298013433,11.77740502419825
2025-06-09,21.5763388731364,10.22551638047079,18.69684980208831,19.88920224738702,16.72923540577547,21.65511800300649,11.81743018995593
2025-06-10,21.5730138149866,10.23417473473029,18.71268117363961,19.88613718827692,16.72665731869346,21.6517808044658,11.82743648139535
2025-06-11,21.5730138149866,10.26880815176829,18.73845464652513,19.88613718827692,16.72665731869346,21.6517808044658,11.84372672385873
2025-06-12,21.55144080117161,10.23417473473029,18.7668893273241,19.86625105108864,16.70993066137476,21.63012902366134,11.86169899506337
2025-06-13,21.49701797086562,10.11149451322742,18.71949819265915,19.81608375045458,16.66773386677533,21.5755074857228,11.8317452097223
2025-06-16,21.51878710298802,10.10138301871419,18.73845464652513,19.8361506707082,16.6846125846151,21.59735610089822,11.84372672385873
2025-06-17,21.74736299027317,9.995870780751426,18.93749741211796,20.04685333337126,16.86183912193271,21.82676656024008,11.96953262229122
2025-06-18,21.6167481975388,9.935835520806974,18.82375868892206,19.92645181184951,16.76056681489408,21.69567486918759,11.89764353747265
2025-06-19,21.74736299027317,9.995870780751426,18.93749741211796,20.04685333337126,16.86183912193271,21.82676656024008,11.96953262229122
2025-06-20,21.64940189572239,9.950844335793088,18.85219336972103,19.95655219222995,16.78588489165374,21.72844779195071,11.91561580867729
2025-06-23,21.44259514055963,9.855788507547702,18.67210705799418,19.76591644982052,16.6255370721759,21.52088594778427,11.80179142438123
2025-06-24,21.42082600843724,9.845782630890294,18.6531506041282,19.74584952956689,16.60865835433613,21.49903733260885,11.7898099102448
2025-06-25,21.11668946355525,9.705990528109636,18.36990327046266,19.4654945867035,16.37284578739667,21.19379032999312,11.6107821260183
2025-06-26,21.0955727740917,9.696284537581526,18.2305393765189,19.4460290921168,16.35647294160927,21.17259653966313,11.52269653378677
2025-06-27,21.17620563706004,9.733346303611462,18.30022132349078,19.52035696251189,16.41899171061685,21.25352380785105,11.56673932990254
2025-06-30,21.49873708893339,9.881593367731201,18.57894911137831,19.81766844409227,16.66906678664719,21.5772328806027,11.74291051436559
2025-07-01,21.4281833338361,9.849164322455009,18.51797740777791,19.75263155749656,16.61436286376556,21.50642152093828,11.7043730677643
2025-07-02,21.20644296067317,9.74724446587269,18.32635205360524,19.54822991391006,16.4424362489947,21.28387153342152,11.58325537844595
2025-07-03,21.57936995190174,9.918655133761137,18.6486310583502,19.89199631448737,16.73158555565478,21.65816014879062,11.78695331048136
2025-07-04,21.4987370889334,9.881593367731202,18.57894911137831,19.81766844409228,16.6690667866472,21.57723288060271,11.7429105143656
2025-07-07,21.26691760789942,9.77504079039514,18.37861351383415,19.60397581670638,16.48932532575039,21.34456698456246,11.61628747553277
2025-07-08,21.7607938935805,10.00204410732849,18.80541543903693,20.05923402287634,16.87225278592184,21.84024650221343,11.88604960174183
2025-07-09,21.80111032506467,10.02057499034345,18.84025641252288,20.09639795807389,16.90351217042564,21.88071013630739,11.90807099979971
2025-07-10,21.86158497229092,10.0483713148659,18.89251787275179,20.15214386087021,16.95040124718133,21.94140558744833,11.94110309688653
2025-07-11,22.0228506982276,10.12249484692577,19.03188176669556,20.3007996016604,17.07543878519649,22.10326012382415,12.02918868911806
2025-07-14,21.94221783525926,10.08543308089584,18.96219981972367,20.2264717312653,17.01292001618891,22.02233285563624,11.98514589300229
2025-07-15,22.29498661074574,10.2475783072768,19.26705833772566,20.55165616424384,17.28643963059709,22.37638965395836,12.17783312600876
2025-07-16,22.23451196351949,10.21978198275435,19.21479687749675,20.49591026144752,17.2395505538414,22.31569420281743,12.14480102892194
2025-07-17,22.64775538623223,10.40972353365776,19.57191685572765,20.87684059722239,17.55995924500527,22.73044645228049,12.37052035901523
2025-07-18,22.69815092558744,10.43288713742647,19.61546807258508,20.92329551621932,17.59903347563501,22.78102599489793,12.39804710658758
2025-07-21,22.92997040662141,10.53943971476253,19.81580367012925,21.13698814360522,17.77877493653182,23.01369189093819,12.52467014542041
2025-07-22,23.07107791681601,10.60429780531492,19.93774707733004,21.26706191679664,17.88818278229509,23.15531461026704,12.60174503862299
2025-07-23,23.05091970107392,10.59503236380743,19.92032659058707,21.24847994919786,17.87255309004319,23.13508279322006,12.59073433959405
2025-07-24,23.43392580017354,10.77107575244962,20.25131583870352,21.60153733357457,18.16951724282922,23.51948731711266,12.79993762114393
2025-07-25,23.36337204507624,10.73864670717343,20.19034413510312,21.53650044697886,18.11481331994759,23.44867595744823,12.76140017454264
2025-07-28,23.60527063398126,10.84983200526323,20.39938997601877,21.75948405816415,18.30236962697034,23.69145776201198,12.89352856288993
2025-07-29,24.01851405669399,11.03977355616664,20.75650995424967,22.14041439393901,18.62277831813421,24.10621001147504,13.11924789298322
2025-07-30,23.63550795759439,10.86373016752446,20.42552070613322,21.78735700956231,18.32581416534819,23.72180548758244,12.91004461143334
2025-07-31,23.19202721126852,10.65989045435982,20.04226999778787,21.37855372238928,17.98196093580647,23.27670551254891,12.66780923279664
2025-08-01,23.21218542701061,10.6691558958673,20.05969048453083,21.39713568998805,17.99759062805837,23.29693732959589,12.67881993182558
2025-08-04,23.31297650572103,10.71548310340472,20.14679291824569,21.49004552798192,18.07573908931785,23.39809641483079,12.73387342697029
2025-08-05,23.38353026081832,10.74791214868091,20.20776462184608,21.55508241457763,18.13044301219949,23.4689077744952,12.77241087357158
2025-08-06,23.544795986755,10.82203568074078,20.34712851578985,21.70373815536782,18.25548055021465,23.63076231087103,12.86049646580311
2025-08-07,23.38353026081832,10.74791214868091,20.20776462184608,21.55508241457763,18.13044301219948,23.4689077744952,12.77241087357158
2025-08-08,23.30289739784998,10.71085038265098,20.1380826748742,21.48075454418253,18.0679242431919,23.38798050630729,12.72836807745581
2025-08-11,23.7564572520469,10.91932281656936,20.53004362659105,21.89884881515495,18.41959231885956,23.84319638986431,12.97610880560699
2025-08-12,24.03867227243608,11.04903899767413,20.77393044099264,22.15899636153778,18.63840801038611,24.12644182852201,13.13025859201216
2025-08-13,24.92563376508781,11.45671842400341,21.54043185768335,22.97660293588383,19.32611446946954,25.01664177858907,13.61472934928557
2025-08-14,24.65349785256967,11.33163496365238,21.30525528665325,22.72574637330039,19.11511362406894,24.74351224845486,13.46608491239486
2025-08-15,25.28848164844534,11.62349637113811,21.85400061905683,23.31107835266176,19.60744893000367,25.38081448543469,13.81292193180651
2025-08-18,26.02425652303143,11.96168498616126,22.48984838517526,23.98932017001701,20.17793269719788,26.11927580764941,14.21481244636285
2025-08-19,25.95370276793414,11.92925594088507,22.42887668157487,23.9242832834213,20.12322877431625,26.04846444798499,14.17627499976156
2025-08-20,26.08473117025769,11.98948131068371,22.54210984540418,24.04506607281333,20.22482177395357,26.17997125879035,14.24784454344968
2025-08-21,25.92346544432101,11.91535777862384,22.40274595146041,23.89641033202314,20.0997842359384,26.01811672241452,14.15975895121815
2025-08-22,26.7769239824094,12.3323026464606,23.14029451918431,24.73259887396796,20.76151414649918,26.8746913925495,14.62592992670545
2025-08-25,26.99516850389612,12.67975670299123,23.32889880053189,25.42942265892198,20.93073024926062,27.093732764401,14.74513813300462
2025-08-26,26.70977182195194,12.58246956716266,23.08226243261582,25.23431199913486,20.70944765334182,26.80729404736442,14.5892504786134
2025-08-27,26.87765222309557,12.48981515208782,23.22734264903703,25.04849232314712,20.83961388623522,26.97578741032711,14.68094909884353
2025-08-28,27.0455326242392,12.97341560612942,23.37242286545825,26.07050054107968,20.96978011912864,27.1442807732898,14.77264771907366
2025-08-29,26.87765222309557,12.89288540373259,23.22734264903704,26.61866858524351,20.83961388623522,26.97578741032711,14.68094909884353
2025-09-01,26.61597704183299,12.78014312037702,23.00120611570128,27.1947095808055,20.63672377902426,26.71315680547716,14.55257103052135
2025-09-02,26.61597704183299,12.78819614061671,22.97820490958558,26.46072186065393,20.63672377902426,26.71315680547716,14.53261741075928
2025-09-03,26.58936106479116,12.64324177630241,23.27179866201575,26.66512350424044,20.61608705524524,26.68644364867168,14.7183014402579
2025-09-04,26.527748230192,12.93630728886496,23.21787327891633,25.5594964321134,20.568315483799,26.62460585442914,14.68419621034999
2025-09-05,26.61332161157972,12.93630728886496,23.29276964433219,27.35265630539507,20.63466488858544,26.710491679766,14.73156458522209
2025-09-08,26.85977294997634,12.92337098157609,23.50847117672987,27.01818088861715,20.82575117437042,26.95784285673619,14.86798550485373
2025-09-09,27.26710224538187,13.11935430600677,23.86497787610935,26.43284890925577,21.14157434115391,27.36665938533968,15.0934589692449
2025-09-10,27.2020664755272,13.08806285084557,23.8080566383933,26.71157842323738,21.09114879351621,27.30138615808366,15.05745900434211
2025-09-11,27.11991602939499,13.04853680222089,23.73615612759408,28.10522599314541,21.02745336492122,27.21893576576026,15.0119853644649
2025-09-12,27.22602702231576,13.09959128169443,23.82902762070974,27.8264964791638,21.10972662685641,27.32543418917798,15.0707221493063
2025-09-15,27.14729951143906,13.06171215176245,23.76012296452715,28.21671779873805,21.04868517445288,27.24641922986806,15.02714324442397
2025-09-16,27.49301597224544,13.22805093972463,24.06270428080722,28.42111944232457,21.31673676979013,27.59339796422901,15.21851147890724
2025-09-17,27.26025637487085,13.11606046862138,23.85898616687609,28.97857847028779,21.13626638877099,27.35978851931273,15.08966949925514
2025-09-18,26.91111697880897,12.94807476196651,23.55340899597938,28.49544731271967,20.86556081724228,27.0093743519383,14.89640652977698
2025-09-19,26.98027396271126,13.00736383490352,23.61393724265386,28.44899239372273,20.9191817522145,27.07878384054255,14.9646169895928
2025-09-22,27.15650044189292,13.25440163880774,23.76817589218132,28.63481206971047,21.05581912486123,27.2556537545892,15.21832958434773
2025-09-23,27.25342500544283,13.38403719678453,23.85300714942142,28.73701289150372,21.13096967981694,27.35293220731486,15.2726454913652
2025-09-24,27.84378371070137,13.67395976134468,24.36970662533841,29.35950880606265,21.58870487818348,27.94544641937115,15.60347874319884
2025-09-25,28.29316123261459,13.89464708660689,24.76301518163342,29.83334897983137,21.93713017843265,28.39646470019011,15.85530703937072
2025-09-26,27.5706326679698,13.53981648520491,24.13063671857084,29.07148830828165,21.37691695058105,27.67129805259883,15.45040664160417
2025-09-29,28.31078388053275,13.90330149151913,24.77843904658616,29.85193094743015,21.95079391569732,28.41415169159477,15.86518265882844
2025-09-30,28.34602917636908,13.92061030134362,24.80928677649165,29.88909488262769,21.97812139022666,28.4495256744041,15.88493389774388
2025-10-09,28.50463300763257,13.99849994555381,24.94810156106637,30.05633259101666,22.10109502560872,28.60870859704609,15.97381447286337
2025-10-10,27.27104765336099,13.39269160169677,23.86843101437416,28.75559485910249,21.1446334170816,27.37061919871952,15.28252111082291
2025-10-13,26.85596380429652,13.21527630099577,23.50513729927718,28.31791519428097,20.82279774954949,26.95401980317403,15.04991077011576
2025-10-14,27.21064805365906,12.67061998224865,23.8155674904969,28.69190730148617,21.09780252849715,27.30999906911504,15.24867356051011
2025-10-15,27.79459171363946,12.96846989493297,24.32665232822244,29.36637169995025,21.55056381524562,27.89607481339839,15.57591186189901
2025-10-16,28.59545283081212,13.04893171968655,25.02758976818817,29.54857298294765,22.17151226415948,28.69986001988613,16.02470932232661
2025-10-17,27.96732646440219,13.50629367091745,24.47783491331309,30.58424343366974,21.68449387285449,28.06944025009182,15.6727113141481
2025-10-20,29.80459608615124,13.05664476197521,26.08586786382271,29.62528931263077,23.10902266742158,29.91341807674019,16.70230548807024
2025-10-21,29.82029924531149,13.06352392149153,26.09961173519459,30.33491536219962,23.1211981272042,29.92917857098505,16.7111054382747
2025-10-22,30.32280033843944,13.28365702601377,26.53941561909465,29.09147151858575,23.51081284024819,30.43351438682051,16.99270384481751
2025-10-23,29.61615817622826,12.97409484777937,25.92094140736019,28.74944454874851,22.96291715003008,29.6648435615103,16.56351267344546
2025-10-24,29.61961287124351,13.00161148584465,25.923965059062,28.60879794432945,22.96559575118226,30.0856214843686,16.79845611562199
2025-10-27,30.13917816443391,13.30429450456273,26.37870403776236,28.43673600290517,23.3684412084009,30.61336115521749,17.0931221807998
2025-10-28,29.06736758802315,13.28455131675089,25.44062358230233,28.4514395892562,22.53741183179522,29.52468766562764,16.48525593317656
2025-10-29,29.32979550505375,13.40448777539937,25.67030829091743,29.14250814775493,22.74088557341865,29.79124438981693,16.63408920344635
2025-10-30,28.95351858770329,13.16844164404872,25.34097955524732,28.68669697087279,22.44913889827013,29.40904746651746,16.42068765390855
2025-10-31,28.87430239457688,13.30460429891595,25.27164718984309,28.98076869789353,22.38771854560729,29.32858495634915,16.3757610119006
2025-11-03,28.83469429801368,13.28252476797003,25.23698100714097,29.30424759761634,22.35700836927586,29.28835370126499,16.35329769089662
2025-11-04,28.43861333238162,13.10007250467374,24.8903191801198,28.37792165750102,22.04990660596163,28.88604115042344,16.12866448085683
2025-11-05,28.16432726368142,12.99972375986078,24.65025586490765,28.11325710318236,21.83723863486653,28.60743970896567,15.97310598290428
2025-11-06,28.59150586757617,13.23691170214596,25.0241352687164,28.53966110736242,22.16845198236189,29.04133916061839,16.2153758958249
2025-11-07,28.42947260402989,13.06476799172591,24.88231894313376,28.37792165750102,22.04281933331193,28.8767566099915,16.12348041161362
2025-11-10,28.97449358141285,13.315232455816,25.35933749282079,28.92195435248938,22.46540188011636,29.43035246210015,16.43258340396062
2025-11-11,28.81246031786656,13.240770047573,25.21752116723816,28.76021490262798,22.33976923106639,29.26576991147325,16.34068791974935
2025-11-12,28.87138150461067,13.26784728693409,25.2690907401773,28.81902924803212,22.38545383072093,29.32561811170121,16.37410445946254
2025-11-13,28.6372287084896,13.18661556885082,25.06415325731717,28.58530103939604,22.20390323169381,29.14607351101733,16.24130713064233
2025-11-14,27.85639084322744,12.86845800635801,24.38074076223013,27.8058790614984,21.5984798306933,28.38597144402211,15.79846303710062
2025-11-17,27.84803587806914,12.68733835227168,24.34903042245809,27.7975392463349,21.5920018003026,28.37745764179503,15.80953413943916
2025-11-18,27.84803587806914,12.26975788829635,24.94290921324975,27.7975392463349,21.5920018003026,28.37745764179503,15.25861394486859
2025-11-19,27.84803587806914,12.21310910024727,24.54699001938864,27.7975392463349,21.5920018003026,28.37745764179503,15.01641372352147
2025-11-20,27.84803587806914,12.21310910024727,24.52224506977232,27.7975392463349,21.5920018003026,28.37745764179503,15.00127620968727
2025-11-21,27.84803587806914,12.21310910024727,24.46038269573153,27.7975392463349,21.5920018003026,28.37745764179503,14.96343242510179
2025-11-24,27.84803587806914,12.21310910024727,24.81918446516815,27.7975392463349,21.5920018003026,28.37745764179503,15.18292637569761
2025-11-25,27.84803587806914,12.21310910024727,24.88104683920896,27.7975392463349,21.5920018003026,28.37745764179503,15.22077016028311
2025-11-26,27.84803587806914,12.21310910024727,24.76969456593552,27.7975392463349,21.5920018003026,28.37745764179503,15.15265134802923
2025-11-27,27.84803587806914,12.21310910024727,25.06663396133135,27.7975392463349,21.5920018003026,28.37745764179503,15.33430151403957
2025-11-28,27.84803587806914,12.21310910024727,25.04188901171503,27.7975392463349,21.5920018003026,28.37745764179503,15.31916400020537
2025-12-01,27.84803587806914,12.20089599114703,24.36207101090589,27.7975392463349,21.5920018003026,28.37745764179503,14.90329108263853
2025-12-02,27.84803587806914,12.12350067755271,24.23176411432971,27.7975392463349,21.5920018003026,28.37745764179503,14.82357693974482
2025-12-03,27.84803587806914,12.12350067755271,24.18921492361096,27.7975392463349,21.5920018003026,28.37745764179503,14.79754783186116
2025-12-04,27.84803587806914,12.12350067755271,24.10411654217345,27.7975392463349,21.5920018003026,28.37745764179503,14.74548961609384
2025-12-05,27.84803587806914,12.12350067755271,24.29558790040784,27.7975392463349,21.5920018003026,28.37745764179503,14.86262060157031
2025-12-08,27.84803587806914,12.12350067755271,24.22644546548987,27.7975392463349,21.5920018003026,28.37745764179503,14.82032330125936
2025-12-09,27.84803587806914,12.12350067755271,24.05624870261486,27.7975392463349,21.5920018003026,28.37745764179503,14.71620686972472
2025-12-10,27.84803587806914,12.12350067755271,24.18655559919104,27.7975392463349,21.57040979850229,28.37745764179503,14.7663291705932
2025-12-11,27.82018784219107,12.12350067755271,24.17799257455889,27.76974170708856,21.25955802822312,28.34908018415323,14.55353119382399
2025-12-12,28.06779281980752,12.12350067755271,24.39318131965986,28.01689770448159,21.44877214926262,28.60139240448263,14.68306039707481
2025-12-15,27.59026893440437,12.12350067755271,23.978174454108,27.54023970950932,21.08385920154359,28.11479026527594,14.43325407651967
2025-12-16,27.05968683951198,12.12350067755271,23.51705571460592,27.01061971509568,20.67840037074468,27.57412122171294,14.15569149812506
2025-12-17,27.9793624706588,12.12350067755271,24.31632819640952,27.92862770541266,21.3811956774628,28.51128089722214,14.63679996734238
2025-12-18,27.34266395678792,12.11137717687516,23.76298570900703,27.29308371211629,20.8946450805041,27.86247804494654,14.30372487326885
2025-12-19,27.47530948051102,12.1701322407992,23.87826539388255,27.4254887107197,20.99600978820383,27.99764530583729,14.3731155178675
2025-12-22,28.02048258301295,12.43648853058817,24.35206489872093,27.96967325497971,21.41261873684971,28.55318274809827,14.65831106716796
2025-12-23,28.39758507177603,12.47565857320419,24.67979745124288,28.34609194666696,21.70079192561186,28.93745436956358,14.85558410014005
2025-12-24,28.40642341135641,12.58141768826746,24.68747868294261,28.35491425975338,21.70754598472347,28.94646073569167,14.86020768685033
2025-12-25,28.18251880865333,12.62058773088349,24.49288747988271,28.13141566156408,21.53644315389595,28.71829946044664,14.74307682352316
2025-12-26,28.42999231690411,12.6362557479299,24.70796196747524,28.37844042798383,21.72555680902111,28.97047771203325,14.87253725141109
2025-12-29,28.17368046907295,12.52889066111938,24.48520624818298,28.12259334847766,21.52968909478434,28.70929309431855,14.73845323681287
2025-12-30,27.58445783038063,12.26686220433553,23.97312413486743,27.53443914271633,21.07941848734348,28.108868685779,14.43021412279399
2025-12-31,27.40179881238602,12.18563338273254,23.81437867973961,27.35211133893032,20.93983459903682,27.92273711913174,14.33465999744814
2026-01-05,27.91739808237372,12.43980098581287,24.26247613299638,27.86677567668177,21.33384389407793,28.5051487954151,14.60438463417036
2026-01-06,28.10459185189893,12.52213818778806,24.42516265385158,28.0536300091679,21.47689313689101,28.69382015731048,14.70231101696577
2026-01-07,28.17266231354446,12.55246731449175,24.48432138870802,28.12157703916285,21.5289110433685,28.76331775381623,14.73792061070956
2026-01-08,27.96845092860787,12.46147993438067,24.30684518413871,27.91773594917798,21.37285732393605,28.55482496429899,14.6310918294782
2026-01-09,28.19818873666154,12.56384073700564,24.50650591427918,28.14705717541096,21.54841775829756,28.78937935250589,14.75127420836348
2026-01-12,28.68319077588596,12.77993576476947,24.9280119001313,28.63117976412503,21.91904534194963,29.28454972760935,15.00499256378796
2026-01-13,28.13011827501601,12.53351161030194,24.44734717942275,28.07911014541601,21.49639985182007,28.71988175600015,14.71566461461969
2026-01-14,28.35134727536399,12.63208127208895,24.63961306770617,28.29993799289961,21.66545804787189,28.94574894464382,14.831395794287
2026-01-15,28.52152342947781,12.70790408884819,24.78750990484726,28.469805567887,21.7955028140656,29.11949293590819,14.92041977864646
2026-01-16,28.47047058324367,12.68515724382042,24.74314085370493,28.41884529539078,21.75648938420748,29.06736973852888,14.89371258333862
2026-01-19,28.23222396748431,12.57900530035749,24.5360852817074,28.18103069040843,21.57442671153629,28.82412815075876,14.76907900523537
2026-01-20,27.70871106458393,12.37049255426958,24.08111024161025,27.65846706947472,21.17436999729458,28.28963951043218,14.49521452215035
2026-01-21,28.51946981920129,12.41385562317419,24.78572515147685,28.46775568140638,21.79393349156178,29.11739627055691,14.91934547672626
2026-01-22,28.42052976779036,12.3707893417408,24.69973824722194,28.36899503723845,21.71832574310884,29.0163818862705,14.8675871229475
2026-01-23,29.17907016194085,12.70096416606345,25.3589711798429,29.12615997585926,22.29798514791476,29.79082549913296,15.26440116858463
2026-01-26,30.02280893369518,13.06822384384262,26.09224839112779,29.96836880251357,22.9427512249996,30.65225372068649,15.70578490775346
2026-01-27,30.05029228130933,13.08018669979634,26.11613364230971,29.99580231478243,22.96375337734764,30.6189526453334,15.68872190379106
2026-01-28,30.93921367654133,13.49410151579501,26.88867820653768,30.94500183928534,23.64304699289267,31.04083540568246,15.90488871327626
2026-01-29,30.72896287790304,14.21210255985246,26.70595326315818,32.65685300486282,23.48237809017045,30.82989402550793,15.79680530853366
2026-01-30,30.48636580255118,14.09990175016942,26.49511679002798,30.20155365679896,23.29699089472173,30.58650012530655,15.67209368767682
2026-02-02,29.80960082801125,13.7730981918326,25.93288619501412,27.18112395599637,22.77982241515164,29.90751227504477,15.3395293653919
2026-02-03,29.77979122718324,14.48760893775528,26.90503911685258,28.59120648661629,22.75704259273648,29.87760476276973,15.94645925356187
2026-02-04,31.05133287908274,15.10620287148212,28.05383420483948,29.81199778258101,23.72872595041905,31.15332287056406,15.88137641569072
2026-02-05,30.06838832120987,14.62800890923036,27.16577687839568,28.86828496053188,22.97758196155882,30.16714977150507,15.37864397002976
2026-02-06,29.5940604240968,14.39725252046934,26.73723758714663,28.41288865686863,22.61511131577161,29.69126391556381,15.13604633636779
2026-02-09,30.59780968931232,14.90046825981567,27.61641950344999,29.37657581920073,23.40555935056058,30.69831005629213,15.66508454953426
2026-02-10,30.56721187962301,14.83096332344187,28.63610268511583,29.34719924338153,23.29638144520299,30.66761174623584,15.59201297313005
2026-02-11,32.04870879564826,14.95468211018723,30.02400479349435,30.76956597228924,23.44373668050602,32.15397472899109,15.69063621837128
2026-02-12,31.47425080780173,14.90185835854314,29.48583866983737,30.21803601618216,23.02351875887431,31.57762989894313,15.40938896540047
2026-02-13,31.91265295642145,14.670893454973,29.89654439578612,30.63894045636915,23.34421138327746,32.017472006085,15.6240250268782
2026-02-24,31.82194906360358,14.6291950368158,29.81157079731397,30.55185677908908,23.27786118512509,31.92647019081427,15.5796175658828
2026-02-25,32.3014400756698,14.87938554575897,30.2607695633706,31.07435884276947,23.62861044929126,32.40753612027377,15.81437020719144
2026-02-26,32.71135682789911,14.75429029128739,30.64478948168749,30.81310781092928,23.92846591184572,32.81879926900821,16.01506018444006
2026-02-27,33.38362030155518,14.78903897308505,31.27458214772718,30.885677541996,24.42022887043504,33.49327083293269,16.3441917471278
2026-03-02,32.10468003459972,14.71259187313019,30.07644000257849,30.72602413364921,23.48467982726513,32.21012980888123,15.7180390181121
2026-03-03,31.14045745333585,13.88557324634583,29.17313298991678,28.99886453426128,22.77934781402603,31.24274017990214,15.2459680260288
2026-03-04,29.84683484641549,13.30874512850464,27.96123607391924,27.79420699855373,21.83305859052044,29.94486859084715,14.61262701193451
2026-03-05,30.68931046562601,13.71182983735752,28.75048759075456,28.57874384716983,22.49432093947615,30.79011137247099,15.05520266033775
2026-03-06,31.65719264916104,13.78132720095284,29.65722300725094,29.48006279431492,22.56311502591751,31.76117262390748,15.10124578900094
2026-03-09,33.2355851330797,13.42689064661669,31.13589922492197,30.94990600042846,23.68808689456627,33.34474943394238,15.85417714066327
2026-03-10,32.44638889112037,13.60117613504105,30.39656111608645,30.21498439737169,23.12560096024189,32.55296102892493,15.4777114648321
2026-03-11,33.4142710746554,14.00690190318133,31.30329653258284,31.11630334451678,23.81544220045103,33.52402228036142,15.93941465217221
2026-03-12,33.2355851330797,13.93199868444774,31.13589922492197,30.94990600042846,23.68808689456626,33.34474943394238,15.85417714066327
2026-03-13,34.52627836056636,14.4875308900552,32.31267439822662,32.1840196357502,24.60800610779839,34.63968202183874,16.45338264031922
2026-03-16,34.52627836056636,14.11925673128171,32.53382578194072,31.36589936064927,24.60800610779839,34.63968202183874,16.24318389894132
2026-03-17,34.52627836056636,14.04435351254812,32.33724677419486,31.19950201656095,24.60800610779839,34.63968202183874,16.16965394212047
2026-03-18,34.52627836056636,14.05059544744259,32.75497716565482,31.21336846190164,24.60800610779839,34.63968202183874,16.49077447564868
2026-03-19,34.52627836056636,14.00690190318133,32.16524014241723,31.11630334451679,24.60800610779839,34.63968202183874,16.31786341913349
2026-03-20,34.49175208220579,13.76346644229716,31.88020058118572,30.57551197622973,24.58339810169059,34.6050423398169,16.50559542334998
2026-03-23,34.88281503098363,13.9195148146588,32.24165410251435,30.92217310974707,24.86212143617688,34.99738975863568,15.91544504714774
2026-03-24,35.070525246397,13.9944180333924,32.4151517927521,31.0885704538354,24.9959086367303,35.1857165196687,16.00108869762567
2026-03-25,33.77219625645456,13.47633743715173,31.21512610194102,29.93765549055781,24.07054716623582,33.88312308919033,15.40872011515335
2026-03-26,33.80348129235679,13.48882130694066,31.24404238364732,29.9653883812392,24.09284503299473,33.91451088269584,15.42299405689968
2026-03-27,33.16022966917109,13.2453858460565,30.6188145405939,29.3951724159392,23.65803663119612,33.26914646042919,15.14465219284642
2026-03-30,33.16022966917109,13.32653099968455,30.09090394506642,29.3951724159392,23.77916979236385,33.26914646042919,15.2374328141975
2026-03-31,33.16022966917109,12.90788442631273,30.01891613658539,29.3951724159392,23.77916979236385,33.26914646042919,14.75875617773463
2026-04-01,33.16022966917109,12.90788442631273,31.26670481692308,29.3951724159392,23.77916979236385,33.26914646042919,14.75875617773463
2026-04-02,33.16022966917109,12.90788442631273,30.81078202987662,29.3951724159392,23.77916979236385,33.26914646042919,14.75875617773463
2026-04-03,33.16022966917109,12.90788442631273,30.74916046581687,29.3951724159392,23.77916979236385,33.26914646042919,14.75875617773463
2026-04-07,33.16022966917109,12.90788442631273,30.78536243824686,29.3951724159392,23.77916979236385,33.26914646042919,14.75875617773463
2026-04-08,33.16022966917109,12.90788442631273,32.30305203508566,29.3951724159392,23.77916979236385,33.26914646042919,14.75875617773463
2026-04-09,33.16022966917109,12.90788442631273,31.58494237956111,29.3951724159392,23.77916979236385,33.26914646042919,14.75875617773463
2026-04-10,33.16022966917109,12.90788442631273,31.69149399240781,29.3951724159392,23.77916979236385,33.26914646042919,14.7439974215569
2026-04-13,33.16022966917109,12.90788442631273,32.39169030540049,29.3951724159392,23.77916979236385,33.26914646042919,14.6454851893416
2026-04-14,33.16022966917109,12.90788442631273,32.13292210277277,29.3951724159392,23.75539062257149,33.26914646042919,14.84559637038161
2026-04-15,33.12706943950192,12.90788442631273,31.85597923932518,29.36577724352326,23.49441590868972,33.23587731396876,14.68250390321404
2026-04-16,34.19324968634434,12.90788442631273,32.88125000379221,30.31090194546519,24.25057341301383,34.30555949468037,15.15505387218675
2026-04-17,34.62726996382001,12.89497654188641,33.29861686366375,30.69564297457429,24.55838974220771,34.7410053381559,15.34741934628184
2026-04-20,34.64614041066678,12.90200377705911,33.31676324887555,30.71237084540513,24.57177306086832,34.7599377661331,15.35578306254684
2026-04-21,34.66159530663428,12.93362633533621,33.33162513836402,30.78764626414387,24.58273399885135,34.77544342464642,15.36263294616788
2026-04-22,34.76404337158001,13.20417488948478,33.43014225699958,31.43166929113085,24.65539232594156,34.87822798649267,15.40803974305311
2026-04-23,34.37132578928809,13.09876636189443,33.05249330222994,31.18075122866839,24.37686873876245,34.48422049941539,15.23398035499308
2026-04-24,34.40482630652535,12.90903101223179,33.08470840002378,30.72909871623596,24.40062801172095,34.51783105113913,15.24882837757455
2026-04-27,35.18123987620717,12.8317314253322,33.8313308744954,30.54509213709682,24.95127688081479,35.29679479841448,15.59294862304873
2026-04-28,35.35108034457507,12.65605054601495,33.99465454078607,30.12689536632605,25.07173132092908,35.46719311813097,15.66822492674621
2026-04-29,35.22976572431228,12.9793033639587,33.87799477914988,30.89637742454426,24.98569243513316,35.3454800326192,15.61445613839086
2026-04-30,35.25616378568147,12.93581180547492,33.90337994328191,30.85455774746719,25.00441449668235,35.37196480002656,15.62615622673699
2026-05-06,36.18320306115208,13.29119125068027,34.79484859454197,31.66585948276247,25.66189029125491,36.30204899238291,16.03703645281275
2026-05-07,36.67357816655824,13.65545518201576,35.26640793986314,32.09501300892744,26.00967465228088,36.79403476464893,16.25437938477097
2026-05-08,36.74515964638888,13.68210864040616,35.33524282849008,32.15765779684337,26.06044174659243,36.79211965548748,16.25353335331308
2026-05-11,37.55274190183802,13.98281295796668,36.11183804197909,32.9302768478065,26.63319610461527,38.1551487861821,16.85567423686987
2026-05-12,37.48614215688923,13.89814757908751,36.04779373838298,32.53352652433895,26.58596216168841,38.08748067331073,16.82578071782804
2026-05-13,38.51368107895625,14.00235112232341,37.03590585100871,32.80498727197464,27.3147144239885,39.13150298618321,17.28699501161622
2026-05-14,37.68594139173559,13.80535432383595,36.23992664917132,32.9302768478065,26.72766399046898,38.29048501192482,16.91546127495352
2026-05-15,37.77156963524118,13.80904876351868,36.32226932522347,32.6588161001708,26.78839334566066,38.37748687133087,16.95389579943587
2026-05-18,37.24975111931815,13.45587616087114,35.8204730573617,31.82355226129176,26.4183086551226,37.84729754011046,16.75318217158361
2026-05-19,37.1519827436769,13.42055890060639,35.72645606770983,31.74002587740385,26.348969262327,37.74796080116004,16.71541384552562
2026-05-20,37.46972996451097,13.53533999646684,36.0320112840784,32.01148662503954,26.57432228891269,38.07080520274891,16.85837462183604
2026-05-21,38.15410859399975,13.78256081832011,36.69013021164147,32.59617131225487,27.05969803848188,38.76616237540185,17.16629014004309
2026-05-22,38.81404512957823,14.0209523251072,37.32474489179158,33.15997440349823,27.52773893985216,39.4366853633172,17.46320867545703
2026-05-25,40.20724448246611,14.52422328387994,38.6644869943307,34.35022537390088,28.51582528718942,40.8522338933607,18.09003669466424
2026-05-26,39.44953957124638,14.2505145168281,37.93585532452872,33.70289589876962,27.97844499302354,40.08237416649494,17.74913022807786
2026-05-27,40.30501285810736,14.55954054414469,38.75850398398256,34.43375175778878,28.58516467998502,40.95157063231112,18.13402462583667
2026-05-28,40.23168657637642,14.53305259894612,38.68799124174366,34.37110696987285,28.53316013538832,40.8770680780983,18.10103367745734
2026-05-29,41.40490708407148,14.95685972212317,39.81619511756607,35.37342357652771,29.36523284893549,42.06910894550335,18.62888885152658
2026-06-01,43.11585365779344,15.57491177675636,41.46149243647377,36.83513529456604,30.57867222285844,43.80750187713573,19.3986776470442
2026-06-02,42.32221886852556,15.3188616398369,40.69830952297473,36.22956901137874,30.01580970184018,43.00113589870569,19.04160561575195
2026-06-03,43.41581625530917,15.07164081798362,41.74994542796117,35.6448843241634,30.79141201971719,44.11227636120455,19.53363676861376
2026-06-04,42.80146969666037,14.77144410573321,41.15917143106996,34.93491006111621,30.35570449094449,43.48807468738811,19.25723006797443
2026-06-05,41.89882686711012,14.48890602361519,40.29116313075256,34.19816559203294,29.71553117005417,42.57095200291685,18.85111315747935
2026-06-08,40.83763387222263,13.85319533884962,39.27068825669857,33.33201117965832,28.96291072993926,41.49273575131459,18.37366138318511
2026-06-09,43.03320558578298,14.38062330364345,41.38201558232753,35.1240547914679,30.52005646810804,43.72352799600892,19.3614926403456
2026-06-10,41.16696962925668,13.75697382363851,39.58738735554292,33.60081772142976,29.19648259066458,41.82735458801874,18.52183607175919
2026-06-11,41.24015535304203,13.78143066599164,39.65776493306389,33.66055250849008,29.24838744860354,41.90171432950856,18.55476378033121
2026-06-12,41.93541972900281,14.01377066834642,40.32635191951305,34.22803298556311,29.74148359902365,42.60813187366175,18.86757701176536
2026-06-15,44.8079593875776,14.97370173070698,43.08867183721093,36.57262337768065,31.7787492731278,45.52675172713684,20.159989573217
2026-06-16,44.93603440420196,15.01650120482497,43.21183259787263,36.67715925503622,31.86958277452098,45.65688127474402,20.21761306321803
2026-06-17,44.99092369704097,15.03484383658982,43.26461578101335,36.72196034533145,31.9085114179752,45.71265108086137,20.24230884464704
2026-06-18,46.25337743233818,15.42581091844703,44.47862899325,37.75238542212197,32.80387021742224,46.99535662156061,20.81031181751433
2026-06-22,47.63281854710625,15.34666821694814,45.75928977139899,38.9172137697982,33.74838291733748,48.39692620903131,21.4094973303993
2026-06-23,47.58518572855915,15.34666821694814,45.7825720244149,36.5427559841505,32.3810300748634,48.39692620903131,20.58323447384815
2026-06-24,47.99355879774581,15.33132154873119,46.17547517623866,36.85636361621717,32.65892203709149,48.34852928282228,20.77627685626274
2026-06-25,50.42435087623779,16.1078268945948,48.51418441328478,38.72307571185216,34.31304085987772,50.69570541227611,21.78490280247679
2026-06-26,49.04366097565433,15.66677185814427,47.18579756664258,37.66278324153149,33.37350136853514,48.52219192630679,20.85090297652214
2026-06-29,48.36303919367658,15.44935036130246,46.53095898026967,37.1401038547537,32.910348098155,47.84880702645718,20.56153675757754
2026-06-30,48.94642929251466,15.63571164430972,47.09224919716074,37.58811475770609,33.30733661562369,48.42599408347113,20.80956494524434
2026-07-01,48.20746850065309,15.39965401916719,46.38128158909872,37.02063428063305,32.80448449349667,47.69489047792012,20.49539590753306
2026-07-02,46.41840553088299,14.82814608461157,44.65999159063277,35.6467341782457,31.587053039926,45.92485016974398,19.73477613202155
2026-07-03,47.50740038204739,15.17602047955847,45.70773332882943,36.48302119709017,32.32809827253423,47.00226600950337,20.1977620823329
2026-07-06,47.98441901953066,15.34374563426501,46.12046873498334,36.84934477873759,32.68538793825606,47.47421262645511,20.42098745123302
2026-07-07,47.93643460051113,14.97102306825047,45.84690932397433,36.81249543395885,31.82762808151203,47.42673841382866,19.88508121374763
2026-07-08,48.58271847006708,14.52570657046184,46.46502200198235,37.30880522828001,32.25673138898012,48.06615050773895,20.15317389398876
2026-07-09,48.0701485045572,14.37245370297531,45.97479470563116,36.91518021899082,31.91640807616061,47.55903057118941,19.940548664832
2026-07-10,47.78043504579074,14.28583251700467,45.69770971204136,36.69269651808823,31.72405142108871,47.27239756357445,19.82036918748253
2026-07-13,49.16214538759998,14.69894894240312,47.01919198916195,37.75377263008518,32.64144469912392,48.63941652296885,20.39353284868771
2026-07-14,49.09528843557695,14.67895943794836,46.95524929833353,37.7024302375692,32.59705470179963,48.57327044428848,20.36579912314552
2026-07-15,49.71928665445854,14.86552814619282,47.55204774606542,38.18162590105169,33.01136134349295,49.19063384530531,20.62464722820593
2026-07-16,47.8695776484881,14.31248518961102,45.78296663314591,36.76115304144287,31.78323808418775,47.36059233514828,19.85734748820544
2026-07-17,47.31243638162954,14.14590598582132,45.25011087624245,36.33329977047636,31.41332143981871,46.80937501281183,19.62623310868722
2026-07-20,48.58271847006707,14.52570657046184,46.46502200198235,37.30880522828001,32.25673138898012,48.06615050773895,20.15317389398876
2026-07-21,48.9615745315309,14.63898042903883,46.82736391667671,37.59974545253724,32.50827470715107,48.44097828692774,20.31033167206115
2026-07-22,49.31814494232038,14.74559111946424,47.16839160109492,37.87357154595581,32.74502135954725,48.79375737322307,20.45824487495281
2026-07-23,49.98671446255065,14.94548616401188,47.80781850937908,38.38699547111563,33.18892133279009,49.4552181600268,20.73558213037467
2026-07-24,51.03414004424477,15.25865506713651,48.80958733235759,39.19135962053267,33.88436462420389,50.49150672601935,21.17007716386892
2026-07-27,50.23185661996843,15.01878101367935,48.0422750424166,38.57525091034089,33.35168465631247,49.69775378185485,20.83727245736269
2026-07-28,47.26786508028084,14.13257964951814,45.20748241569015,36.29907150879904,31.38372810826919,46.7652776270249,19.60774395832576
2026-07-29,47.46843593634993,14.19254816288244,45.3993104881754,36.45309868634698,31.51689810024205,46.96371586306603,19.69094513495232
2026-07-30,46.48590616941951,13.91269510051574,44.41510459094442,35.69857088593212,30.86454269956436,45.99163309077925,19.30267297736171
2026-07-31,46.48590616941951,13.90603193236415,46.11436320985919,35.69857088593212,30.86454269956436,45.99163309077925,19.29342840218098
2026-08-03,46.48590616941951,13.93872143531584,46.43663639620508,35.69857088593212,30.86454269956436,45.99163309077925,19.31942414758919
2026-08-04,46.48590616941951,13.93872143531584,47.6887556178461,35.69857088593212,30.86454269956436,45.99163309077925,19.55079449666212
2026-08-05,46.43942026325009,13.93872143531584,49.43376952620054,35.66287231504619,30.8336781568648,45.94564145768847,19.97146785861289
2026-08-06,45.85250815881723,13.93872143531584,48.80901414514272,35.21215670916882,30.4439950206011,45.36496984368925,19.71906384144243
2026-08-07,46.34160157917795,13.93872143531584,49.32964362935757,35.58775304739996,30.76873096748751,45.84886285535526,19.92940052241781
2026-08-10,47.02633236768295,13.92478271388053,50.05852490725837,36.11358792092354,31.22336129312849,46.52631307168768,20.22387187578335
2026-08-11,46.09705486899759,13.64961800086573,49.06932888725014,35.39995487828439,30.60636299404431,45.60691634952224,19.82423218193012
2026-08-12,46.95296835462884,13.90305918390568,49.98043048462614,36.05724847018887,31.17465090109553,46.45372911993778,20.19232137363704
2026-08-13,47.71106315618795,14.12753566031249,50.78740618515916,36.63942279444713,31.67799161876946,47.20376328802011,20.51834322914889
2026-08-14,47.44206177498955,14.04788271707136,50.50105996884099,36.43284480842,31.49938684798193,46.93762213160379,20.40265805461243
2026-08-17,48.68924999690939,14.41718272664385,51.82866515358888,37.3906154709094,32.32746351254229,48.17154931135214,20.93901659109966
2026-08-18,48.05342855044046,14.22891213352847,51.15184682410957,36.90234023120892,31.90530678158995,47.54248839618632,20.66557890583166
2026-08-19,46.46387493426812,13.75823565073999,49.45980100041128,35.68165213195773,30.84991495420911,45.96983610827176,19.98198469266165
2026-08-20,46.85514967055669,13.87409447727254,49.87630458778316,35.98212920254264,31.10970371171824,46.35695051760457,20.15025403744196
2026-08-21,46.02926652093559,13.65685917752401,48.99716964073795,35.34789722580555,30.56135459180584,45.53984877810533,19.79507951794692
2026-08-24,46.89219269346272,13.62954545916896,49.91573609331251,36.01057616825781,31.13429860630924,46.39359967126112,20.16618454512616
2026-08-25,46.74020001534714,13.58536771876388,49.75394313859767,35.89385430907587,31.03338233102739,46.24322309348936,20.10081945511164
2026-08-26,46.66175218148104,13.56256630436125,49.67043709745453,35.83361076885294,30.98129651152708,46.16560937592975,20.06708263445898
2026-08-27,46.31363991870021,13.46138502794961,49.29987903988184,35.56628005911367,30.75016568749446,45.82119850425894,19.91737549281281
2026-08-28,46.45582661758252,13.50271259155436,49.45123373945379,35.67547147576774,30.84457123533877,45.96187336733576,19.97852348024576
2026-08-31,44.78881014792785,13.01818253549859,47.67673036516204,34.39529624603043,29.73774757095722,44.31258186919389,19.26161604137678
2026-09-01,44.61604840579623,12.9939560326958,47.49282918605457,34.26262490957448,29.62304157496267,44.14165705969823,19.18731912809447
2026-09-02,44.18251688347543,12.66076466438384,47.03134415382844,33.92969699537075,29.3351962195659,43.71273517022925,19.00087707488526
2026-09-03,44.99303233824909,12.89302271923389,47.89412051842513,34.55212744366467,29.87334188400334,44.51463261575821,19.3494426526242
2026-09-04,45.70930180990952,13.09827402351997,48.65657404992916,35.10218225843603,30.3489124711806,45.22328617227216,19.6574773492307
2026-09-07,45.67160341666423,13.08747132329439,48.61644491669211,35.07323200502702,30.32388244027653,45.18598861666617,19.60198246678417
2026-09-08,46.15318154117615,13.23870912645256,49.07989627644687,35.47853555275329,30.64362857006053,45.66244624075499,19.63229125017946
2026-09-09,46.10702835963497,12.93083217002343,49.27188139575334,34.65345333059624,30.61298494149047,45.66244624075499,19.63229125017946
2026-09-10,44.37368142882161,12.44471065987217,47.41955502749193,33.35069192719035,29.46212084594571,45.61678379451423,19.61265895892928
2026-09-11,44.7781290460114,12.5581390122408,47.8517645134196,33.65466958798506,29.73065580157283,46.03256177180799,19.79142017339869
2026-09-14,44.1233090943708,12.37449310840588,47.15199677429862,33.16251528003173,29.29588492103369,45.35939742761811,19.50199725473393
2026-09-15,44.43145965984873,12.46091471021055,47.48129923976731,33.39411730730389,29.50048298246387,45.67618064841334,19.63819627528205
2026-09-16,45.89517484586889,12.87141731878272,49.04548595074361,34.49422693684662,30.47232377425722,47.18090094719072,20.28514162288562
2026-09-17,45.70258074244519,12.81740381765481,48.83967190982568,34.34947566980153,30.34444998586336,46.9829114341937,20.20001723504305
2026-09-18,44.23310699273266,12.41770390930822,47.2220147110189,33.24503797737414,29.39818395174878,45.47227124897771,19.57009676500799
2026-09-21,44.23310699273266,12.39069715874426,47.59800834039004,33.24503797737414,29.3049128104943,45.47227124897771,19.5275345710867
2026-09-22,44.23310699273266,12.54733631201522,47.53060800090277,33.24503797737414,29.3049128104943,45.47227124897771,19.73484650523851
2026-09-23,44.23310699273266,12.44471065987218,47.58244072500408,33.24503797737414,29.3049128104943,45.47227124897771,19.89604128416111
2026-09-24,44.18887388573992,12.51320518065249,46.45269467049189,33.21179293939677,29.2756078976838,45.42679897772874,19.65424911577722
