date,strategy_return,buy_hold_return,strategy_nav,buy_hold_nav,strategy_scale,strategy_vs_cost,annual_rebalance_cost
2006-07-03,0.0000000000,0.0000000000,1.0000000000,1.0000000000,1.0000000000,0.0000000000,0.0000000000
2006-07-05,-0.0084310396,-0.0084310396,0.9915689604,0.9915689604,1.0000000000,0.0000000000,0.0000000000
2006-07-06,0.0036817436,0.0036817436,0.9952196631,0.9952196631,1.0000000000,0.0000000000,0.0000000000
2006-07-07,-0.0059580263,-0.0059580263,0.9892901182,0.9892901182,1.0000000000,0.0000000000,0.0000000000
2006-07-10,-0.0022546148,-0.0022546148,0.9870596500,0.9870596500,1.0000000000,0.0000000000,0.0000000000
2006-07-11,0.0093204422,0.0093204422,0.9962594825,0.9962594825,1.0000000000,0.0000000000,0.0000000000
2006-07-12,-0.0056401637,-0.0056401637,0.9906404159,0.9906404159,1.0000000000,0.0000000000,0.0000000000
2006-07-13,-0.0090222667,-0.0090222667,0.9817025939,0.9817025939,1.0000000000,0.0000000000,0.0000000000
2006-07-14,-0.0025049386,-0.0025049386,0.9792434891,0.9792434891,1.0000000000,0.0000000000,0.0000000000
2006-07-17,-0.0076962155,-0.0076962155,0.9717070202,0.9717070202,1.0000000000,0.0000000000,0.0000000000
2006-07-18,-0.0006403327,-0.0006403327,0.9710848044,0.9710848044,1.0000000000,0.0000000000,0.0000000000
2006-07-19,0.0138451302,0.0138451302,0.9845295999,0.9845295999,1.0000000000,0.0000000000,0.0000000000
2006-07-20,-0.0104288690,-0.0104288690,0.9742620698,0.9742620698,1.0000000000,0.0000000000,0.0000000000
2006-07-21,-0.0072944770,-0.0072944770,0.9671553374,0.9671553374,1.0000000000,0.0000000000,0.0000000000
2006-07-24,0.0111728254,0.0111728254,0.9779611952,0.9779611952,1.0000000000,0.0000000000,0.0000000000
2006-07-25,0.0033785312,0.0028820337,0.9812652676,0.9807797123,1.2214182904,0.0001328510,0.0000000000
2006-07-26,0.0018966863,0.0015600493,0.9831264200,0.9823097770,1.2214182904,0.0000000000,0.0000000000
2006-07-27,0.0032246574,0.0026472862,0.9862966659,0.9849102321,1.2214182904,0.0000000000,0.0000000000
2006-07-28,0.0121960760,0.0099923691,0.9983256149,0.9947518187,1.2214182904,0.0000000000,0.0000000000
2006-07-31,-0.0004772024,-0.0003835016,0.9978492116,0.9943703298,1.2214182904,0.0000000000,0.0000000000
2006-08-01,-0.0027244287,-0.0022233516,0.9951306426,0.9921594949,1.2214182904,0.0000000000,0.0000000000
2006-08-02,0.0089954000,0.0073719106,1.0040822408,0.9994736060,1.2214182904,0.0000000000,0.0000000000
2006-08-03,-0.0000862985,-0.0000634607,1.0039955900,0.9994101788,1.2214182904,0.0000000000,0.0000000000
2006-08-04,-0.0008236315,-0.0005541554,1.0031686676,0.9988563502,1.3370030593,0.0000693509,0.0000000000
2006-08-07,-0.0016278174,-0.0012075098,1.0015356922,0.9976502214,1.3370030593,0.0000000000,0.0000000000
2006-08-08,-0.0065123074,-0.0048608223,0.9950133838,0.9928008209,1.3370030593,0.0000000000,0.0000000000
2006-08-09,0.0018867966,0.0014212157,0.9968907717,0.9942118050,1.3370030593,0.0000000000,0.0000000000
2006-08-10,-0.0023564242,-0.0014925232,0.9945416741,0.9927279208,1.5000000000,0.0000977982,0.0000000000
2006-08-11,-0.0080422620,-0.0053482805,0.9865433094,0.9874185335,1.5000000000,0.0000000000,0.0000000000
2006-08-14,0.0000101989,0.0000200267,0.9865533710,0.9874383083,1.5000000000,0.0000000000,0.0000000000
2006-08-15,0.0163389001,0.0109058276,1.0026725680,0.9982071402,1.5000000000,0.0000000000,0.0000000000
2006-08-16,0.0144528517,0.0096484620,1.0171640459,1.0078383038,1.5000000000,0.0000000000,0.0000000000
2006-08-17,-0.0045771014,-0.0030381734,1.0125083829,1.0047763163,1.5000000000,0.0000000000,0.0000000000
2006-08-18,0.0037628553,0.0025217977,1.0163183054,1.0073101589,1.5000000000,0.0000000000,0.0000000000
2006-08-21,0.0008208079,0.0005604328,1.0171525075,1.0078746885,1.5000000000,0.0000000000,0.0000000000
2006-08-22,-0.0018052889,-0.0011902984,1.0153162534,1.0066750169,1.5000000000,0.0000000000,0.0000000000
2006-08-23,-0.0064037753,-0.0042559560,1.0088143963,1.0023906523,1.5000000000,0.0000000000,0.0000000000
2006-08-24,0.0008393822,0.0005728156,1.0096611771,1.0029648373,1.5000000000,0.0000000000,0.0000000000
2006-08-25,0.0014838962,0.0010024917,1.0111594095,1.0039703012,1.5000000000,0.0000000000,0.0000000000
2006-08-28,0.0012015455,0.0008142579,1.0123743636,1.0047877919,1.5000000000,0.0000000000,0.0000000000
2006-08-29,0.0021696097,0.0014596340,1.0145708208,1.0062544143,1.5000000000,0.0000000000,0.0000000000
2006-08-30,0.0051810058,0.0034672314,1.0198273181,1.0097433311,1.5000000000,0.0000000000,0.0000000000
2006-08-31,0.0030863567,0.0020707987,1.0229748690,1.0118343063,1.5000000000,0.0000000000,0.0000000000
2006-09-01,0.0050929737,0.0034085433,1.0281848530,1.0152831873,1.5000000000,0.0000000000,0.0000000000
2006-09-05,0.0088362095,0.0059040339,1.0372701098,1.0212774536,1.5000000000,0.0000000000,0.0000000000
2006-09-06,-0.0155151171,-0.0103301839,1.0211767426,1.0107274697,1.5000000000,0.0000000000,0.0000000000
2006-09-07,-0.0117045124,-0.0077897808,1.0092243667,1.0028541243,1.5000000000,0.0000000000,0.0000000000
2006-09-08,0.0009792074,0.0006660324,1.0102126067,1.0035220577,1.5000000000,0.0000000000,0.0000000000
2006-09-11,-0.0088574091,-0.0058917119,1.0012647403,0.9976095948,1.5000000000,0.0000000000,0.0000000000
2006-09-12,0.0112811300,0.0075339809,1.0125601380,1.0051255664,1.5000000000,0.0000000000,0.0000000000
2006-09-13,0.0056788970,0.0037991589,1.0183103628,1.0089441981,1.5000000000,0.0000000000,0.0000000000
2006-09-14,-0.0059556557,-0.0039572096,1.0122456569,1.0049515945,1.5000000000,0.0000000000,0.0000000000
2006-09-15,0.0028499912,0.0019132217,1.0151305482,1.0068742896,1.5000000000,0.0000000000,0.0000000000
2006-09-18,0.0054731992,0.0036620270,1.0206865599,1.0105614905,1.5000000000,0.0000000000,0.0000000000
2006-09-19,-0.0103011756,-0.0068542229,1.0101722884,1.0036348768,1.5000000000,0.0000000000,0.0000000000
2006-09-20,0.0101673238,0.0067914434,1.0204430371,1.0104510062,1.5000000000,0.0000000000,0.0000000000
2006-09-21,-0.0002394924,-0.0001464341,1.0201986488,1.0103030417,1.5000000000,0.0000000000,0.0000000000
2006-09-22,-0.0035493674,-0.0023530174,1.0165775890,1.0079257811,1.5000000000,0.0000000000,0.0000000000
2006-09-25,0.0109868242,0.0073377770,1.0277465483,1.0153217157,1.5000000000,0.0000000000,0.0000000000
2006-09-26,0.0076460697,0.0051106073,1.0356047700,1.0205106263,1.5000000000,0.0000000000,0.0000000000
2006-09-27,0.0056865485,0.0038042598,1.0414937868,1.0243929139,1.5000000000,0.0000000000,0.0000000000
2006-09-28,0.0017473545,0.0011781305,1.0433136456,1.0255997825,1.5000000000,0.0000000000,0.0000000000
2006-09-29,-0.0035380107,-0.0023454463,1.0396223908,1.0231942933,1.5000000000,0.0000000000,0.0000000000
2006-10-02,-0.0075119210,-0.0049947198,1.0318128295,1.0180837245,1.5000000000,0.0000000000,0.0000000000
2006-10-03,-0.0067747767,-0.0045032903,1.0248225280,1.0134989979,1.5000000000,0.0000000000,0.0000000000
2006-10-04,0.0144591642,0.0096526703,1.0396406052,1.0232819696,1.5000000000,0.0000000000,0.0000000000
2006-10-05,0.0048007759,0.0032137448,1.0446316868,1.0265705367,1.5000000000,0.0000000000,0.0000000000
2006-10-06,-0.0026949429,-0.0017834011,1.0418164641,1.0247397497,1.5000000000,0.0000000000,0.0000000000
2006-10-09,0.0045900855,0.0030732845,1.0465984907,1.0278890665,1.5000000000,0.0000000000,0.0000000000
2006-10-10,-0.0019693205,-0.0012996528,1.0445374028,1.0265531675,1.5000000000,0.0000000000,0.0000000000
2006-10-11,-0.0031688022,-0.0020993073,1.0412274704,1.0243981170,1.5000000000,0.0000000000,0.0000000000
2006-10-12,0.0148314665,0.0099008718,1.0566704007,1.0345405514,1.5000000000,0.0000000000,0.0000000000
2006-10-13,0.0083621300,0.0055879808,1.0655064159,1.0403215442,1.5000000000,0.0000000000,0.0000000000
2006-10-16,0.0047353144,0.0031701038,1.0705519238,1.0436194715,1.5000000000,0.0000000000,0.0000000000
2006-10-17,-0.0078119787,-0.0051947583,1.0621887950,1.0381981206,1.5000000000,0.0000000000,0.0000000000
2006-10-18,-0.0014146972,-0.0009299039,1.0606861195,1.0372326961,1.5000000000,0.0000000000,0.0000000000
2006-10-19,0.0065429581,0.0043751996,1.0676261443,1.0417707961,1.5000000000,0.0000000000,0.0000000000
2006-10-20,-0.0023389697,-0.0015460856,1.0651289991,1.0401601293,1.5000000000,0.0000000000,0.0000000000
2006-10-23,0.0015088300,0.0010191142,1.0667360978,1.0412201712,1.5000000000,0.0000000000,0.0000000000
2006-10-24,0.0017398326,0.0011731159,1.0685920401,1.0424416432,1.5000000000,0.0000000000,0.0000000000
2006-10-25,0.0090628826,0.0060551493,1.0782765643,1.0487537830,1.5000000000,0.0000000000,0.0000000000
2006-10-26,0.0076788355,0.0051324512,1.0865564727,1.0541364606,1.5000000000,0.0000000000,0.0000000000
2006-10-27,-0.0081317055,-0.0054079095,1.0777209154,1.0484357860,1.5000000000,0.0000000000,0.0000000000
2006-10-30,0.0024790366,0.0016659186,1.0803926250,1.0501823947,1.5000000000,0.0000000000,0.0000000000
2006-10-31,0.0030205002,0.0020268943,1.0836559511,1.0523110034,1.5000000000,0.0000000000,0.0000000000
2006-11-01,-0.0031263180,-0.0020709845,1.0802680980,1.0501316836,1.5000000000,0.0000000000,0.0000000000
2006-11-02,0.0016962287,0.0011440466,1.0821004797,1.0513330832,1.5000000000,0.0000000000,0.0000000000
2006-11-03,-0.0010253590,-0.0006703451,1.0809909383,1.0506283272,1.5000000000,0.0000000000,0.0000000000
2006-11-06,0.0124596103,0.0083196344,1.0944596641,1.0593691707,1.5000000000,0.0000000000,0.0000000000
2006-11-07,0.0051080147,0.0034185707,1.1000501801,1.0629906991,1.5000000000,0.0000000000,0.0000000000
2006-11-08,-0.0000531101,-0.0000221792,1.0999917564,1.0629671228,1.5000000000,0.0000000000,0.0000000000
2006-11-09,0.0029559235,0.0019838432,1.1032432478,1.0650758828,1.5000000000,0.0000000000,0.0000000000
2006-11-10,-0.0004939059,-0.0003160431,1.1026983495,1.0647392730,1.5000000000,0.0000000000,0.0000000000
2006-11-13,0.0022285773,0.0014989457,1.1051557980,1.0663352594,1.5000000000,0.0000000000,0.0000000000
2006-11-14,0.0074396217,0.0049729753,1.1133777391,1.0716381183,1.5000000000,0.0000000000,0.0000000000
2006-11-15,0.0037023310,0.0024814482,1.1174998319,1.0742973327,1.5000000000,0.0000000000,0.0000000000
2006-11-16,-0.0016265873,-0.0010711640,1.1156821209,1.0731465840,1.5000000000,0.0000000000,0.0000000000
2006-11-17,0.0029242023,0.0019626957,1.1189446011,1.0752528442,1.5000000000,0.0000000000,0.0000000000
2006-11-20,-0.0000371953,-0.0000115694,1.1189029816,1.0752404043,1.5000000000,0.0000000000,0.0000000000
2006-11-21,0.0046615802,0.0031209476,1.1241188376,1.0785961732,1.5000000000,0.0000000000,0.0000000000
2006-11-22,0.0056661929,0.0037906894,1.1304883117,1.0826847964,1.5000000000,0.0000000000,0.0000000000
2006-11-24,0.0013144228,0.0008895094,1.1319742514,1.0836478547,1.5000000000,0.0000000000,0.0000000000
2006-11-27,-0.0152583856,-0.0101590296,1.1147021517,1.0726390441,1.5000000000,0.0000000000,0.0000000000
2006-11-28,0.0045852285,0.0030700465,1.1198133158,1.0759320958,1.5000000000,0.0000000000,0.0000000000
2006-11-29,0.0083131686,0.0055553399,1.1291225127,1.0819092643,1.5000000000,0.0000000000,0.0000000000
2006-11-30,0.0062234411,0.0041621883,1.1361495402,1.0864123744,1.5000000000,0.0000000000,0.0000000000
2006-12-01,-0.0047848302,-0.0031766593,1.1307132576,1.0829612124,1.5000000000,0.0000000000,0.0000000000
2006-12-04,0.0095920917,0.0064079553,1.1415591629,1.0899007795,1.5000000000,0.0000000000,0.0000000000
2006-12-05,0.0035091692,0.0023526737,1.1455650872,1.0924649604,1.5000000000,0.0000000000,0.0000000000
2006-12-06,-0.0071120413,-0.0047281333,1.1374177810,1.0872996404,1.5000000000,0.0000000000,0.0000000000
2006-12-07,-0.0065603240,-0.0043603219,1.1299559518,1.0825586640,1.5000000000,0.0000000000,0.0000000000
2006-12-08,-0.0013883669,-0.0009123504,1.1283871584,1.0815709912,1.5000000000,0.0000000000,0.0000000000
2006-12-11,0.0050010576,0.0033472659,1.1340302876,1.0851912969,1.5000000000,0.0000000000,0.0000000000
2006-12-12,-0.0020040474,-0.0013228041,1.1317576371,1.0837558014,1.5000000000,0.0000000000,0.0000000000
2006-12-13,0.0008545025,0.0005828958,1.1327247268,1.0843875182,1.5000000000,0.0000000000,0.0000000000
2006-12-14,0.0084162516,0.0056240619,1.1422580232,1.0904861807,1.5000000000,0.0000000000,0.0000000000
2006-12-15,-0.0029995092,-0.0019864453,1.1388318097,1.0883199896,1.5000000000,0.0000000000,0.0000000000
2006-12-18,-0.0060906190,-0.0040471852,1.1318956190,1.0839153571,1.5000000000,0.0000000000,0.0000000000
2006-12-19,0.0038276030,0.0025649628,1.1362280661,1.0866955597,1.5000000000,0.0000000000,0.0000000000
2006-12-20,-0.0018967327,-0.0012512609,1.1340729452,1.0853358200,1.5000000000,0.0000000000,0.0000000000
2006-12-21,-0.0054659916,-0.0036307669,1.1278741120,1.0813952186,1.5000000000,0.0000000000,0.0000000000
2006-12-22,-0.0054400156,-0.0036134496,1.1217384592,1.0774876516,1.5000000000,0.0000000000,0.0000000000
2006-12-26,0.0046869424,0.0031378558,1.1269959828,1.0808686524,1.5000000000,0.0000000000,0.0000000000
2006-12-27,0.0067970231,0.0045445762,1.1346562005,1.0857807424,1.5000000000,0.0000000000,0.0000000000
2006-12-28,-0.0000892120,-0.0000462472,1.1345549755,1.0857305281,1.5000000000,0.0000000000,0.0000000000
2006-12-29,-0.0007803585,-0.0005070115,1.1336696159,1.0851800503,1.5000000000,0.0000000000,0.0000412051
2007-01-03,-0.0051739728,-0.0034360877,1.1278040401,1.0814512765,1.5000000000,0.0000000000,0.0000000000
2007-01-04,0.0024992191,0.0016793736,1.1306226695,1.0832674372,1.5000000000,0.0000000000,0.0000000000
2007-01-05,-0.0139252215,-0.0092702535,1.1148784984,1.0732252734,1.5000000000,0.0000000000,0.0000000000
2007-01-08,0.0046113333,0.0030874497,1.1200195748,1.0765388025,1.5000000000,0.0000000000,0.0000000000
2007-01-09,0.0013084458,0.0008855247,1.1214850597,1.0774921042,1.5000000000,0.0000000000,0.0000000000
2007-01-10,0.0023621214,0.0015879751,1.1241341435,1.0792031348,1.5000000000,0.0000000000,0.0000000000
2007-01-11,0.0061807324,0.0041337158,1.1310821159,1.0836642539,1.5000000000,0.0000000000,0.0000000000
2007-01-12,0.0143698655,0.0095931379,1.1473356138,1.0940599945,1.5000000000,0.0000000000,0.0000000000
2007-01-16,-0.0033547128,-0.0022232477,1.1434866323,1.0916276281,1.5000000000,0.0000000000,0.0000000000
2007-01-17,0.0004134498,0.0002888607,1.1439594066,1.0919429564,1.5000000000,0.0000000000,0.0000000000
2007-01-18,-0.0102589374,-0.0068260641,1.1322235986,1.0844892838,1.5000000000,0.0000000000,0.0000000000
2007-01-19,0.0071337851,0.0047690842,1.1403006384,1.0896613046,1.5000000000,0.0000000000,0.0000000000
2007-01-22,-0.0064544036,-0.0042897082,1.1329406779,1.0849869755,1.5000000000,0.0000000000,0.0000000000
2007-01-23,0.0097866069,0.0065376321,1.1440283230,1.0920802212,1.5000000000,0.0000000000,0.0000000000
2007-01-24,0.0098476301,0.0065783143,1.1552942908,1.0992642681,1.5000000000,0.0000000000,0.0000000000
2007-01-25,-0.0145795646,-0.0097064822,1.1384506030,1.0885942790,1.5000000000,0.0000000000,0.0000000000
2007-01-26,0.0000412014,0.0000406951,1.1384975087,1.0886385795,1.5000000000,0.0000000000,0.0000000000
2007-01-29,-0.0036658450,-0.0024306692,1.1343239533,1.0859924592,1.5000000000,0.0000000000,0.0000000000
2007-01-30,0.0079911354,0.0053406511,1.1433884895,1.0917923660,1.5000000000,0.0000000000,0.0000000000
2007-01-31,0.0104467867,0.0069777520,1.1553332253,1.0994106224,1.5000000000,0.0000000000,0.0000000000
2007-02-01,0.0049617747,0.0033210773,1.1610657284,1.1030618501,1.5000000000,0.0000000000,0.0000000000
2007-02-02,-0.0006100859,-0.0003934964,1.1603573786,1.1026277992,1.5000000000,0.0000000000,0.0000000000
2007-02-05,-0.0002095934,-0.0001265014,1.1601141754,1.1024883153,1.5000000000,0.0000000000,0.0000000000
2007-02-06,0.0025794402,0.0017328543,1.1631066205,1.1043987669,1.5000000000,0.0000000000,0.0000000000
2007-02-07,0.0028987901,0.0019457543,1.1664782225,1.1065476555,1.5000000000,0.0000000000,0.0000000000
2007-02-08,0.0038372557,0.0025713980,1.1709542977,1.1093930299,1.5000000000,0.0000000000,0.0000000000
2007-02-09,-0.0065148309,-0.0043299931,1.1633257285,1.1045893658,1.5000000000,0.0000000000,0.0000000000
2007-02-12,-0.0068842738,-0.0045762884,1.1553170756,1.0995344463,1.5000000000,0.0000000000,0.0000000000
2007-02-13,0.0090316473,0.0060343257,1.1657514920,1.1061693953,1.5000000000,0.0000000000,0.0000000000
2007-02-14,0.0123845888,0.0082696200,1.1801888448,1.1153169959,1.5000000000,0.0000000000,0.0000000000
2007-02-15,0.0030938800,0.0020758141,1.1838402074,1.1176321867,1.5000000000,0.0000000000,0.0000000000
2007-02-16,-0.0000027947,0.0000113644,1.1838368990,1.1176448879,1.5000000000,0.0000000000,0.0000000000
2007-02-20,-0.0008548550,-0.0005566758,1.1828248901,1.1170227220,1.5000000000,0.0000000000,0.0000000000
2007-02-21,0.0094002826,0.0062800826,1.1939437784,1.1240377170,1.5000000000,0.0000000000,0.0000000000
2007-02-22,0.0014385928,0.0009722894,1.1956613773,1.1251306069,1.5000000000,0.0000000000,0.0000000000
2007-02-23,0.0000638013,0.0000557617,1.1957376621,1.1251933461,1.5000000000,0.0000000000,0.0000000000
2007-02-26,0.0001113149,0.0000874375,1.1958707656,1.1252917302,1.5000000000,0.0000000000,0.0000000000
2007-02-27,-0.0492523678,-0.0328216844,1.1369712987,1.0883577602,1.5000000000,0.0000000000,0.0000000000
2007-02-28,0.0080264966,0.0083982221,1.1460971951,1.0974980305,0.9920289253,0.0003047826,0.0000000000
2007-03-01,-0.0048882108,-0.0049274881,1.1404948304,1.0920901219,0.9920289253,0.0000000000,0.0000000000
2007-03-02,-0.0138126633,-0.0139236497,1.1247415593,1.0768842416,0.9920289253,0.0000000000,0.0000000000
2007-03-05,-0.0093919256,-0.0094673909,1.1141780703,1.0666889575,0.9920289253,0.0000000000,0.0000000000
2007-03-06,0.0153438914,0.0154671814,1.1312738976,1.0831876292,0.9920289253,0.0000000000,0.0000000000
2007-03-07,-0.0001342201,-0.0000419884,1.1311220578,1.0831421479,0.8261426918,0.0000995317,0.0000000000
2007-03-08,0.0048700103,0.0058948779,1.1366306339,1.0895271386,0.8261426918,0.0000000000,0.0000000000
2007-03-09,-0.0013889663,-0.0016812668,1.1350518923,1.0876953528,0.8261426918,0.0000000000,0.0000000000
2007-03-12,0.0022088488,0.0026736892,1.1375590503,1.0906035121,0.8261426918,0.0000000000,0.0000000000
2007-03-13,-0.0118124813,-0.0142983547,1.1241216553,1.0750096762,0.8261426918,0.0000000000,0.0000000000
2007-03-14,0.0051188505,0.0061960852,1.1298758660,1.0816705278,0.8261426918,0.0000000000,0.0000000000
2007-03-15,0.0000156019,0.0000188853,1.1298934943,1.0816909554,0.8261426918,0.0000000000,0.0000000000
2007-03-16,0.0004565667,0.0005526487,1.1304093660,1.0822887505,0.8261426918,0.0000000000,0.0000000000
2007-03-19,0.0066296769,0.0080248569,1.1379036148,1.0909739629,0.8261426918,0.0000000000,0.0000000000
2007-03-20,0.0045831838,0.0055476903,1.1431188363,1.0970263486,0.8261426918,0.0000000000,0.0000000000
2007-03-21,0.0145734316,0.0131695855,1.1597780004,1.1114737308,1.1203648972,0.0001765333,0.0000000000
2007-03-22,-0.0010756362,-0.0009558135,1.1585305012,1.1104113693,1.1203648972,0.0000000000,0.0000000000
2007-03-23,-0.0018151712,-0.0016158975,1.1564275700,1.1086170583,1.1203648972,0.0000000000,0.0000000000
2007-03-26,0.0026875249,0.0022504281,1.1595354978,1.1111119213,1.2265272994,0.0000636974,0.0000000000
2007-03-27,-0.0038668969,-0.0028123516,1.1550516936,1.1079870839,1.3448580356,0.0000709984,0.0000000000
2007-03-28,-0.0063866957,-0.0041825128,1.1476747299,1.1033529137,1.5000000000,0.0000930852,0.0000000000
2007-03-29,0.0020170694,0.0013579405,1.1499896695,1.1048512013,1.5000000000,0.0000000000,0.0000000000
2007-03-30,-0.0009250972,-0.0006035040,1.1489258173,1.1041844192,1.5000000000,0.0000000000,0.0000000000
2007-04-02,0.0013643497,0.0009227940,1.1504933538,1.1052033539,1.5000000000,0.0000000000,0.0000000000
2007-04-03,0.0101734375,0.0067955192,1.1621978260,1.1127137845,1.5000000000,0.0000000000,0.0000000000
2007-04-04,0.0071385959,0.0047722915,1.1704942867,1.1180239790,1.5000000000,0.0000000000,0.0000000000
2007-04-05,0.0034074762,0.0022848783,1.1744827181,1.1205785277,1.5000000000,0.0000000000,0.0000000000
2007-04-09,-0.0028837220,-0.0019092538,1.1710958364,1.1184390589,1.5000000000,0.0000000000,0.0000000000
2007-04-10,0.0068017024,0.0045476958,1.1790612818,1.1235253795,1.5000000000,0.0000000000,0.0000000000
2007-04-11,-0.0067066692,-0.0044578853,1.1711537078,1.1185168322,1.5000000000,0.0000000000,0.0000000000
2007-04-12,0.0062914957,0.0042075580,1.1785220163,1.1232230566,1.5000000000,0.0000000000,0.0000000000
2007-04-13,0.0065292034,0.0043660298,1.1862168262,1.1281270819,1.5000000000,0.0000000000,0.0000000000
2007-04-16,0.0109030227,0.0072819093,1.1991501753,1.1363420011,1.5000000000,0.0000000000,0.0000000000
2007-04-17,0.0002989811,0.0002125483,1.1995086985,1.1365835286,1.5000000000,0.0000000000,0.0000000000
2007-04-18,0.0010116456,0.0006876579,1.2007221762,1.1373651092,1.5000000000,0.0000000000,0.0000000000
2007-04-19,-0.0031433705,-0.0020823528,1.1969478615,1.1349967137,1.5000000000,0.0000000000,0.0000000000
2007-04-20,0.0131468817,0.0087778153,1.2126839935,1.1449595053,1.5000000000,0.0000000000,0.0000000000
2007-04-23,-0.0033241050,-0.0022028425,1.2086529045,1.1424373398,1.5000000000,0.0000000000,0.0000000000
2007-04-24,-0.0011209023,-0.0007340407,1.2072981228,1.1415987444,1.5000000000,0.0000000000,0.0000000000
2007-04-25,0.0123534027,0.0082488293,1.2222123626,1.1510155976,1.5000000000,0.0000000000,0.0000000000
2007-04-26,-0.0028933300,-0.0019156592,1.2186760989,1.1488106440,1.5000000000,0.0000000000,0.0000000000
2007-04-27,0.0021371540,0.0014379969,1.2212805974,1.1504626301,1.5000000000,0.0000000000,0.0000000000
2007-04-30,-0.0109883307,-0.0073123263,1.2078607623,1.1420500719,1.5000000000,0.0000000000,0.0000000000
2007-05-01,-0.0003746076,-0.0002365109,1.2074082885,1.1417799647,1.5000000000,0.0000000000,0.0000000000
2007-05-02,0.0071420910,0.0047746215,1.2160317084,1.1472315319,1.5000000000,0.0000000000,0.0000000000
2007-05-03,0.0073699465,0.0049265251,1.2249937970,1.1528833969,1.5000000000,0.0000000000,0.0000000000
2007-05-04,0.0056891316,0.0038059819,1.2319629479,1.1572712502,1.5000000000,0.0000000000,0.0000000000
2007-05-07,0.0005079393,0.0003518537,1.2325887104,1.1576784404,1.5000000000,0.0000000000,0.0000000000
2007-05-08,-0.0032411177,-0.0021475176,1.2285937453,1.1551923056,1.5000000000,0.0000000000,0.0000000000
2007-05-09,0.0009182616,0.0006254019,1.2297219157,1.1559147651,1.5000000000,0.0000000000,0.0000000000
2007-05-10,-0.0174605692,-0.0116271520,1.2082502711,1.1424747684,1.5000000000,0.0000000000,0.0000000000
2007-05-11,0.0131541567,0.0087826653,1.2241437845,1.1525087420,1.5000000000,0.0000000000,0.0000000000
2007-05-14,-0.0048498518,-0.0032200070,1.2182068686,1.1487976558,1.5000000000,0.0000000000,0.0000000000
2007-05-15,-0.0005785707,-0.0003724863,1.2175020498,1.1483697444,1.5000000000,0.0000000000,0.0000000000
2007-05-16,0.0031629193,0.0021218404,1.2213529105,1.1508064017,1.5000000000,0.0000000000,0.0000000000
2007-05-17,-0.0048272189,-0.0032049184,1.2154571727,1.1471181610,1.5000000000,0.0000000000,0.0000000000
2007-05-18,0.0088531311,0.0059153149,1.2262177743,1.1539037262,1.5000000000,0.0000000000,0.0000000000
2007-05-21,0.0031248981,0.0020964929,1.2300495799,1.1563228771,1.5000000000,0.0000000000,0.0000000000
2007-05-22,-0.0032808152,-0.0021739826,1.2260140146,1.1538090513,1.5000000000,0.0000000000,0.0000000000
2007-05-23,0.0003581077,0.0002519659,1.2264530596,1.1540997719,1.5000000000,0.0000000000,0.0000000000
2007-05-24,-0.0141168510,-0.0093980065,1.2091394045,1.1432535348,1.5000000000,0.0000000000,0.0000000000
2007-05-25,0.0067650990,0.0045232935,1.2173193523,1.1484248061,1.5000000000,0.0000000000,0.0000000000
2007-05-29,0.0028817034,0.0019343631,1.2208273056,1.1506462767,1.5000000000,0.0000000000,0.0000000000
2007-05-30,0.0073089419,0.0048858555,1.2297502615,1.1562681681,1.5000000000,0.0000000000,0.0000000000
2007-05-31,0.0046062660,0.0030840715,1.2354148183,1.1598341818,1.5000000000,0.0000000000,0.0000000000
2007-06-01,0.0075708066,0.0051330676,1.2447679050,1.1657876890,1.5000000000,0.0000000000,0.0000000000
2007-06-04,0.0023172446,0.0016308926,1.2476523367,1.1676889635,1.5000000000,0.0000000000,0.0000000000
2007-06-05,-0.0041919700,-0.0027814192,1.2424222155,1.1644411311,1.5000000000,0.0000000000,0.0000000000
2007-06-06,-0.0112596409,-0.0073477046,1.2284329874,1.1558851617,1.5000000000,0.0000000000,0.0000000000
2007-06-07,-0.0215162239,-0.0144034223,1.2020017482,1.1392364596,1.5000000000,0.0000000000,0.0000000000
2007-06-08,0.0067078129,0.0045576191,1.2100645510,1.1444286654,1.5000000000,0.0000000000,0.0000000000
2007-06-11,0.0039872321,0.0028168140,1.2148893593,1.1476523081,1.5000000000,0.0000000000,0.0000000000
2007-06-12,-0.0130834347,-0.0089997990,1.1989944337,1.1373236681,1.5000000000,0.0000000000,0.0000000000
2007-06-13,0.0155760887,0.0106882771,1.2176700774,1.1494796986,1.5000000000,0.0000000000,0.0000000000
2007-06-14,0.0071342383,0.0053984748,1.2263572258,1.1556851358,1.3686326487,0.0000788204,0.0000000000
2007-06-15,0.0084470376,0.0064172750,1.2367163115,1.1631014851,1.3686326487,0.0000000000,0.0000000000
2007-06-18,0.0003985013,0.0003606548,1.2372091445,1.1635209633,1.3686326487,0.0000000000,0.0000000000
2007-06-19,0.0028321221,0.0020799960,1.2407130719,1.1659410822,1.3686326487,0.0000000000,0.0000000000
2007-06-20,-0.0137195146,-0.0099547746,1.2236910908,1.1543344015,1.3686326487,0.0000000000,0.0000000000
2007-06-21,0.0054038945,0.0039590775,1.2303037883,1.1589045009,1.3686326487,0.0000000000,0.0000000000
2007-06-22,-0.0081760846,-0.0057289356,1.2202447204,1.1522652116,1.3686326487,0.0000000000,0.0000000000
2007-06-25,-0.0048124620,-0.0036226072,1.2143723390,1.1480910074,1.3686326487,0.0000000000,0.0000000000
2007-06-26,-0.0110049189,-0.0079714345,1.2010082699,1.1389390751,1.3686326487,0.0000000000,0.0000000000
2007-06-27,0.0127954089,0.0093010565,1.2163756619,1.1495324118,1.3686326487,0.0000000000,0.0000000000
2007-06-28,0.0010947802,0.0010385653,1.2177073258,1.1507262763,1.2382794156,0.0000782119,0.0000000000
2007-06-29,0.0015512703,0.0013065718,1.2195963191,1.1522297828,1.4392519148,0.0001205835,0.0000000000
2007-07-02,0.0127135286,0.0089321229,1.2351016918,1.1625216408,1.4392519148,0.0000000000,0.0000000000
2007-07-03,0.0032060503,0.0022396919,1.2390614899,1.1651253311,1.4392519148,0.0000000000,0.0000000000
2007-07-05,0.0001534232,0.0001187101,1.2392515906,1.1652636433,1.4392519148,0.0000000000,0.0000000000
2007-07-06,0.0069687094,0.0049872840,1.2478875748,1.1710751440,1.4392519148,0.0000000000,0.0000000000
2007-07-09,0.0025951931,0.0018815959,1.2511260840,1.1732786342,1.4392519148,0.0000000000,0.0000000000
2007-07-10,-0.0093468231,-0.0064153051,1.2394320299,1.1657516938,1.4392519148,0.0000000000,0.0000000000
2007-07-11,0.0058681746,0.0040893503,1.2467052334,1.1705188608,1.4392519148,0.0000000000,0.0000000000
2007-07-12,0.0164265061,0.0114918669,1.2671842446,1.1839703078,1.4392519148,0.0000000000,0.0000000000
2007-07-13,0.0042695553,0.0030451374,1.2725945578,1.1875756600,1.4392519148,0.0000000000,0.0000000000
2007-07-16,-0.0026046901,-0.0017308784,1.2692798434,1.1855201110,1.4392519148,0.0000000000,0.0000000000
2007-07-17,0.0005755891,0.0005451387,1.2700104271,1.1861663839,1.4392519148,0.0000000000,0.0000000000
2007-07-18,0.0023346583,0.0015673283,1.2729754674,1.1880254961,1.4392519148,0.0000000000,0.0000000000
2007-07-19,0.0051273499,0.0036415518,1.2795024581,1.1923517524,1.4392519148,0.0000000000,0.0000000000
2007-07-20,-0.0057582938,-0.0038559967,1.2721347070,1.1877540479,1.4392519148,0.0000000000,0.0000000000
2007-07-23,0.0022341154,0.0015643864,1.2749768028,1.1896121542,1.4392519148,0.0000000000,0.0000000000
2007-07-24,-0.0158517766,-0.0110017890,1.2547661554,1.1765242922,1.4392519148,0.0000000000,0.0000000000
2007-07-25,-0.0001011411,0.0000083323,1.2546392469,1.1765340953,1.4392519148,0.0000000000,0.0000000000
2007-07-26,-0.0232023237,-0.0160425086,1.2255287009,1.1576595370,1.4392519148,0.0000000000,0.0000000000
2007-07-27,-0.0181714873,-0.0124807029,1.2032590216,1.1432111322,1.4392519148,0.0000000000,0.0000000000
2007-07-30,0.0129173598,0.0097799584,1.2188019514,1.1543916895,1.3033665761,0.0000815312,0.0000000000
2007-07-31,-0.0108735250,-0.0080292358,1.2055492778,1.1451228064,1.3033665761,0.0000000000,0.0000000000
2007-08-01,0.0039051567,0.0032590389,1.2102571366,1.1488548061,1.1997149034,0.0000621910,0.0000000000
2007-08-02,0.0059942044,0.0050392153,1.2175116654,1.1546441328,1.1997149034,0.0000000000,0.0000000000
2007-08-03,-0.0168480635,-0.0129661516,1.1969989516,1.1396728419,1.3038733941,0.0000624951,0.0000000000
2007-08-06,0.0097995412,0.0077796281,1.2087289921,1.1485390728,1.3038733941,0.0000000000,0.0000000000
2007-08-07,0.0063578802,0.0055859999,1.2164139463,1.1549548119,1.1609630467,0.0000857462,0.0000000000
2007-08-08,0.0108154980,0.0092609601,1.2295700689,1.1656508023,1.1609630467,0.0000000000,0.0000000000
2007-08-09,-0.0246380843,-0.0210955586,1.1992758179,1.1410607475,1.1609630467,0.0000000000,0.0000000000
2007-08-10,-0.0026373264,-0.0027055786,1.1961129361,1.1379735179,0.9402656911,0.0001324184,0.0000000000
2007-08-13,0.0020720550,0.0021898321,1.1985913479,1.1404654889,0.9402656911,0.0000000000,0.0000000000
2007-08-14,-0.0088087646,-0.0093545224,1.1880332388,1.1297969789,0.9402656911,0.0000000000,0.0000000000
2007-08-15,-0.0101566040,-0.0108157036,1.1759668557,1.1175774297,0.9402656911,0.0000000000,0.0000000000
2007-08-16,-0.0044394142,-0.0048045340,1.1707462518,1.1122079909,0.9402656911,0.0000000000,0.0000000000
2007-08-17,0.0118487585,0.0125600616,1.1846181414,1.1261773918,0.9402656911,0.0000000000,0.0000000000
2007-08-20,0.0013554892,0.0013863348,1.1862238785,1.1277386507,0.9402656911,0.0000000000,0.0000000000
2007-08-21,0.0031585989,0.0033730315,1.1899706839,1.1315425487,0.9402656911,0.0000000000,0.0000000000
2007-08-22,0.0095189879,0.0101237214,1.2012980004,1.1429979702,0.9402656911,0.0000000000,0.0000000000
2007-08-23,-0.0003936565,-0.0003772061,1.2008251017,1.1425668244,0.9402656911,0.0000000000,0.0000000000
2007-08-24,0.0103037761,0.0109721411,1.2131981347,1.1551032289,0.9402656911,0.0000000000,0.0000000000
2007-08-27,-0.0047365304,-0.0049545157,1.2074517848,1.1493802519,0.9402656911,0.0000000000,0.0000000000
2007-08-28,-0.0145957370,-0.0155921395,1.1898281362,1.1314589546,0.9402656911,0.0000000000,0.0000000000
2007-08-29,0.0154534821,0.0163937182,1.2082151240,1.1500077739,0.9402656911,0.0000000000,0.0000000000
2007-08-30,-0.0004523667,-0.0004949038,1.2076685677,1.1494386306,0.9402656911,0.0000000000,0.0000000000
2007-08-31,0.0086580815,0.0092219179,1.2181246605,1.1600386593,0.9402656911,0.0000000000,0.0000000000
2007-09-04,0.0099414528,0.0105633100,1.2302345893,1.1722925073,0.9402656911,0.0000000000,0.0000000000
2007-09-05,-0.0051774123,-0.0055201932,1.2238651577,1.1658212262,0.9402656911,0.0000000000,0.0000000000
2007-09-06,0.0035469069,0.0037722390,1.2282060935,1.1702189825,0.9402656911,0.0000000000,0.0000000000
2007-09-07,-0.0082933937,-0.0074611202,1.2180200968,1.1614878380,1.0909674086,0.0000904210,0.0000000000
2007-09-10,0.0002528087,0.0002531832,1.2183280229,1.1617819071,1.0909674086,0.0000000000,0.0000000000
2007-09-11,0.0116602246,0.0106004453,1.2325340013,1.1740973127,1.0909674086,0.0000000000,0.0000000000
2007-09-12,0.0012048471,0.0012350346,1.2340190163,1.1755473635,1.0909674086,0.0000000000,0.0000000000
2007-09-13,0.0023995906,0.0021846558,1.2369801568,1.1781155299,1.0909674086,0.0000000000,0.0000000000
2007-09-14,-0.0003137520,-0.0002297541,1.2365920517,1.1778448530,1.0909674086,0.0000000000,0.0000000000
2007-09-17,-0.0019087850,-0.0017099597,1.2342316633,1.1758307858,1.0909674086,0.0000000000,0.0000000000
2007-09-18,0.0223916917,0.0204734784,1.2618681982,1.1999041320,1.0909674086,0.0000000000,0.0000000000
2007-09-19,0.0032396608,0.0030091338,1.2659562232,1.2035148041,1.0909674086,0.0000000000,0.0000000000
2007-09-20,-0.0004492214,-0.0004196026,1.2653875286,1.2030098062,1.2075435380,0.0000699457,0.0000000000
2007-09-21,0.0036971369,0.0029568031,1.2700658396,1.2065668694,1.3273642605,0.0000718924,0.0000000000
2007-09-24,0.0004775124,0.0005844767,1.2706723118,1.2072720796,1.3273642605,0.0000000000,0.0000000000
2007-09-25,0.0016379909,0.0012973958,1.2727536615,1.2088383893,1.3273642605,0.0000000000,0.0000000000
2007-09-26,0.0041927154,0.0026235123,1.2780899555,1.2120097916,1.4469180984,0.0000717323,0.0000000000
2007-09-27,0.0106541878,0.0074429306,1.2917069659,1.2210306964,1.4469180984,0.0000000000,0.0000000000
2007-09-28,0.0001326686,-0.0000304414,1.2918783349,1.2209935266,1.4469180984,0.0000000000,0.0000000000
2007-10-01,0.0104634850,0.0075813202,1.3053958845,1.2302502694,1.4469180984,0.0000000000,0.0000000000
2007-10-02,-0.0060125138,-0.0043455704,1.2975471737,1.2249041302,1.4469180984,0.0000000000,0.0000000000
2007-10-03,-0.0059436482,-0.0040279210,1.2898350098,1.2199703132,1.4469180984,0.0000000000,0.0000000000
2007-10-04,0.0057092121,0.0042954375,1.2971989514,1.2252106194,1.4469180984,0.0000000000,0.0000000000
2007-10-05,0.0149731424,0.0100235187,1.3166220960,1.2374915410,1.4469180984,0.0000000000,0.0000000000
2007-10-08,-0.0051105937,-0.0030474091,1.3098933754,1.2337203980,1.4469180984,0.0000000000,0.0000000000
2007-10-09,0.0095932373,0.0064402924,1.3224594934,1.2416659181,1.4469180984,0.0000000000,0.0000000000
2007-10-10,0.0014496342,0.0012836335,1.3243765759,1.2432597621,1.4469180984,0.0000000000,0.0000000000
2007-10-11,-0.0046016996,-0.0032353147,1.3182821928,1.2392374255,1.4469180984,0.0000000000,0.0000000000
2007-10-12,0.0110039335,0.0076845816,1.3327884823,1.2487604466,1.4469180984,0.0000000000,0.0000000000
2007-10-15,-0.0044342821,-0.0031869982,1.3268785222,1.2447806493,1.4469180984,0.0000000000,0.0000000000
2007-10-16,-0.0072647781,-0.0048063818,1.3172390442,1.2387977583,1.4469180984,0.0000000000,0.0000000000
2007-10-17,0.0054526565,0.0039153713,1.3244214962,1.2436481114,1.4469180984,0.0000000000,0.0000000000
2007-10-18,0.0067575165,0.0046825397,1.3333712964,1.2494715430,1.4469180984,0.0000000000,0.0000000000
2007-10-19,-0.0244808710,-0.0166377463,1.3007292058,1.2286831525,1.4469180984,0.0000000000,0.0000000000
2007-10-22,0.0031425716,0.0020497861,1.3048168404,1.2312016902,1.4469180984,0.0000000000,0.0000000000
2007-10-23,0.0141992449,0.0098256977,1.3233442543,1.2432991058,1.4469180984,0.0000000000,0.0000000000
2007-10-24,-0.0017955571,-0.0011666812,1.3209681142,1.2418485721,1.3463155981,0.0000603615,0.0000000000
2007-10-25,0.0003787811,0.0002354902,1.3214684719,1.2421410152,1.3463155981,0.0000000000,0.0000000000
2007-10-26,0.0184685852,0.0136159548,1.3458741249,1.2590539511,1.3463155981,0.0000000000,0.0000000000
2007-10-29,0.0061051236,0.0047692452,1.3540908529,1.2650586881,1.3463155981,0.0000000000,0.0000000000
2007-10-30,-0.0071299865,-0.0053977935,1.3444362034,1.2582301625,1.3463155981,0.0000000000,0.0000000000
2007-10-31,0.0158470922,0.0118369950,1.3657416079,1.2731238266,1.3463155981,0.0000000000,0.0000000000
2007-11-01,-0.0193697026,-0.0158499665,1.3392875992,1.2529448566,1.2074273784,0.0000833329,0.0000000000
2007-11-02,0.0083699424,0.0080748283,1.3504973593,1.2630621712,1.0525816426,0.0000929074,0.0000000000
2007-11-05,-0.0065887026,-0.0062575821,1.3415993339,1.2551584560,1.0525816426,0.0000000000,0.0000000000
2007-11-06,0.0141849228,0.0134782983,1.3606298168,1.2720758561,1.0525816426,0.0000000000,0.0000000000
2007-11-07,-0.0153028425,-0.0145037406,1.3398083130,1.2536259979,1.0525816426,0.0000000000,0.0000000000
2007-11-08,-0.0076381116,-0.0082609896,1.3295747076,1.2432698066,0.9066102965,0.0000875828,0.0000000000
2007-11-09,-0.0117083763,-0.0130042793,1.3140075466,1.2271019788,0.9066102965,0.0000000000,0.0000000000
2007-11-12,-0.0188174606,-0.0208007111,1.2892812614,1.2015773851,0.9066102965,0.0000000000,0.0000000000
2007-11-13,0.0202760635,0.0223870660,1.3154228101,1.2284771773,0.9066102965,0.0000000000,0.0000000000
2007-11-14,-0.0002168171,-0.0000030772,1.3151376040,1.2284733970,0.7388534656,0.0001006541,0.0000000000
2007-11-15,-0.0089569499,-0.0123537864,1.3033579824,1.2132970991,0.7388534656,0.0000000000,0.0000000000
2007-11-16,0.0019586244,0.0026508970,1.3059107712,1.2165134247,0.7388534656,0.0000000000,0.0000000000
2007-11-19,-0.0072118322,-0.0099151015,1.2964927618,1.2044515706,0.7388534656,0.0000000000,0.0000000000
2007-11-20,0.0081180217,0.0109102643,1.3070177181,1.2175924556,0.7388534656,0.0000000000,0.0000000000
2007-11-21,-0.0076277252,-0.0104775175,1.2970481461,1.2048351093,0.7388534656,0.0000000000,0.0000000000
2007-11-23,0.0103124314,0.0138803721,1.3104238662,1.2215586690,0.7388534656,0.0000000000,0.0000000000
2007-11-26,-0.0088094354,-0.0116924764,1.2988797717,1.2072756231,0.7388534656,0.0000000000,0.0000000000
2007-11-27,0.0044041744,0.0056533633,1.3046002647,1.2141007909,0.7388534656,0.0000000000,0.0000000000
2007-11-28,0.0127587220,0.0171910729,1.3212452969,1.2349724861,0.7388534656,0.0000000000,0.0000000000
2007-11-29,-0.0016329181,-0.0019793823,1.3190878115,1.2325280034,0.7388534656,0.0000000000,0.0000000000
2007-11-30,-0.0003104698,-0.0004971760,1.3186782745,1.2319152201,0.7388534656,0.0000000000,0.0000000000
2007-12-03,-0.0008505587,-0.0010662618,1.3175566612,1.2306016759,0.7388534656,0.0000000000,0.0000000000
2007-12-04,-0.0014489752,-0.0020383840,1.3156475543,1.2280932372,0.7388534656,0.0000000000,0.0000000000
2007-12-05,0.0073324703,0.0084429336,1.3252945010,1.2384619469,0.8783904834,0.0000837222,0.0000000000
2007-12-06,0.0112097654,0.0111540173,1.3401507414,1.2522757728,1.0125007358,0.0000804662,0.0000000000
2007-12-07,-0.0032461717,-0.0031948164,1.3358003820,1.2482749816,1.0125007358,0.0000000000,0.0000000000
2007-12-10,0.0068362781,0.0067442842,1.3449322849,1.2566937028,1.0125007358,0.0000000000,0.0000000000
2007-12-11,-0.0180083490,-0.0177693559,1.3207122750,1.2343630652,1.0125007358,0.0000000000,0.0000000000
2007-12-12,0.0121972503,0.0120444594,1.3368213332,1.2492303010,1.0125007358,0.0000000000,0.0000000000
2007-12-13,-0.0093012267,-0.0091805177,1.3243872548,1.2377617201,1.0125007358,0.0000000000,0.0000000000
2007-12-14,-0.0093595965,-0.0092516239,1.3119915245,1.2263104142,1.0125007358,0.0000000000,0.0000000000
2007-12-17,-0.0131645104,-0.0129961000,1.2947197984,1.2103731614,1.0125007358,0.0000000000,0.0000000000
2007-12-18,0.0069085323,0.0068237268,1.3036644120,1.2186324171,1.0125007358,0.0000000000,0.0000000000
2007-12-19,0.0004438411,0.0004442272,1.3042430318,1.2191737668,1.0125007358,0.0000000000,0.0000000000
2007-12-20,0.0053834619,0.0053228709,1.3112643745,1.2256632714,1.0125007358,0.0000000000,0.0000000000
2007-12-21,0.0137782709,0.0136086489,1.3293313303,1.2423428925,1.0125007358,0.0000000000,0.0000000000
2007-12-24,0.0052518685,0.0051875168,1.3363128037,1.2487875671,1.0125007358,0.0000000000,0.0000000000
2007-12-26,0.0053897883,0.0053183508,1.3435152468,1.2554290574,1.0125007358,0.0000000000,0.0000000000
2007-12-27,-0.0064921199,-0.0064060902,1.3347929848,1.2473866656,1.0125007358,0.0000000000,0.0000000000
2007-12-28,0.0033509670,0.0033098095,1.3392658321,1.2515152778,1.0125007358,0.0000000000,0.0000000000
2007-12-31,-0.0066915453,-0.0066111305,1.3303040741,1.2432413469,1.0125007358,0.0000000000,0.0000752636
2008-01-02,-0.0000674063,-0.0000553025,1.3302144032,1.2431725926,1.0125007358,0.0000000000,0.0000000000
2008-01-03,0.0032393257,0.0031917392,1.3345234009,1.2471404753,1.0125007358,0.0000000000,0.0000000000
2008-01-04,-0.0238273347,-0.0201321785,1.3027252652,1.2220328207,1.1801441452,0.0001005860,0.0000000000
2008-01-07,-0.0027702888,-0.0025218526,1.2991163400,1.2189510340,1.0495095289,0.0000783808,0.0000000000
2008-01-08,-0.0065649589,-0.0062842738,1.2905876946,1.2112908120,1.0495095289,0.0000000000,0.0000000000
2008-01-09,0.0078210970,0.0074231295,1.3006815061,1.2202823805,1.0495095289,0.0000000000,0.0000000000
2008-01-10,0.0061005070,0.0053674015,1.3086163227,1.2268321260,1.1639364492,0.0000686562,0.0000000000
2008-01-11,-0.0077424519,-0.0065848520,1.2984844238,1.2187536181,1.1639364492,0.0000000000,0.0000000000
2008-01-14,0.0115701929,0.0100691176,1.3135081390,1.2310253916,1.1639364492,0.0000000000,0.0000000000
2008-01-15,-0.0218069038,-0.0187605886,1.2848645934,1.2079306307,1.1639364492,0.0000000000,0.0000000000
2008-01-16,-0.0111393166,-0.0105800857,1.2705520800,1.1951506211,1.0459959796,0.0000707643,0.0000000000
2008-01-17,-0.0134065524,-0.0128344830,1.2535183569,1.1798114808,1.0459959796,0.0000000000,0.0000000000
2008-01-18,-0.0008043582,-0.0007384360,1.2525100791,1.1789402655,1.0459959796,0.0000000000,0.0000000000
2008-01-22,-0.0093681436,-0.0089352700,1.2407763847,1.1684061159,1.0459959796,0.0000000000,0.0000000000
2008-01-23,0.0047452942,0.0045863240,1.2466642338,1.1737648050,1.0459959796,0.0000000000,0.0000000000
2008-01-24,0.0151702286,0.0145240239,1.2655764152,1.1908125931,1.0459959796,0.0000000000,0.0000000000
2008-01-25,-0.0073293680,-0.0078625175,1.2563005398,1.1814498083,0.9091780164,0.0000820908,0.0000000000
2008-01-28,0.0104726666,0.0114753178,1.2694573565,1.1950073203,0.9091780164,0.0000000000,0.0000000000
2008-01-29,0.0009546701,0.0009629671,1.2706692695,1.1961580731,0.9091780164,0.0000000000,0.0000000000
2008-01-30,-0.0013410194,-0.0015184664,1.2689652773,1.1943417473,0.9091780164,0.0000000000,0.0000000000
2008-01-31,0.0089763709,0.0098730620,1.2803559804,1.2061335574,0.9091780164,0.0000000000,0.0000000000
2008-02-01,0.0030836651,0.0034026180,1.2843041695,1.2102375692,0.9091780164,0.0000000000,0.0000000000
2008-02-04,-0.0063879420,-0.0070478775,1.2761001089,1.2017079630,0.9091780164,0.0000000000,0.0000000000
2008-02-05,-0.0190511333,-0.0208888514,1.2517889556,1.1766056640,0.9091780164,0.0000000000,0.0000000000
2008-02-06,-0.0040655897,-0.0045589118,1.2466996954,1.1712416226,0.9091780164,0.0000000000,0.0000000000
2008-02-07,0.0040653457,0.0044931941,1.2517679606,1.1765042385,0.9091780164,0.0000000000,0.0000000000
2008-02-08,0.0038524246,0.0042372611,1.2565903022,1.1814893941,0.9091780164,0.0000000000,0.0000000000
2008-02-11,0.0057663561,0.0056446599,1.2638362494,1.1881584999,1.0368036661,0.0000765754,0.0000000000
2008-02-12,-0.0018178418,-0.0017596309,1.2615387950,1.1860677796,1.0368036661,0.0000000000,0.0000000000
2008-02-13,0.0082975605,0.0080121564,1.2720064895,1.1955707401,1.0368036661,0.0000000000,0.0000000000
2008-02-14,-0.0059001246,-0.0056815295,1.2645014927,1.1887780696,1.0368036661,0.0000000000,0.0000000000
2008-02-15,-0.0019006833,-0.0018318057,1.2620980758,1.1866004592,1.0368036661,0.0000000000,0.0000000000
2008-02-19,0.0085560960,0.0074202027,1.2728967081,1.1954052751,1.1642663192,0.0000764776,0.0000000000
2008-02-20,0.0059128995,0.0050227551,1.2804232184,1.2014095031,1.1642663192,0.0000000000,0.0000000000
2008-02-21,-0.0046069361,-0.0038282622,1.2745243905,1.1968101925,1.1642663192,0.0000000000,0.0000000000
2008-02-22,0.0045697242,0.0039305807,1.2803486155,1.2015143515,1.1642663192,0.0000000000,0.0000000000
2008-02-25,0.0059555186,0.0050593437,1.2879737555,1.2075932255,1.1642663192,0.0000000000,0.0000000000
2008-02-26,0.0095986411,0.0083421619,1.3003365534,1.2176671638,1.1642663192,0.0000000000,0.0000000000
2008-02-27,0.0038077201,0.0033069023,1.3052878710,1.2216938701,1.1642663192,0.0000000000,0.0000000000
2008-02-28,-0.0013593893,-0.0007587385,1.3035134767,1.2207669239,1.5000000000,0.0002014402,0.0000000000
2008-02-29,-0.0217358222,-0.0144047444,1.2751805395,1.2031820884,1.5000000000,0.0000000000,0.0000000000
2008-03-03,0.0017676212,0.0013153290,1.2774345756,1.2047646688,1.5000000000,0.0000000000,0.0000000000
2008-03-04,-0.0098792295,-0.0065729255,1.2648145063,1.1968458404,1.5000000000,0.0000000000,0.0000000000
2008-03-05,0.0142104371,0.0094141096,1.2827880733,1.2081130784,1.5000000000,0.0000000000,0.0000000000
2008-03-06,-0.0216642948,-0.0142844672,1.2549973742,1.1908558267,1.5000000000,0.0000000000,0.0000000000
2008-03-07,-0.0071969941,-0.0056201087,1.2459651655,1.1841630875,1.2523593061,0.0001485844,0.0000000000
2008-03-10,-0.0082731745,-0.0065980747,1.2356570783,1.1763498910,1.2523593061,0.0000000000,0.0000000000
2008-03-11,0.0268531233,0.0214500243,1.2688383302,1.2015826248,1.2523593061,0.0000000000,0.0000000000
2008-03-12,0.0004509863,0.0005986685,1.2694105589,1.2023019744,1.0039691724,0.0001490341,0.0000000000
2008-03-13,0.0040182177,0.0040016255,1.2745113269,1.2071131366,1.0039691724,0.0000000000,0.0000000000
2008-03-14,-0.0090127423,-0.0089717808,1.2630244847,1.1962831821,1.0039691724,0.0000000000,0.0000000000
2008-03-17,-0.0088917974,-0.0088573476,1.2517939268,1.1856872861,1.0039691724,0.0000000000,0.0000000000
2008-03-18,0.0193855978,0.0193134202,1.2760607004,1.2085869629,1.0039691724,0.0000000000,0.0000000000
2008-03-19,-0.0217408519,-0.0248232063,1.2483180538,1.1785859594,0.8737847878,0.0000781106,0.0000000000
2008-03-20,0.0017701647,0.0024879603,1.2505277823,1.1815182345,0.7599012511,0.0000683301,0.0000000000
2008-03-24,0.0111505452,0.0149487232,1.2644718489,1.1991804235,0.7599012511,0.0000000000,0.0000000000
2008-03-25,0.0064616942,0.0087098069,1.2726424792,1.2096250535,0.7599012511,0.0000000000,0.0000000000
2008-03-26,-0.0007222611,-0.0011570749,1.2717232991,1.2082254267,0.7599012511,0.0000000000,0.0000000000
2008-03-27,-0.0039273764,-0.0052372173,1.2667287630,1.2018976876,0.7599012511,0.0000000000,0.0000000000
2008-03-28,-0.0065313409,-0.0083196283,1.2584553256,1.1918983455,0.7599012511,0.0000000000,0.0000000000
2008-03-31,-0.0014832907,-0.0022962105,1.2565886706,1.1891614960,0.7599012511,0.0000000000,0.0000000000
2008-04-01,0.0099835424,0.0133445608,1.2691338768,1.2050303339,0.7599012511,0.0000000000,0.0000000000
2008-04-02,0.0050181592,0.0066036990,1.2755025926,1.2129879916,0.7599012511,0.0000000000,0.0000000000
2008-04-03,0.0021362705,0.0028112475,1.2782274111,1.2163980010,0.7599012511,0.0000000000,0.0000000000
2008-04-04,0.0029993567,0.0038090153,1.2820612711,1.2210312796,0.7599012511,0.0000000000,0.0000000000
2008-04-07,0.0020580484,0.0028462696,1.2846998152,1.2245066638,0.7599012511,0.0000000000,0.0000000000
2008-04-08,-0.0033206424,-0.0038971795,1.2804337866,1.2197345416,0.8601199386,0.0000601312,0.0000000000
2008-04-09,0.0002493794,0.0002899357,1.2807531005,1.2200881861,0.8601199386,0.0000000000,0.0000000000
2008-04-10,0.0013176518,0.0014129159,1.2824406871,1.2218120681,0.9860551108,0.0000755611,0.0000000000
2008-04-11,-0.0198810806,-0.0134541977,1.2569443804,1.2053735669,1.4554115561,0.0002816139,0.0000000000
2008-04-14,-0.0026613154,-0.0019636672,1.2535992550,1.2030066144,1.2307059567,0.0001348234,0.0000000000
2008-04-15,0.0035862181,0.0026374138,1.2580949354,1.2061794406,1.4056505512,0.0001049668,0.0000000000
2008-04-16,0.0277423823,0.0195592410,1.2929974860,1.2297713950,1.4056505512,0.0000000000,0.0000000000
2008-04-17,-0.0030326023,-0.0024764655,1.2890763389,1.2267259085,1.1632162173,0.0001454606,0.0000000000
2008-04-18,0.0080125080,0.0068019707,1.2994050734,1.2350700622,1.1632162173,0.0000000000,0.0000000000
2008-04-21,0.0016625820,0.0014960986,1.3015654408,1.2369178488,1.1632162173,0.0000000000,0.0000000000
2008-04-22,-0.0052319059,-0.0044615780,1.2947557729,1.2313992434,1.1632162173,0.0000000000,0.0000000000
2008-04-23,-0.0009127098,-0.0006023559,1.2935740366,1.2306575028,1.3287206438,0.0000993027,0.0000000000
2008-04-24,-0.0041675135,-0.0030728771,1.2881830493,1.2268758436,1.3287206438,0.0000000000,0.0000000000
2008-04-25,0.0056775133,0.0042827345,1.2954967257,1.2321302272,1.3287206438,0.0000000000,0.0000000000
2008-04-28,0.0030226510,0.0021228973,1.2994125602,1.2347459132,1.3287206438,0.0000000000,0.0000000000
2008-04-29,-0.0078929989,-0.0056606069,1.2891562983,1.2277565019,1.3287206438,0.0000000000,0.0000000000
2008-04-30,-0.0000437154,-0.0002926645,1.2890999423,1.2273971812,1.3287206438,0.0000000000,0.0000000000
2008-05-01,0.0085145813,0.0066015750,1.3000760886,1.2354999357,1.3287206438,0.0000000000,0.0000000000
2008-05-02,0.0055310377,0.0040105519,1.3072668584,1.2404549723,1.3287206438,0.0000000000,0.0000000000
2008-05-05,0.0036076055,0.0025596596,1.3119829615,1.2436301149,1.5000000000,0.0001027676,0.0000000000
2008-05-06,0.0088498591,0.0057676740,1.3235938259,1.2508029679,1.5000000000,0.0000000000,0.0000000000
2008-05-07,-0.0185485571,-0.0121342274,1.2990430702,1.2356254403,1.5000000000,0.0000000000,0.0000000000
2008-05-08,0.0086234922,0.0056167249,1.3102453581,1.2425656085,1.5000000000,0.0000000000,0.0000000000
2008-05-09,-0.0011328099,-0.0005964181,1.3087610992,1.2418245199,1.5000000000,0.0000000000,0.0000000000
2008-05-12,0.0087669540,0.0058578635,1.3202349476,1.2490989584,1.5000000000,0.0000000000,0.0000000000
2008-05-13,-0.0044975765,-0.0031306542,1.3142970900,1.2451884615,1.5000000000,0.0000000000,0.0000000000
2008-05-14,-0.0014281096,-0.0009388456,1.3124201296,1.2440194218,1.5000000000,0.0000000000,0.0000000000
2008-05-15,0.0212014735,0.0141475432,1.3402453703,1.2616192403,1.5000000000,0.0000000000,0.0000000000
2008-05-16,0.0087365963,0.0059104751,1.3519545530,1.2690760095,1.5000000000,0.0000000000,0.0000000000
2008-05-19,0.0001266208,0.0000976414,1.3521257386,1.2691999238,1.5000000000,0.0000000000,0.0000000000
2008-05-20,-0.0013079810,-0.0010042194,1.3503571838,1.2679253686,1.5000000000,0.0000000000,0.0000000000
2008-05-21,-0.0105592014,-0.0070262401,1.3360984904,1.2590166206,1.5000000000,0.0000000000,0.0000000000
2008-05-22,-0.0038186651,-0.0023142994,1.3309963777,1.2561028792,1.5000000000,0.0000000000,0.0000000000
2008-05-23,-0.0071405962,-0.0047471699,1.3214922701,1.2501399454,1.5000000000,0.0000000000,0.0000000000
2008-05-27,0.0001579124,0.0001185024,1.3217009501,1.2502880900,1.5000000000,0.0000000000,0.0000000000
2008-05-28,0.0025122573,0.0018335631,1.3250214029,1.2525805721,1.5000000000,0.0000000000,0.0000000000
2008-05-29,-0.0057837663,-0.0039880506,1.3173577887,1.2475852174,1.5000000000,0.0000000000,0.0000000000
2008-05-30,0.0077821685,0.0053468372,1.3276096890,1.2542558525,1.5000000000,0.0000000000,0.0000000000
2008-06-02,-0.0068044132,-0.0042536614,1.3185760842,1.2489206727,1.5000000000,0.0000000000,0.0000000000
2008-06-03,-0.0102787210,-0.0068392531,1.3050228085,1.2403789881,1.5000000000,0.0000000000,0.0000000000
2008-06-04,-0.0000793856,-0.0001124239,1.3049192085,1.2402395398,1.5000000000,0.0000000000,0.0000000000
2008-06-05,0.0195946016,0.0128578908,1.3304885806,1.2561864044,1.5000000000,0.0000000000,0.0000000000
2008-06-06,-0.0172708504,-0.0114277425,1.3075099113,1.2418310297,1.5000000000,0.0000000000,0.0000000000
2008-06-09,-0.0041085612,-0.0025802278,1.3021379268,1.2386268227,1.5000000000,0.0000000000,0.0000000000
2008-06-10,-0.0150915675,-0.0098295867,1.2824866244,1.2264516330,1.5000000000,0.0000000000,0.0000000000
2008-06-11,-0.0077474055,-0.0049335521,1.2725506805,1.2204008700,1.5000000000,0.0000000000,0.0000000000
2008-06-12,-0.0033968966,-0.0024693849,1.2682279574,1.2173872304,1.5000000000,0.0000000000,0.0000000000
2008-06-13,0.0121586359,0.0083371422,1.2836478793,1.2275367608,1.5000000000,0.0000000000,0.0000000000
2008-06-16,0.0071046708,0.0047496747,1.2927677749,1.2333671611,1.5000000000,0.0000000000,0.0000000000
2008-06-17,-0.0008200050,-0.0006061950,1.2917076988,1.2326195001,1.5000000000,0.0000000000,0.0000000000
2008-06-18,-0.0034711880,-0.0021555345,1.2872239385,1.2299625462,1.5000000000,0.0000000000,0.0000000000
2008-06-19,0.0017855625,0.0011310393,1.2895223574,1.2313536822,1.5000000000,0.0000000000,0.0000000000
2008-06-20,-0.0159820160,-0.0104963264,1.2689131905,1.2184289920,1.5000000000,0.0000000000,0.0000000000
2008-06-23,-0.0072071675,-0.0051315009,1.2597679205,1.2121766225,1.3884478944,0.0000669313,0.0000000000
2008-06-24,-0.0012607953,-0.0008969589,1.2581796110,1.2110893499,1.3884478944,0.0000000000,0.0000000000
2008-06-25,0.0074006952,0.0054025053,1.2674910148,1.2176322665,1.3884478944,0.0000000000,0.0000000000
2008-06-26,-0.0136387168,-0.0098118930,1.2502040638,1.2056849889,1.3884478944,0.0000000000,0.0000000000
2008-06-27,0.0011018016,0.0009374460,1.2515815407,1.2068152535,1.5000000000,0.0000669313,0.0000000000
2008-06-30,-0.0036736195,-0.0026537335,1.2469837063,1.2036126874,1.5000000000,0.0000000000,0.0000000000
2008-07-01,0.0071427009,0.0048914786,1.2558905379,1.2095001331,1.5000000000,0.0000000000,0.0000000000
2008-07-02,-0.0126708826,-0.0084340276,1.2399772963,1.1992991756,1.5000000000,0.0000000000,0.0000000000
2008-07-03,-0.0027581926,-0.0018255675,1.2365572002,1.1971097739,1.5000000000,0.0000000000,0.0000000000
2008-07-07,-0.0049309922,-0.0033466921,1.2304597462,1.1931034161,1.5000000000,0.0000000000,0.0000000000
2008-07-08,0.0081979563,0.0053330744,1.2405470014,1.1994663254,1.5000000000,0.0000000000,0.0000000000
2008-07-09,-0.0139620789,-0.0092221514,1.2232263863,1.1884046653,1.5000000000,0.0000000000,0.0000000000
2008-07-10,0.0131234041,0.0090531070,1.2392792804,1.1991634199,1.5000000000,0.0000000000,0.0000000000
2008-07-11,-0.0044161021,-0.0027128146,1.2338064966,1.1959103119,1.5000000000,0.0000000000,0.0000000000
2008-07-14,-0.0029534836,-0.0019557615,1.2301624693,1.1935713965,1.5000000000,0.0000000000,0.0000000000
2008-07-15,-0.0103468637,-0.0068123424,1.2174341460,1.1854403795,1.5000000000,0.0000000000,0.0000000000
2008-07-16,0.0105515626,0.0071203070,1.2302799786,1.1938810789,1.5000000000,0.0000000000,0.0000000000
2008-07-17,0.0046402949,0.0025987685,1.2359888406,1.1969836995,1.5000000000,0.0000000000,0.0000000000
2008-07-18,-0.0094226028,-0.0058325429,1.2243426087,1.1900022407,1.5000000000,0.0000000000,0.0000000000
2008-07-21,0.0081711620,0.0051705091,1.2343469105,1.1961551582,1.5000000000,0.0000000000,0.0000000000
2008-07-22,-0.0048226521,-0.0030566503,1.2283940848,1.1924989302,1.5000000000,0.0000000000,0.0000000000
2008-07-23,-0.0022390574,-0.0013343517,1.2256436399,1.1909077172,1.5000000000,0.0000000000,0.0000000000
2008-07-24,-0.0126434428,-0.0084880579,1.2101472846,1.1807992235,1.5000000000,0.0000000000,0.0000000000
2008-07-25,0.0032827137,0.0022740425,1.2141198517,1.1834844112,1.5000000000,0.0000000000,0.0000000000
2008-07-28,-0.0125436454,-0.0083492028,1.1988903628,1.1736032599,1.5000000000,0.0000000000,0.0000000000
2008-07-29,0.0098610723,0.0065872757,1.2107127073,1.1813341081,1.5000000000,0.0000000000,0.0000000000
2008-07-30,0.0104129913,0.0070279261,1.2233198482,1.1896364369,1.5000000000,0.0000000000,0.0000000000
2008-07-31,-0.0054313287,-0.0036076583,1.2166755959,1.1853446351,1.5000000000,0.0000000000,0.0000000000
2008-08-01,-0.0098315736,-0.0066428150,1.2047137602,1.1774706100,1.5000000000,0.0000000000,0.0000000000
2008-08-04,-0.0184948696,-0.0122439056,1.1824327363,1.1630537710,1.5000000000,0.0000000000,0.0000000000
2008-08-05,0.0171556720,0.0115228985,1.2027181645,1.1764555216,1.5000000000,0.0000000000,0.0000000000
2008-08-06,0.0072447495,0.0054197131,1.2114315563,1.1828315729,1.3312142394,0.0001012715,0.0000000000
2008-08-07,-0.0118804990,-0.0087518930,1.1970391449,1.1724795576,1.3312142394,0.0000000000,0.0000000000
2008-08-08,0.0070112300,0.0052224035,1.2054318618,1.1786027189,1.3312142394,0.0000000000,0.0000000000
2008-08-11,-0.0028581536,-0.0020828795,1.2019865523,1.1761478314,1.3312142394,0.0000000000,0.0000000000
2008-08-12,-0.0072904976,-0.0056293895,1.1932234722,1.1695268372,1.3312142394,0.0000000000,0.0000000000
2008-08-13,0.0000187755,0.0002410160,1.1932458756,1.1698087119,1.3312142394,0.0000000000,0.0000000000
2008-08-14,0.0001563533,0.0000731254,1.1934324435,1.1698942547,1.3312142394,0.0000000000,0.0000000000
2008-08-15,-0.0047316395,-0.0034902941,1.1877855515,1.1658109796,1.3312142394,0.0000000000,0.0000000000
2008-08-18,-0.0069060793,-0.0053405039,1.1795826103,1.1595849616,1.3312142394,0.0000000000,0.0000000000
2008-08-19,-0.0031732167,-0.0021569915,1.1758395390,1.1570837467,1.3312142394,0.0000000000,0.0000000000
2008-08-20,0.0043569563,0.0030282819,1.1809626204,1.1605877225,1.4730579210,0.0000851062,0.0000000000
2008-08-21,0.0122288426,0.0083846229,1.1954044265,1.1703188128,1.4730579210,0.0000000000,0.0000000000
2008-08-22,0.0021024581,0.0015097444,1.1979177142,1.1720856951,1.4730579210,0.0000000000,0.0000000000
2008-08-25,-0.0176925378,-0.0120677224,1.1767235097,1.1579412903,1.4730579210,0.0000000000,0.0000000000
2008-08-26,0.0024263317,0.0017296092,1.1795786313,1.1599440762,1.4730579210,0.0000000000,0.0000000000
2008-08-27,0.0067794498,0.0046150405,1.1875755254,1.1652972650,1.4730579210,0.0000000000,0.0000000000
2008-08-28,0.0125711438,0.0085467895,1.2025047080,1.1752568154,1.4730579210,0.0000000000,0.0000000000
2008-08-29,-0.0137018923,-0.0094288104,1.1860281180,1.1641755417,1.4730579210,0.0000000000,0.0000000000
2008-09-02,-0.0229920460,-0.0153644521,1.1587589050,1.1462886223,1.4730579210,0.0000000000,0.0000000000
2008-09-03,-0.0034635407,-0.0024978948,1.1547454964,1.1434253139,1.3518884724,0.0000727017,0.0000000000
2008-09-04,-0.0283017416,-0.0209246387,1.1220641877,1.1194995524,1.3518884724,0.0000000000,0.0000000000
2008-09-05,-0.0018304994,-0.0014922579,1.1200102499,1.1178289703,1.1104802685,0.0001448449,0.0000000000
2008-09-08,0.0108269780,0.0097537637,1.1321365762,1.1287320100,1.1104802685,0.0000000000,0.0000000000
2008-09-09,-0.0238438549,-0.0214894524,1.1051420759,1.1044761771,1.1104802685,0.0000000000,0.0000000000
2008-09-10,-0.0009542285,-0.0009583637,1.1040875178,1.1034176873,0.9113802844,0.0001194600,0.0000000000
2008-09-11,0.0029664453,0.0032760559,1.1073627331,1.1070325453,0.9113802844,0.0000000000,0.0000000000
2008-09-12,0.0066723143,0.0072787133,1.1147514052,1.1150903179,0.9113802844,0.0000000000,0.0000000000
2008-09-15,-0.0192234656,-0.0211986065,1.0933220199,1.0914519570,0.9113802844,0.0000000000,0.0000000000
2008-09-16,0.0028887916,0.0031273575,1.0964803993,1.0948653175,0.9113802844,0.0000000000,0.0000000000
2008-09-17,-0.0072604687,-0.0083894879,1.0885194377,1.0856799582,0.9113802844,0.0000000000,0.0000000000
2008-09-18,0.0137771512,0.0153905172,1.1035161346,1.1023891343,0.9113802844,0.0000000000,0.0000000000
2008-09-19,0.0265811219,0.0349746167,1.1328488315,1.1409447717,0.7836989552,0.0000766088,0.0000000000
2008-09-22,-0.0087409295,-0.0143757884,1.1229466798,1.1245427911,0.6126400730,0.0001026353,0.0000000000
2008-09-23,-0.0032673888,-0.0073993685,1.1192775764,1.1162218846,0.6126400730,0.0000000000,0.0000000000
2008-09-24,-0.0059647710,-0.0078140920,1.1126013420,1.1074996241,0.6126400730,0.0000000000,0.0000000000
2008-09-25,0.0075062165,0.0115635068,1.1209527685,1.1203062035,0.6126400730,0.0000000000,0.0000000000
2008-09-26,-0.0001161703,-0.0012904704,1.1208225471,1.1188604815,0.6126400730,0.0000000000,0.0000000000
2008-09-29,-0.0234000228,-0.0409413816,1.0945952739,1.0730527876,0.6126400730,0.0000000000,0.0000000000
2008-09-30,0.0035304886,0.0080873548,1.0984597300,1.0817309461,0.6126400730,0.0000000000,0.0000000000
2008-10-01,-0.0033581290,-0.0053854545,1.0947709606,1.0759053333,0.6126400730,0.0000000000,0.0000000000
2008-10-02,-0.0223734746,-0.0362449939,1.0702771302,1.0369091511,0.6126400730,0.0000000000,0.0000000000
2008-10-03,-0.0033046108,-0.0064740535,1.0667402809,1.0301961458,0.5000000000,0.0000675840,0.0000000000
2008-10-06,-0.0119966844,-0.0237758293,1.0539429344,1.0057023781,0.5000000000,0.0000000000,0.0000000000
2008-10-07,-0.0121560853,-0.0240947903,1.0411311142,0.9814701901,0.5000000000,0.0000000000,0.0000000000
2008-10-08,-0.0037085052,-0.0065461639,1.0372700740,0.9750453254,0.5000000000,0.0000000000,0.0000000000
2008-10-09,-0.0126331151,-0.0267908937,1.0241661218,0.9489229897,0.5000000000,0.0000000000,0.0000000000
2008-10-10,-0.0214896553,-0.0438491764,1.0021571448,0.9073134982,0.5000000000,0.0000000000,0.0000000000
2008-10-13,0.0369696291,0.0778494778,1.0392065227,0.9779473802,0.5000000000,0.0000000000,0.0000000000
2008-10-14,-0.0009338575,-0.0036120328,1.0382360519,0.9744150023,0.5000000000,0.0000000000,0.0000000000
2008-10-15,-0.0265271415,-0.0532717492,1.0106946172,0.9225062106,0.5000000000,0.0000000000,0.0000000000
2008-10-16,0.0026991264,0.0058335041,1.0134226097,0.9278876544,0.5000000000,0.0000000000,0.0000000000
2008-10-17,-0.0043255116,-0.0064729916,1.0090390385,0.9218814455,0.5000000000,0.0000000000,0.0000000000
2008-10-20,0.0193492208,0.0362972529,1.0285631577,0.9553432095,0.5000000000,0.0000000000,0.0000000000
2008-10-21,-0.0161683992,-0.0323367985,1.0119329379,0.9244504686,0.5000000000,0.0000000000,0.0000000000
2008-10-22,-0.0202544297,-0.0392020976,0.9914368134,0.8882100711,0.5000000000,0.0000000000,0.0000000000
2008-10-23,-0.0020501697,-0.0054088111,0.9894041996,0.8834059107,0.5000000000,0.0000000000,0.0000000000
2008-10-24,-0.0087847552,-0.0164810422,0.9807125259,0.8688464606,0.5000000000,0.0000000000,0.0000000000
2008-10-27,-0.0109328715,-0.0233914248,0.9699905219,0.8485229040,0.5000000000,0.0000000000,0.0000000000
2008-10-28,0.0283109245,0.0568398407,0.9974518503,0.8967528107,0.5000000000,0.0000000000,0.0000000000
2008-10-29,0.0085291652,0.0181464586,1.0059592819,0.9130256985,0.5000000000,0.0000000000,0.0000000000
2008-10-30,0.0045372760,0.0077669617,1.0105235968,0.9201171342,0.5000000000,0.0000000000,0.0000000000
2008-10-31,-0.0016653887,-0.0022427829,1.0088406823,0.9180535112,0.5000000000,0.0000000000,0.0000000000
2008-11-03,-0.0023059645,-0.0043279931,1.0065143316,0.9140801819,0.5000000000,0.0000000000,0.0000000000
2008-11-04,0.0194326944,0.0384289101,1.0260736169,0.9492072871,0.5000000000,0.0000000000,0.0000000000
2008-11-05,-0.0157498480,-0.0319359842,1.0099131134,0.9188934181,0.5000000000,0.0000000000,0.0000000000
2008-11-06,-0.0160229310,-0.0335718428,0.9937313453,0.8880444727,0.5000000000,0.0000000000,0.0000000000
2008-11-07,0.0099437952,0.0198875904,1.0036128063,0.9057055374,0.5000000000,0.0000000000,0.0000000000
2008-11-10,-0.0024209064,-0.0046237348,1.0011831536,0.9015177953,0.5000000000,0.0000000000,0.0000000000
2008-11-11,-0.0099355918,-0.0198711836,0.9912358064,0.8836035696,0.5000000000,0.0000000000,0.0000000000
2008-11-12,-0.0163811905,-0.0329805067,0.9749981839,0.8544618761,0.5000000000,0.0000000000,0.0000000000
2008-11-13,0.0210518208,0.0421036416,0.9955236709,0.8904378328,0.5000000000,0.0000000000,0.0000000000
2008-11-14,-0.0123148800,-0.0246297601,0.9832639163,0.8685065626,0.5000000000,0.0000000000,0.0000000000
2008-11-17,-0.0047198653,-0.0098743381,0.9786230431,0.8599306352,0.5000000000,0.0000000000,0.0000000000
2008-11-18,0.0008886980,0.0028650423,0.9794927434,0.8623943728,0.5000000000,0.0000000000,0.0000000000
2008-11-19,-0.0162036396,-0.0321898850,0.9636213960,0.8346339971,0.5000000000,0.0000000000,0.0000000000
2008-11-20,-0.0152644265,-0.0311821074,0.9489122680,0.8086083502,0.5000000000,0.0000000000,0.0000000000
2008-11-21,0.0214881395,0.0431939916,0.9693026272,0.8435353725,0.5000000000,0.0000000000,0.0000000000
2008-11-24,0.0198722271,0.0395266942,0.9885648292,0.8768775372,0.5000000000,0.0000000000,0.0000000000
2008-11-25,0.0030062476,0.0057943694,0.9915366998,0.8819584896,0.5000000000,0.0000000000,0.0000000000
2008-11-26,0.0087715900,0.0171085725,1.0002340531,0.8970475403,0.5000000000,0.0000000000,0.0000000000
2008-11-28,-0.0018908089,-0.0007365589,0.9983428017,0.8963868119,0.5000000000,0.0000000000,0.0000000000
2008-12-01,-0.0251669937,-0.0530847021,0.9732175147,0.8488023851,0.5000000000,0.0000000000,0.0000000000
2008-12-02,0.0122984897,0.0237263304,0.9851866202,0.8689413509,0.5000000000,0.0000000000,0.0000000000
2008-12-03,0.0040151779,0.0095524856,0.9891423198,0.8772419006,0.5000000000,0.0000000000,0.0000000000
2008-12-04,-0.0096120980,-0.0187883288,0.9796345869,0.8607599913,0.5000000000,0.0000000000,0.0000000000
2008-12-05,0.0061206152,0.0122412304,0.9856305532,0.8712967527,0.5000000000,0.0000000000,0.0000000000
2008-12-08,0.0133042041,0.0263905346,0.9987435832,0.8942907397,0.5000000000,0.0000000000,0.0000000000
2008-12-09,-0.0024442367,-0.0044520978,0.9963024175,0.8903092699,0.5000000000,0.0000000000,0.0000000000
2008-12-10,0.0074246352,0.0141944729,1.0036995995,0.9029467407,0.5000000000,0.0000000000,0.0000000000
2008-12-11,-0.0037732797,-0.0064568399,0.9999123601,0.8971165581,0.5000000000,0.0000000000,0.0000000000
2008-12-12,0.0045125428,0.0085892601,1.0044245074,0.9048221256,0.5000000000,0.0000000000,0.0000000000
2008-12-15,-0.0015599539,-0.0029026069,1.0028576515,0.9021957826,0.5000000000,0.0000000000,0.0000000000
2008-12-16,0.0162079002,0.0317617913,1.0191118682,0.9308511367,0.5000000000,0.0000000000,0.0000000000
2008-12-17,-0.0011170323,-0.0015804829,1.0179734873,0.9293799424,0.5000000000,0.0000000000,0.0000000000
2008-12-18,-0.0077099798,-0.0147654335,1.0101249322,0.9156572446,0.5000000000,0.0000000000,0.0000000000
2008-12-19,-0.0018183303,-0.0042916154,1.0082881915,0.9117275959,0.5000000000,0.0000000000,0.0000000000
2008-12-22,-0.0021851738,-0.0056777455,1.0060849065,0.9065510387,0.5000000000,0.0000000000,0.0000000000
2008-12-23,-0.0029462390,-0.0039270552,1.0031207399,0.9029909628,0.6274995836,0.0000764998,0.0000000000
2008-12-24,0.0036024286,0.0050939840,1.0067344107,0.9075907843,0.6274995836,0.0000000000,0.0000000000
2008-12-26,0.0049620847,0.0079077100,1.0117299122,0.9147677490,0.6274995836,0.0000000000,0.0000000000
2008-12-29,0.0006706504,0.0022773987,1.0124084293,0.9168510398,0.7343282385,0.0000640972,0.0000000000
2008-12-30,0.0089629689,0.0109399932,1.0214826145,0.9268813840,0.7343282385,0.0000000000,0.0000000000
2008-12-31,0.0075416817,0.0094455248,1.0291863113,0.9356362651,0.8417687963,0.0000644643,0.0002637532
2009-01-02,0.0181178049,0.0214824246,1.0478329081,0.9557360007,0.8417687963,0.0000000000,0.0000000000
2009-01-05,0.0001557144,0.0001849848,1.0479960708,0.9559127973,0.8417687963,0.0000000000,0.0000000000
2009-01-06,0.0038307493,0.0045097736,1.0520106811,0.9602237475,0.8417687963,0.0000000000,0.0000000000
2009-01-07,-0.0213291765,-0.0256257979,1.0295721596,0.9356172479,0.8417687963,0.0000000000,0.0000000000
2009-01-08,0.0026964285,0.0045485544,1.0323483273,0.9398729538,0.6878952688,0.0000923241,0.0000000000
2009-01-09,-0.0140631658,-0.0166021142,1.0178302416,0.9242690757,0.8473316618,0.0000956618,0.0000000000
2009-01-12,-0.0184896707,-0.0217423343,0.9990108955,0.9041733085,0.8473316618,0.0000000000,0.0000000000
2009-01-13,0.0003062540,0.0000430764,0.9993168466,0.9042122571,0.7424804690,0.0000629107,0.0000000000
2009-01-14,-0.0173400437,-0.0234297319,0.9819886489,0.8830268063,0.7424804690,0.0000000000,0.0000000000
2009-01-15,0.0052965955,0.0070581427,0.9871898455,0.8892593355,0.7424804690,0.0000000000,0.0000000000
2009-01-16,0.0087589253,0.0120234575,0.9958365677,0.8999513073,0.7424804690,0.0000000000,0.0000000000
2009-01-20,-0.0269578721,-0.0357032837,0.9689909328,0.8678200904,0.7424804690,0.0000000000,0.0000000000
2009-01-21,0.0157921449,0.0269690597,0.9842933780,0.8912243822,0.5611872499,0.0001087759,0.0000000000
2009-01-22,-0.0058097636,-0.0105232555,0.9785748661,0.8818458003,0.5611872499,0.0000000000,0.0000000000
2009-01-23,0.0066548482,0.0120291053,0.9850871333,0.8924536163,0.5611872499,0.0000000000,0.0000000000
2009-01-26,0.0027329517,0.0050400071,0.9877793289,0.8969515888,0.5611872499,0.0000000000,0.0000000000
2009-01-27,0.0030079905,0.0057007282,0.9907505597,0.9020648660,0.5611872499,0.0000000000,0.0000000000
2009-01-28,0.0111185805,0.0201542404,1.0017662996,0.9202452982,0.5611872499,0.0000000000,0.0000000000
2009-01-29,-0.0107097028,-0.0190840096,0.9910376802,0.9026833281,0.5611872499,0.0000000000,0.0000000000
2009-01-30,-0.0033765961,-0.0066996436,0.9876913462,0.8966356715,0.5611872499,0.0000000000,0.0000000000
2009-02-02,-0.0021716459,-0.0043469136,0.9855464303,0.8927380737,0.5611872499,0.0000000000,0.0000000000
2009-02-03,0.0041663918,0.0081055940,0.9896526028,0.8999742461,0.5611872499,0.0000000000,0.0000000000
2009-02-04,-0.0000968293,-0.0006839402,0.9895567755,0.8993587175,0.5611872499,0.0000000000,0.0000000000
2009-02-05,0.0104255454,0.0189187710,0.9998734446,0.9163734791,0.5611872499,0.0000000000,0.0000000000
2009-02-06,0.0063498572,0.0125079603,1.0062224981,0.9278354422,0.5611872499,0.0000000000,0.0000000000
2009-02-09,-0.0005286416,-0.0019664626,1.0056905670,0.9260108884,0.5611872499,0.0000000000,0.0000000000
2009-02-10,-0.0131540998,-0.0232691423,0.9924616130,0.9044634093,0.5611872499,0.0000000000,0.0000000000
2009-02-11,0.0027836863,0.0051309356,0.9952243147,0.9091041527,0.5611872499,0.0000000000,0.0000000000
2009-02-12,0.0035679309,0.0049546055,0.9987752064,0.9136084051,0.7420232711,0.0001085016,0.0000000000
2009-02-13,-0.0045546805,-0.0064416383,0.9942261045,0.9077232702,0.7420232711,0.0000000000,0.0000000000
2009-02-17,-0.0185604789,-0.0250133380,0.9757727919,0.8850180813,0.7420232711,0.0000000000,0.0000000000
2009-02-18,0.0005934112,0.0007239966,0.9763518263,0.8856588313,0.7420232711,0.0000000000,0.0000000000
2009-02-19,-0.0053972624,-0.0072737105,0.9710821993,0.8792168054,0.7420232711,0.0000000000,0.0000000000
2009-02-20,-0.0033483296,-0.0045124321,0.9678306960,0.8752493993,0.7420232711,0.0000000000,0.0000000000
2009-02-23,-0.0128594052,-0.0172544839,0.9553849689,0.8601474226,0.7420232711,0.0000000000,0.0000000000
2009-02-24,0.0118125324,0.0161467428,0.9666704847,0.8740360018,0.7420232711,0.0000000000,0.0000000000
2009-02-25,-0.0063045561,-0.0083448570,0.9605760565,0.8667422963,0.7420232711,0.0000000000,0.0000000000
2009-02-26,-0.0077686631,-0.0105453386,0.9531136647,0.8576022053,0.7420232711,0.0000000000,0.0000000000
2009-02-27,-0.0077688084,-0.0106971698,0.9457091072,0.8484282889,0.7420232711,0.0000000000,0.0000000000
2009-03-02,-0.0225338180,-0.0305728144,0.9243986702,0.8224894483,0.7420232711,0.0000000000,0.0000000000
2009-03-03,-0.0036377596,-0.0048266837,0.9210359301,0.8185195519,0.7420232711,0.0000000000,0.0000000000
2009-03-04,0.0124018935,0.0167136181,0.9324585197,0.8321999751,0.7420232711,0.0000000000,0.0000000000
2009-03-05,-0.0115311520,-0.0156159688,0.9217061988,0.8192043663,0.7420232711,0.0000000000,0.0000000000
2009-03-06,0.0001944665,0.0003378796,0.9218854398,0.8194811587,0.7420232711,0.0000000000,0.0000000000
2009-03-09,-0.0110674543,-0.0149152389,0.9116825148,0.8072584015,0.7420232711,0.0000000000,0.0000000000
2009-03-10,0.0237596913,0.0320201431,0.9333438099,0.8331069310,0.7420232711,0.0000000000,0.0000000000
2009-03-11,0.0033379646,0.0056645646,0.9364592785,0.8378261191,0.6039012818,0.0000828732,0.0000000000
2009-03-12,0.0167422262,0.0280094617,0.9521376916,0.8612931777,0.6039012818,0.0000000000,0.0000000000
2009-03-13,0.0044291683,0.0074766163,0.9563548697,0.8677327363,0.6039012818,0.0000000000,0.0000000000
2009-03-16,-0.0054069781,-0.0088101444,0.9511838799,0.8600878856,0.6039012818,0.0000000000,0.0000000000
2009-03-17,0.0116610793,0.0188806255,0.9622757105,0.8763268829,0.6039012818,0.0000000000,0.0000000000
2009-03-18,0.0126773914,0.0208495536,0.9744748563,0.8945979071,0.6039012818,0.0000000000,0.0000000000
2009-03-19,-0.0000595398,0.0003297165,0.9744168363,0.8948928709,0.6039012818,0.0000000000,0.0000000000
2009-03-20,-0.0074042988,-0.0125463668,0.9672019629,0.8836652167,0.6039012818,0.0000000000,0.0000000000
2009-03-23,0.0239977079,0.0395948632,0.9904125931,0.9186538201,0.6039012818,0.0000000000,0.0000000000
2009-03-24,-0.0107798376,-0.0177074259,0.9797361062,0.9023868257,0.6039012818,0.0000000000,0.0000000000
2009-03-25,0.0039426945,0.0062426993,0.9835989063,0.9080201553,0.6039012818,0.0000000000,0.0000000000
2009-03-26,0.0092034521,0.0153830035,0.9926514117,0.9219882325,0.6039012818,0.0000000000,0.0000000000
2009-03-27,-0.0098291292,-0.0164190934,0.9828945127,0.9068500217,0.6039012818,0.0000000000,0.0000000000
2009-03-30,-0.0139459616,-0.0229501055,0.9691871036,0.8860377180,0.6039012818,0.0000000000,0.0000000000
2009-03-31,0.0044131615,0.0093870667,0.9734642829,0.8943550132,0.5000000000,0.0000623408,0.0000000000
2009-04-01,0.0062974221,0.0124205706,0.9795945984,0.9054634128,0.5000000000,0.0000000000,0.0000000000
2009-04-02,0.0089322396,0.0185178658,0.9883445721,0.9222306628,0.5000000000,0.0000000000,0.0000000000
2009-04-03,0.0029185071,0.0051832004,0.9912290627,0.9270107692,0.5000000000,0.0000000000,0.0000000000
2009-04-06,-0.0046863002,-0.0091558033,0.9865838658,0.9185232409,0.5000000000,0.0000000000,0.0000000000
2009-04-07,-0.0069054360,-0.0138108720,0.9797710740,0.9058376340,0.5000000000,0.0000000000,0.0000000000
2009-04-08,0.0051065083,0.0097777788,0.9847742832,0.9146947140,0.5000000000,0.0000000000,0.0000000000
2009-04-09,0.0106495723,0.0219525950,0.9952617081,0.9347746366,0.5000000000,0.0000000000,0.0000000000
2009-04-13,0.0028850708,0.0051162638,0.9981331085,0.9395571902,0.5000000000,0.0000000000,0.0000000000
2009-04-14,-0.0056765772,-0.0109181060,0.9924671288,0.9292990052,0.5000000000,0.0000000000,0.0000000000
2009-04-15,0.0026780986,0.0042741678,0.9951250536,0.9332709851,0.6472482122,0.0000883489,0.0000000000
2009-04-16,0.0052086160,0.0076911495,1.0003082779,0.9404489118,0.6472482122,0.0000000000,0.0000000000
2009-04-17,-0.0009189379,-0.0008259809,0.9993890568,0.9396721190,0.6472482122,0.0000000000,0.0000000000
2009-04-20,-0.0148785665,-0.0232255179,0.9845195802,0.9178477474,0.6472482122,0.0000000000,0.0000000000
2009-04-21,0.0071384035,0.0111479315,0.9915474782,0.9280798511,0.6472482122,0.0000000000,0.0000000000
2009-04-22,-0.0001150881,-0.0002817600,0.9914333629,0.9278183554,0.7536378819,0.0000638338,0.0000000000
2009-04-23,0.0090785908,0.0119038368,1.0004341807,0.9388629537,0.7536378819,0.0000000000,0.0000000000
2009-04-24,0.0089903563,0.0119292787,1.0094284404,0.9500629115,0.7536378819,0.0000000000,0.0000000000
2009-04-27,-0.0046804108,-0.0061392625,1.0047039007,0.9442302259,0.7536378819,0.0000000000,0.0000000000
2009-04-28,-0.0049942849,-0.0066980796,0.9996861232,0.9379056966,0.7536378819,0.0000000000,0.0000000000
2009-04-29,0.0107015119,0.0142709676,1.0103842761,0.9512905185,0.7536378819,0.0000000000,0.0000000000
2009-04-30,0.0024624907,0.0032674721,1.0128723380,0.9543988337,0.7536378819,0.0000000000,0.0000000000
2009-05-01,0.0033858974,0.0043858542,1.0163018198,0.9585846879,0.7536378819,0.0000000000,0.0000000000
2009-05-04,0.0216908402,0.0235141234,1.0383462602,0.9811249665,0.9308265863,0.0001063132,0.0000000000
2009-05-05,-0.0026338007,-0.0031969580,1.0356114631,0.9779883513,0.8146886781,0.0000696827,0.0000000000
2009-05-06,0.0087518136,0.0107921130,1.0446749416,0.9885429121,0.8146886781,0.0000000000,0.0000000000
2009-05-07,-0.0093190688,-0.0114388097,1.0349395440,0.9772351578,0.8146886781,0.0000000000,0.0000000000
2009-05-08,0.0120842257,0.0147833382,1.0474459871,0.9916819557,0.8146886781,0.0000000000,0.0000000000
2009-05-11,-0.0082013023,-0.0100172051,1.0388555659,0.9817480741,0.8146886781,0.0000000000,0.0000000000
2009-05-12,0.0008216868,0.0008101481,1.0397091798,0.9825434354,0.8146886781,0.0000000000,0.0000000000
2009-05-13,-0.0140757836,-0.0171287866,1.0250744584,0.9657136586,0.8146886781,0.0000000000,0.0000000000
2009-05-14,0.0050411730,0.0061382407,1.0302420360,0.9716414415,0.8146886781,0.0000000000,0.0000000000
2009-05-15,-0.0024083406,-0.0029561484,1.0277608623,0.9687691252,0.8146886781,0.0000000000,0.0000000000
2009-05-18,0.0151863602,0.0184919131,1.0433688090,0.9866835197,0.8146886781,0.0000000000,0.0000000000
2009-05-19,0.0022794443,0.0028475011,1.0457471100,0.9894931021,0.8146886781,0.0000000000,0.0000000000
2009-05-20,0.0008306111,0.0012178130,1.0466157192,0.9906981196,0.8146886781,0.0000000000,0.0000000000
2009-05-21,-0.0057131694,-0.0071614516,1.0406362263,0.9836032830,0.8146886781,0.0000000000,0.0000000000
2009-05-22,0.0004024192,0.0004442943,1.0410549983,0.9840402923,0.8146886781,0.0000000000,0.0000000000
2009-05-26,0.0138873802,0.0169966628,1.0555125248,1.0007656933,0.8146886781,0.0000000000,0.0000000000
2009-05-27,-0.0080277381,-0.0098537494,1.0470391467,0.9909043990,0.8146886781,0.0000000000,0.0000000000
2009-05-28,0.0090904397,0.0112077442,1.0565571929,1.0020102020,0.8146886781,0.0000000000,0.0000000000
2009-05-29,0.0124799812,0.0152691330,1.0697430068,1.0173100291,0.8146886781,0.0000000000,0.0000000000
2009-06-01,0.0133258816,0.0165354309,1.0839982755,1.0341316888,0.8146886781,0.0000000000,0.0000000000
2009-06-02,0.0019316324,0.0023710068,1.0860921616,1.0365836220,0.8146886781,0.0000000000,0.0000000000
2009-06-03,-0.0099413568,-0.0123017652,1.0752949319,1.0238318137,0.8146886781,0.0000000000,0.0000000000
2009-06-04,0.0084481583,0.0103697995,1.0843791937,1.0344487443,0.8146886781,0.0000000000,0.0000000000
2009-06-05,-0.0056614451,-0.0059162734,1.0782400404,1.0283286627,0.9418893569,0.0000763204,0.0000000000
2009-06-08,-0.0030899907,-0.0032940633,1.0749082887,1.0249412830,0.9418893569,0.0000000000,0.0000000000
2009-06-09,0.0059315232,0.0063109036,1.0812841321,1.0314095886,0.9418893569,0.0000000000,0.0000000000
2009-06-10,-0.0023695164,-0.0025291388,1.0787220117,1.0288010106,0.9418893569,0.0000000000,0.0000000000
2009-06-11,0.0044945598,0.0048121906,1.0835703923,1.0337517972,0.9418893569,0.0000000000,0.0000000000
2009-06-12,-0.0034569280,-0.0037240385,1.0798245674,1.0299020657,0.9418893569,0.0000000000,0.0000000000
2009-06-15,-0.0171986570,-0.0182597424,1.0612530350,1.0110963193,0.9418893569,0.0000000000,0.0000000000
2009-06-16,-0.0060880402,-0.0064771060,1.0547920839,1.0045473412,0.9418893569,0.0000000000,0.0000000000
2009-06-17,0.0021844832,0.0023192567,1.0570962595,1.0068771444,0.9418893569,0.0000000000,0.0000000000
2009-06-18,-0.0006287841,-0.0006541213,1.0564315741,1.0062185246,0.9418893569,0.0000000000,0.0000000000
2009-06-19,0.0041865707,0.0044314056,1.0608543996,1.0106774870,0.9418893569,0.0000000000,0.0000000000
2009-06-22,-0.0254286354,-0.0233949484,1.0338783199,0.9870327393,1.0831641916,0.0000847649,0.0000000000
2009-06-23,0.0042369053,0.0039146470,1.0382587644,0.9908966241,1.0831641916,0.0000000000,0.0000000000
2009-06-24,0.0087693844,0.0080991272,1.0473636546,0.9989220219,1.0831641916,0.0000000000,0.0000000000
2009-06-25,0.0173601418,0.0160302954,1.0655460362,1.0149350370,1.0831641916,0.0000000000,0.0000000000
2009-06-26,-0.0000094253,0.0000760508,1.0655359932,1.0150122237,0.9473744360,0.0000814739,0.0000000000
2009-06-29,0.0038448369,0.0040584132,1.0696328052,1.0191315626,0.9473744360,0.0000000000,0.0000000000
2009-06-30,-0.0075401515,-0.0079468828,1.0615676119,1.0110326436,0.9473744360,0.0000000000,0.0000000000
2009-07-01,0.0061270222,0.0064661612,1.0680718602,1.0175701436,0.9473744360,0.0000000000,0.0000000000
2009-07-02,-0.0185879308,-0.0196325755,1.0482186144,0.9975926210,0.9473744360,0.0000000000,0.0000000000
2009-07-06,-0.0038754681,-0.0040786422,1.0441562765,0.9935237976,0.9473744360,0.0000000000,0.0000000000
2009-07-07,-0.0136083851,-0.0143643153,1.0299469958,0.9792525085,0.9473744360,0.0000000000,0.0000000000
2009-07-08,-0.0016599410,-0.0017642552,1.0282373446,0.9775248572,0.9473744360,0.0000000000,0.0000000000
2009-07-09,0.0027589676,0.0029243288,1.0310742180,0.9803834613,0.9473744360,0.0000000000,0.0000000000
2009-07-10,-0.0001640920,-0.0001732071,1.0309050270,0.9802136519,0.9473744360,0.0000000000,0.0000000000
2009-07-13,0.0138793679,0.0146382445,1.0452133372,0.9945622590,0.9473744360,0.0000000000,0.0000000000
2009-07-14,0.0032350944,0.0039967384,1.0485947009,0.9985372642,0.8274386459,0.0000719615,0.0000000000
2009-07-15,0.0232229705,0.0237823977,1.0729461847,1.0222848746,0.9806975689,0.0000919554,0.0000000000
2009-07-16,0.0030417892,0.0036596712,1.0762098609,1.0260261011,0.8353737147,0.0000871943,0.0000000000
2009-07-17,0.0038427203,0.0046000015,1.0803454344,1.0307458227,0.8353737147,0.0000000000,0.0000000000
2009-07-20,0.0096848798,0.0116793703,1.0908084501,1.0427842848,0.8353737147,0.0000000000,0.0000000000
2009-07-21,0.0026312997,0.0031498473,1.0936786940,1.0460688961,0.8353737147,0.0000000000,0.0000000000
2009-07-22,0.0024638886,0.0029064655,1.0963733965,1.0491092593,0.8353737147,0.0000000000,0.0000000000
2009-07-23,0.0124289502,0.0149212811,1.1100001668,1.0647633135,0.8353737147,0.0000000000,0.0000000000
2009-07-24,-0.0001995905,-0.0001960257,1.1097786214,1.0645545925,0.8353737147,0.0000000000,0.0000000000
2009-07-27,0.0035334809,0.0035161965,1.1137000029,1.0682977755,1.0403475198,0.0001229843,0.0000000000
2009-07-28,-0.0066366126,-0.0063692436,1.1063088074,1.0614935267,1.0403475198,0.0000000000,0.0000000000
2009-07-29,-0.0046160999,-0.0036683561,1.1012019754,1.0575995905,1.2256136695,0.0001111597,0.0000000000
2009-07-30,0.0125355500,0.0102754300,1.1150061478,1.0684668811,1.2256136695,0.0000000000,0.0000000000
2009-07-31,0.0070167849,0.0056120861,1.1228299061,1.0744632092,1.2256136695,0.0000000000,0.0000000000
2009-08-03,0.0166137165,0.0136109404,1.1414842838,1.0890876640,1.2256136695,0.0000000000,0.0000000000
2009-08-04,0.0007915432,0.0006932169,1.1423878179,1.0898426379,1.2256136695,0.0000000000,0.0000000000
2009-08-05,-0.0025665528,-0.0021268604,1.1394558192,1.0875246948,1.2256136695,0.0000000000,0.0000000000
2009-08-06,-0.0092055980,-0.0060140833,1.1289664470,1.0809842307,1.5000000000,0.0001646318,0.0000000000
2009-08-07,0.0067473639,0.0049008581,1.1365839945,1.0862819810,1.3930483132,0.0000641710,0.0000000000
2009-08-10,-0.0052661000,-0.0037690745,1.1305986296,1.0821877033,1.3930483132,0.0000000000,0.0000000000
2009-08-11,-0.0104199879,-0.0074687939,1.1188178055,1.0741050664,1.3930483132,0.0000000000,0.0000000000
2009-08-12,0.0120887561,0.0088120865,1.1323429212,1.0835701732,1.3930483132,0.0000000000,0.0000000000
2009-08-13,0.0101628985,0.0078469395,1.1438508074,1.0920728828,1.2885686697,0.0000626878,0.0000000000
2009-08-14,-0.0129383171,-0.0089102717,1.1290513029,1.0823422168,1.4207160268,0.0000792884,0.0000000000
2009-08-17,-0.0274471719,-0.0209262346,1.0980620376,1.0596928696,1.3145221248,0.0000637163,0.0000000000
2009-08-18,0.0093796269,0.0092302457,1.1083614498,1.0694740951,1.0361416044,0.0001670283,0.0000000000
2009-08-19,0.0059739493,0.0057517603,1.1149827450,1.0756254538,1.0361416044,0.0000000000,0.0000000000
2009-08-20,0.0071013206,0.0068625981,1.1229005949,1.0830070390,1.0361416044,0.0000000000,0.0000000000
2009-08-21,0.0139332684,0.0134410544,1.1385462703,1.0975637956,1.0361416044,0.0000000000,0.0000000000
2009-08-24,-0.0014397522,-0.0013881481,1.1369070458,1.0960402145,1.0361416044,0.0000000000,0.0000000000
2009-08-25,0.0019774774,0.0019098853,1.1391552538,1.0981335255,1.0361416044,0.0000000000,0.0000000000
2009-08-26,-0.0010377759,-0.0009925989,1.1379730660,1.0970435194,1.0361416044,0.0000000000,0.0000000000
2009-08-27,0.0027356744,0.0026416357,1.1410861899,1.0999415087,1.0361416044,0.0000000000,0.0000000000
2009-08-28,0.0010316920,0.0010046967,1.1422634393,1.1010466163,1.0361416044,0.0000000000,0.0000000000
2009-08-31,-0.0081943026,-0.0079070934,1.1329033870,1.0923405379,1.0361416044,0.0000000000,0.0000000000
2009-09-01,-0.0145585122,-0.0140705987,1.1164099993,1.0769706526,1.0361416044,0.0000000000,0.0000000000
2009-09-02,0.0040130274,0.0039048694,1.1208901832,1.0811760823,1.0361416044,0.0000000000,0.0000000000
2009-09-03,0.0074417309,0.0071835404,1.1292315463,1.0889427544,1.0361416044,0.0000000000,0.0000000000
2009-09-04,0.0108162469,0.0104403501,1.1414455935,1.1003116980,1.0361416044,0.0000000000,0.0000000000
2009-09-08,0.0088222283,0.0085158848,1.1515156872,1.1096818256,1.0361416044,0.0000000000,0.0000000000
2009-09-09,0.0073424827,0.0055725820,1.1599706711,1.1158656186,1.3129402149,0.0001660792,0.0000000000
2009-09-10,0.0112282022,0.0086132030,1.1729950563,1.1254767957,1.3129402149,0.0000000000,0.0000000000
2009-09-11,0.0013140303,0.0009585076,1.1745364073,1.1265555737,1.3129402149,0.0000000000,0.0000000000
2009-09-14,0.0012335291,0.0009489749,1.1759852322,1.1276246467,1.3129402149,0.0000000000,0.0000000000
2009-09-15,0.0070044572,0.0048497331,1.1842223705,1.1330933253,1.4672057778,0.0000925593,0.0000000000
2009-09-16,0.0186332516,0.0127124578,1.2062882839,1.1474977264,1.4672057778,0.0000000000,0.0000000000
2009-09-17,-0.0014292436,-0.0009368782,1.2045642041,1.1464226609,1.3570600891,0.0000660874,0.0000000000
2009-09-18,-0.0014099625,-0.0010857027,1.2028658137,1.1451779867,1.3570600891,0.0000000000,0.0000000000
2009-09-21,-0.0045254928,-0.0031522736,1.1974222532,1.1415680724,1.3570600891,0.0000000000,0.0000000000
2009-09-22,0.0102810497,0.0074144634,1.2097330109,1.1500321871,1.3570600891,0.0000000000,0.0000000000
2009-09-23,-0.0104949828,-0.0076084767,1.1970368838,1.1412821940,1.3570600891,0.0000000000,0.0000000000
2009-09-24,-0.0149702082,-0.0100549825,1.1791169923,1.1298066215,1.5000000000,0.0000857639,0.0000000000
2009-09-25,-0.0071206325,-0.0045885504,1.1707209336,1.1246224469,1.5000000000,0.0000000000,0.0000000000
2009-09-28,0.0159749638,0.0116393941,1.1894231581,1.1377123708,1.3868845922,0.0000678692,0.0000000000
2009-09-29,-0.0023829546,-0.0017071370,1.1865888167,1.1357701400,1.3868845922,0.0000000000,0.0000000000
2009-09-30,0.0037522732,0.0027166109,1.1910412221,1.1388555854,1.3868845922,0.0000000000,0.0000000000
2009-10-01,-0.0268776670,-0.0195390599,1.1590288127,1.1166034180,1.3868845922,0.0000000000,0.0000000000
2009-10-02,-0.0032650818,-0.0027247646,1.1552444888,1.1135609365,1.1423857749,0.0001466993,0.0000000000
2009-10-05,0.0134147698,0.0118021089,1.1707418278,1.1267033040,1.1423857749,0.0000000000,0.0000000000
2009-10-06,0.0148227769,0.0129258551,1.1880954727,1.1412669076,1.1423857749,0.0000000000,0.0000000000
2009-10-07,0.0029685584,0.0030487579,1.1916224035,1.1447463541,1.0016490893,0.0000844420,0.0000000000
2009-10-08,0.0083709165,0.0083564819,1.2015973750,1.1543124063,1.0016490893,0.0000000000,0.0000000000
2009-10-09,0.0010191456,0.0010178916,1.2028219777,1.1554873712,1.0016490893,0.0000000000,0.0000000000
2009-10-12,0.0047627759,0.0047549999,1.2085507493,1.1609817136,1.0016490893,0.0000000000,0.0000000000
2009-10-13,0.0010520366,0.0010503699,1.2098221889,1.1622011738,1.0016490893,0.0000000000,0.0000000000
2009-10-14,0.0119411678,0.0119212150,1.2242688787,1.1760560239,1.0016490893,0.0000000000,0.0000000000
2009-10-15,-0.0011987659,-0.0011967269,1.2228012669,1.1746486060,1.0016490893,0.0000000000,0.0000000000
2009-10-16,-0.0058150403,-0.0051066148,1.2156906283,1.1686501280,1.1147414394,0.0000678554,0.0000000000
2009-10-19,0.0108864116,0.0097474533,1.2289251368,1.1800414905,1.1147414394,0.0000000000,0.0000000000
2009-10-20,-0.0049638051,-0.0044712048,1.2228249920,1.1747652834,1.1147414394,0.0000000000,0.0000000000
2009-10-21,-0.0019762026,-0.0017687055,1.2204084420,1.1726874695,1.1147414394,0.0000000000,0.0000000000
2009-10-22,0.0063866018,0.0057333072,1.2282027049,1.1794108470,1.1147414394,0.0000000000,0.0000000000
2009-10-23,-0.0113037552,-0.0073685059,1.2143194021,1.1707203512,1.5000000000,0.0002311551,0.0000000000
2009-10-26,-0.0144105522,-0.0095938073,1.1968203890,1.1594886858,1.5000000000,0.0000000000,0.0000000000
2009-10-27,-0.0087133161,-0.0063594448,1.1863921146,1.1521149815,1.3541690400,0.0000874986,0.0000000000
2009-10-28,-0.0246537580,-0.0181954416,1.1571430905,1.1311517406,1.3541690400,0.0000000000,0.0000000000
2009-10-29,0.0233942560,0.0202513799,1.1842135922,1.1540591242,1.1629306830,0.0001147430,0.0000000000
2009-10-30,-0.0210841278,-0.0211798511,1.1592454815,1.1296163239,0.9907936802,0.0001032822,0.0000000000
2009-11-02,0.0056858048,0.0066972975,1.1658367250,1.1371817004,0.8602119568,0.0000783490,0.0000000000
2009-11-03,0.0052995812,0.0061607853,1.1720151714,1.1441876327,0.8602119568,0.0000000000,0.0000000000
2009-11-04,0.0025820384,0.0030370170,1.1750413596,1.1476625500,0.8602119568,0.0000000000,0.0000000000
2009-11-05,0.0112573012,0.0130866597,1.1882691541,1.1626816192,0.8602119568,0.0000000000,0.0000000000
2009-11-06,0.0016470655,0.0018793264,1.1902263113,1.1648666775,0.8602119568,0.0000000000,0.0000000000
2009-11-09,0.0158069123,0.0183756017,1.2090401142,1.1862718036,0.8602119568,0.0000000000,0.0000000000
2009-11-10,0.0002019700,0.0003411014,1.2092843041,1.1866764426,0.8602119568,0.0000000000,0.0000000000
2009-11-11,0.0051865201,0.0060293513,1.2155562814,1.1938313317,0.8602119568,0.0000000000,0.0000000000
2009-11-12,-0.0077926886,-0.0090590331,1.2060838298,1.1830163742,0.8602119568,0.0000000000,0.0000000000
2009-11-13,0.0065871355,0.0076575726,1.2140284674,1.1920754080,0.8602119568,0.0000000000,0.0000000000
2009-11-16,0.0113885767,0.0132392681,1.2278545238,1.2078576139,0.8602119568,0.0000000000,0.0000000000
2009-11-17,0.0011491531,0.0013358953,1.2292655166,1.2094711852,0.8602119568,0.0000000000,0.0000000000
2009-11-18,0.0004228850,0.0004916056,1.2297853546,1.2100657680,0.8602119568,0.0000000000,0.0000000000
2009-11-19,-0.0105820983,-0.0123017336,1.2167716451,1.1951798613,0.8602119568,0.0000000000,0.0000000000
2009-11-20,-0.0021443682,-0.0024928370,1.2141624386,1.1922004727,0.8602119568,0.0000000000,0.0000000000
2009-11-23,0.0140689320,0.0122241864,1.2312444074,1.2067741535,1.1664826074,0.0001837624,0.0000000000
2009-11-24,-0.0014549182,-0.0012416060,1.2294530475,1.2052758155,1.1664826074,0.0000000000,0.0000000000
2009-11-25,0.0096297911,0.0082610727,1.2412924235,1.2152326866,1.1664826074,0.0000000000,0.0000000000
2009-11-27,-0.0177688046,-0.0151960150,1.2192361410,1.1967659925,1.1664826074,0.0000000000,0.0000000000
2009-11-30,0.0033929704,0.0034850176,1.2233729731,1.2009367430,1.0019386067,0.0000987264,0.0000000000
2009-12-01,0.0120634236,0.0120401594,1.2381310395,1.2153962129,1.0019386067,0.0000000000,0.0000000000
2009-12-02,0.0025972970,0.0025919265,1.2413468335,1.2185464305,1.0019386067,0.0000000000,0.0000000000
2009-12-03,-0.0047466469,-0.0047373860,1.2354545985,1.2127737057,1.0019386067,0.0000000000,0.0000000000
2009-12-04,-0.0048081171,-0.0047978923,1.2295143881,1.2069549481,1.0019386067,0.0000000000,0.0000000000
2009-12-07,-0.0042339381,-0.0038153463,1.2243087003,1.2023499970,1.1044558925,0.0000615104,0.0000000000
2009-12-08,-0.0110561389,-0.0100067318,1.2107725732,1.1903184031,1.1044558925,0.0000000000,0.0000000000
2009-12-09,0.0029818376,0.0027448825,1.2143829004,1.1935856872,1.1044558925,0.0000000000,0.0000000000
2009-12-10,0.0033549300,0.0030000981,1.2184570700,1.1971665614,1.1044558925,0.0000000000,0.0000000000
2009-12-11,-0.0021427574,-0.0019363492,1.2158462121,1.1948484288,1.1044558925,0.0000000000,0.0000000000
2009-12-14,0.0088177726,0.0070910068,1.2265672675,1.2033211072,1.2495181162,0.0000870373,0.0000000000
2009-12-15,-0.0057431471,-0.0045883654,1.2195229112,1.1977998303,1.2495181162,0.0000000000,0.0000000000
2009-12-16,0.0061092103,0.0049406996,1.2269732332,1.2037177995,1.2495181162,0.0000000000,0.0000000000
2009-12-17,-0.0203248259,-0.0162582072,1.2020352159,1.1841475061,1.2495181162,0.0000000000,0.0000000000
2009-12-18,0.0108681658,0.0087058100,1.2150991339,1.1944564693,1.2495181162,0.0000000000,0.0000000000
2009-12-21,0.0027192075,0.0021841292,1.2184032406,1.1970653166,1.2495181162,0.0000000000,0.0000000000
2009-12-22,0.0029199607,0.0023447937,1.2219609302,1.1998721878,1.2495181162,0.0000000000,0.0000000000
2009-12-23,0.0067386318,0.0048390636,1.2301952750,1.2056784456,1.4166941252,0.0001003056,0.0000000000
2009-12-24,0.0101400113,0.0072333401,1.2426694690,1.2143995279,1.4166941252,0.0000000000,0.0000000000
2009-12-28,0.0037356305,0.0025843985,1.2473116230,1.2175380201,1.4166941252,0.0000000000,0.0000000000
2009-12-29,-0.0041538467,-0.0028945492,1.2421304817,1.2140137964,1.4166941252,0.0000000000,0.0000000000
2009-12-30,-0.0004706588,-0.0002564659,1.2415458621,1.2137024433,1.4166941252,0.0000000000,0.0000000000
2009-12-31,-0.0075358391,-0.0052435996,1.2321897722,1.2073382736,1.4166941252,0.0000000000,0.0000949243
2010-01-04,0.0239102058,0.0167610521,1.2616516833,1.2275745333,1.4166941252,0.0000000000,0.0000000000
2010-01-05,0.0021926067,0.0018076613,1.2644179892,1.2297935723,1.2454927608,0.0001027208,0.0000000000
2010-01-06,0.0042342370,0.0034074697,1.2697718347,1.2339840566,1.2454927608,0.0000000000,0.0000000000
2010-01-07,-0.0020430383,-0.0016325237,1.2671776422,1.2319695483,1.2454927608,0.0000000000,0.0000000000
2010-01-08,0.0057780579,0.0046469959,1.2744994681,1.2376945057,1.2454927608,0.0000000000,0.0000000000
2010-01-11,0.0024152999,0.0019470540,1.2775777664,1.2401043638,1.2454927608,0.0000000000,0.0000000000
2010-01-12,-0.0158720372,-0.0104663277,1.2573000046,1.2271250251,1.5000000000,0.0001527043,0.0000000000
2010-01-13,0.0101109773,0.0068993712,1.2700125364,1.2355914161,1.5000000000,0.0000000000,0.0000000000
2010-01-14,0.0033310561,0.0021613205,1.2742430193,1.2382619251,1.5000000000,0.0000000000,0.0000000000
2010-01-15,-0.0136649800,-0.0090967591,1.2568305140,1.2269977546,1.5000000000,0.0000000000,0.0000000000
2010-01-19,0.0132129628,0.0095262728,1.2734369688,1.2386864699,1.3952465575,0.0000628521,0.0000000000
2010-01-20,-0.0190657566,-0.0136535526,1.2491579295,1.2217739991,1.3952465575,0.0000000000,0.0000000000
2010-01-21,-0.0163318363,-0.0135982191,1.2287568867,1.2051600486,1.1914778435,0.0001222612,0.0000000000
2010-01-22,-0.0173608025,-0.0158892739,1.2074246810,1.1860109305,1.0885019104,0.0000617856,0.0000000000
2010-01-25,0.0043960297,0.0040595469,1.2127325558,1.1908255974,1.0885019104,0.0000000000,0.0000000000
2010-01-26,-0.0020098398,-0.0019771982,1.2102951576,1.1884710992,0.9851440657,0.0000620147,0.0000000000
2010-01-27,-0.0007192646,-0.0005127613,1.2094246352,1.1878616972,1.1442077547,0.0000954382,0.0000000000
2010-01-28,-0.0128642192,-0.0112653390,1.1938663316,1.1744800325,1.1442077547,0.0000000000,0.0000000000
2010-01-29,-0.0102507431,-0.0089263704,1.1816283145,1.1639961887,1.1442077547,0.0000000000,0.0000000000
2010-02-01,0.0164578899,0.0143612214,1.2010754232,1.1807125957,1.1442077547,0.0000000000,0.0000000000
2010-02-02,0.0099392595,0.0100373626,1.2130132235,1.1925638361,0.9989333769,0.0000871646,0.0000000000
2010-02-03,-0.0032737988,-0.0032777597,1.2090420622,1.1886548985,0.9989333769,0.0000000000,0.0000000000
2010-02-04,-0.0275808594,-0.0276103092,1.1756956431,1.1558357693,0.9989333769,0.0000000000,0.0000000000
2010-02-05,0.0001224726,0.0002714400,1.1758396337,1.1561495093,0.8283217359,0.0001023670,0.0000000000
2010-02-08,-0.0041216062,-0.0049758518,1.1709932857,1.1503966807,0.8283217359,0.0000000000,0.0000000000
2010-02-09,0.0098393981,0.0118787154,1.1825151549,1.1640619154,0.8283217359,0.0000000000,0.0000000000
2010-02-10,-0.0021379422,-0.0025810529,1.1799870059,1.1610574101,0.8283217359,0.0000000000,0.0000000000
2010-02-11,0.0094490144,0.0114074206,1.1911367201,1.1743020803,0.8283217359,0.0000000000,0.0000000000
2010-02-12,-0.0011554765,-0.0013949610,1.1897603896,1.1726639747,0.8283217359,0.0000000000,0.0000000000
2010-02-16,0.0132901890,0.0160447184,1.2055725300,1.1914790379,0.8283217359,0.0000000000,0.0000000000
2010-02-17,0.0012495174,0.0016440150,1.2070789139,1.1934378473,0.8283217359,0.0000000000,0.0000000000
2010-02-18,0.0043909779,0.0052105893,1.2123791707,1.1996563618,0.8283217359,0.0000000000,0.0000000000
2010-02-19,-0.0004703584,-0.0004774203,1.2118089180,1.1990836215,0.8283217359,0.0000000000,0.0000000000
2010-02-22,-0.0010289666,-0.0013326949,1.2105620071,1.1974856089,0.8283217359,0.0000000000,0.0000000000
2010-02-23,-0.0092067355,-0.0110245020,1.1994166829,1.1842839264,0.8283217359,0.0000000000,0.0000000000
2010-02-24,0.0047059010,0.0055907834,1.2050610191,1.1909050014,0.8283217359,0.0000000000,0.0000000000
2010-02-25,0.0000803509,0.0000970044,1.2051578468,1.1910205244,0.8283217359,0.0000000000,0.0000000000
2010-02-26,0.0038595126,0.0046594366,1.2098091687,1.1965700091,0.8283217359,0.0000000000,0.0000000000
2010-03-01,0.0089383106,0.0067541071,1.2206228188,1.2046517711,1.3491545507,0.0003124997,0.0000000000
2010-03-02,0.0079201265,0.0059372656,1.2302903059,1.2118041086,1.3491545507,0.0000000000,0.0000000000
2010-03-03,0.0034124858,0.0024830741,1.2344886542,1.2148131081,1.3491545507,0.0000000000,0.0000000000
2010-03-04,0.0004744585,0.0003874874,1.2350743678,1.2152838329,1.4858209543,0.0000819998,0.0000000000
2010-03-05,0.0150237946,0.0101244185,1.2536298714,1.2275878750,1.4858209543,0.0000000000,0.0000000000
2010-03-08,-0.0009375341,-0.0006180122,1.2524545506,1.2268292107,1.4858209543,0.0000000000,0.0000000000
2010-03-09,0.0013680182,0.0009336904,1.2541679311,1.2279746893,1.4858209543,0.0000000000,0.0000000000
2010-03-10,0.0026384102,0.0018601596,1.2574769406,1.2302589182,1.4858209543,0.0000000000,0.0000000000
2010-03-11,0.0032786190,0.0021481360,1.2615997284,1.2329016817,1.4858209543,0.0000000000,0.0000000000
2010-03-12,-0.0011607355,-0.0007682332,1.2601353448,1.2319545258,1.4858209543,0.0000000000,0.0000000000
2010-03-15,-0.0017228757,-0.0011465696,1.2579642882,1.2305420042,1.4858209543,0.0000000000,0.0000000000
2010-03-16,0.0137850377,0.0092906997,1.2753053733,1.2419746004,1.4858209543,0.0000000000,0.0000000000
2010-03-17,0.0031731236,0.0021485780,1.2793520749,1.2446430798,1.4858209543,0.0000000000,0.0000000000
2010-03-18,0.0009185112,0.0006311594,1.2805271742,1.2454286479,1.4858209543,0.0000000000,0.0000000000
2010-03-19,-0.0113076675,-0.0075974086,1.2660473987,1.2359666176,1.4858209543,0.0000000000,0.0000000000
2010-03-22,0.0043543991,0.0030150692,1.2715602744,1.2396931425,1.4858209543,0.0000000000,0.0000000000
2010-03-23,0.0081372541,0.0054895798,1.2819072835,1.2464985370,1.4858209543,0.0000000000,0.0000000000
2010-03-24,-0.0117768244,-0.0079846080,1.2668104865,1.2365457348,1.4858209543,0.0000000000,0.0000000000
2010-03-25,-0.0021961557,-0.0013223852,1.2640283735,1.2349105450,1.4858209543,0.0000000000,0.0000000000
2010-03-26,0.0057023496,0.0038508195,1.2712363052,1.2396659626,1.4858209543,0.0000000000,0.0000000000
2010-03-29,0.0083375462,0.0054817291,1.2818352967,1.2464614756,1.4858209543,0.0000000000,0.0000000000
2010-03-30,0.0006240436,0.0004329743,1.2826352179,1.2470011613,1.4858209543,0.0000000000,0.0000000000
2010-03-31,-0.0009821027,-0.0005052928,1.2813755384,1.2463710606,1.4858209543,0.0000000000,0.0000000000
2010-04-01,0.0101352724,0.0068343033,1.2943626286,1.2548891385,1.4858209543,0.0000000000,0.0000000000
2010-04-05,0.0092071686,0.0060670098,1.3062800436,1.2625025632,1.4858209543,0.0000000000,0.0000000000
2010-04-06,0.0022385594,0.0015195895,1.3092042290,1.2644210489,1.4858209543,0.0000000000,0.0000000000
2010-04-07,-0.0013205774,-0.0008758113,1.3074753235,1.2633136546,1.4858209543,0.0000000000,0.0000000000
2010-04-08,0.0022835995,0.0015499028,1.3104610734,1.2652716680,1.4858209543,0.0000000000,0.0000000000
2010-04-09,0.0094780995,0.0063920071,1.3228817539,1.2733592935,1.4858209543,0.0000000000,0.0000000000
2010-04-12,0.0005237169,0.0003654515,1.3235745694,1.2738246446,1.4858209543,0.0000000000,0.0000000000
2010-04-13,0.0015456405,0.0010532353,1.3256203399,1.2751662817,1.4858209543,0.0000000000,0.0000000000
2010-04-14,0.0124985821,0.0084248783,1.3421887145,1.2859094024,1.4858209543,0.0000000000,0.0000000000
2010-04-15,0.0032686813,0.0022128911,1.3465759017,1.2887549799,1.4858209543,0.0000000000,0.0000000000
2010-04-16,-0.0210140929,-0.0141301105,1.3182788307,1.2705447296,1.4858209543,0.0000000000,0.0000000000
2010-04-19,-0.0009974883,-0.0005869041,1.3169638629,1.2697990417,1.4858209543,0.0000000000,0.0000000000
2010-04-20,0.0085171448,0.0056738138,1.3281806349,1.2770036450,1.4858209543,0.0000000000,0.0000000000
2010-04-21,0.0026160558,0.0017736555,1.3316552296,1.2792686095,1.4858209543,0.0000000000,0.0000000000
2010-04-22,0.0005434663,0.0003787434,1.3323789393,1.2797531240,1.4858209543,0.0000000000,0.0000000000
2010-04-23,0.0089537812,0.0060391259,1.3443087688,1.2874817142,1.4858209543,0.0000000000,0.0000000000
2010-04-26,-0.0038730915,-0.0025222673,1.3391021379,1.2842343412,1.4858209543,0.0000000000,0.0000000000
2010-04-27,-0.0205546891,-0.0138923620,1.3115773098,1.2663932928,1.4858209543,0.0000000000,0.0000000000
2010-04-28,0.0021983803,0.0015640069,1.3144606556,1.2683739406,1.4858209543,0.0000000000,0.0000000000
2010-04-29,0.0152672771,0.0102882892,1.3345288906,1.2814233386,1.4858209543,0.0000000000,0.0000000000
2010-04-30,-0.0110079037,-0.0081420911,1.3198385251,1.2709898730,1.3496162433,0.0000817228,0.0000000000
2010-05-03,0.0109315560,0.0081666456,1.3342664138,1.2813695969,1.3496162433,0.0000000000,0.0000000000
2010-05-04,-0.0274463030,-0.0203826982,1.2976457336,1.2552518271,1.3496162433,0.0000000000,0.0000000000
2010-05-05,-0.0062868235,-0.0059345608,1.2894876639,1.2478024587,1.0254779651,0.0001944830,0.0000000000
2010-05-06,-0.0183998602,-0.0179363171,1.2657612711,1.2254214781,1.0254779651,0.0000000000,0.0000000000
2010-05-07,-0.0114067486,-0.0111223624,1.2513230505,1.2117918963,1.0254779651,0.0000000000,0.0000000000
2010-05-10,0.0320771566,0.0312811867,1.2914619360,1.2496981848,1.0254779651,0.0000000000,0.0000000000
2010-05-11,0.0009899700,0.0016116040,1.2927404446,1.2517122035,0.7258337111,0.0001797866,0.0000000000
2010-05-12,0.0077601270,0.0106913290,1.3027722746,1.2650946705,0.7258337111,0.0000000000,0.0000000000
2010-05-13,-0.0070511306,-0.0096322448,1.2935862572,1.2529089688,0.7258337111,0.0000000000,0.0000000000
2010-05-14,-0.0097739602,-0.0135481386,1.2809427967,1.2359343845,0.7258337111,0.0000000000,0.0000000000
2010-05-17,-0.0012638402,-0.0017412255,1.2793238897,1.2337823440,0.7258337111,0.0000000000,0.0000000000
2010-05-18,-0.0062175394,-0.0084837845,1.2713696430,1.2233152004,0.7258337111,0.0000000000,0.0000000000
2010-05-19,-0.0062411624,-0.0086809112,1.2634348186,1.2126957098,0.7258337111,0.0000000000,0.0000000000
2010-05-20,-0.0185500201,-0.0255568456,1.2399980773,1.1817030328,0.7258337111,0.0000000000,0.0000000000
2010-05-21,0.0071875429,0.0099024650,1.2489106167,1.1934048057,0.7258337111,0.0000000000,0.0000000000
2010-05-24,-0.0030967118,-0.0042664204,1.2450431005,1.1883132391,0.7258337111,0.0000000000,0.0000000000
2010-05-25,-0.0002383840,-0.0003284279,1.2447463021,1.1879229639,0.7258337111,0.0000000000,0.0000000000
2010-05-26,-0.0019835873,-0.0028150822,1.2422772391,1.1845788630,0.7258337111,0.0000000000,0.0000000000
2010-05-27,0.0181369268,0.0251522040,1.2648083305,1.2143736323,0.7258337111,0.0000000000,0.0000000000
2010-05-28,-0.0053883572,-0.0075059792,1.2579930914,1.2052585691,0.7258337111,0.0000000000,0.0000000000
2010-06-01,-0.0050238937,-0.0069215491,1.2516730679,1.1969163127,0.7258337111,0.0000000000,0.0000000000
2010-06-02,0.0116697074,0.0159954174,1.2662797264,1.2160614887,0.7258337111,0.0000000000,0.0000000000
2010-06-03,0.0002004071,0.0004405939,1.2665334979,1.2165972781,0.7258337111,0.0000000000,0.0000000000
2010-06-04,-0.0153303790,-0.0212856217,1.2471170593,1.1907012486,0.7258337111,0.0000000000,0.0000000000
2010-06-07,-0.0035144020,-0.0047596587,1.2427341886,1.1850339170,0.7258337111,0.0000000000,0.0000000000
2010-06-08,0.0029569777,0.0039916629,1.2464089260,1.1897641729,0.7258337111,0.0000000000,0.0000000000
2010-06-09,-0.0026622311,-0.0036678251,1.2430906974,1.1854003260,0.7258337111,0.0000000000,0.0000000000
2010-06-10,0.0115546056,0.0159190809,1.2574541201,1.2042708098,0.7258337111,0.0000000000,0.0000000000
2010-06-11,0.0040053582,0.0055182863,1.2624906743,1.2109163208,0.7258337111,0.0000000000,0.0000000000
2010-06-14,-0.0006318947,-0.0007060900,1.2616929131,1.2100613049,0.7258337111,0.0000000000,0.0000000000
2010-06-15,0.0158749628,0.0190970890,1.2817222412,1.2331699533,0.8346968880,0.0000653179,0.0000000000
2010-06-16,-0.0002889789,-0.0003462082,1.2813518505,1.2327430198,0.8346968880,0.0000000000,0.0000000000
2010-06-17,0.0031474276,0.0037707432,1.2853848127,1.2373913771,0.8346968880,0.0000000000,0.0000000000
2010-06-18,0.0013989235,0.0016328168,1.2871829677,1.2394118106,0.8346968880,0.0000000000,0.0000000000
2010-06-21,-0.0044603728,-0.0053005640,1.2814416518,1.2328422290,0.8346968880,0.0000000000,0.0000000000
2010-06-22,-0.0055373962,-0.0066771695,1.2743458017,1.2246103325,0.8346968880,0.0000000000,0.0000000000
2010-06-23,-0.0019248746,-0.0023060762,1.2718928458,1.2217862878,0.8346968880,0.0000000000,0.0000000000
2010-06-24,-0.0097589212,-0.0096494096,1.2594805438,1.2099967715,1.0010039473,0.0000997842,0.0000000000
2010-06-25,0.0054480511,0.0054426268,1.2663422581,1.2165823324,1.0010039473,0.0000000000,0.0000000000
2010-06-28,-0.0060393941,-0.0049861636,1.2586943182,1.2105162538,1.1873198818,0.0001117896,0.0000000000
2010-06-29,-0.0253083849,-0.0213092967,1.2268387979,1.1847210039,1.1873198818,0.0000000000,0.0000000000
2010-06-30,-0.0055692610,-0.0056722409,1.2200062124,1.1780009810,0.9592867782,0.0001368199,0.0000000000
2010-07-01,-0.0083799040,-0.0087263179,1.2097826775,1.1677213699,0.9592867782,0.0000000000,0.0000000000
2010-07-02,-0.0000517928,-0.0000539909,1.2097200195,1.1676583235,0.9592867782,0.0000000000,0.0000000000
2010-07-06,0.0022201128,0.0021198398,1.2124057344,1.1701335721,1.0734403043,0.0000684921,0.0000000000
2010-07-07,0.0230165253,0.0214445457,1.2403111016,1.1952265549,1.0734403043,0.0000000000,0.0000000000
2010-07-08,0.0047558994,0.0044481421,1.2462098965,1.2005430924,1.0734403043,0.0000000000,0.0000000000
2010-07-09,0.0068823878,0.0063993352,1.2547867963,1.2082257701,1.0734403043,0.0000000000,0.0000000000
2010-07-12,-0.0021567203,-0.0019915451,1.2520805721,1.2058195340,1.0734403043,0.0000000000,0.0000000000
2010-07-13,0.0117020743,0.0109041821,1.2667325119,1.2189680098,1.0734403043,0.0000000000,0.0000000000
2010-07-14,0.0013083704,0.0014665334,1.2683898672,1.2207556670,0.9447873480,0.0000771918,0.0000000000
2010-07-15,0.0010418289,0.0011027126,1.2697113124,1.2221018096,0.9447873480,0.0000000000,0.0000000000
2010-07-16,-0.0185954907,-0.0196821969,1.2461004076,1.1980481611,0.9447873480,0.0000000000,0.0000000000
2010-07-19,0.0025541254,0.0027161165,1.2492831043,1.2013021995,0.9447873480,0.0000000000,0.0000000000
2010-07-20,0.0082841567,0.0087682765,1.2596323613,1.2118355494,0.9447873480,0.0000000000,0.0000000000
2010-07-21,-0.0084810617,-0.0089766885,1.2489493415,1.2009572792,0.9447873480,0.0000000000,0.0000000000
2010-07-22,0.0166442990,0.0176169791,1.2697372278,1.2221145185,0.9447873480,0.0000000000,0.0000000000
2010-07-23,0.0031673920,0.0033397592,1.2737589833,1.2261960867,0.9447873480,0.0000000000,0.0000000000
2010-07-26,0.0042550202,0.0045291766,1.2791788536,1.2317497453,0.9447873480,0.0000000000,0.0000000000
2010-07-27,-0.0032391890,-0.0034284847,1.2750353516,1.2275267102,0.9447873480,0.0000000000,0.0000000000
2010-07-28,-0.0028780896,-0.0030590547,1.2713656856,1.2237716388,0.9447873480,0.0000000000,0.0000000000
2010-07-29,-0.0012024684,-0.0010458610,1.2698369085,1.2224917438,1.0841691725,0.0000836291,0.0000000000
2010-07-30,0.0037287720,0.0034593374,1.2745718408,1.2267207552,1.0841691725,0.0000000000,0.0000000000
2010-08-02,0.0162086390,0.0149364034,1.2952309156,1.2450435512,1.0841691725,0.0000000000,0.0000000000
2010-08-03,-0.0021968206,-0.0020231903,1.2923855256,1.2425245911,1.0841691725,0.0000000000,0.0000000000
2010-08-04,0.0060906883,0.0056209202,1.3002570430,1.2495087227,1.0841691725,0.0000000000,0.0000000000
2010-08-05,-0.0005618580,-0.0005151576,1.2995264832,1.2488650288,1.0841691725,0.0000000000,0.0000000000
2010-08-06,-0.0006254056,-0.0005737717,1.2987137520,1.2481484654,1.0841691725,0.0000000000,0.0000000000
2010-08-09,0.0037776515,0.0029274916,1.3036198400,1.2518024096,1.3495301963,0.0001592166,0.0000000000
2010-08-10,-0.0056766080,-0.0041394766,1.2962197011,1.2466206028,1.3495301963,0.0000000000,0.0000000000
2010-08-11,-0.0272713212,-0.0201413019,1.2608700773,1.2215120410,1.3495301963,0.0000000000,0.0000000000
2010-08-12,-0.0024809179,-0.0021257734,1.2577419621,1.2189153831,1.0928971461,0.0001539798,0.0000000000
2010-08-13,-0.0031983540,-0.0023980241,1.2537192580,1.2159923947,1.2818139800,0.0001133501,0.0000000000
2010-08-16,0.0038364336,0.0029538047,1.2585290687,1.2195841987,1.2818139800,0.0000000000,0.0000000000
2010-08-17,0.0107942477,0.0084776986,1.2721139432,1.2299234660,1.2818139800,0.0000000000,0.0000000000
2010-08-18,0.0023378525,0.0017846951,1.2750879580,1.2321185044,1.2818139800,0.0000000000,0.0000000000
2010-08-19,-0.0121965192,-0.0095063217,1.2595363232,1.2204055895,1.2818139800,0.0000000000,0.0000000000
2010-08-20,-0.0036380771,-0.0027815987,1.2549540330,1.2170109109,1.2818139800,0.0000000000,0.0000000000
2010-08-23,-0.0051314359,-0.0040424284,1.2485143168,1.2120912314,1.2818139800,0.0000000000,0.0000000000
2010-08-24,-0.0127330255,-0.0089694992,1.2326169522,1.2012193800,1.4092559364,0.0000764652,0.0000000000
2010-08-25,0.0061007978,0.0044038893,1.2401368990,1.2065094172,1.4092559364,0.0000000000,0.0000000000
2010-08-26,-0.0062998505,-0.0045220741,1.2323242219,1.2010534922,1.4092559364,0.0000000000,0.0000000000
2010-08-27,0.0133900472,0.0095130254,1.2488251015,1.2124791446,1.4092559364,0.0000000000,0.0000000000
2010-08-30,-0.0090838582,-0.0071232651,1.2374809513,1.2038423343,1.2529247874,0.0000937987,0.0000000000
2010-08-31,0.0009946436,0.0007578946,1.2387118039,1.2047547198,1.2529247874,0.0000000000,0.0000000000
2010-09-01,0.0231170789,0.0184585027,1.2673472023,1.2269926881,1.2529247874,0.0000000000,0.0000000000
2010-09-02,0.0080244207,0.0064565446,1.2775169294,1.2349148211,1.2529247874,0.0000000000,0.0000000000
2010-09-03,0.0094861448,0.0075792111,1.2896356399,1.2442745013,1.2529247874,0.0000000000,0.0000000000
2010-09-07,-0.0050996919,-0.0041061927,1.2830588956,1.2391652704,1.2529247874,0.0000000000,0.0000000000
2010-09-08,0.0068499457,0.0054751749,1.2918477793,1.2459499170,1.2529247874,0.0000000000,0.0000000000
2010-09-09,0.0004604826,0.0003755368,1.2924426528,1.2464178170,1.2529247874,0.0000000000,0.0000000000
2010-09-10,0.0037956032,0.0030374049,1.2973482522,1.2502036926,1.2529247874,0.0000000000,0.0000000000
2010-09-13,0.0111462259,0.0089041758,1.3118087889,1.2613357261,1.2529247874,0.0000000000,0.0000000000
2010-09-14,0.0067934977,0.0054741050,1.3207205589,1.2682404103,1.2529247874,0.0000000000,0.0000000000
2010-09-15,0.0022389310,0.0017949742,1.3236775611,1.2705168691,1.2529247874,0.0000000000,0.0000000000
2010-09-16,0.0009137529,0.0007228228,1.3248870752,1.2714352276,1.4711946434,0.0001309619,0.0000000000
2010-09-17,0.0007867460,0.0004777086,1.3259294248,1.2720426031,1.4711946434,0.0000000000,0.0000000000
2010-09-20,0.0159238440,0.0108364602,1.3470433181,1.2858270422,1.4711946434,0.0000000000,0.0000000000
2010-09-21,0.0016806956,0.0011551115,1.3493072879,1.2873123157,1.4711946434,0.0000000000,0.0000000000
2010-09-22,-0.0018041298,-0.0012135930,1.3468729625,1.2857500425,1.4711946434,0.0000000000,0.0000000000
2010-09-23,-0.0051650329,-0.0034980652,1.3399163192,1.2812524050,1.4711946434,0.0000000000,0.0000000000
2010-09-24,0.0204408315,0.0139765285,1.3673053229,1.2991598658,1.4711946434,0.0000000000,0.0000000000
2010-09-27,-0.0039209392,-0.0026524301,1.3619442018,1.2957139350,1.4711946434,0.0000000000,0.0000000000
2010-09-28,0.0057205805,0.0038313331,1.3697353132,1.3006782468,1.4711946434,0.0000000000,0.0000000000
2010-09-29,-0.0003802538,-0.0002457565,1.3692144661,1.3003585967,1.4711946434,0.0000000000,0.0000000000
2010-09-30,-0.0028597630,-0.0019311277,1.3652988373,1.2978474381,1.4711946434,0.0000000000,0.0000000000
2010-10-01,0.0052246203,0.0035639869,1.3724320053,1.3024729494,1.4711946434,0.0000000000,0.0000000000
2010-10-04,-0.0092009879,-0.0061716004,1.3598042750,1.2944346068,1.4711946434,0.0000000000,0.0000000000
2010-10-05,0.0271955110,0.0184282668,1.3967848472,1.3182887931,1.4711946434,0.0000000000,0.0000000000
2010-10-06,-0.0001847663,-0.0001128797,1.3965267685,1.3181399850,1.4711946434,0.0000000000,0.0000000000
2010-10-07,-0.0034495477,-0.0023320160,1.3917093828,1.3150660614,1.4711946434,0.0000000000,0.0000000000
2010-10-08,0.0100849116,0.0074510874,1.4057446489,1.3248647335,1.3640486404,0.0000642876,0.0000000000
2010-10-11,0.0008360266,0.0006234917,1.4069198888,1.3256907756,1.3640486404,0.0000000000,0.0000000000
2010-10-12,0.0026655022,0.0019647017,1.4106700369,1.3282953625,1.3640486404,0.0000000000,0.0000000000
2010-10-13,0.0116803486,0.0085735909,1.4271471547,1.3396836235,1.3640486404,0.0000000000,0.0000000000
2010-10-14,-0.0012748716,-0.0008658827,1.4253277253,1.3385236147,1.3640486404,0.0000000000,0.0000000000
2010-10-15,0.0033938765,0.0024405442,1.4301651116,1.3417903407,1.3640486404,0.0000000000,0.0000000000
2010-10-18,0.0035448410,0.0025034623,1.4352348195,1.3451494623,1.5000000000,0.0000815708,0.0000000000
2010-10-19,-0.0236171098,-0.0158041234,1.4013387212,1.3238905541,1.5000000000,0.0000000000,0.0000000000
2010-10-20,0.0124125871,0.0098829786,1.4187329602,1.3369745361,1.2709497600,0.0001374301,0.0000000000
2010-10-21,-0.0034345157,-0.0026938624,1.4138602995,1.3333729107,1.2709497600,0.0000000000,0.0000000000
2010-10-22,0.0038918564,0.0031170729,1.4193628408,1.3375291313,1.2709497600,0.0000000000,0.0000000000
2010-10-25,0.0055516336,0.0043301190,1.4272426232,1.3433207916,1.2709497600,0.0000000000,0.0000000000
2010-10-26,-0.0004259150,-0.0002802064,1.4266347392,1.3429443845,1.2709497600,0.0000000000,0.0000000000
2010-10-27,-0.0057812768,-0.0037493369,1.4183869689,1.3379092336,1.5000000000,0.0001374301,0.0000000000
2010-10-28,0.0071907059,0.0047344203,1.4285861725,1.3442434583,1.5000000000,0.0000000000,0.0000000000
2010-10-29,0.0027329570,0.0019078258,1.4324904371,1.3468080406,1.5000000000,0.0000000000,0.0000000000
2010-11-01,-0.0008828026,-0.0005753076,1.4312258308,1.3460332117,1.5000000000,0.0000000000,0.0000000000
2010-11-02,0.0119877585,0.0078596378,1.4483830204,1.3566125453,1.5000000000,0.0000000000,0.0000000000
2010-11-03,0.0027078234,0.0018912925,1.4523049858,1.3591782964,1.5000000000,0.0000000000,0.0000000000
2010-11-04,0.0279746316,0.0186629819,1.4929326828,1.3845446164,1.5000000000,0.0000000000,0.0000000000
2010-11-05,0.0010853304,0.0009681923,1.4945530080,1.3858851217,1.2729051372,0.0001362569,0.0000000000
2010-11-08,0.0013562580,0.0010739901,1.4965800074,1.3873735487,1.2729051372,0.0000000000,0.0000000000
2010-11-09,-0.0106152810,-0.0083309048,1.4806933901,1.3758154717,1.2729051372,0.0000000000,0.0000000000
2010-11-10,0.0072137013,0.0049253283,1.4913746699,1.3825918146,1.4957549136,0.0001337099,0.0000000000
2010-11-11,-0.0042888163,-0.0029265932,1.4849784379,1.3785455309,1.4957549136,0.0000000000,0.0000000000
2010-11-12,-0.0247851855,-0.0164125333,1.4481729719,1.3559201065,1.4957549136,0.0000000000,0.0000000000
2010-11-15,-0.0047087023,-0.0037047249,1.4413539566,1.3508967954,1.2246923709,0.0001626375,0.0000000000
2010-11-16,-0.0170162613,-0.0138870343,1.4168275011,1.3321368454,1.2246923709,0.0000000000,0.0000000000
2010-11-17,0.0001399705,0.0001979462,1.4170258151,1.3324005369,1.1013363401,0.0000740136,0.0000000000
2010-11-18,0.0156398893,0.0141844372,1.4391879420,1.3512998886,1.1013363401,0.0000000000,0.0000000000
2010-11-19,0.0003886450,0.0003565362,1.4397472753,1.3517816760,1.1013363401,0.0000000000,0.0000000000
2010-11-22,0.0034199633,0.0031089364,1.4446711582,1.3559842792,1.1013363401,0.0000000000,0.0000000000
2010-11-23,-0.0110236194,-0.0100056610,1.4287456532,1.3424167602,1.1013363401,0.0000000000,0.0000000000
2010-11-24,0.0113799617,0.0103565657,1.4450047240,1.3563195876,1.1013363401,0.0000000000,0.0000000000
2010-11-26,-0.0067862303,-0.0069582689,1.4351985892,1.3468819512,0.9633798989,0.0000827739,0.0000000000
2010-11-29,-0.0000093958,0.0000792614,1.4351851044,1.3469887070,1.1189911266,0.0000933667,0.0000000000
2010-11-30,-0.0041320394,-0.0036884274,1.4292548629,1.3420204369,1.1189911266,0.0000000000,0.0000000000
2010-12-01,0.0163661641,0.0146068770,1.4526462826,1.3616231643,1.1189911266,0.0000000000,0.0000000000
2010-12-02,0.0094200977,0.0084226044,1.4663303525,1.3730915776,1.1189911266,0.0000000000,0.0000000000
2010-12-03,0.0066785910,0.0067403935,1.4761233733,1.3823467551,1.0013542920,0.0000705821,0.0000000000
2010-12-06,0.0009678844,0.0009663345,1.4775520901,1.3836825644,1.0013542920,0.0000000000,0.0000000000
2010-12-07,-0.0054842047,-0.0048079191,1.4694488919,1.3770299306,1.1242928959,0.0000737632,0.0000000000
2010-12-08,-0.0007103688,-0.0006274491,1.4684050412,1.3761659143,1.1242928959,0.0000000000,0.0000000000
2010-12-09,0.0029699288,0.0024489253,1.4727660997,1.3795360419,1.2805318768,0.0000937434,0.0000000000
2010-12-10,0.0041154293,0.0032225371,1.4788271644,1.3839816480,1.2805318768,0.0000000000,0.0000000000
2010-12-13,0.0028828342,0.0020898595,1.4830903779,1.3868739751,1.4307443862,0.0000901275,0.0000000000
2010-12-14,0.0000762636,0.0000652504,1.4832034838,1.3869644693,1.4307443862,0.0000000000,0.0000000000
2010-12-15,-0.0087214757,-0.0061493955,1.4702677607,1.3784354762,1.4307443862,0.0000000000,0.0000000000
2010-12-16,0.0043191133,0.0030307345,1.4766180137,1.3826131481,1.4307443862,0.0000000000,0.0000000000
2010-12-17,0.0020115793,0.0014835098,1.4795883480,1.3846642682,1.4307443862,0.0000000000,0.0000000000
2010-12-20,0.0037500062,0.0026329646,1.4851368136,1.3883100402,1.4307443862,0.0000000000,0.0000000000
2010-12-21,0.0075060698,0.0052582159,1.4962843542,1.3956100741,1.4307443862,0.0000000000,0.0000000000
2010-12-22,0.0013817124,0.0009120951,1.4983517889,1.3968830032,1.4307443862,0.0000000000,0.0000000000
2010-12-23,-0.0026412000,-0.0018340851,1.4943943422,1.3943210009,1.4307443862,0.0000000000,0.0000000000
2010-12-27,0.0015724015,0.0011109564,1.4967441301,1.3958700307,1.4307443862,0.0000000000,0.0000000000
2010-12-28,0.0031206099,0.0022586521,1.5014148847,1.3990228155,1.4307443862,0.0000000000,0.0000000000
2010-12-29,0.0053763419,0.0037040890,1.5094870045,1.4042049205,1.4307443862,0.0000000000,0.0000000000
2010-12-30,-0.0038276853,-0.0025977675,1.5037091633,1.4005571225,1.4307443862,0.0000000000,0.0000000000
2010-12-31,0.0051079813,0.0035165218,1.5113900816,1.4054822122,1.4307443862,0.0000000000,0.0000485151
2011-01-03,0.0093130102,0.0065867490,1.5254656728,1.4147397708,1.4307443862,0.0000000000,0.0000000000
2011-01-04,-0.0071033567,-0.0049528509,1.5146297460,1.4077327756,1.4307443862,0.0000000000,0.0000000000
2011-01-05,0.0033681245,0.0023660534,1.5197312077,1.4110635465,1.4307443862,0.0000000000,0.0000000000
2011-01-06,-0.0035963602,-0.0025016818,1.5142657069,1.4075335145,1.4307443862,0.0000000000,0.0000000000
2011-01-07,-0.0017584550,-0.0012826837,1.5116029387,1.4057280943,1.4307443862,0.0000000000,0.0000000000
2011-01-10,0.0017589481,0.0013069365,1.5142617698,1.4075652916,1.4307443862,0.0000000000,0.0000000000
2011-01-11,0.0058264975,0.0040843008,1.5230846122,1.4133142117,1.4307443862,0.0000000000,0.0000000000
2011-01-12,0.0109493730,0.0075992858,1.5397614336,1.4240543903,1.4307443862,0.0000000000,0.0000000000
2011-01-13,-0.0021638606,-0.0015004550,1.5364296046,1.4219176608,1.4307443862,0.0000000000,0.0000000000
2011-01-14,0.0039847347,0.0027970250,1.5425518690,1.4258948000,1.4307443862,0.0000000000,0.0000000000
2011-01-18,0.0032657752,0.0022945176,1.5475894966,1.4291665408,1.4307443862,0.0000000000,0.0000000000
2011-01-19,-0.0088769391,-0.0061268772,1.5338516389,1.4204102129,1.4307443862,0.0000000000,0.0000000000
2011-01-20,-0.0098936926,-0.0069031196,1.5186761822,1.4106049513,1.4307443862,0.0000000000,0.0000000000
2011-01-21,0.0003415524,0.0001850889,1.5191948898,1.4108660387,1.4307443862,0.0000000000,0.0000000000
2011-01-24,0.0061082467,0.0042812258,1.5284745069,1.4169062747,1.4307443862,0.0000000000,0.0000000000
2011-01-25,-0.0010505163,-0.0006567017,1.5268688196,1.4159757899,1.4307443862,0.0000000000,0.0000000000
2011-01-26,0.0074151117,0.0051290603,1.5381907225,1.4232384152,1.4307443862,0.0000000000,0.0000000000
2011-01-27,-0.0019714324,-0.0013003640,1.5351582835,1.4213876872,1.4307443862,0.0000000000,0.0000000000
2011-01-28,-0.0148501152,-0.0104329277,1.5123610060,1.4065584523,1.4307443862,0.0000000000,0.0000000000
2011-01-31,0.0067139412,0.0047045680,1.5225149090,1.4131757022,1.4307443862,0.0000000000,0.0000000000
2011-02-01,0.0181571092,0.0127026200,1.5501593784,1.4311267361,1.4307443862,0.0000000000,0.0000000000
2011-02-02,-0.0018353619,-0.0012708552,1.5473142749,1.4293079813,1.4307443862,0.0000000000,0.0000000000
2011-02-03,0.0030516106,0.0021448301,1.5520360755,1.4323736041,1.4307443862,0.0000000000,0.0000000000
2011-02-04,0.0008384953,0.0006635981,1.5533374504,1.4333241245,1.4307443862,0.0000000000,0.0000000000
2011-02-07,0.0041718287,0.0028622103,1.5598177082,1.4374265995,1.4307443862,0.0000000000,0.0000000000
2011-02-08,0.0071875600,0.0050355976,1.5710289915,1.4446649014,1.4307443862,0.0000000000,0.0000000000
2011-02-09,-0.0026522908,-0.0017762410,1.5668621658,1.4420988284,1.4307443862,0.0000000000,0.0000000000
2011-02-10,-0.0024081451,-0.0017367761,1.5630889343,1.4395942257,1.4307443862,0.0000000000,0.0000000000
2011-02-11,0.0056303387,0.0039471982,1.5718896544,1.4452765895,1.4307443862,0.0000000000,0.0000000000
2011-02-14,0.0036907976,0.0025915814,1.5776911809,1.4490221414,1.4307443862,0.0000000000,0.0000000000
2011-02-15,-0.0012877259,-0.0008224963,1.5756595470,1.4478303261,1.4307443862,0.0000000000,0.0000000000
2011-02-16,0.0070023453,0.0049061442,1.5866928592,1.4549335904,1.4307443862,0.0000000000,0.0000000000
2011-02-17,0.0047400867,0.0033249683,1.5942139209,1.4597711985,1.4307443862,0.0000000000,0.0000000000
2011-02-18,0.0014195755,0.0009385590,1.5964770279,1.4611412799,1.4307443862,0.0000000000,0.0000000000
2011-02-22,-0.0209846208,-0.0146549782,1.5629755628,1.4397282863,1.4307443862,0.0000000000,0.0000000000
2011-02-23,-0.0015894083,-0.0010333533,1.5604913564,1.4382405384,1.4307443862,0.0000000000,0.0000000000
2011-02-24,-0.0004668692,-0.0003143652,1.5597628110,1.4377884057,1.4307443862,0.0000000000,0.0000000000
2011-02-25,0.0144646795,0.0101218447,1.5823242802,1.4523414767,1.4307443862,0.0000000000,0.0000000000
2011-02-28,0.0060471200,0.0041729205,1.5918927849,1.4584019821,1.4307443862,0.0000000000,0.0000000000
2011-03-01,-0.0094387374,-0.0065851346,1.5768673270,1.4487982088,1.4307443862,0.0000000000,0.0000000000
2011-03-02,0.0035901278,0.0025868155,1.5825284822,1.4525459824,1.4307443862,0.0000000000,0.0000000000
2011-03-03,0.0122555986,0.0085122550,1.6019233160,1.4649104243,1.4307443862,0.0000000000,0.0000000000
2011-03-04,-0.0033588782,-0.0022701010,1.5965426508,1.4615849297,1.4307443862,0.0000000000,0.0000000000
2011-03-07,-0.0082735588,-0.0058363299,1.5833335612,1.4530546379,1.4307443862,0.0000000000,0.0000000000
2011-03-08,0.0041025936,0.0028794009,1.5898293353,1.4572385647,1.4307443862,0.0000000000,0.0000000000
2011-03-09,-0.0021097880,-0.0014626617,1.5864751325,1.4551071177,1.4307443862,0.0000000000,0.0000000000
2011-03-10,-0.0204230107,-0.0142624482,1.5540745338,1.4343537278,1.4307443862,0.0000000000,0.0000000000
2011-03-11,0.0048829479,0.0037918508,1.5616629988,1.4397925831,1.3264271488,0.0000625903,0.0000000000
2011-03-14,-0.0038635714,-0.0029029999,1.5556294023,1.4356128654,1.3264271488,0.0000000000,0.0000000000
2011-03-15,-0.0188019312,-0.0141115212,1.5263805653,1.4153541840,1.3264271488,0.0000000000,0.0000000000
2011-03-16,-0.0174897247,-0.0131758245,1.4996845893,1.3967057258,1.3264271488,0.0000000000,0.0000000000
2011-03-17,0.0143185480,0.0117646653,1.5211578952,1.4131375011,1.2231028704,0.0000619946,0.0000000000
2011-03-18,0.0041701748,0.0038135524,1.5275013895,1.4185265751,1.1121396310,0.0000665779,0.0000000000
2011-03-21,0.0136001815,0.0122328447,1.5482756856,1.4358791904,1.1121396310,0.0000000000,0.0000000000
2011-03-22,-0.0013175853,-0.0012246381,1.5462357003,1.4341207580,1.1121396310,0.0000000000,0.0000000000
2011-03-23,0.0039365182,0.0035655606,1.5523224853,1.4392342025,1.1121396310,0.0000000000,0.0000000000
2011-03-24,0.0078100818,0.0070046097,1.5644462509,1.4493154764,1.1121396310,0.0000000000,0.0000000000
2011-03-25,0.0009461040,0.0008547075,1.5659263798,1.4505542171,1.1121396310,0.0000000000,0.0000000000
2011-03-28,-0.0043741269,-0.0039071028,1.5590768191,1.4448867527,1.1121396310,0.0000000000,0.0000000000
2011-03-29,0.0053254251,0.0047704867,1.5673795660,1.4517795657,1.1121396310,0.0000000000,0.0000000000
2011-03-30,0.0058399386,0.0052770547,1.5765329664,1.4594406859,1.1121396310,0.0000000000,0.0000000000
2011-03-31,0.0019637720,0.0017477969,1.5796289177,1.4619914918,1.1121396310,0.0000000000,0.0000000000
2011-04-01,0.0031779755,0.0026235399,1.5846489396,1.4658270849,1.2455578778,0.0000800509,0.0000000000
2011-04-04,0.0015678960,0.0012666134,1.5871335043,1.4676837211,1.2455578778,0.0000000000,0.0000000000
2011-04-05,0.0019311298,0.0015582368,1.5901984651,1.4699707199,1.2455578778,0.0000000000,0.0000000000
2011-04-06,0.0033125539,0.0023233736,1.5954660833,1.4733860112,1.5000000000,0.0001526653,0.0000000000
2011-04-07,-0.0015191527,-0.0009269141,1.5930423266,1.4720203090,1.5000000000,0.0000000000,0.0000000000
2011-04-08,0.0012675151,0.0007856265,1.5950615318,1.4731767671,1.5000000000,0.0000000000,0.0000000000
2011-04-11,-0.0060391921,-0.0040129005,1.5854286489,1.4672650553,1.5000000000,0.0000000000,0.0000000000
2011-04-12,-0.0104929412,-0.0069094397,1.5687928392,1.4571270758,1.5000000000,0.0000000000,0.0000000000
2011-04-13,0.0045348244,0.0030364438,1.5759070392,1.4615515602,1.5000000000,0.0000000000,0.0000000000
2011-04-14,0.0039923015,0.0026021507,1.5821985352,1.4653547377,1.5000000000,0.0000000000,0.0000000000
2011-04-15,0.0038960861,0.0026832452,1.5883629169,1.4692866437,1.5000000000,0.0000000000,0.0000000000
2011-04-18,-0.0098965003,-0.0066570505,1.5726436828,1.4595055284,1.5000000000,0.0000000000,0.0000000000
2011-04-19,0.0070427400,0.0047083875,1.5837194034,1.4663774459,1.5000000000,0.0000000000,0.0000000000
2011-04-20,0.0194007914,0.0129470884,1.6144448131,1.4853627644,1.5000000000,0.0000000000,0.0000000000
2011-04-21,0.0074793520,0.0049994622,1.6265198142,1.4927887794,1.5000000000,0.0000000000,0.0000000000
2011-04-25,0.0002506182,0.0001803063,1.6269274496,1.4930579386,1.5000000000,0.0000000000,0.0000000000
2011-04-26,0.0067056260,0.0044836449,1.6378370166,1.4997522801,1.5000000000,0.0000000000,0.0000000000
2011-04-27,0.0117308288,0.0078337800,1.6570502022,1.5115010096,1.5000000000,0.0000000000,0.0000000000
2011-04-28,0.0021600203,0.0014532410,1.6606294642,1.5136975849,1.5000000000,0.0000000000,0.0000000000
2011-04-29,0.0069186868,0.0046256854,1.6721188394,1.5206994737,1.5000000000,0.0000000000,0.0000000000
2011-05-02,-0.0058385075,-0.0038791108,1.6623561610,1.5148005119,1.5000000000,0.0000000000,0.0000000000
2011-05-03,-0.0067196247,-0.0044665223,1.6511857515,1.5080346216,1.5000000000,0.0000000000,0.0000000000
2011-05-04,-0.0102532378,-0.0066770449,1.6342557513,1.4979654067,1.5000000000,0.0000000000,0.0000000000
2011-05-05,-0.0209657978,-0.0139639710,1.5999922756,1.4770478612,1.5000000000,0.0000000000,0.0000000000
2011-05-06,0.0060626278,0.0044118085,1.6096924332,1.4835643135,1.3923511309,0.0000645893,0.0000000000
2011-05-09,0.0098376925,0.0070767077,1.6255280924,1.4940630645,1.3923511309,0.0000000000,0.0000000000
2011-05-10,0.0092999016,0.0066904611,1.6406453438,1.5040590354,1.3923511309,0.0000000000,0.0000000000
2011-05-11,-0.0144941848,-0.0103986810,1.6168655270,1.4884188052,1.3923511309,0.0000000000,0.0000000000
2011-05-12,0.0028804101,0.0023417468,1.6215227627,1.4919043053,1.2667321674,0.0000753714,0.0000000000
2011-05-13,-0.0103505375,-0.0073456554,1.6047391306,1.4809452903,1.4074487358,0.0000844299,0.0000000000
2011-05-16,-0.0090489486,-0.0064178394,1.5902179287,1.4714408212,1.4074487358,0.0000000000,0.0000000000
2011-05-17,0.0011190189,0.0008065569,1.5919974127,1.4726276220,1.4074487358,0.0000000000,0.0000000000
2011-05-18,0.0102584539,0.0072371138,1.6083288447,1.4832851956,1.4074487358,0.0000000000,0.0000000000
2011-05-19,0.0013766280,0.0011157103,1.6105429153,1.4849401122,1.4074487358,0.0000000000,0.0000000000
2011-05-20,-0.0040245204,-0.0029109738,1.6040612524,1.4806174904,1.4074487358,0.0000000000,0.0000000000
2011-05-23,-0.0134558355,-0.0095489566,1.5824772681,1.4664791383,1.4074487358,0.0000000000,0.0000000000
2011-05-24,0.0011105441,0.0008005355,1.5842346790,1.4676531070,1.4074487358,0.0000000000,0.0000000000
2011-05-25,0.0050998380,0.0036349506,1.5923140193,1.4729879535,1.4074487358,0.0000000000,0.0000000000
2011-05-26,0.0055086020,0.0039253796,1.6010854435,1.4787699904,1.4074487358,0.0000000000,0.0000000000
2011-05-27,0.0074668513,0.0053167264,1.6130405103,1.4866322059,1.4074487358,0.0000000000,0.0000000000
2011-05-31,0.0125056429,0.0088968153,1.6332126189,1.4998584981,1.4074487358,0.0000000000,0.0000000000
2011-06-01,-0.0189734306,-0.0135322996,1.6022249726,1.4795619636,1.4074487358,0.0000000000,0.0000000000
2011-06-02,-0.0001873836,-0.0001216492,1.6019247419,1.4793819761,1.4074487358,0.0000000000,0.0000000000
2011-06-03,-0.0066693656,-0.0047271327,1.5912409202,1.4723887411,1.4074487358,0.0000000000,0.0000000000
2011-06-06,-0.0100098982,-0.0071005994,1.5753127605,1.4619338985,1.4074487358,0.0000000000,0.0000000000
2011-06-07,0.0015827874,0.0011991422,1.5778061456,1.4636869652,1.4074487358,0.0000000000,0.0000000000
2011-06-08,-0.0052301854,-0.0037045874,1.5695539269,1.4582646089,1.4074487358,0.0000000000,0.0000000000
2011-06-09,0.0064924039,0.0045613147,1.5797441050,1.4649162127,1.4074487358,0.0000000000,0.0000000000
2011-06-10,-0.0173980401,-0.0122868392,1.5522596537,1.4469170229,1.4074487358,0.0000000000,0.0000000000
2011-06-13,-0.0021952312,-0.0016112974,1.5488520849,1.4445856092,1.4074487358,0.0000000000,0.0000000000
2011-06-14,0.0131494325,0.0094173067,1.5692186109,1.4581897149,1.4074487358,0.0000000000,0.0000000000
2011-06-15,-0.0189749251,-0.0134702998,1.5394428053,1.4385474622,1.4074487358,0.0000000000,0.0000000000
2011-06-16,-0.0017798871,-0.0013529683,1.5367027709,1.4366011531,1.2301764649,0.0001063634,0.0000000000
2011-06-17,0.0027728369,0.0022614405,1.5409637970,1.4398499411,1.2301764649,0.0000000000,0.0000000000
2011-06-20,0.0023271050,0.0018991088,1.5445497815,1.4425843728,1.2301764649,0.0000000000,0.0000000000
2011-06-21,0.0147950256,0.0119934171,1.5674014351,1.4598858890,1.2301764649,0.0000000000,0.0000000000
2011-06-22,-0.0047009216,-0.0037731469,1.5600332039,1.4543775250,1.2301764649,0.0000000000,0.0000000000
2011-06-23,-0.0046168255,-0.0033456784,1.5528308029,1.4495116455,1.3536073502,0.0000740585,0.0000000000
2011-06-24,-0.0151214898,-0.0112177916,1.5293496878,1.4332513259,1.3536073502,0.0000000000,0.0000000000
2011-06-27,0.0080728743,0.0059743369,1.5416959355,1.4418140522,1.3536073502,0.0000000000,0.0000000000
2011-06-28,0.0129097841,0.0095476846,1.5615988972,1.4555800380,1.3536073502,0.0000000000,0.0000000000
2011-06-29,0.0080052004,0.0068762761,1.5740998093,1.4655890083,1.1857794843,0.0001006967,0.0000000000
2011-06-30,0.0064233310,0.0054231864,1.5842107734,1.4735371706,1.1857794843,0.0000000000,0.0000000000
2011-07-01,0.0091402141,0.0076802791,1.5986907990,1.4848543473,1.1857794843,0.0000000000,0.0000000000
2011-07-05,0.0054880266,0.0046344188,1.6074644566,1.4917357843,1.1857794843,0.0000000000,0.0000000000
2011-07-06,0.0020969452,0.0018087639,1.6108352214,1.4944339821,1.1857794843,0.0000000000,0.0000000000
2011-07-07,0.0105065871,0.0080586860,1.6277596020,1.5064771563,1.3059425645,0.0000720978,0.0000000000
2011-07-08,-0.0035156274,-0.0022529011,1.6220370058,1.5030832123,1.5000000000,0.0001164345,0.0000000000
2011-07-11,-0.0166412571,-0.0111537773,1.5950442709,1.4863181568,1.5000000000,0.0000000000,0.0000000000
2011-07-12,-0.0031005449,-0.0021968053,1.5900987645,1.4830530052,1.3254597845,0.0001047241,0.0000000000
2011-07-13,0.0080738887,0.0061546305,1.6029370449,1.4921806484,1.3254597845,0.0000000000,0.0000000000
2011-07-14,-0.0075617030,-0.0056952221,1.5908161111,1.4836823481,1.3254597845,0.0000000000,0.0000000000
2011-07-15,0.0088380594,0.0066776635,1.6048758383,1.4935898796,1.3254597845,0.0000000000,0.0000000000
2011-07-18,-0.0059587444,-0.0044858617,1.5953127934,1.4868898419,1.3254597845,0.0000000000,0.0000000000
2011-07-19,0.0152014715,0.0102173580,1.6195638955,1.5020819277,1.5000000000,0.0001047241,0.0000000000
2011-07-20,0.0025324187,0.0016288955,1.6236653093,1.5045286622,1.5000000000,0.0000000000,0.0000000000
2011-07-21,0.0087950153,0.0058765710,1.6379454705,1.5133701318,1.5000000000,0.0000000000,0.0000000000
2011-07-22,0.0066387681,0.0045116999,1.6488194107,1.5201980036,1.5000000000,0.0000000000,0.0000000000
2011-07-25,-0.0039300258,-0.0026067897,1.6423395079,1.5162351671,1.5000000000,0.0000000000,0.0000000000
2011-07-26,0.0019507316,0.0013137153,1.6455432716,1.5182270684,1.5000000000,0.0000000000,0.0000000000
2011-07-27,-0.0232421167,-0.0154815170,1.6072973628,1.4947226103,1.5000000000,0.0000000000,0.0000000000
2011-07-28,-0.0005368311,-0.0003106842,1.6064345155,1.4942582236,1.2958463050,0.0001224922,0.0000000000
2011-07-29,-0.0012779676,-0.0009771434,1.6043815442,1.4927981190,1.2958463050,0.0000000000,0.0000000000
2011-08-01,-0.0047201558,-0.0036334678,1.5968086134,1.4873740851,1.2958463050,0.0000000000,0.0000000000
2011-08-02,-0.0164099373,-0.0109338562,1.5706050841,1.4711113507,1.4884926695,0.0001155878,0.0000000000
2011-08-03,0.0042706599,0.0032050070,1.5773126042,1.4758262729,1.3608582513,0.0000765807,0.0000000000
2011-08-04,-0.0452345410,-0.0332291928,1.5059635926,1.4267857571,1.3608582513,0.0000000000,0.0000000000
2011-08-05,-0.0006277138,-0.0003846885,1.5050182784,1.4262368890,0.8768744097,0.0002903903,0.0000000000
2011-08-08,-0.0313352277,-0.0357351376,1.4578581879,1.3752701175,0.8768744097,0.0000000000,0.0000000000
2011-08-09,0.0226878632,0.0325236034,1.4909338750,1.4199988574,0.7008291796,0.0001056271,0.0000000000
2011-08-10,-0.0105968586,-0.0180911420,1.4751346595,1.3943094565,0.5818008419,0.0000714170,0.0000000000
2011-08-11,0.0122374842,0.0210338029,1.4931865966,1.4236370867,0.5818008419,0.0000000000,0.0000000000
2011-08-12,0.0026922163,0.0046273847,1.4972065780,1.4302248032,0.5818008419,0.0000000000,0.0000000000
2011-08-15,0.0083820487,0.0144070756,1.5097562364,1.4508301601,0.5818008419,0.0000000000,0.0000000000
2011-08-16,-0.0015961761,-0.0027435095,1.5073463996,1.4468497937,0.5818008419,0.0000000000,0.0000000000
2011-08-17,0.0006192022,0.0010642855,1.5082797517,1.4483896549,0.5818008419,0.0000000000,0.0000000000
2011-08-18,-0.0143820465,-0.0244062762,1.4865876022,1.4130398570,0.5818008419,0.0000000000,0.0000000000
2011-08-19,-0.0032917406,-0.0059715876,1.4816941414,1.4046017657,0.5818008419,0.0000000000,0.0000000000
2011-08-22,0.0033956484,0.0061500476,1.4867254538,1.4132401334,0.5818008419,0.0000000000,0.0000000000
2011-08-23,0.0077480843,0.0130036770,1.4982447280,1.4316174516,0.5818008419,0.0000000000,0.0000000000
2011-08-24,-0.0017860893,-0.0030699324,1.4955687291,1.4272224828,0.5818008419,0.0000000000,0.0000000000
2011-08-25,-0.0054115101,-0.0089877073,1.4874754438,1.4143950249,0.5818008419,0.0000000000,0.0000000000
2011-08-26,0.0103401178,0.0174588673,1.5028561152,1.4390887600,0.5818008419,0.0000000000,0.0000000000
2011-08-29,0.0071850716,0.0123497099,1.5136542440,1.4568610887,0.5818008419,0.0000000000,0.0000000000
2011-08-30,0.0052593017,0.0090396942,1.5216150083,1.4700306674,0.5818008419,0.0000000000,0.0000000000
2011-08-31,0.0009413007,0.0014187368,1.5230473056,1.4721162540,0.7233341273,0.0000849200,0.0000000000
2011-09-01,-0.0035947279,-0.0049696644,1.5175723651,1.4648003302,0.7233341273,0.0000000000,0.0000000000
2011-09-02,-0.0073153075,-0.0083686744,1.5064708565,1.4525418932,0.8640416264,0.0000844245,0.0000000000
2011-09-06,-0.0042710500,-0.0049088303,1.5000366442,1.4454116115,0.8640416264,0.0000000000,0.0000000000
2011-09-07,0.0080306510,0.0093286685,1.5120829149,1.4588953773,0.8640416264,0.0000000000,0.0000000000
2011-09-08,-0.0009304434,-0.0010768502,1.5106760073,1.4573243656,0.8640416264,0.0000000000,0.0000000000
2011-09-09,-0.0145469155,-0.0168702856,1.4887003311,1.4327388874,0.8640416264,0.0000000000,0.0000000000
2011-09-12,-0.0011621236,-0.0013449857,1.4869702773,1.4308118741,0.8640416264,0.0000000000,0.0000000000
2011-09-13,0.0079773029,0.0082324272,1.4988322896,1.4425909287,0.9778944277,0.0000683117,0.0000000000
2011-09-14,0.0058535947,0.0059859168,1.5076058464,1.4512261580,0.9778944277,0.0000000000,0.0000000000
2011-09-15,0.0060800155,0.0062174560,1.5167721134,1.4602490927,0.9778944277,0.0000000000,0.0000000000
2011-09-16,0.0051805790,0.0052976875,1.5246298712,1.4679850360,0.9778944277,0.0000000000,0.0000000000
2011-09-19,-0.0087837532,-0.0089872527,1.5112378986,1.4547918835,0.9778944277,0.0000000000,0.0000000000
2011-09-20,0.0018709690,0.0017372544,1.5140653779,1.4573192272,1.1339118605,0.0000936105,0.0000000000
2011-09-21,-0.0204553172,-0.0180349143,1.4830946903,1.4310365998,1.1339118605,0.0000000000,0.0000000000
2011-09-22,-0.0307997868,-0.0271835349,1.4374156901,1.3921359665,1.1339118605,0.0000000000,0.0000000000
2011-09-23,-0.0066327651,-0.0073859264,1.4278816495,1.3818537527,0.8810034340,0.0001517451,0.0000000000
2011-09-26,0.0072456531,0.0082243188,1.4382275845,1.3932185585,0.8810034340,0.0000000000,0.0000000000
2011-09-27,0.0106829779,0.0121554336,1.4535921381,1.4101537341,0.8810034340,0.0000000000,0.0000000000
2011-09-28,-0.0156631577,-0.0178082895,1.4308242952,1.3850413082,0.8810034340,0.0000000000,0.0000000000
2011-09-29,0.0033878313,0.0038454235,1.4356716865,1.3903673786,0.8810034340,0.0000000000,0.0000000000
2011-09-30,-0.0132530027,-0.0169587685,1.4166447257,1.3667884600,0.7778336518,0.0000619019,0.0000000000
2011-10-03,-0.0091739609,-0.0117942453,1.4036484824,1.3506682217,0.7778336518,0.0000000000,0.0000000000
2011-10-04,0.0058403644,0.0075085006,1.4118463011,1.3608097148,0.7778336518,0.0000000000,0.0000000000
2011-10-05,0.0114383353,0.0147053748,1.4279954725,1.3808209316,0.7778336518,0.0000000000,0.0000000000
2011-10-06,0.0105187442,0.0135855367,1.4430161916,1.3995801250,0.7778336518,0.0000000000,0.0000000000
2011-10-07,-0.0049243514,-0.0063932763,1.4359102728,1.3906322226,0.7778336518,0.0000000000,0.0000000000
2011-10-10,0.0204809804,0.0263932061,1.4653191230,1.4273354655,0.7778336518,0.0000000000,0.0000000000
2011-10-11,0.0002192509,0.0003745592,1.4656403956,1.4278700871,0.6182488898,0.0000957509,0.0000000000
2011-10-12,0.0046085950,0.0075891892,1.4723949387,1.4387064633,0.6182488898,0.0000000000,0.0000000000
2011-10-13,-0.0001156538,-0.0003220140,1.4722246506,1.4382431798,0.6182488898,0.0000000000,0.0000000000
2011-10-14,0.0094586681,0.0127424058,1.4861499350,1.4565698580,0.7528751523,0.0000807758,0.0000000000
2011-10-17,-0.0096066390,-0.0127599364,1.4718730290,1.4379841193,0.7528751523,0.0000000000,0.0000000000
2011-10-18,0.0071994045,0.0094908111,1.4824696383,1.4516317549,0.7528751523,0.0000000000,0.0000000000
2011-10-19,-0.0092956856,-0.0123469151,1.4686890666,1.4337085809,0.7528751523,0.0000000000,0.0000000000
2011-10-20,-0.0022221431,-0.0029515426,1.4654254293,1.4294769289,0.7528751523,0.0000000000,0.0000000000
2011-10-21,0.0100242367,0.0133863278,1.4801152007,1.4486123756,0.7528751523,0.0000000000,0.0000000000
2011-10-24,0.0091096634,0.0120998328,1.4935985521,1.4661403431,0.7528751523,0.0000000000,0.0000000000
2011-10-25,-0.0049337598,-0.0057055259,1.4862294956,1.4577752415,0.8589775311,0.0000636614,0.0000000000
2011-10-26,0.0049040491,0.0057091705,1.4935180381,1.4660979288,0.8589775311,0.0000000000,0.0000000000
2011-10-27,0.0209343122,0.0244070711,1.5247838110,1.5018810852,0.8589775311,0.0000000000,0.0000000000
2011-10-28,0.0001177739,0.0001371095,1.5249633908,1.5020870073,0.8589775311,0.0000000000,0.0000000000
2011-10-31,-0.0155860644,-0.0181092439,1.5011952131,1.4748853474,0.8589775311,0.0000000000,0.0000000000
2011-11-01,-0.0141131207,-0.0165016949,1.4800086638,1.4505472394,0.8589775311,0.0000000000,0.0000000000
2011-11-02,0.0078535893,0.0105789350,1.4916320440,1.4658924843,0.7534568853,0.0000633124,0.0000000000
2011-11-03,0.0113187872,0.0150935481,1.5085155097,1.4880180030,0.7534568853,0.0000000000,0.0000000000
2011-11-04,-0.0035131222,-0.0047337603,1.5032159104,1.4809740824,0.7534568853,0.0000000000,0.0000000000
2011-11-07,0.0068221642,0.0089829727,1.5134710961,1.4942776322,0.7534568853,0.0000000000,0.0000000000
2011-11-08,0.0044005157,0.0058404346,1.5201311494,1.5030048630,0.7534568853,0.0000000000,0.0000000000
2011-11-09,-0.0197637126,-0.0261592179,1.4900877143,1.4636874313,0.7534568853,0.0000000000,0.0000000000
2011-11-10,0.0018204471,0.0023446141,1.4928003402,1.4671192134,0.7534568853,0.0000000000,0.0000000000
2011-11-11,0.0114776496,0.0153048165,1.5099341794,1.4895732037,0.7534568853,0.0000000000,0.0000000000
2011-11-14,-0.0054432567,-0.0072958896,1.5017152201,1.4787054421,0.7534568853,0.0000000000,0.0000000000
2011-11-15,0.0027950528,0.0037811355,1.5059125934,1.4842966277,0.7534568853,0.0000000000,0.0000000000
2011-11-16,-0.0088101850,-0.0117645305,1.4926452248,1.4668345747,0.7534568853,0.0000000000,0.0000000000
2011-11-17,-0.0130521232,-0.0173229861,1.4731630355,1.4414246198,0.7534568853,0.0000000000,0.0000000000
2011-11-18,-0.0009046811,-0.0012007072,1.4718302928,1.4396938909,0.7534568853,0.0000000000,0.0000000000
2011-11-21,-0.0128893515,-0.0171069530,1.4528593548,1.4150651152,0.7534568853,0.0000000000,0.0000000000
2011-11-22,0.0015656895,0.0021495049,1.4551340815,1.4181068046,0.7534568853,0.0000000000,0.0000000000
2011-11-23,-0.0113814372,-0.0151771374,1.4385725643,1.3965840027,0.7534568853,0.0000000000,0.0000000000
2011-11-25,-0.0036531043,-0.0048484583,1.4333173087,1.3898127234,0.7534568853,0.0000000000,0.0000000000
2011-11-28,0.0182488989,0.0242202298,1.4594737714,1.4234743070,0.7534568853,0.0000000000,0.0000000000
2011-11-29,0.0005852706,0.0009193348,1.4603279585,1.4247829565,0.7534568853,0.0000000000,0.0000000000
2011-11-30,0.0213976905,0.0283282678,1.4915756042,1.4651445896,0.7534568853,0.0000000000,0.0000000000
2011-12-01,-0.0002278943,-0.0000962761,1.4912356826,1.4650035311,0.6122448041,0.0000847272,0.0000000000
2011-12-02,0.0002073001,0.0002009969,1.4915448159,1.4652979923,0.6122448041,0.0000000000,0.0000000000
2011-12-05,0.0024119249,0.0039394780,1.4951423101,1.4710705015,0.6122448041,0.0000000000,0.0000000000
2011-12-06,0.0000515145,0.0000695561,1.4952193315,1.4711728234,0.7134662708,0.0000607329,0.0000000000
2011-12-07,0.0017759661,0.0025769596,1.4978747903,1.4749639764,0.7134662708,0.0000000000,0.0000000000
2011-12-08,-0.0123858693,-0.0173601329,1.4793223090,1.4493584057,0.7134662708,0.0000000000,0.0000000000
2011-12-09,0.0077235813,0.0109126644,1.4907479750,1.4651747676,0.7134662708,0.0000000000,0.0000000000
2011-12-12,-0.0108377647,-0.0151902972,1.4745915992,1.4429183273,0.7134662708,0.0000000000,0.0000000000
2011-12-13,-0.0068704138,-0.0096296266,1.4644605447,1.4290235625,0.7134662708,0.0000000000,0.0000000000
2011-12-14,-0.0109457555,-0.0154289084,1.4484309176,1.4069752889,0.7134662708,0.0000000000,0.0000000000
2011-12-15,-0.0003268801,-0.0003709263,1.4479574544,1.4064534048,0.7134662708,0.0000000000,0.0000000000
2011-12-16,0.0043286507,0.0059798209,1.4542251565,1.4148637442,0.7134662708,0.0000000000,0.0000000000
2011-12-19,-0.0050227587,-0.0070399386,1.4469209344,1.4049031904,0.7134662708,0.0000000000,0.0000000000
2011-12-20,0.0177118558,0.0218138277,1.4725485894,1.4355495065,0.8147410407,0.0000607649,0.0000000000
2011-12-21,-0.0024189230,-0.0029689470,1.4689866077,1.4312874361,0.8147410407,0.0000000000,0.0000000000
2011-12-22,0.0039736690,0.0048772172,1.4748238742,1.4382681357,0.8147410407,0.0000000000,0.0000000000
2011-12-23,0.0042304909,0.0051924362,1.4810631032,1.4457362512,0.8147410407,0.0000000000,0.0000000000
2011-12-27,-0.0003120629,-0.0003336320,1.4806009183,1.4452539074,0.8147410407,0.0000000000,0.0000000000
2011-12-28,-0.0103232239,-0.0126804947,1.4653163435,1.4269273730,0.8147410407,0.0000000000,0.0000000000
2011-12-29,0.0046456073,0.0057019434,1.4721236278,1.4350636320,0.8147410407,0.0000000000,0.0000000000
2011-12-30,0.0002442977,0.0002998470,1.4724832642,1.4354939316,0.8147410407,0.0000000000,0.0000456616
2012-01-03,0.0151954463,0.0166752349,1.4948583046,1.4594311301,0.9160077230,0.0000607600,0.0000000000
2012-01-04,0.0020346376,0.0022212014,1.4978997995,1.4626728205,0.9160077230,0.0000000000,0.0000000000
2012-01-05,0.0016203312,0.0017689056,1.5003268933,1.4652601507,0.9160077230,0.0000000000,0.0000000000
2012-01-06,-0.0014778206,-0.0016133276,1.4981096794,1.4628962060,0.9160077230,0.0000000000,0.0000000000
2012-01-09,-0.0004401036,-0.0002572724,1.4974503559,1.4625198431,1.1186149272,0.0001215643,0.0000000000
2012-01-10,0.0101893835,0.0091131364,1.5127084518,1.4758479860,1.1186149272,0.0000000000,0.0000000000
2012-01-11,0.0019244416,0.0017013100,1.5156195710,1.4783588609,1.1186149272,0.0000000000,0.0000000000
2012-01-12,0.0020741732,0.0018584413,1.5187632286,1.4811063041,1.1186149272,0.0000000000,0.0000000000
2012-01-13,-0.0070753330,-0.0045944821,1.5080174730,1.4743013877,1.4875696498,0.0002213728,0.0000000000
2012-01-17,0.0091706685,0.0061778731,1.5218470014,1.4834094346,1.4875696498,0.0000000000,0.0000000000
2012-01-18,0.0131934081,0.0088821092,1.5419253499,1.4965852392,1.4875696498,0.0000000000,0.0000000000
2012-01-19,0.0058102647,0.0039188839,1.5508843444,1.5024501830,1.4875696498,0.0000000000,0.0000000000
2012-01-20,0.0014872335,0.0010127805,1.5531908716,1.5039718352,1.4875696498,0.0000000000,0.0000000000
2012-01-23,0.0019394701,0.0013167908,1.5562032388,1.5059522516,1.4875696498,0.0000000000,0.0000000000
2012-01-24,-0.0035116952,-0.0023476865,1.5507383274,1.5024167477,1.4875696498,0.0000000000,0.0000000000
2012-01-25,0.0179123567,0.0120543631,1.5785157054,1.5205274248,1.4875696498,0.0000000000,0.0000000000
2012-01-26,-0.0019944098,-0.0013277105,1.5753674982,1.5185086045,1.4875696498,0.0000000000,0.0000000000
2012-01-27,0.0043266862,0.0029215669,1.5821836191,1.5229450290,1.4875696498,0.0000000000,0.0000000000
2012-01-30,-0.0043588475,-0.0028452091,1.5752871220,1.5186119319,1.4875696498,0.0000000000,0.0000000000
2012-01-31,0.0031389446,0.0020511735,1.5802318610,1.5217268684,1.4875696498,0.0000000000,0.0000000000
2012-02-01,0.0098104864,0.0066079826,1.5957347042,1.5317824131,1.4875696498,0.0000000000,0.0000000000
2012-02-02,0.0051031026,0.0034435030,1.6038779021,1.5370571105,1.4875696498,0.0000000000,0.0000000000
2012-02-03,0.0089963929,0.0060607185,1.6183070179,1.5463727810,1.4875696498,0.0000000000,0.0000000000
2012-02-06,-0.0015250970,-0.0009402560,1.6158389426,1.5449187946,1.4875696498,0.0000000000,0.0000000000
2012-02-07,0.0059776347,0.0039594472,1.6254978375,1.5510358190,1.4875696498,0.0000000000,0.0000000000
2012-02-08,0.0021756437,0.0015475204,1.6290343416,1.5534360786,1.4875696498,0.0000000000,0.0000000000
2012-02-09,0.0025781909,0.0016742139,1.6332343032,1.5560368628,1.4875696498,0.0000000000,0.0000000000
2012-02-10,-0.0106065624,-0.0070451570,1.6159113016,1.5450743388,1.4875696498,0.0000000000,0.0000000000
2012-02-13,0.0089920731,0.0059858656,1.6304416942,1.5543229461,1.4875696498,0.0000000000,0.0000000000
2012-02-14,-0.0013680312,-0.0008346705,1.6282111991,1.5530255986,1.4875696498,0.0000000000,0.0000000000
2012-02-15,-0.0026455785,-0.0018373995,1.6239036385,1.5501720702,1.4875696498,0.0000000000,0.0000000000
2012-02-16,0.0122364459,0.0083107682,1.6437744475,1.5630551910,1.4875696498,0.0000000000,0.0000000000
2012-02-17,-0.0005824638,-0.0004504966,1.6428170084,1.5623510400,1.4875696498,0.0000000000,0.0000000000
2012-02-21,0.0072625387,0.0048951568,1.6547480306,1.5699989933,1.4875696498,0.0000000000,0.0000000000
2012-02-22,0.0005992813,0.0004158658,1.6557396902,1.5706519022,1.4875696498,0.0000000000,0.0000000000
2012-02-23,0.0051577860,0.0034802632,1.6642796411,1.5761181843,1.4875696498,0.0000000000,0.0000000000
2012-02-24,0.0028875304,0.0020260773,1.6690852992,1.5793115216,1.4875696498,0.0000000000,0.0000000000
2012-02-27,-0.0004240944,-0.0003440347,1.6683774494,1.5787681835,1.4875696498,0.0000000000,0.0000000000
2012-02-28,0.0083170066,0.0056040096,1.6822533556,1.5876156156,1.4875696498,0.0000000000,0.0000000000
2012-02-29,-0.0182059396,-0.0121537428,1.6516263527,1.5683201438,1.4875696498,0.0000000000,0.0000000000
2012-03-01,0.0114542003,0.0076409996,1.6705444117,1.5803036773,1.4875696498,0.0000000000,0.0000000000
2012-03-02,-0.0042390738,-0.0028366576,1.6634628507,1.5758208969,1.4875696498,0.0000000000,0.0000000000
2012-03-05,-0.0083535248,-0.0056025456,1.6495670725,1.5669922885,1.4875696498,0.0000000000,0.0000000000
2012-03-06,-0.0206296927,-0.0138550452,1.6155370107,1.5452815395,1.4875696498,0.0000000000,0.0000000000
2012-03-07,0.0096376110,0.0064917693,1.6311069280,1.5553131508,1.4875696498,0.0000000000,0.0000000000
2012-03-08,0.0142821798,0.0096859871,1.6544026904,1.5703778940,1.4875696498,0.0000000000,0.0000000000
2012-03-09,0.0035309002,0.0027267363,1.6602442212,1.5746599004,1.3336439820,0.0000923554,0.0000000000
2012-03-12,-0.0019042902,-0.0014179574,1.6570826343,1.5724270997,1.3336439820,0.0000000000,0.0000000000
2012-03-13,0.0117514138,0.0088214349,1.6765556980,1.5862981630,1.3336439820,0.0000000000,0.0000000000
2012-03-14,-0.0051944138,-0.0039398926,1.6678469739,1.5800483186,1.3336439820,0.0000000000,0.0000000000
2012-03-15,0.0060754742,0.0045654718,1.6779799351,1.5872619846,1.3336439820,0.0000000000,0.0000000000
2012-03-16,0.0022520675,0.0016985847,1.6817588591,1.5899580836,1.3336439820,0.0000000000,0.0000000000
2012-03-19,0.0036270080,0.0027844793,1.6878586120,1.5943852890,1.3336439820,0.0000000000,0.0000000000
2012-03-20,-0.0049153922,-0.0036757578,1.6795621250,1.5885247147,1.3336439820,0.0000000000,0.0000000000
2012-03-21,-0.0005779603,-0.0004234417,1.6785914048,1.5878520672,1.3336439820,0.0000000000,0.0000000000
2012-03-22,-0.0081705599,-0.0054074383,1.6648763731,1.5792658552,1.4900361941,0.0000938353,0.0000000000
2012-03-23,0.0072346512,0.0048684033,1.6769211730,1.5869543582,1.4900361941,0.0000000000,0.0000000000
2012-03-26,0.0192607492,0.0129394139,1.7092199311,1.6074886175,1.4900361941,0.0000000000,0.0000000000
2012-03-27,-0.0037601738,-0.0027194380,1.7027929671,1.6031171519,1.3849826138,0.0000630321,0.0000000000
2012-03-28,-0.0087002926,-0.0056677726,1.6879781699,1.5940310484,1.5000000000,0.0000690104,0.0000000000
2012-03-29,-0.0031084879,-0.0021322697,1.6827311102,1.5906321443,1.5000000000,0.0000000000,0.0000000000
2012-03-30,0.0035917012,0.0024076950,1.6887749776,1.5944619013,1.5000000000,0.0000000000,0.0000000000
2012-04-02,0.0114506868,0.0075744507,1.7081126109,1.6065390743,1.5000000000,0.0000000000,0.0000000000
2012-04-03,-0.0100424961,-0.0066091860,1.6909588967,1.5959211587,1.5000000000,0.0000000000,0.0000000000
2012-04-04,-0.0172006278,-0.0115264257,1.6618733420,1.5775258920,1.5000000000,0.0000000000,0.0000000000
2012-04-05,0.0035568020,0.0024570127,1.6677842964,1.5814018931,1.5000000000,0.0000000000,0.0000000000
2012-04-09,-0.0069811168,-0.0045676624,1.6561412994,1.5741785832,1.5000000000,0.0000000000,0.0000000000
2012-04-10,-0.0157567074,-0.0104912441,1.6300459656,1.5576634914,1.5000000000,0.0000000000,0.0000000000
2012-04-11,0.0079516084,0.0053142998,1.6430074529,1.5659413822,1.5000000000,0.0000000000,0.0000000000
2012-04-12,0.0152969127,0.0110884751,1.6681403945,1.5833052843,1.3798719638,0.0000720768,0.0000000000
2012-04-13,-0.0141940489,-0.0112749592,1.6444627282,1.5654535819,1.2563763519,0.0000740974,0.0000000000
2012-04-16,-0.0036283068,-0.0028353819,1.6384961130,1.5610149232,1.2563763519,0.0000000000,0.0000000000
2012-04-17,0.0138774120,0.0110536828,1.6612341985,1.5782698869,1.2563763519,0.0000000000,0.0000000000
2012-04-18,-0.0047548468,-0.0037764744,1.6533352844,1.5723095911,1.2563763519,0.0000000000,0.0000000000
2012-04-19,-0.0061771526,-0.0048637400,1.6431223800,1.5646622860,1.2563763519,0.0000000000,0.0000000000
2012-04-20,0.0009655489,0.0007318220,1.6447088949,1.5658073403,1.2563763519,0.0000000000,0.0000000000
2012-04-23,-0.0088463120,-0.0069882303,1.6301592869,1.5548651180,1.2563763519,0.0000000000,0.0000000000
2012-04-24,0.0004434478,0.0003610554,1.6308821774,1.5554265104,1.2563763519,0.0000000000,0.0000000000
2012-04-25,0.0156465752,0.0124170359,1.6563998981,1.5747402972,1.2563763519,0.0000000000,0.0000000000
2012-04-26,0.0078188031,0.0062761988,1.6693509627,1.5846236803,1.2563763519,0.0000000000,0.0000000000
2012-04-27,0.0033601097,0.0026377484,1.6749601651,1.5888035189,1.2563763519,0.0000000000,0.0000000000
2012-04-30,-0.0034568250,-0.0026985229,1.6691701209,1.5845160963,1.2563763519,0.0000000000,0.0000000000
2012-05-01,0.0027348160,0.0021848466,1.6737349940,1.5879780209,1.2563763519,0.0000000000,0.0000000000
2012-05-02,-0.0025000399,-0.0019817838,1.6695505897,1.5848309919,1.2563763519,0.0000000000,0.0000000000
2012-05-03,-0.0105469126,-0.0077465301,1.6519419855,1.5725540509,1.3617384558,0.0000632173,0.0000000000
2012-05-04,-0.0179157465,-0.0131459839,1.6223462117,1.5518812807,1.3617384558,0.0000000000,0.0000000000
2012-05-07,0.0010464179,0.0008373100,1.6240438638,1.5531806865,1.3617384558,0.0000000000,0.0000000000
2012-05-08,-0.0093336646,-0.0068436856,1.6088855831,1.5425512061,1.3617384558,0.0000000000,0.0000000000
2012-05-09,-0.0087897108,-0.0057912751,1.5947439441,1.5336178678,1.5000000000,0.0000829569,0.0000000000
2012-05-10,0.0010161214,0.0006906417,1.5963643975,1.5346770483,1.5000000000,0.0000000000,0.0000000000
2012-05-11,-0.0042198012,-0.0027999733,1.5896280571,1.5303799936,1.5000000000,0.0000000000,0.0000000000
2012-05-14,-0.0156260025,-0.0104041075,1.5647885251,1.5144577556,1.5000000000,0.0000000000,0.0000000000
2012-05-15,-0.0079586716,-0.0052925536,1.5523348870,1.5064424068,1.5000000000,0.0000000000,0.0000000000
2012-05-16,-0.0065498795,-0.0043533588,1.5421672806,1.4998843225,1.5000000000,0.0000000000,0.0000000000
2012-05-17,-0.0113089720,-0.0075260872,1.5247269540,1.4885960623,1.5000000000,0.0000000000,0.0000000000
2012-05-18,-0.0072197011,-0.0047999065,1.5137188811,1.4814509404,1.5000000000,0.0000000000,0.0000000000
2012-05-21,0.0216211549,0.0144273308,1.5464472315,1.5028243231,1.5000000000,0.0000000000,0.0000000000
2012-05-22,-0.0056361943,-0.0038899594,1.5377311544,1.4969783975,1.5000000000,0.0000000000,0.0000000000
2012-05-23,-0.0014852789,-0.0009769584,1.5354471947,1.4955159119,1.5000000000,0.0000000000,0.0000000000
2012-05-24,-0.0032232846,-0.0019898411,1.5304980115,1.4925400728,1.5000000000,0.0000000000,0.0000000000
2012-05-25,0.0003785588,0.0002656000,1.5310773950,1.4929364915,1.5000000000,0.0000000000,0.0000000000
2012-05-29,0.0094676914,0.0063250218,1.5455731633,1.5023793474,1.5000000000,0.0000000000,0.0000000000
2012-05-30,-0.0129102932,-0.0085936346,1.5256193606,1.4894684482,1.5000000000,0.0000000000,0.0000000000
2012-05-31,-0.0023587572,-0.0015592773,1.5220207950,1.4871459539,1.5000000000,0.0000000000,0.0000000000
2012-06-01,-0.0161562912,-0.0107576333,1.4974305839,1.4711477831,1.5000000000,0.0000000000,0.0000000000
2012-06-04,0.0027372255,0.0018380445,1.5015293891,1.4738518183,1.5000000000,0.0000000000,0.0000000000
2012-06-05,0.0042968408,0.0028777880,1.5079812219,1.4780932514,1.5000000000,0.0000000000,0.0000000000
2012-06-06,0.0239448951,0.0159033190,1.5440896741,1.5015998399,1.5000000000,0.0000000000,0.0000000000
2012-06-07,-0.0045430948,-0.0035485200,1.5370747283,1.4962713829,1.2324389947,0.0001605366,0.0000000000
2012-06-08,0.0054902934,0.0044623037,1.5455137195,1.5029482002,1.2324389947,0.0000000000,0.0000000000
2012-06-11,-0.0114661129,-0.0092961105,1.5277926847,1.4889766277,1.2324389947,0.0000000000,0.0000000000
2012-06-12,0.0115186286,0.0093951000,1.5453907612,1.5029657120,1.2324389947,0.0000000000,0.0000000000
2012-06-13,-0.0048098992,-0.0038952642,1.5379575874,1.4971112635,1.2324389947,0.0000000000,0.0000000000
2012-06-14,0.0068994464,0.0056056894,1.5485686433,1.5055036042,1.2324389947,0.0000000000,0.0000000000
2012-06-15,0.0097947719,0.0079135533,1.5637365200,1.5174174872,1.2324389947,0.0000000000,0.0000000000
2012-06-18,0.0033887573,0.0027985290,1.5690356435,1.5216640240,1.2324389947,0.0000000000,0.0000000000
2012-06-19,0.0085149894,0.0068340886,1.5823959654,1.5320632109,1.2324389947,0.0000000000,0.0000000000
2012-06-20,-0.0024670791,-0.0019943018,1.5784920694,1.5290078144,1.2324389947,0.0000000000,0.0000000000
2012-06-21,-0.0254327151,-0.0205461131,1.5383467303,1.4975926469,1.2324389947,0.0000000000,0.0000000000
2012-06-22,0.0069656800,0.0068601475,1.5490623614,1.5078663534,1.0320676083,0.0001202228,0.0000000000
2012-06-25,-0.0101999833,-0.0098750022,1.5332619512,1.4929761698,1.0320676083,0.0000000000,0.0000000000
2012-06-26,0.0027657628,0.0026810601,1.5375025900,1.4969789286,1.0320676083,0.0000000000,0.0000000000
2012-06-27,0.0060581194,0.0058642985,1.5468169642,1.5057576599,1.0320676083,0.0000000000,0.0000000000
2012-06-28,-0.0060276275,-0.0058322866,1.5374933277,1.4969756497,1.0320676083,0.0000000000,0.0000000000
2012-06-29,0.0259225658,0.0251047693,1.5773490996,1.5345568780,1.0320676083,0.0000000000,0.0000000000
2012-07-02,0.0018665013,0.0021980466,1.5802932238,1.5379299056,0.8883847368,0.0000862097,0.0000000000
2012-07-03,0.0080563084,0.0090684903,1.5930245534,1.5518766080,0.8883847368,0.0000000000,0.0000000000
2012-07-05,-0.0035139522,-0.0039554397,1.5874267412,1.5457382537,0.8883847368,0.0000000000,0.0000000000
2012-07-06,-0.0089370043,-0.0100598355,1.5732399015,1.5301883812,0.8883847368,0.0000000000,0.0000000000
2012-07-09,0.0001975207,0.0002223369,1.5735506489,1.5305285985,0.8883847368,0.0000000000,0.0000000000
2012-07-10,-0.0072461390,-0.0081565325,1.5621484822,1.5180447922,0.8883847368,0.0000000000,0.0000000000
2012-07-11,0.0004824936,0.0005431133,1.5629022089,1.5188692625,0.8883847368,0.0000000000,0.0000000000
2012-07-12,-0.0046481036,-0.0052320840,1.5556376775,1.5109224109,0.8883847368,0.0000000000,0.0000000000
2012-07-13,0.0111212146,0.0124911086,1.5729382580,1.5297955068,0.8883847368,0.0000000000,0.0000000000
2012-07-16,-0.0004555082,-0.0003954676,1.5722217717,1.5291905222,0.9910915901,0.0000616241,0.0000000000
2012-07-17,0.0031832600,0.0032118726,1.5772265623,1.5341020874,0.9910915901,0.0000000000,0.0000000000
2012-07-18,0.0060189146,0.0060730155,1.5867197543,1.5434187132,0.9910915901,0.0000000000,0.0000000000
2012-07-19,0.0050921778,0.0051359915,1.5947996134,1.5513456985,0.9910915901,0.0000000000,0.0000000000
2012-07-20,-0.0074066603,-0.0074712782,1.5829874743,1.5397551633,0.9910915901,0.0000000000,0.0000000000
2012-07-23,-0.0093022308,-0.0093858437,1.5682621596,1.5253032620,0.9910915901,0.0000000000,0.0000000000
2012-07-24,-0.0079014212,-0.0055495692,1.5558706597,1.5168384860,1.3662409454,0.0002250896,0.0000000000
2012-07-25,0.0023305277,0.0017752904,1.5594966594,1.5195313147,1.3662409454,0.0000000000,0.0000000000
2012-07-26,0.0164635502,0.0120020469,1.5851715109,1.5377688008,1.3662409454,0.0000000000,0.0000000000
2012-07-27,0.0193809852,0.0142551224,1.6158936966,1.5596898833,1.3662409454,0.0000000000,0.0000000000
2012-07-30,-0.0003736757,-0.0002304219,1.6152898764,1.5593304966,1.2318636559,0.0000806264,0.0000000000
2012-07-31,-0.0044567398,-0.0036927002,1.6080909497,1.5535723565,1.2318636559,0.0000000000,0.0000000000
2012-08-01,-0.0036090737,-0.0028813124,1.6022872310,1.5490960292,1.2318636559,0.0000000000,0.0000000000
2012-08-02,-0.0070791671,-0.0057392440,1.5909443719,1.5402053890,1.2318636559,0.0000000000,0.0000000000
2012-08-03,0.0192230033,0.0156122832,1.6215271008,1.5642515117,1.2318636559,0.0000000000,0.0000000000
2012-08-06,0.0053793158,0.0044156069,1.6302498072,1.5711586315,1.2318636559,0.0000000000,0.0000000000
2012-08-07,0.0054794229,0.0044142273,1.6391826354,1.5780940828,1.2318636559,0.0000000000,0.0000000000
2012-08-08,0.0001984903,0.0001276226,1.6395079974,1.5782954832,1.2318636559,0.0000000000,0.0000000000
2012-08-09,0.0026632361,0.0021694260,1.6438743942,1.5817194784,1.2318636559,0.0000000000,0.0000000000
2012-08-10,0.0012707885,0.0010390674,1.6459634108,1.5833629917,1.2318636559,0.0000000000,0.0000000000
2012-08-13,-0.0019430189,-0.0015698312,1.6427652728,1.5808773791,1.2318636559,0.0000000000,0.0000000000
2012-08-14,-0.0013431440,-0.0008786814,1.6405588026,1.5794882916,1.3975205061,0.0000993941,0.0000000000
2012-08-15,0.0019241651,0.0013881297,1.6437155086,1.5816808262,1.3975205061,0.0000000000,0.0000000000
2012-08-16,0.0102071499,0.0073150444,1.6604931592,1.5932508917,1.3975205061,0.0000000000,0.0000000000
2012-08-17,0.0027378541,0.0018794553,1.6650393472,1.5962453356,1.5000000000,0.0000614877,0.0000000000
2012-08-20,0.0011412300,0.0007740475,1.6669395399,1.5974809053,1.5000000000,0.0000000000,0.0000000000
2012-08-21,0.0008662762,0.0005907450,1.6683835701,1.5984246091,1.5000000000,0.0000000000,0.0000000000
2012-08-22,0.0050121341,0.0033546503,1.6767457323,1.6037867647,1.5000000000,0.0000000000,0.0000000000
2012-08-23,-0.0059281599,-0.0039388791,1.6668057154,1.5974696425,1.5000000000,0.0000000000,0.0000000000
2012-08-24,0.0042008463,0.0028137917,1.6738077100,1.6019645893,1.5000000000,0.0000000000,0.0000000000
2012-08-27,-0.0004237205,-0.0002692529,1.6730984833,1.6015332558,1.5000000000,0.0000000000,0.0000000000
2012-08-28,0.0003465886,0.0002442866,1.6736783602,1.6019244889,1.5000000000,0.0000000000,0.0000000000
2012-08-29,-0.0018431795,-0.0012155588,1.6705934706,1.5999772555,1.5000000000,0.0000000000,0.0000000000
2012-08-30,-0.0088259086,-0.0058707115,1.6558489653,1.5905842505,1.5000000000,0.0000000000,0.0000000000
2012-08-31,0.0126898499,0.0084731274,1.6768614402,1.6040614736,1.5000000000,0.0000000000,0.0000000000
2012-09-04,-0.0006506590,-0.0004205452,1.6757703752,1.6033868933,1.5000000000,0.0000000000,0.0000000000
2012-09-05,-0.0018216214,-0.0011286029,1.6727177560,1.6015773062,1.5000000000,0.0000000000,0.0000000000
2012-09-06,0.0215315632,0.0143676030,1.7087339840,1.6245881330,1.5000000000,0.0000000000,0.0000000000
2012-09-07,0.0095752395,0.0063241525,1.7250955211,1.6348622761,1.5000000000,0.0000000000,0.0000000000
2012-09-10,-0.0099665281,-0.0066311246,1.7079023082,1.6240213007,1.5000000000,0.0000000000,0.0000000000
2012-09-11,0.0030108836,0.0020204832,1.7130446032,1.6273026085,1.5000000000,0.0000000000,0.0000000000
2012-09-12,0.0033596867,0.0022530187,1.7187998964,1.6309689517,1.5000000000,0.0000000000,0.0000000000
2012-09-13,0.0206863900,0.0138041542,1.7543556614,1.6534830986,1.5000000000,0.0000000000,0.0000000000
2012-09-14,0.0074647398,0.0049897207,1.7674514700,1.6617335175,1.5000000000,0.0000000000,0.0000000000
2012-09-17,-0.0061778105,-0.0041053128,1.7565324898,1.6549115816,1.5000000000,0.0000000000,0.0000000000
2012-09-18,0.0003776123,0.0002649690,1.7571957780,1.6553500819,1.5000000000,0.0000000000,0.0000000000
2012-09-19,0.0008035251,0.0005489109,1.7586077288,1.6562587216,1.5000000000,0.0000000000,0.0000000000
2012-09-20,-0.0020162566,-0.0013309436,1.7550619244,1.6540543347,1.5000000000,0.0000000000,0.0000000000
2012-09-21,0.0014327204,0.0009683745,1.7575764374,1.6556560786,1.5000000000,0.0000000000,0.0000000000
2012-09-24,-0.0050430948,-0.0033488357,1.7487128128,1.6501115584,1.5000000000,0.0000000000,0.0000000000
2012-09-25,-0.0108544920,-0.0072231005,1.7297314235,1.6381926369,1.5000000000,0.0000000000,0.0000000000
2012-09-26,-0.0086423581,-0.0057483445,1.7147824652,1.6287757412,1.5000000000,0.0000000000,0.0000000000
2012-09-27,0.0157888316,0.0106116991,1.7418568767,1.6460598192,1.5000000000,0.0000000000,0.0000000000
2012-09-28,-0.0072028949,-0.0048612704,1.7293104647,1.6380578772,1.5000000000,0.0000000000,0.0000000000
2012-10-01,0.0024551204,0.0016499744,1.7335561301,1.6407606309,1.5000000000,0.0000000000,0.0000000000
2012-10-02,0.0019603365,0.0013927023,1.7369544835,1.6430457220,1.5000000000,0.0000000000,0.0000000000
2012-10-03,0.0022933491,0.0014695589,1.7409379264,1.6454602744,1.5000000000,0.0000000000,0.0000000000
2012-10-04,0.0091571665,0.0061180052,1.7568799849,1.6555272090,1.5000000000,0.0000000000,0.0000000000
2012-10-05,-0.0038536699,-0.0025558858,1.7501095494,1.6512958705,1.5000000000,0.0000000000,0.0000000000
2012-10-08,-0.0063175369,-0.0041984638,1.7390531677,1.6443629647,1.5000000000,0.0000000000,0.0000000000
2012-10-09,-0.0133347475,-0.0088766041,1.7158633329,1.6297666056,1.5000000000,0.0000000000,0.0000000000
2012-10-10,-0.0055216540,-0.0035952913,1.7063889292,1.6239071198,1.5000000000,0.0000000000,0.0000000000
2012-10-11,0.0023984378,0.0016121860,1.7104815969,1.6265251602,1.5000000000,0.0000000000,0.0000000000
2012-10-12,-0.0050250213,-0.0034093547,1.7018863905,1.6209797590,1.5000000000,0.0000000000,0.0000000000
2012-10-15,0.0052444125,0.0035820864,1.7108117848,1.6267862485,1.5000000000,0.0000000000,0.0000000000
2012-10-16,0.0133776020,0.0088590608,1.7336983439,1.6411980468,1.5000000000,0.0000000000,0.0000000000
2012-10-17,0.0025424920,0.0017808060,1.7381062580,1.6441207021,1.5000000000,0.0000000000,0.0000000000
2012-10-18,-0.0064550509,-0.0043627078,1.7268866937,1.6369478839,1.5000000000,0.0000000000,0.0000000000
2012-10-19,-0.0217624548,-0.0144950757,1.6893054002,1.6132202005,1.5000000000,0.0000000000,0.0000000000
2012-10-22,0.0032787977,0.0021990927,1.6948442909,1.6167678212,1.5000000000,0.0000000000,0.0000000000
2012-10-23,-0.0167887717,-0.0111067031,1.6663899370,1.5988108610,1.5000000000,0.0000000000,0.0000000000
2012-10-24,-0.0036113485,-0.0023943381,1.6603720223,1.5949827672,1.5000000000,0.0000000000,0.0000000000
2012-10-25,0.0043690000,0.0028533261,1.6676261877,1.5995337733,1.5000000000,0.0000000000,0.0000000000
2012-10-26,0.0003932985,0.0002754265,1.6682820625,1.5999743272,1.5000000000,0.0000000000,0.0000000000
2012-10-31,-0.0009846817,-0.0005706431,1.6666393357,1.5990613129,1.5000000000,0.0000000000,0.0000000000
2012-11-01,0.0115733835,0.0077288165,1.6859279919,1.6114201644,1.5000000000,0.0000000000,0.0000000000
2012-11-02,-0.0157344568,-0.0104764103,1.6594008308,1.5945382655,1.5000000000,0.0000000000,0.0000000000
2012-11-05,0.0052950283,0.0034706783,1.6681874051,1.6000723949,1.5000000000,0.0000000000,0.0000000000
2012-11-06,0.0099371411,0.0071780676,1.6847644187,1.6115578228,1.3953116092,0.0000628130,0.0000000000
2012-11-07,-0.0203406356,-0.0145049097,1.6504952396,1.5881823221,1.3953116092,0.0000000000,0.0000000000
2012-11-08,-0.0079928030,-0.0065274565,1.6373031563,1.5778155311,1.2058205006,0.0001136947,0.0000000000
2012-11-09,0.0016320895,0.0013602829,1.6399753816,1.5799618065,1.2058205006,0.0000000000,0.0000000000
2012-11-12,-0.0003768809,-0.0003057780,1.6393573063,1.5794786890,1.2058205006,0.0000000000,0.0000000000
2012-11-13,-0.0044878527,-0.0037150515,1.6320001121,1.5736108443,1.2058205006,0.0000000000,0.0000000000
2012-11-14,-0.0112418917,-0.0077063395,1.6136533437,1.5614840649,1.4384177811,0.0001395584,0.0000000000
2012-11-15,-0.0039866543,-0.0027594603,1.6072202656,1.5571752116,1.4384177811,0.0000000000,0.0000000000
2012-11-16,0.0039363842,0.0027487019,1.6135469021,1.5614554221,1.4384177811,0.0000000000,0.0000000000
2012-11-19,0.0242582023,0.0168765988,1.6526886493,1.5878074789,1.4384177811,0.0000000000,0.0000000000
2012-11-20,-0.0015164109,-0.0011719245,1.6501824943,1.5859466885,1.2067406489,0.0001390063,0.0000000000
2012-11-21,0.0020230654,0.0016832692,1.6535209213,1.5886162637,1.2067406489,0.0000000000,0.0000000000
2012-11-23,0.0142714402,0.0118332338,1.6771190464,1.6074147313,1.2067406489,0.0000000000,0.0000000000
2012-11-26,-0.0002739409,-0.0002202104,1.6766596149,1.6070607618,1.2067406489,0.0000000000,0.0000000000
2012-11-27,-0.0044264731,-0.0036613245,1.6692379261,1.6011767908,1.2067406489,0.0000000000,0.0000000000
2012-11-28,0.0039751014,0.0033008794,1.6758733161,1.6064620823,1.2067406489,0.0000000000,0.0000000000
2012-11-29,0.0055118858,0.0045743796,1.6851105383,1.6138106496,1.2067406489,0.0000000000,0.0000000000
2012-11-30,-0.0019703598,-0.0012379057,1.6817902643,1.6118129042,1.4561694745,0.0001496573,0.0000000000
2012-12-03,-0.0026555095,-0.0018111955,1.6773242543,1.6088935960,1.4561694745,0.0000000000,0.0000000000
2012-12-04,-0.0030843379,-0.0021056861,1.6721508196,1.6055057710,1.4561694745,0.0000000000,0.0000000000
2012-12-05,-0.0024637087,-0.0016794795,1.6680311271,1.6028093571,1.4561694745,0.0000000000,0.0000000000
2012-12-06,0.0042060467,0.0029008633,1.6750469438,1.6074588879,1.4561694745,0.0000000000,0.0000000000
2012-12-07,0.0002741044,0.0002006678,1.6755060816,1.6077814532,1.4561694745,0.0000000000,0.0000000000
2012-12-10,0.0019303185,0.0013380451,1.6787403419,1.6099327373,1.4561694745,0.0000000000,0.0000000000
2012-12-11,0.0083447814,0.0057430701,1.6927490630,1.6191786938,1.4561694745,0.0000000000,0.0000000000
2012-12-12,-0.0000762207,-0.0000399121,1.6926200405,1.6191140690,1.4561694745,0.0000000000,0.0000000000
2012-12-13,-0.0093285502,-0.0063937944,1.6768303494,1.6087617866,1.4561694745,0.0000000000,0.0000000000
2012-12-14,-0.0035649673,-0.0024357504,1.6708525040,1.6048432444,1.4561694745,0.0000000000,0.0000000000
2012-12-17,0.0104236717,0.0071707132,1.6882689220,1.6163511150,1.4561694745,0.0000000000,0.0000000000
2012-12-18,0.0079544141,0.0055432062,1.7016981122,1.6253108826,1.4561694745,0.0000000000,0.0000000000
2012-12-19,-0.0042437726,-0.0029701080,1.6944764923,1.6204835337,1.4561694745,0.0000000000,0.0000000000
2012-12-20,0.0008957083,0.0006275439,1.6959942489,1.6215004582,1.4561694745,0.0000000000,0.0000000000
2012-12-21,-0.0081544262,-0.0055874844,1.6821643889,1.6124403497,1.4561694745,0.0000000000,0.0000000000
2012-12-24,-0.0019764129,-0.0013448372,1.6788397375,1.6102718798,1.4561694745,0.0000000000,0.0000000000
2012-12-26,-0.0034808718,-0.0023779992,1.6729959116,1.6064426546,1.4561694745,0.0000000000,0.0000000000
2012-12-27,0.0000145690,0.0000224363,1.6730202855,1.6064786971,1.4561694745,0.0000000000,0.0000000000
2012-12-28,-0.0092748194,-0.0062886813,1.6575033246,1.5963760645,1.4561694745,0.0000000000,0.0000000000
2012-12-31,0.0182935636,0.0125070302,1.6878249671,1.6163419882,1.4561694745,0.0000000000,0.0000507950
2013-01-02,0.0259204831,0.0178128889,1.7315742057,1.6451337085,1.4561694745,0.0000000000,0.0000000000
2013-01-03,-0.0074355018,-0.0054681401,1.7186990826,1.6361378869,1.3450939631,0.0000666453,0.0000000000
2013-01-04,0.0005224314,0.0004544444,1.7195969851,1.6368814205,1.3450939631,0.0000000000,0.0000000000
2013-01-07,-0.0033286706,-0.0025762811,1.7138730131,1.6326643539,1.3450939631,0.0000000000,0.0000000000
2013-01-08,-0.0006456254,-0.0004698045,1.7127664932,1.6318973208,1.3450939631,0.0000000000,0.0000000000
2013-01-09,0.0026968316,0.0020151200,1.7173855359,1.6351857898,1.3450939631,0.0000000000,0.0000000000
2013-01-10,0.0091508129,0.0068132839,1.7331010096,1.6463267749,1.3450939631,0.0000000000,0.0000000000
2013-01-11,-0.0010954388,-0.0008042149,1.7312025036,1.6450027744,1.3450939631,0.0000000000,0.0000000000
2013-01-14,-0.0000648098,-0.0000380015,1.7310903047,1.6449402619,1.3450939631,0.0000000000,0.0000000000
2013-01-15,-0.0004401647,-0.0003170563,1.7303283399,1.6444187232,1.3450939631,0.0000000000,0.0000000000
2013-01-16,0.0008414753,0.0006360896,1.7317843685,1.6454647209,1.4649921750,0.0000719389,0.0000000000
2013-01-17,0.0062306045,0.0043348188,1.7425744319,1.6525975122,1.4649921750,0.0000000000,0.0000000000
2013-01-18,0.0007828580,0.0004777589,1.7439386202,1.6533870555,1.4649921750,0.0000000000,0.0000000000
2013-01-22,0.0043090036,0.0029539104,1.7514532580,1.6582710128,1.4649921750,0.0000000000,0.0000000000
2013-01-23,0.0018219866,0.0012562789,1.7546443824,1.6603542636,1.4649921750,0.0000000000,0.0000000000
2013-01-24,-0.0065613870,-0.0043969627,1.7431314815,1.6530537479,1.4649921750,0.0000000000,0.0000000000
2013-01-25,0.0033571686,0.0022349769,1.7489834677,1.6567482849,1.4649921750,0.0000000000,0.0000000000
2013-01-28,-0.0017769055,-0.0012003159,1.7458756894,1.6547596635,1.4649921750,0.0000000000,0.0000000000
2013-01-29,0.0042501962,0.0029137686,1.7532960036,1.6595812503,1.4649921750,0.0000000000,0.0000000000
2013-01-30,0.0000980674,0.0000795359,1.7534679448,1.6597132467,1.4649921750,0.0000000000,0.0000000000
2013-01-31,-0.0036433980,-0.0024051506,1.7470793633,1.6557213863,1.4649921750,0.0000000000,0.0000000000
2013-02-01,0.0100747913,0.0068204095,1.7646808233,1.6670140841,1.4649921750,0.0000000000,0.0000000000
2013-02-04,-0.0123044551,-0.0083863950,1.7429673873,1.6530338455,1.4649921750,0.0000000000,0.0000000000
2013-02-05,0.0095250458,0.0065835962,1.7595692315,1.6639167528,1.4649921750,0.0000000000,0.0000000000
2013-02-06,0.0003775699,0.0002703236,1.7602335918,1.6643665488,1.4649921750,0.0000000000,0.0000000000
2013-02-07,-0.0027777491,-0.0018834892,1.7553441046,1.6612317323,1.4649921750,0.0000000000,0.0000000000
2013-02-08,0.0067962904,0.0046517262,1.7672739329,1.6689593274,1.4649921750,0.0000000000,0.0000000000
2013-02-11,-0.0034894420,-0.0023692890,1.7611071330,1.6650050804,1.4649921750,0.0000000000,0.0000000000
2013-02-12,0.0005466848,0.0003857610,1.7620699036,1.6656473744,1.4649921750,0.0000000000,0.0000000000
2013-02-13,0.0007052005,0.0004247501,1.7633125161,1.6663548584,1.4649921750,0.0000000000,0.0000000000
2013-02-14,-0.0010743012,-0.0006514916,1.7614181872,1.6652692421,1.4649921750,0.0000000000,0.0000000000
2013-02-15,-0.0058942791,-0.0040800381,1.7510358968,1.6584748801,1.4649921750,0.0000000000,0.0000000000
2013-02-19,0.0062263078,0.0042626575,1.7619383853,1.6655443905,1.4649921750,0.0000000000,0.0000000000
2013-02-20,-0.0186429506,-0.0126438078,1.7290906550,1.6444855673,1.4649921750,0.0000000000,0.0000000000
2013-02-21,-0.0075718254,-0.0052251270,1.7159982825,1.6358929213,1.4649921750,0.0000000000,0.0000000000
2013-02-22,0.0099845204,0.0068972324,1.7331317023,1.6471760550,1.4649921750,0.0000000000,0.0000000000
2013-02-25,-0.0133694113,-0.0091825447,1.7099607517,1.6320507872,1.4649921750,0.0000000000,0.0000000000
2013-02-26,0.0077780717,0.0053218877,1.7232609491,1.6407363781,1.4649921750,0.0000000000,0.0000000000
2013-02-27,0.0078039172,0.0054087581,1.7367091348,1.6496107243,1.4649921750,0.0000000000,0.0000000000
2013-02-28,-0.0042341334,-0.0028776135,1.7293556767,1.6448637822,1.4649921750,0.0000000000,0.0000000000
2013-03-01,0.0019219298,0.0013244998,1.7326793769,1.6470424039,1.4649921750,0.0000000000,0.0000000000
2013-03-04,0.0033010192,0.0021966495,1.7383989847,1.6506603788,1.4649921750,0.0000000000,0.0000000000
2013-03-05,0.0109628741,0.0075650542,1.7574568338,1.6631477140,1.4649921750,0.0000000000,0.0000000000
2013-03-06,0.0007587015,0.0004612698,1.7587902189,1.6639148738,1.4649921750,0.0000000000,0.0000000000
2013-03-07,0.0017182316,0.0012546843,1.7618122278,1.6660025616,1.4649921750,0.0000000000,0.0000000000
2013-03-08,0.0027032016,0.0017885807,1.7665747614,1.6689823417,1.4649921750,0.0000000000,0.0000000000
2013-03-11,0.0035035220,0.0024733191,1.7727639949,1.6731102675,1.4649921750,0.0000000000,0.0000000000
2013-03-12,-0.0012009672,-0.0008763952,1.7706349635,1.6716439617,1.4649921750,0.0000000000,0.0000000000
2013-03-13,-0.0015414428,-0.0009703613,1.7679056309,1.6700218631,1.4649921750,0.0000000000,0.0000000000
2013-03-14,0.0058180208,0.0039839618,1.7781913427,1.6766751665,1.4649921750,0.0000000000,0.0000000000
2013-03-15,-0.0014244015,-0.0009596976,1.7756584843,1.6750660654,1.4649921750,0.0000000000,0.0000000000
2013-03-18,-0.0027824690,-0.0019559243,1.7707177696,1.6717897629,1.4649921750,0.0000000000,0.0000000000
2013-03-19,-0.0027912668,-0.0018927164,1.7657752240,1.6686255391,1.4649921750,0.0000000000,0.0000000000
2013-03-20,0.0064702789,0.0044291916,1.7772002822,1.6760162012,1.4649921750,0.0000000000,0.0000000000
2013-03-21,-0.0079159585,-0.0053908182,1.7631320385,1.6669811026,1.4649921750,0.0000000000,0.0000000000
2013-03-22,0.0069288248,0.0048114222,1.7753484716,1.6750016526,1.4649921750,0.0000000000,0.0000000000
2013-03-25,-0.0047536372,-0.0033014389,1.7669091089,1.6694717371,1.4649921750,0.0000000000,0.0000000000
2013-03-26,0.0067720269,0.0047043924,1.7788746649,1.6773255871,1.4649921750,0.0000000000,0.0000000000
2013-03-27,0.0018508420,0.0012067622,1.7821670809,1.6793497202,1.4649921750,0.0000000000,0.0000000000
2013-03-28,0.0009820907,0.0007521964,1.7839173306,1.6806129210,1.4649921750,0.0000000000,0.0000000000
2013-04-01,-0.0055656266,-0.0038557007,1.7739887129,1.6741329805,1.4649921750,0.0000000000,0.0000000000
2013-04-02,0.0021668964,0.0015609418,1.7778327627,1.6767462047,1.4649921750,0.0000000000,0.0000000000
2013-04-03,-0.0129017154,-0.0088632966,1.7548956704,1.6618847057,1.4649921750,0.0000000000,0.0000000000
2013-04-04,0.0031123207,0.0021370577,1.7603574685,1.6654362491,1.4649921750,0.0000000000,0.0000000000
2013-04-05,-0.0011677865,-0.0007153045,1.7583017468,1.6642449552,1.4649921750,0.0000000000,0.0000000000
2013-04-08,0.0043075025,0.0029528858,1.7658756359,1.6691592804,1.4649921750,0.0000000000,0.0000000000
2013-04-09,0.0063724700,0.0043624274,1.7771286254,1.6764408666,1.4649921750,0.0000000000,0.0000000000
2013-04-10,0.0102359741,0.0069996457,1.7953192679,1.6881753587,1.4649921750,0.0000000000,0.0000000000
2013-04-11,0.0027461249,0.0018178800,1.8002494388,1.6912442589,1.4649921750,0.0000000000,0.0000000000
2013-04-12,-0.0123760031,-0.0083660051,1.7779695462,1.6770953009,1.4649921750,0.0000000000,0.0000000000
2013-04-15,-0.0413551212,-0.0282163071,1.7044414001,1.6297738648,1.4649921750,0.0000000000,0.0000000000
2013-04-16,0.0127536425,0.0118038910,1.7261792363,1.6490115379,1.0993793290,0.0002193677,0.0000000000
2013-04-17,-0.0134173229,-0.0122008655,1.7030185321,1.6288921700,1.0993793290,0.0000000000,0.0000000000
2013-04-18,-0.0036306915,-0.0036068770,1.6968353972,1.6230169564,0.9871583311,0.0000673326,0.0000000000
2013-04-19,0.0083072372,0.0084124664,1.7109314113,1.6366705320,0.9871583311,0.0000000000,0.0000000000
2013-04-22,0.0065694756,0.0066549361,1.7221713336,1.6475624699,0.9871583311,0.0000000000,0.0000000000
2013-04-23,0.0054611724,0.0055322153,1.7315764082,1.6566771402,0.9871583311,0.0000000000,0.0000000000
2013-04-24,0.0028367677,0.0028736704,1.7364884882,1.6614378843,0.9871583311,0.0000000000,0.0000000000
2013-04-25,0.0068932461,0.0069857551,1.7484585306,1.6730442824,0.9871583311,0.0000000000,0.0000000000
2013-04-26,-0.0022733660,-0.0023029396,1.7444836443,1.6691913624,0.9871583311,0.0000000000,0.0000000000
2013-04-29,0.0076352934,0.0077346189,1.7578032889,1.6821019214,0.9871583311,0.0000000000,0.0000000000
2013-04-30,0.0032046090,0.0032462968,1.7634363610,1.6875625235,0.9871583311,0.0000000000,0.0000000000
2013-05-01,-0.0073787870,-0.0074747756,1.7504243397,1.6749483723,0.9871583311,0.0000000000,0.0000000000
2013-05-02,0.0078595429,0.0079589482,1.7641818749,1.6882791997,0.9871583311,0.0000000000,0.0000000000
2013-05-03,0.0073056599,0.0074035339,1.7770703877,1.7007784319,0.9871583311,0.0000000000,0.0000000000
2013-05-06,0.0015290604,0.0015489515,1.7797876356,1.7034128553,0.9871583311,0.0000000000,0.0000000000
2013-05-07,-0.0001534884,0.0000849019,1.7795144589,1.7035574783,1.4158135966,0.0002571932,0.0000000000
2013-05-08,0.0082947507,0.0059343574,1.7942750876,1.7136669973,1.4158135966,0.0000000000,0.0000000000
2013-05-09,-0.0053618234,-0.0037754425,1.7846545015,1.7071971460,1.4158135966,0.0000000000,0.0000000000
2013-05-10,0.0008466654,0.0005456177,1.7861655067,1.7081286231,1.4158135966,0.0000000000,0.0000000000
2013-05-13,-0.0017111817,-0.0011329093,1.7831090529,1.7061934682,1.4158135966,0.0000000000,0.0000000000
2013-05-14,0.0055586106,0.0038737008,1.7930206618,1.7128027511,1.4158135966,0.0000000000,0.0000000000
2013-05-15,-0.0003884098,-0.0002626823,1.7923242351,1.7123528281,1.4158135966,0.0000000000,0.0000000000
2013-05-16,-0.0037719153,-0.0026524782,1.7855637399,1.7078108495,1.4158135966,0.0000000000,0.0000000000
2013-05-17,0.0046033726,0.0033271088,1.7937833551,1.7134929220,1.4158135966,0.0000000000,0.0000000000
2013-05-20,0.0054119492,0.0037701127,1.8034912195,1.7199529834,1.4158135966,0.0000000000,0.0000000000
2013-05-21,-0.0019444878,-0.0012976952,1.7999843527,1.7177210086,1.4158135966,0.0000000000,0.0000000000
2013-05-22,-0.0106927756,-0.0075407349,1.7807375240,1.7047681297,1.4158135966,0.0000000000,0.0000000000
2013-05-23,0.0005740481,0.0004171090,1.7817597530,1.7054792039,1.4158135966,0.0000000000,0.0000000000
2013-05-24,-0.0037271943,-0.0026208914,1.7751187882,1.7010093281,1.4158135966,0.0000000000,0.0000000000
2013-05-28,0.0042983385,0.0029835609,1.7827488497,1.7060843930,1.4158135966,0.0000000000,0.0000000000
2013-05-29,-0.0045215976,-0.0031179276,1.7746879768,1.7007649454,1.4158135966,0.0000000000,0.0000000000
2013-05-30,0.0068825000,0.0048087740,1.7869022668,1.7089435396,1.4158135966,0.0000000000,0.0000000000
2013-05-31,-0.0179293738,-0.0125879427,1.7548642282,1.6874314562,1.4158135966,0.0000000000,0.0000000000
2013-06-03,0.0086318872,0.0061084226,1.7700120183,1.6977390006,1.4158135966,0.0000000000,0.0000000000
2013-06-04,-0.0062995300,-0.0044377519,1.7588617744,1.6902048561,1.4158135966,0.0000000000,0.0000000000
2013-06-05,-0.0140369005,-0.0099027160,1.7341728067,1.6734672374,1.4158135966,0.0000000000,0.0000000000
2013-06-06,0.0093152318,0.0065270311,1.7503270285,1.6843900102,1.4158135966,0.0000000000,0.0000000000
2013-06-07,0.0064020308,0.0045975149,1.7615326761,1.6921340184,1.4158135966,0.0000000000,0.0000000000
2013-06-10,0.0005655455,0.0003470606,1.7625289030,1.6927212914,1.4158135966,0.0000000000,0.0000000000
2013-06-11,-0.0122981577,-0.0086105716,1.7408530446,1.6781459934,1.4158135966,0.0000000000,0.0000000000
2013-06-12,-0.0070064024,-0.0050010643,1.7286559276,1.6697534774,1.4158135966,0.0000000000,0.0000000000
2013-06-13,0.0143112089,0.0101838280,1.7533950836,1.6867579596,1.4158135966,0.0000000000,0.0000000000
2013-06-14,-0.0055244900,-0.0039543782,1.7437084700,1.6800878807,1.4158135966,0.0000000000,0.0000000000
2013-06-17,0.0079451434,0.0056233702,1.7575624838,1.6895356367,1.4158135966,0.0000000000,0.0000000000
2013-06-18,0.0054317740,0.0038481581,1.7671091660,1.6960372369,1.4158135966,0.0000000000,0.0000000000
2013-06-19,-0.0170032817,-0.0119978938,1.7370625111,1.6756883623,1.4158135966,0.0000000000,0.0000000000
2013-06-20,-0.0339325648,-0.0269834631,1.6781195249,1.6304724872,1.2535509433,0.0000973576,0.0000000000
2013-06-21,0.0000330351,0.0002121568,1.6781749617,1.6308184029,0.9545640164,0.0001793922,0.0000000000
2013-06-24,-0.0100715133,-0.0105509040,1.6612732002,1.6136117945,0.9545640164,0.0000000000,0.0000000000
2013-06-25,0.0062742074,0.0065728514,1.6716963729,1.6242178251,0.9545640164,0.0000000000,0.0000000000
2013-06-26,0.0014510694,0.0015201383,1.6741221202,1.6266868608,0.9545640164,0.0000000000,0.0000000000
2013-06-27,0.0028442895,0.0029900533,1.6788838081,1.6315507413,0.9545640164,0.0000000000,0.0000000000
2013-06-28,0.0012219198,0.0012800815,1.6809352694,1.6336392592,0.9545640164,0.0000000000,0.0000000000
2013-07-01,0.0067825908,0.0070950515,1.6923363656,1.6452300139,0.9545640164,0.0000000000,0.0000000000
2013-07-02,-0.0021100196,-0.0022000743,1.6887655028,1.6416103857,0.9545640164,0.0000000000,0.0000000000
2013-07-03,0.0021567565,0.0022490335,1.6924077587,1.6453024225,0.9545640164,0.0000000000,0.0000000000
2013-07-05,0.0015014454,0.0015729122,1.6949488166,1.6478903388,0.9545640164,0.0000000000,0.0000000000
2013-07-08,0.0045670820,0.0048052378,1.7026897869,1.6558088437,0.9545640164,0.0000000000,0.0000000000
2013-07-09,0.0058172786,0.0060941733,1.7125948077,1.6658996298,0.9545640164,0.0000000000,0.0000000000
2013-07-10,0.0016923482,0.0017729017,1.7154931143,1.6688531061,0.9545640164,0.0000000000,0.0000000000
2013-07-11,0.0162505511,0.0170240558,1.7433708228,1.6972637545,0.9545640164,0.0000000000,0.0000000000
2013-07-12,0.0004783849,0.0005011553,1.7442048250,1.6981143473,0.9545640164,0.0000000000,0.0000000000
2013-07-15,0.0038818785,0.0028193209,1.7509756163,1.7029018766,1.5000000000,0.0003272616,0.0000000000
2013-07-16,-0.0013895058,-0.0009131097,1.7485426256,1.7013469405,1.5000000000,0.0000000000,0.0000000000
2013-07-17,0.0013630432,0.0009219230,1.7509259646,1.7029154513,1.5000000000,0.0000000000,0.0000000000
2013-07-18,0.0035101422,0.0024261101,1.7570719637,1.7070469117,1.5000000000,0.0000000000,0.0000000000
2013-07-19,-0.0008363334,-0.0005443281,1.7556024657,1.7061177181,1.5000000000,0.0000000000,0.0000000000
2013-07-22,0.0086253807,0.0057634813,1.7707452053,1.7159508957,1.5000000000,0.0000000000,0.0000000000
2013-07-23,-0.0019390043,-0.0012794420,1.7673117228,1.7137554360,1.5000000000,0.0000000000,0.0000000000
2013-07-24,-0.0057814275,-0.0037683545,1.7570941381,1.7072973980,1.5000000000,0.0000000000,0.0000000000
2013-07-25,0.0055575319,0.0035728055,1.7668592449,1.7133972396,1.5000000000,0.0000000000,0.0000000000
2013-07-26,0.0010079933,0.0006852231,1.7686402272,1.7145712989,1.5000000000,0.0000000000,0.0000000000
2013-07-29,-0.0040916426,-0.0026417464,1.7614035835,1.7100418364,1.5000000000,0.0000000000,0.0000000000
2013-07-30,0.0008810169,0.0005278002,1.7629554098,1.7109443967,1.5000000000,0.0000000000,0.0000000000
2013-07-31,0.0015614245,0.0011269650,1.7657081315,1.7128725712,1.5000000000,0.0000000000,0.0000000000
2013-08-01,0.0092095187,0.0060801347,1.7819694536,1.7232870672,1.5000000000,0.0000000000,0.0000000000
2013-08-02,0.0035368753,0.0024439322,1.7882720573,1.7274986639,1.5000000000,0.0000000000,0.0000000000
2013-08-05,-0.0021887371,-0.0014459306,1.7843579998,1.7250008208,1.5000000000,0.0000000000,0.0000000000
2013-08-06,-0.0088828394,-0.0059086654,1.7685078343,1.7148083681,1.5000000000,0.0000000000,0.0000000000
2013-08-07,-0.0035264631,-0.0024105199,1.7622712566,1.7106747885,1.5000000000,0.0000000000,0.0000000000
2013-08-08,0.0104341721,0.0069693422,1.7806590982,1.7225970665,1.5000000000,0.0000000000,0.0000000000
2013-08-09,-0.0021972522,-0.0013788194,1.7767465411,1.7202219162,1.5000000000,0.0000000000,0.0000000000
2013-08-12,0.0040051456,0.0026833246,1.7838626697,1.7248378300,1.5000000000,0.0000000000,0.0000000000
2013-08-13,0.0017678027,0.0011917626,1.7870161869,1.7268934273,1.5000000000,0.0000000000,0.0000000000
2013-08-14,-0.0018937869,-0.0012492971,1.7836319591,1.7247360243,1.5000000000,0.0000000000,0.0000000000
2013-08-15,-0.0112080240,-0.0074587885,1.7636409692,1.7118715831,1.5000000000,0.0000000000,0.0000000000
2013-08-16,-0.0011050201,-0.0007234525,1.7616921105,1.7106331253,1.5000000000,0.0000000000,0.0000000000
2013-08-19,-0.0069817712,-0.0047140586,1.7493923793,1.7025691005,1.5000000000,0.0000000000,0.0000000000
2013-08-20,0.0052751915,0.0036028097,1.7586207591,1.7087031329,1.5000000000,0.0000000000,0.0000000000
2013-08-21,-0.0082074728,-0.0054584210,1.7441869270,1.6993763118,1.5000000000,0.0000000000,0.0000000000
2013-08-22,0.0109901918,0.0072672501,1.7633558758,1.7117261045,1.5000000000,0.0000000000,0.0000000000
2013-08-23,0.0097023154,0.0065542256,1.7804645107,1.7229451436,1.5000000000,0.0000000000,0.0000000000
2013-08-26,-0.0010069613,-0.0007308520,1.7786716519,1.7216859258,1.5000000000,0.0000000000,0.0000000000
2013-08-27,-0.0155385482,-0.0103458046,1.7510336768,1.7038736996,1.5000000000,0.0000000000,0.0000000000
2013-08-28,0.0026858405,0.0018037879,1.7557366740,1.7069471263,1.5000000000,0.0000000000,0.0000000000
2013-08-29,0.0015661570,0.0011301200,1.7584864333,1.7088761814,1.5000000000,0.0000000000,0.0000000000
2013-08-30,-0.0073833008,-0.0049089730,1.7455029991,1.7004873544,1.5000000000,0.0000000000,0.0000000000
2013-09-03,0.0088374362,0.0059048516,1.7609287705,1.7105284800,1.5000000000,0.0000000000,0.0000000000
2013-09-04,0.0065937292,0.0044090470,1.7725398580,1.7180702805,1.5000000000,0.0000000000,0.0000000000
2013-09-05,-0.0033023139,-0.0021883151,1.7666863751,1.7143106014,1.5000000000,0.0000000000,0.0000000000
2013-09-06,0.0053018275,0.0035477792,1.7760530414,1.7203925968,1.5000000000,0.0000000000,0.0000000000
2013-09-09,0.0118049395,0.0077375744,1.7970192401,1.7337042625,1.5000000000,0.0000000000,0.0000000000
2013-09-10,0.0034044057,0.0023557040,1.8031370226,1.7377883565,1.5000000000,0.0000000000,0.0000000000
2013-09-11,0.0021420118,0.0014412354,1.8069993634,1.7402929186,1.5000000000,0.0000000000,0.0000000000
2013-09-12,-0.0082930268,-0.0055154570,1.7920138691,1.7306944077,1.5000000000,0.0000000000,0.0000000000
2013-09-13,0.0022757340,0.0016031714,1.7960920161,1.7334690074,1.5000000000,0.0000000000,0.0000000000
2013-09-16,0.0012346872,0.0007635804,1.7983096280,1.7347926504,1.5000000000,0.0000000000,0.0000000000
2013-09-17,0.0042656691,0.0028570069,1.8059806218,1.7397489650,1.5000000000,0.0000000000,0.0000000000
2013-09-18,0.0256073436,0.0171575778,1.8522269882,1.7695988432,1.5000000000,0.0000000000,0.0000000000
2013-09-19,-0.0016940056,-0.0011161095,1.8490893053,1.7676237770,1.5000000000,0.0000000000,0.0000000000
2013-09-20,-0.0123046476,-0.0082626429,1.8263369130,1.7530185330,1.5000000000,0.0000000000,0.0000000000
2013-09-23,-0.0037800205,-0.0025067861,1.8194333221,1.7486240905,1.5000000000,0.0000000000,0.0000000000
2013-09-24,-0.0008293276,-0.0005396575,1.8179244158,1.7476804323,1.5000000000,0.0000000000,0.0000000000
2013-09-25,-0.0006277891,-0.0004052986,1.8167831427,1.7469720999,1.5000000000,0.0000000000,0.0000000000
2013-09-26,0.0043082198,0.0028853740,1.8246102437,1.7520127678,1.5000000000,0.0000000000,0.0000000000
2013-09-27,-0.0017982528,-0.0011856077,1.8213291332,1.7499355680,1.5000000000,0.0000000000,0.0000000000
2013-09-30,-0.0063230637,-0.0042021483,1.8098127530,1.7425820793,1.5000000000,0.0000000000,0.0000000000
2013-10-01,0.0034505563,0.0023863862,1.8160576138,1.7467405531,1.5000000000,0.0000000000,0.0000000000
2013-10-02,0.0033101482,0.0022199930,1.8220690336,1.7506183049,1.5000000000,0.0000000000,0.0000000000
2013-10-03,-0.0092205990,-0.0061338385,1.8052684658,1.7398802950,1.5000000000,0.0000000000,0.0000000000
2013-10-04,0.0062581515,0.0041853285,1.8165661094,1.7471622656,1.5000000000,0.0000000000,0.0000000000
2013-10-07,-0.0068134412,-0.0045290666,1.8041890430,1.7392492513,1.5000000000,0.0000000000,0.0000000000
2013-10-08,-0.0147542883,-0.0098229647,1.7775695177,1.7221646673,1.5000000000,0.0000000000,0.0000000000
2013-10-09,-0.0025278707,-0.0017447916,1.7730760518,1.7191598489,1.5000000000,0.0000000000,0.0000000000
2013-10-10,0.0206319760,0.0136950214,1.8096581143,1.7427037799,1.5000000000,0.0000000000,0.0000000000
2013-10-11,0.0049721453,0.0032551184,1.8186559975,1.7483764869,1.5000000000,0.0000000000,0.0000000000
2013-10-14,0.0046502565,0.0031133985,1.8271132144,1.7538198797,1.5000000000,0.0000000000,0.0000000000
2013-10-15,-0.0054452842,-0.0036169620,1.8171640636,1.7474763799,1.5000000000,0.0000000000,0.0000000000
2013-10-16,0.0137892601,0.0092789562,1.8422214115,1.7636911367,1.5000000000,0.0000000000,0.0000000000
2013-10-17,0.0131752925,0.0087967559,1.8664932175,1.7792058970,1.5000000000,0.0000000000,0.0000000000
2013-10-18,0.0100724701,0.0068010803,1.8852934146,1.7913064192,1.5000000000,0.0000000000,0.0000000000
2013-10-21,0.0009682055,0.0006586978,1.8871187660,1.7924863488,1.5000000000,0.0000000000,0.0000000000
2013-10-22,0.0087364472,0.0058375256,1.9036054794,1.8029500338,1.5000000000,0.0000000000,0.0000000000
2013-10-23,-0.0088045407,-0.0058564663,1.8868451076,1.7923911178,1.5000000000,0.0000000000,0.0000000000
2013-10-24,0.0062118713,0.0040816183,1.8985659466,1.7997069741,1.5000000000,0.0000000000,0.0000000000
2013-10-25,0.0054456172,0.0037165117,1.9089048099,1.8063956061,1.5000000000,0.0000000000,0.0000000000
2013-10-28,0.0008612003,0.0005873610,1.9105487592,1.8074566125,1.5000000000,0.0000000000,0.0000000000
2013-10-29,0.0024475719,0.0015720853,1.9152249646,1.8102980885,1.5000000000,0.0000000000,0.0000000000
2013-10-30,-0.0038185869,-0.0025324971,1.9079115117,1.8057135139,1.5000000000,0.0000000000,0.0000000000
2013-10-31,-0.0065763528,-0.0043710077,1.8953644125,1.7978207262,1.5000000000,0.0000000000,0.0000000000
2013-11-01,-0.0016214539,-0.0010677418,1.8922911665,1.7959011180,1.5000000000,0.0000000000,0.0000000000
2013-11-04,0.0034421123,0.0023079690,1.8988046451,1.8000460021,1.5000000000,0.0000000000,0.0000000000
2013-11-05,-0.0043944913,-0.0029164334,1.8904603646,1.7947962879,1.5000000000,0.0000000000,0.0000000000
2013-11-06,0.0044117420,0.0030272615,1.8988005880,1.8002296057,1.5000000000,0.0000000000,0.0000000000
2013-11-07,-0.0176755347,-0.0118433191,1.8652382723,1.7789089121,1.5000000000,0.0000000000,0.0000000000
2013-11-08,0.0091839847,0.0061358840,1.8823685920,1.7898240908,1.5000000000,0.0000000000,0.0000000000
2013-11-11,-0.0007845332,-0.0004369219,1.8808918113,1.7890420774,1.5000000000,0.0000000000,0.0000000000
2013-11-12,-0.0035063489,-0.0023243384,1.8742967484,1.7848837381,1.5000000000,0.0000000000,0.0000000000
2013-11-13,0.0105471209,0.0070446414,1.8940651828,1.7974576041,1.5000000000,0.0000000000,0.0000000000
2013-11-14,0.0074027249,0.0048755207,1.9080864263,1.8062211458,1.5000000000,0.0000000000,0.0000000000
2013-11-15,0.0047131992,0.0031553603,1.9170796176,1.8119204242,1.5000000000,0.0000000000,0.0000000000
2013-11-18,-0.0069104768,-0.0045937570,1.9038316834,1.8035969021,1.5000000000,0.0000000000,0.0000000000
2013-11-19,-0.0035648033,-0.0023633080,1.8970448979,1.7993344470,1.5000000000,0.0000000000,0.0000000000
2013-11-20,-0.0079140659,-0.0052628164,1.8820315594,1.7898648801,1.5000000000,0.0000000000,0.0000000000
2013-11-21,0.0095922184,0.0064809125,1.9000844172,1.8014648377,1.5000000000,0.0000000000,0.0000000000
2013-11-22,0.0056326822,0.0036954922,1.9107869888,1.8081221370,1.5000000000,0.0000000000,0.0000000000
2013-11-25,0.0000004123,0.0000135024,1.9107877767,1.8081465509,1.5000000000,0.0000000000,0.0000000000
2013-11-26,0.0013164809,0.0008908814,1.9133032922,1.8097573951,1.5000000000,0.0000000000,0.0000000000
2013-11-27,0.0042345241,0.0029091163,1.9214052211,1.8150221898,1.5000000000,0.0000000000,0.0000000000
2013-11-29,0.0040770127,0.0025855225,1.9292388146,1.8197149704,1.5000000000,0.0000000000,0.0000000000
2013-12-02,-0.0093756743,-0.0061643334,1.9111508999,1.8084976407,1.5000000000,0.0000000000,0.0000000000
2013-12-03,-0.0026722323,-0.0016953880,1.9060438608,1.8054315355,1.5000000000,0.0000000000,0.0000000000
2013-12-04,0.0012682158,0.0008587047,1.9084611358,1.8069818681,1.5000000000,0.0000000000,0.0000000000
2013-12-05,-0.0060054443,-0.0039904020,1.8969999786,1.7997712840,1.5000000000,0.0000000000,0.0000000000
2013-12-06,0.0116777743,0.0077984104,1.9191527163,1.8138066391,1.5000000000,0.0000000000,0.0000000000
2013-12-09,0.0042655288,0.0028569134,1.9273389174,1.8189885275,1.5000000000,0.0000000000,0.0000000000
2013-12-10,0.0012684709,0.0007860180,1.9297836907,1.8204182852,1.5000000000,0.0000000000,0.0000000000
2013-12-11,-0.0144417870,-0.0095417578,1.9019141656,1.8030482948,1.5000000000,0.0000000000,0.0000000000
2013-12-12,-0.0080370963,-0.0053448367,1.8866282983,1.7934112962,1.5000000000,0.0000000000,0.0000000000
2013-12-13,0.0006155820,0.0004236155,1.8877896729,1.7941710131,1.5000000000,0.0000000000,0.0000000000
2013-12-16,0.0076954694,0.0050706837,1.9023171005,1.8032686868,1.5000000000,0.0000000000,0.0000000000
2013-12-17,-0.0045703543,-0.0030336754,1.8936228374,1.7977981550,1.5000000000,0.0000000000,0.0000000000
2013-12-18,0.0136685226,0.0091984486,1.9195058640,1.8143351090,1.5000000000,0.0000000000,0.0000000000
2013-12-19,-0.0052591105,-0.0034928461,1.9094109707,1.8079979156,1.5000000000,0.0000000000,0.0000000000
2013-12-20,0.0102522484,0.0067752030,1.9289867263,1.8202474686,1.5000000000,0.0000000000,0.0000000000
2013-12-23,0.0079852852,0.0053367510,1.9443902354,1.8299616760,1.5000000000,0.0000000000,0.0000000000
2013-12-24,0.0023578508,0.0015851281,1.9489748175,1.8328623997,1.5000000000,0.0000000000,0.0000000000
2013-12-26,0.0051099089,0.0034198335,1.9589339014,1.8391304838,1.5000000000,0.0000000000,0.0000000000
2013-12-27,0.0006763021,0.0005369683,1.9602587325,1.8401180386,1.5000000000,0.0000000000,0.0000000000
2013-12-30,-0.0021253434,-0.0014036681,1.9560925095,1.8375351236,1.5000000000,0.0000000000,0.0000000000
2013-12-31,0.0061415845,0.0039619036,1.9681060169,1.8448152607,1.5000000000,0.0000000000,0.0001830046
2014-01-02,-0.0073500568,-0.0048868103,1.9536403260,1.8357999984,1.5000000000,0.0000000000,0.0000000000
2014-01-03,0.0001058491,0.0001566822,1.9538471171,1.8360876356,1.5000000000,0.0000000000,0.0000000000
2014-01-06,-0.0019938464,-0.0013888761,1.9499514460,1.8335375373,1.5000000000,0.0000000000,0.0000000000
2014-01-07,0.0047859441,0.0032767455,1.9592838045,1.8395455732,1.5000000000,0.0000000000,0.0000000000
2014-01-08,-0.0021000767,-0.0013868236,1.9551691582,1.8369944479,1.5000000000,0.0000000000,0.0000000000
2014-01-09,-0.0003900462,-0.0003196760,1.9544065518,1.8364072049,1.5000000000,0.0000000000,0.0000000000
2014-01-10,0.0092657864,0.0062633071,1.9725156654,1.8479091871,1.5000000000,0.0000000000,0.0000000000
2014-01-13,-0.0105894184,-0.0070463848,1.9516278717,1.8348881080,1.5000000000,0.0000000000,0.0000000000
2014-01-14,0.0094612564,0.0063207318,1.9700927235,1.8464859436,1.5000000000,0.0000000000,0.0000000000
2014-01-15,0.0047565991,0.0031842936,1.9794636647,1.8523656969,1.5000000000,0.0000000000,0.0000000000
2014-01-16,0.0004086140,0.0002856368,1.9802725012,1.8528948007,1.5000000000,0.0000000000,0.0000000000
2014-01-17,-0.0016726389,-0.0011747378,1.9769602203,1.8507181352,1.5000000000,0.0000000000,0.0000000000
2014-01-21,0.0018310089,0.0013067887,1.9805800521,1.8531366328,1.5000000000,0.0000000000,0.0000000000
2014-01-22,0.0006230464,0.0004285918,1.9818140453,1.8539308719,1.5000000000,0.0000000000,0.0000000000
2014-01-23,-0.0006815759,-0.0004411564,1.9804632886,1.8531129984,1.5000000000,0.0000000000,0.0000000000
2014-01-24,-0.0192572603,-0.0128978187,1.9423249915,1.8292118829,1.5000000000,0.0000000000,0.0000000000
2014-01-27,-0.0099668277,-0.0066313243,1.9229661729,1.8170817856,1.5000000000,0.0000000000,0.0000000000
2014-01-28,0.0049354820,0.0033035489,1.9324569379,1.8230846041,1.5000000000,0.0000000000,0.0000000000
2014-01-29,-0.0057721478,-0.0037619824,1.9213025109,1.8162261920,1.5000000000,0.0000000000,0.0000000000
2014-01-30,0.0061876103,0.0041383011,1.9331907821,1.8237422827,1.5000000000,0.0000000000,0.0000000000
2014-01-31,-0.0047175778,-0.0032046971,1.9240708041,1.8178977412,1.5000000000,0.0000000000,0.0000000000
2014-02-03,-0.0169140778,-0.0112628244,1.8915269208,1.7974230782,1.5000000000,0.0000000000,0.0000000000
2014-02-04,0.0061206878,0.0041665747,1.9031043666,1.8049121757,1.5000000000,0.0000000000,0.0000000000
2014-02-05,-0.0011523705,-0.0008278922,1.9009112853,1.8034179030,1.5000000000,0.0000000000,0.0000000000
2014-02-06,0.0128145287,0.0085562466,1.9252705675,1.8188483914,1.5000000000,0.0000000000,0.0000000000
2014-02-07,0.0159220755,0.0107008331,1.9559248708,1.8383115845,1.5000000000,0.0000000000,0.0000000000
2014-02-10,0.0035924495,0.0023353212,1.9629514322,1.8426046325,1.5000000000,0.0000000000,0.0000000000
2014-02-11,0.0138648496,0.0092564606,1.9901674585,1.8596606296,1.5000000000,0.0000000000,0.0000000000
2014-02-12,0.0009302106,0.0008227371,1.9920187333,1.8611906413,1.3499462943,0.0000900322,0.0000000000
2014-02-13,0.0072996576,0.0054176558,2.0065597879,1.8712739315,1.3499462943,0.0000000000,0.0000000000
2014-02-14,0.0067095383,0.0049805130,2.0200228777,1.8805938357,1.3499462943,0.0000000000,0.0000000000
2014-02-18,0.0050439015,0.0033629773,2.0302116740,1.8869182300,1.5000000000,0.0000900322,0.0000000000
2014-02-19,-0.0085373798,-0.0056054704,2.0128789860,1.8763411658,1.5000000000,0.0000000000,0.0000000000
2014-02-20,0.0076902159,0.0051400381,2.0283584600,1.8859856309,1.5000000000,0.0000000000,0.0000000000
2014-02-21,-0.0006634315,-0.0005019329,2.0270127830,1.8850389927,1.5000000000,0.0000000000,0.0000000000
2014-02-24,0.0081165260,0.0054971334,2.0434650849,1.8954013036,1.5000000000,0.0000000000,0.0000000000
2014-02-25,-0.0005552665,-0.0003569501,2.0423304173,1.8947247399,1.5000000000,0.0000000000,0.0000000000
2014-02-26,-0.0021260586,-0.0014041449,2.0379883032,1.8920642719,1.5000000000,0.0000000000,0.0000000000
2014-02-27,0.0050745863,0.0033234124,2.0483302507,1.8983523817,1.5000000000,0.0000000000,0.0000000000
2014-02-28,0.0001173232,0.0001643316,2.0485705673,1.8986643409,1.5000000000,0.0000000000,0.0000000000
2014-03-03,-0.0017516629,-0.0011545478,2.0449821622,1.8964722423,1.5000000000,0.0000000000,0.0000000000
2014-03-04,0.0092204084,0.0060872938,2.0638377330,1.9080166259,1.5000000000,0.0000000000,0.0000000000
2014-03-05,0.0010668040,0.0007973188,2.0660394434,1.9095379235,1.5000000000,0.0000000000,0.0000000000
2014-03-06,0.0045162615,0.0030240685,2.0753702179,1.9153124971,1.5000000000,0.0000000000,0.0000000000
2014-03-07,-0.0054369846,-0.0036843016,2.0640864620,1.9082559082,1.5000000000,0.0000000000,0.0000000000
2014-03-10,-0.0018695506,-0.0012331396,2.0602275478,1.9059027623,1.5000000000,0.0000000000,0.0000000000
2014-03-11,-0.0030657571,-0.0020306105,2.0539113907,1.9020326161,1.5000000000,0.0000000000,0.0000000000
2014-03-12,0.0050122323,0.0033547157,2.0642060717,1.9084133948,1.5000000000,0.0000000000,0.0000000000
2014-03-13,-0.0109278518,-0.0072720070,2.0416487336,1.8945353992,1.5000000000,0.0000000000,0.0000000000
2014-03-14,-0.0012591355,-0.0008261962,2.0390780211,1.8929701413,1.5000000000,0.0000000000,0.0000000000
2014-03-17,0.0041915835,0.0028076165,2.0476249869,1.8982848755,1.5000000000,0.0000000000,0.0000000000
2014-03-18,0.0069479462,0.0046451916,2.0618517751,1.9071027725,1.5000000000,0.0000000000,0.0000000000
2014-03-19,-0.0125333582,-0.0082694560,2.0360098482,1.8913320700,1.5000000000,0.0000000000,0.0000000000
2014-03-20,0.0023648982,0.0015169536,2.0408248041,1.8942011330,1.5000000000,0.0000000000,0.0000000000
2014-03-21,-0.0040765457,-0.0026315810,2.0325052886,1.8892163893,1.5000000000,0.0000000000,0.0000000000
2014-03-24,-0.0085647068,-0.0056965770,2.0150974768,1.8784543227,1.5000000000,0.0000000000,0.0000000000
2014-03-25,0.0051378838,0.0034384834,2.0254508135,1.8849133567,1.5000000000,0.0000000000,0.0000000000
2014-03-26,-0.0087635046,-0.0059019816,2.0077007659,1.8737886327,1.5000000000,0.0000000000,0.0000000000
2014-03-27,-0.0024068923,-0.0015913673,2.0028684464,1.8708067467,1.5000000000,0.0000000000,0.0000000000
2014-03-28,0.0036955107,0.0024769013,2.0102700682,1.8754405504,1.5000000000,0.0000000000,0.0000000000
2014-03-31,0.0054892990,0.0036727602,2.0213050417,1.8823285938,1.5000000000,0.0000000000,0.0000000000
2014-04-01,0.0080597917,0.0053864220,2.0375963393,1.8924676099,1.5000000000,0.0000000000,0.0000000000
2014-04-02,0.0035903957,0.0024068246,2.0449121163,1.8970224475,1.5000000000,0.0000000000,0.0000000000
2014-04-03,-0.0037081250,-0.0023859672,2.0373293266,1.8924962142,1.5000000000,0.0000000000,0.0000000000
2014-04-04,-0.0102845362,-0.0069160026,2.0163763395,1.8794077054,1.5000000000,0.0000000000,0.0000000000
2014-04-07,-0.0097035088,-0.0064557784,1.9968104139,1.8672746658,1.5000000000,0.0000000000,0.0000000000
2014-04-08,0.0088290136,0.0058992366,2.0144402803,1.8782901609,1.5000000000,0.0000000000,0.0000000000
2014-04-09,0.0129594282,0.0086528463,2.0405462744,1.8945427170,1.5000000000,0.0000000000,0.0000000000
2014-04-10,-0.0199961786,-0.0133175582,1.9997431467,1.8693120341,1.5000000000,0.0000000000,0.0000000000
2014-04-11,-0.0090782963,-0.0060389700,1.9815888859,1.8580233147,1.5000000000,0.0000000000,0.0000000000
2014-04-14,0.0091702444,0.0061267238,1.9997605402,1.8694069103,1.5000000000,0.0000000000,0.0000000000
2014-04-15,-0.0016062189,-0.0010575851,1.9965484870,1.8674298534,1.5000000000,0.0000000000,0.0000000000
2014-04-16,0.0109481834,0.0073120164,2.0184070660,1.8810845312,1.5000000000,0.0000000000,0.0000000000
2014-04-17,-0.0005290999,-0.0002666171,2.0173391270,1.8805830018,1.5000000000,0.0000000000,0.0000000000
2014-04-21,0.0026111423,0.0016811164,2.0226066866,1.8837444807,1.5000000000,0.0000000000,0.0000000000
2014-04-22,0.0041196003,0.0026867735,2.0309390177,1.8888056756,1.5000000000,0.0000000000,0.0000000000
2014-04-23,-0.0040706170,-0.0026276471,2.0226718428,1.8838425609,1.5000000000,0.0000000000,0.0000000000
2014-04-24,0.0060125311,0.0040215816,2.0348332202,1.8914185875,1.5000000000,0.0000000000,0.0000000000
2014-04-25,-0.0085404461,-0.0056804032,2.0174548368,1.8806745672,1.5000000000,0.0000000000,0.0000000000
2014-04-28,0.0013850552,0.0009365977,2.0202491231,1.8824360026,1.5000000000,0.0000000000,0.0000000000
2014-04-29,0.0057403562,0.0038401317,2.0318460728,1.8896648047,1.5000000000,0.0000000000,0.0000000000
2014-04-30,0.0016644181,0.0011228395,2.0352279141,1.8917865951,1.5000000000,0.0000000000,0.0000000000
2014-05-01,0.0005748031,0.0003235754,2.0363977694,1.8923987308,1.5000000000,0.0000000000,0.0000000000
2014-05-02,0.0019589622,0.0013920724,2.0403869956,1.8950330868,1.5000000000,0.0000000000,0.0000000000
2014-05-05,0.0042883513,0.0028721284,2.0491368919,1.9004758651,1.5000000000,0.0000000000,0.0000000000
2014-05-06,-0.0082856919,-0.0055834212,2.0321583750,1.8898647078,1.5000000000,0.0000000000,0.0000000000
2014-05-07,-0.0011461869,-0.0007508971,2.0298291416,1.8884456139,1.5000000000,0.0000000000,0.0000000000
2014-05-08,-0.0011948872,-0.0007833640,2.0274037247,1.8869662736,1.5000000000,0.0000000000,0.0000000000
2014-05-09,0.0008260103,0.0006367711,2.0290783809,1.8881678392,1.5000000000,0.0000000000,0.0000000000
2014-05-12,0.0126342311,0.0083631941,2.0547142261,1.9039589533,1.5000000000,0.0000000000,0.0000000000
2014-05-13,0.0002853713,0.0002763451,2.0553005825,1.9044851030,1.5000000000,0.0000000000,0.0000000000
2014-05-14,-0.0004824161,-0.0003083832,2.0543090724,1.9038977918,1.5000000000,0.0000000000,0.0000000000
2014-05-15,-0.0094585893,-0.0062924987,2.0348782066,1.8919175174,1.5000000000,0.0000000000,0.0000000000
2014-05-16,0.0037753550,0.0025301308,2.0425605941,1.8967043163,1.5000000000,0.0000000000,0.0000000000
2014-05-19,0.0036000947,0.0024132906,2.0499140056,1.9012816150,1.5000000000,0.0000000000,0.0000000000
2014-05-20,-0.0047240761,-0.0031361566,2.0402300558,1.8953188982,1.5000000000,0.0000000000,0.0000000000
2014-05-21,0.0072853402,0.0047972668,2.0550938258,1.9044112486,1.5000000000,0.0000000000,0.0000000000
2014-05-22,0.0038579261,0.0025851782,2.0630222258,1.9093344911,1.5000000000,0.0000000000,0.0000000000
2014-05-23,0.0048455866,0.0033164886,2.0730187786,1.9156667772,1.5000000000,0.0000000000,0.0000000000
2014-05-27,0.0017027585,0.0010755457,2.0765486289,1.9177271643,1.5000000000,0.0000000000,0.0000000000
2014-05-28,-0.0024981333,-0.0015793246,2.0713611337,1.9146984507,1.5000000000,0.0000000000,0.0000000000
2014-05-29,0.0050418821,0.0033016281,2.0818046924,1.9210200729,1.5000000000,0.0000000000,0.0000000000
2014-05-30,-0.0016252393,-0.0009973953,2.0784212615,1.9191040565,1.5000000000,0.0000000000,0.0000000000
2014-06-02,-0.0008654364,-0.0006365843,2.0766225200,1.9178823851,1.5000000000,0.0000000000,0.0000000000
2014-06-03,-0.0008645348,-0.0005631290,2.0748272077,1.9168023700,1.5000000000,0.0000000000,0.0000000000
2014-06-04,0.0013314250,0.0009008442,2.0775896844,1.9185291102,1.5000000000,0.0000000000,0.0000000000
2014-06-05,0.0092574463,0.0061848584,2.0968228594,1.9303949410,1.5000000000,0.0000000000,0.0000000000
2014-06-06,0.0051712363,0.0034607184,2.1076660258,1.9370754942,1.5000000000,0.0000000000,0.0000000000
2014-06-09,0.0004997366,0.0004192553,2.1087193037,1.9378876234,1.5000000000,0.0000000000,0.0000000000
2014-06-10,0.0011981245,0.0008119772,2.1112458118,1.9394611439,1.5000000000,0.0000000000,0.0000000000
2014-06-11,-0.0022040458,-0.0015289905,2.1065925293,1.9364957262,1.5000000000,0.0000000000,0.0000000000
2014-06-12,-0.0025769783,-0.0016318880,2.1011638860,1.9333355821,1.5000000000,0.0000000000,0.0000000000
2014-06-13,0.0034128412,0.0022156008,2.1083348247,1.9376190821,1.5000000000,0.0000000000,0.0000000000
2014-06-16,-0.0007383384,-0.0004061280,2.1067781602,1.9368321607,1.5000000000,0.0000000000,0.0000000000
2014-06-17,0.0011440941,0.0007031028,2.1091885126,1.9381939527,1.5000000000,0.0000000000,0.0000000000
2014-06-18,0.0075278375,0.0051046559,2.1250661409,1.9480877659,1.5000000000,0.0000000000,0.0000000000
2014-06-19,0.0093544980,0.0062495595,2.1449450678,1.9602624563,1.5000000000,0.0000000000,0.0000000000
2014-06-20,0.0012013052,0.0008140976,2.1475218014,1.9618583013,1.5000000000,0.0000000000,0.0000000000
2014-06-23,-0.0003811359,-0.0002408631,2.1467033038,1.9613857621,1.5000000000,0.0000000000,0.0000000000
2014-06-24,-0.0030302818,-0.0020069603,2.1401981879,1.9574493387,1.5000000000,0.0000000000,0.0000000000
2014-06-25,0.0045461550,0.0029711434,2.1499278607,1.9632652013,1.5000000000,0.0000000000,0.0000000000
2014-06-26,-0.0005000658,-0.0003201497,2.1488527552,1.9626366625,1.5000000000,0.0000000000,0.0000000000
2014-06-27,0.0026678726,0.0018646793,2.1545856206,1.9662963505,1.5000000000,0.0000000000,0.0000000000
2014-06-30,0.0029747650,0.0019235500,2.1609950064,1.9700786199,1.5000000000,0.0000000000,0.0000000000
2014-07-01,0.0069930901,0.0047481576,2.1761070391,1.9794328637,1.5000000000,0.0000000000,0.0000000000
2014-07-02,0.0001526840,0.0001150169,2.1764392959,1.9796605319,1.5000000000,0.0000000000,0.0000000000
2014-07-03,0.0037640964,0.0024497709,2.1846316232,1.9845102468,1.5000000000,0.0000000000,0.0000000000
2014-07-07,-0.0050191972,-0.0032600338,2.1736665263,1.9780406762,1.5000000000,0.0000000000,0.0000000000
2014-07-08,-0.0081052729,-0.0053902878,2.1560483659,1.9673784677,1.5000000000,0.0000000000,0.0000000000
2014-07-09,0.0063480011,0.0041723741,2.1697349634,1.9755871067,1.5000000000,0.0000000000,0.0000000000
2014-07-10,-0.0028006704,-0.0018538861,2.1636582508,1.9719245932,1.5000000000,0.0000000000,0.0000000000
2014-07-11,0.0026960986,0.0018106266,2.1694916868,1.9754950123,1.5000000000,0.0000000000,0.0000000000
2014-07-14,-0.0003650552,-0.0002301426,2.1686997026,1.9750403667,1.5000000000,0.0000000000,0.0000000000
2014-07-15,-0.0059402665,-0.0039469502,2.1558170483,1.9672449808,1.5000000000,0.0000000000,0.0000000000
2014-07-16,0.0049633674,0.0033221391,2.1665171604,1.9737804423,1.5000000000,0.0000000000,0.0000000000
2014-07-17,-0.0069387715,-0.0046126201,2.1514841930,1.9646761429,1.5000000000,0.0000000000,0.0000000000
2014-07-18,0.0091372748,0.0060320119,2.1711428953,1.9765270929,1.5000000000,0.0000000000,0.0000000000
2014-07-21,-0.0010062466,-0.0005848555,2.1689581902,1.9753711101,1.5000000000,0.0000000000,0.0000000000
2014-07-22,0.0040179747,0.0026191452,2.1776730094,1.9805448938,1.5000000000,0.0000000000,0.0000000000
2014-07-23,0.0034881435,0.0024114045,2.1852690453,1.9853207887,1.5000000000,0.0000000000,0.0000000000
2014-07-24,-0.0033278576,-0.0022053442,2.1779967811,1.9809424729,1.5000000000,0.0000000000,0.0000000000
2014-07-25,-0.0006390778,-0.0004128244,2.1766048716,1.9801246916,1.5000000000,0.0000000000,0.0000000000
2014-07-28,-0.0002901938,-0.0001802350,2.1759732344,1.9797678038,1.5000000000,0.0000000000,0.0000000000
2014-07-29,-0.0040868625,-0.0027113475,2.1670803309,1.9743999653,1.5000000000,0.0000000000,0.0000000000
2014-07-30,-0.0003755024,-0.0002371074,2.1662665870,1.9739318204,1.5000000000,0.0000000000,0.0000000000
2014-07-31,-0.0218723856,-0.0146410950,2.1188851690,1.9450312971,1.5000000000,0.0000000000,0.0000000000
2014-08-01,-0.0011621136,-0.0006887669,2.1164227838,1.9436916240,1.5000000000,0.0000000000,0.0000000000
2014-08-04,0.0062431169,0.0041753055,2.1296358587,1.9518071303,1.5000000000,0.0000000000,0.0000000000
2014-08-05,-0.0092139095,-0.0062021109,2.1100135868,1.9397018060,1.5000000000,0.0000000000,0.0000000000
2014-08-06,0.0034601749,0.0023200108,2.1173146028,1.9442019350,1.5000000000,0.0000000000,0.0000000000
2014-08-07,-0.0031719766,-0.0020286756,2.1105985303,1.9402577801,1.5000000000,0.0000000000,0.0000000000
2014-08-08,0.0081165068,0.0053514999,2.1277292177,1.9506410694,1.5000000000,0.0000000000,0.0000000000
2014-08-11,0.0039842958,0.0026694247,2.1362067203,1.9558481589,1.5000000000,0.0000000000,0.0000000000
2014-08-12,-0.0014646652,-0.0009632159,2.1330778927,1.9539642548,1.5000000000,0.0000000000,0.0000000000
2014-08-13,0.0081054663,0.0054896197,2.1503674836,1.9646907755,1.5000000000,0.0000000000,0.0000000000
2014-08-14,0.0042188580,0.0027530674,2.1594395787,1.9700997016,1.5000000000,0.0000000000,0.0000000000
2014-08-15,0.0005223588,0.0004342148,2.1605675811,1.9709551480,1.5000000000,0.0000000000,0.0000000000
2014-08-18,0.0058708475,0.0038543937,2.1732519439,1.9785519851,1.5000000000,0.0000000000,0.0000000000
2014-08-19,0.0034853227,0.0024095240,2.1808264282,1.9833193535,1.5000000000,0.0000000000,0.0000000000
2014-08-20,0.0002666011,0.0001182295,2.1814078390,1.9835538403,1.5000000000,0.0000000000,0.0000000000
2014-08-21,0.0001551754,0.0001894258,2.1817463399,1.9839295766,1.5000000000,0.0000000000,0.0000000000
2014-08-22,0.0001190756,0.0000926113,2.1820061326,1.9841133108,1.5000000000,0.0000000000,0.0000000000
2014-08-25,0.0036821472,0.0024679923,2.1900406003,1.9890100871,1.5000000000,0.0000000000,0.0000000000
2014-08-26,0.0020272146,0.0013647039,2.1944802826,1.9917244970,1.5000000000,0.0000000000,0.0000000000
2014-08-27,0.0009269045,0.0005584317,2.1965143562,1.9928367391,1.5000000000,0.0000000000,0.0000000000
2014-08-28,0.0000792908,0.0001388361,2.1966885196,1.9931134167,1.5000000000,0.0000000000,0.0000000000
2014-08-29,0.0026737910,0.0017957549,2.2025620056,1.9966925598,1.5000000000,0.0000000000,0.0000000000
2014-09-02,-0.0044888468,-0.0030520692,2.1926750421,1.9905985160,1.5000000000,0.0000000000,0.0000000000
2014-09-03,-0.0001555270,-0.0000177091,2.1923340221,1.9905632642,1.5000000000,0.0000000000,0.0000000000
2014-09-04,-0.0035196322,-0.0024059261,2.1846178127,1.9857741162,1.5000000000,0.0000000000,0.0000000000
2014-09-05,0.0045559513,0.0031232764,2.1945708252,1.9919762377,1.5000000000,0.0000000000,0.0000000000
2014-09-08,-0.0050840133,-0.0034488468,2.1834135979,1.9851062167,1.5000000000,0.0000000000,0.0000000000
2014-09-09,-0.0071241290,-0.0047361918,2.1678586777,1.9757043729,1.5000000000,0.0000000000,0.0000000000
2014-09-10,0.0029430528,0.0020480107,2.1742388003,1.9797506366,1.5000000000,0.0000000000,0.0000000000
2014-09-11,-0.0025405015,-0.0017531723,2.1687151434,1.9762797927,1.5000000000,0.0000000000,0.0000000000
2014-09-12,-0.0082729166,-0.0055020503,2.1507735437,1.9654062019,1.5000000000,0.0000000000,0.0000000000
2014-09-15,-0.0036429309,-0.0024153931,2.1429384243,1.9606589734,1.5000000000,0.0000000000,0.0000000000
2014-09-16,0.0084269418,0.0056311887,2.1609968417,1.9716998140,1.5000000000,0.0000000000,0.0000000000
2014-09-17,-0.0033994942,-0.0022531019,2.1536505455,1.9672573734,1.5000000000,0.0000000000,0.0001078057
2014-09-18,-0.0004038071,-0.0001832292,2.1527808861,1.9668969143,1.5000000000,0.0000000000,0.0000000000
2014-09-19,-0.0077173002,-0.0051316393,2.1361672297,1.9568035089,1.5000000000,0.0000000000,0.0000000000
2014-09-22,-0.0069855678,-0.0046438177,2.1212448887,1.9477164701,1.5000000000,0.0000000000,0.0000000000
2014-09-23,0.0026075631,0.0017516029,2.1267761686,1.9511280959,1.5000000000,0.0000000000,0.0000000000
2014-09-24,0.0049772521,0.0033313956,2.1373616698,1.9576280755,1.5000000000,0.0000000000,0.0000000000
2014-09-25,-0.0171184718,-0.0113990870,2.1007733042,1.9353129026,1.5000000000,0.0000000000,0.0000000000
2014-09-26,0.0053012184,0.0035473731,2.1119099622,1.9421781795,1.5000000000,0.0000000000,0.0000000000
2014-09-29,-0.0065053417,-0.0043963991,2.0981712663,1.9336395892,1.5000000000,0.0000000000,0.0000000000
2014-09-30,-0.0020718197,-0.0012952376,2.0938242337,1.9311350665,1.5000000000,0.0000000000,0.0000000000
2014-10-01,-0.0118513141,-0.0078876486,2.0690096651,1.9159029517,1.5000000000,0.0000000000,0.0000000000
2014-10-02,-0.0030420239,-0.0020147884,2.0627156883,1.9120428127,1.5000000000,0.0000000000,0.0000000000
2014-10-03,0.0010029499,0.0005362241,2.0647844888,1.9130680961,1.5000000000,0.0000000000,0.0000000000
2014-10-06,-0.0017498381,-0.0011533312,2.0611714501,1.9108616949,1.5000000000,0.0000000000,0.0000000000
2014-10-07,-0.0110477639,-0.0072790120,2.0384001146,1.8969525097,1.5000000000,0.0000000000,0.0000000000
2014-10-08,0.0211976131,0.0141449696,2.0816093316,1.9237848453,1.5000000000,0.0000000000,0.0000000000
2014-10-09,-0.0166976449,-0.0111185358,2.0468513581,1.9023951746,1.5000000000,0.0000000000,0.0000000000
2014-10-10,-0.0159902041,-0.0106469086,2.0141217870,1.8821405471,1.5000000000,0.0000000000,0.0000000000
2014-10-13,-0.0038692056,-0.0027437991,2.0063287358,1.8769763316,1.3780230997,0.0000731861,0.0000000000
2014-10-14,0.0021463550,0.0015084356,2.0106350295,1.8798076295,1.3780230997,0.0000000000,0.0000000000
2014-10-15,-0.0060335148,-0.0043674986,1.9985038333,1.8715975724,1.3780230997,0.0000000000,0.0000000000
2014-10-16,-0.0033759128,-0.0023789129,1.9917570586,1.8671452047,1.3780230997,0.0000000000,0.0000000000
2014-10-17,0.0105524230,0.0070969669,2.0127749215,1.8803962725,1.5000000000,0.0000731861,0.0000000000
2014-10-20,0.0110143461,0.0073561249,2.0349443212,1.8942287024,1.5000000000,0.0000000000,0.0000000000
2014-10-21,0.0175625785,0.0128822066,2.0706831906,1.9186305479,1.3645610005,0.0000812634,0.0000000000
2014-10-22,-0.0074492988,-0.0060571845,2.0552580529,1.9070090486,1.2052911198,0.0000955619,0.0000000000
2014-10-23,0.0045146958,0.0037152290,2.0645369178,1.9140940239,1.2052911198,0.0000000000,0.0000000000
2014-10-24,0.0045203601,0.0037571890,2.0738693681,1.9212856369,1.2052911198,0.0000000000,0.0000000000
2014-10-27,-0.0017529341,-0.0014476068,2.0702340117,1.9185043707,1.2052911198,0.0000000000,0.0000000000
2014-10-28,0.0104282864,0.0086588482,2.0918230049,1.9351164089,1.2052911198,0.0000000000,0.0000000000
2014-10-29,-0.0075040324,-0.0061818811,2.0761258973,1.9231537495,1.2052911198,0.0000000000,0.0000000000
2014-10-30,0.0028454485,0.0021697590,2.0820334066,1.9273265296,1.3159325363,0.0000663848,0.0000000000
2014-10-31,0.0050924295,0.0036396580,2.0926360148,1.9343413391,1.4542022391,0.0000829618,0.0000000000
2014-11-03,-0.0036628686,-0.0025747496,2.0849709641,1.9293608945,1.4542022391,0.0000000000,0.0000000000
2014-11-04,-0.0035883603,-0.0023868432,2.0774893370,1.9247558126,1.4542022391,0.0000000000,0.0000000000
2014-11-05,-0.0002047849,-0.0001967559,2.0770638986,1.9243771054,1.4542022391,0.0000000000,0.0000000000
2014-11-06,0.0036728261,0.0026064007,2.0846925931,1.9293928032,1.4542022391,0.0000000000,0.0000000000
2014-11-07,0.0060897037,0.0041317263,2.0973877531,1.9373645261,1.4542022391,0.0000000000,0.0000000000
2014-11-10,0.0008078618,0.0006362728,2.0990821526,1.9385972185,1.4542022391,0.0000000000,0.0000000000
2014-11-11,0.0055337387,0.0038177376,2.1106979246,1.9459982740,1.4542022391,0.0000000000,0.0000000000
2014-11-12,0.0072488948,0.0049971857,2.1259981518,1.9557227888,1.4542022391,0.0000000000,0.0000000000
2014-11-13,0.0003666154,0.0001961745,2.1267775755,1.9561064517,1.4542022391,0.0000000000,0.0000000000
2014-11-14,0.0042216680,0.0029154761,2.1357561243,1.9618094334,1.4542022391,0.0000000000,0.0000000000
2014-11-17,-0.0043359904,-0.0029009602,2.1264955063,1.9561183023,1.4542022391,0.0000000000,0.0000000000
2014-11-18,0.0057535556,0.0039005700,2.1387304165,1.9637482786,1.4542022391,0.0000000000,0.0000000000
2014-11-19,-0.0047148301,-0.0032298164,2.1286466659,1.9574057322,1.4542022391,0.0000000000,0.0000000000
2014-11-20,0.0010094952,0.0007065861,2.1307955244,1.9587888079,1.4542022391,0.0000000000,0.0000000000
2014-11-21,0.0054732745,0.0037761587,2.1424579532,1.9661855053,1.4542022391,0.0000000000,0.0000000000
2014-11-24,0.0067952236,0.0047535556,2.1570164342,1.9755318774,1.4542022391,0.0000000000,0.0000000000
2014-11-25,0.0009462140,0.0006630700,2.1590574334,1.9768417934,1.4542022391,0.0000000000,0.0000000000
2014-11-26,0.0021005500,0.0013885359,2.1635926415,1.9795867091,1.4542022391,0.0000000000,0.0000000000
2014-11-28,-0.0075857446,-0.0051356935,2.1471801802,1.9694201584,1.4542022391,0.0000000000,0.0000000000
2014-12-01,0.0018137622,0.0011913228,2.1510746546,1.9717663735,1.4542022391,0.0000000000,0.0000000000
2014-12-02,0.0000619449,0.0000549915,2.1512079027,1.9718748039,1.4542022391,0.0000000000,0.0000000000
2014-12-03,0.0034649641,0.0023951194,2.1586617607,1.9765976794,1.4542022391,0.0000000000,0.0000000000
2014-12-04,-0.0024502475,-0.0016725484,2.1533725052,1.9732917242,1.4542022391,0.0000000000,0.0000000000
2014-12-05,-0.0018046845,-0.0011602767,2.1494863472,1.9710021599,1.4542022391,0.0000000000,0.0000000000
2014-12-08,-0.0070599107,-0.0048424398,2.1343111655,1.9614577005,1.4542022391,0.0000000000,0.0000000000
2014-12-09,0.0036600998,0.0024609794,2.1421229573,1.9662848075,1.4542022391,0.0000000000,0.0000000000
2014-12-10,-0.0157346504,-0.0108077309,2.1084174015,1.9450337305,1.4542022391,0.0000000000,0.0000000000
2014-12-11,0.0025228378,0.0017472547,2.1137365966,1.9484321998,1.4542022391,0.0000000000,0.0000000000
2014-12-12,-0.0130375903,-0.0088847221,2.0861785648,1.9311209212,1.4542022391,0.0000000000,0.0000000000
2014-12-15,-0.0165503929,-0.0115052119,2.0516514899,1.9089029658,1.4542022391,0.0000000000,0.0000000000
2014-12-16,-0.0095291002,-0.0065404082,2.0321010973,1.8964179612,1.4542022391,0.0000000000,0.0000000000
2014-12-17,0.0143841899,0.0099038589,2.0613312255,1.9151998172,1.4542022391,0.0000000000,0.0000000000
2014-12-18,0.0192661954,0.0133292578,2.1010452356,1.9407280093,1.4542022391,0.0000000000,0.0000000000
2014-12-19,0.0047739446,0.0035542862,2.1110755091,1.9476259121,1.3443757367,0.0000658959,0.0000000000
2014-12-22,0.0011063474,0.0008331102,2.1134110921,1.9492484991,1.3443757367,0.0000000000,0.0000000000
2014-12-23,-0.0004762565,-0.0003440934,2.1124045663,1.9485777756,1.3443757367,0.0000000000,0.0000000000
2014-12-24,-0.0012789688,-0.0008852262,2.1097028667,1.9468528434,1.3443757367,0.0000000000,0.0000000000
2014-12-26,0.0086152952,0.0063626192,2.1278785796,1.9592399266,1.3443757367,0.0000000000,0.0000000000
2014-12-29,-0.0047143853,-0.0034965817,2.1178469402,1.9523892842,1.3443757367,0.0000000000,0.0000000000
2014-12-30,-0.0023417025,-0.0017316861,2.1128875726,1.9490083588,1.3443757367,0.0000000000,0.0000000000
2014-12-31,-0.0097348468,-0.0071750436,2.0923189359,1.9350241387,1.3443757367,0.0000000000,0.0000570890
2015-01-02,-0.0020348215,-0.0015593601,2.0880614403,1.9320067394,1.3443757367,0.0000000000,0.0000000000
2015-01-05,-0.0200617544,-0.0148566072,2.0461712645,1.9033036741,1.3443757367,0.0000000000,0.0000000000
2015-01-06,-0.0036986589,-0.0030018552,2.0386031749,1.8975902321,1.2204889238,0.0000743321,0.0000000000
2015-01-07,0.0092664515,0.0075995782,2.0574937923,1.9120111175,1.2204889238,0.0000000000,0.0000000000
2015-01-08,0.0096342883,0.0079009631,2.0773162808,1.9271178467,1.2204889238,0.0000000000,0.0000000000
2015-01-09,-0.0013829906,-0.0011259758,2.0744433718,1.9249479585,1.2204889238,0.0000000000,0.0000000000
2015-01-12,-0.0104371095,-0.0074479588,2.0527921792,1.9106110255,1.3859523454,0.0000992781,0.0000000000
2015-01-13,-0.0117938192,-0.0078036995,2.0285819194,1.8957011911,1.5000000000,0.0000684286,0.0000000000
2015-01-14,-0.0153248446,-0.0102033356,1.9974942167,1.8763587158,1.5000000000,0.0000000000,0.0000000000
2015-01-15,0.0061109255,0.0040871778,2.0097007550,1.8840277275,1.5000000000,0.0000000000,0.0000000000
2015-01-16,0.0143442176,0.0095760393,2.0385283400,1.9020692510,1.5000000000,0.0000000000,0.0000000000
2015-01-20,0.0059659100,0.0047441277,2.0506900167,1.9110929104,1.2868881296,0.0001278671,0.0000000000
2015-01-21,0.0076946502,0.0060368133,2.0664693591,1.9226298215,1.2868881296,0.0000000000,0.0000000000
2015-01-22,0.0144230308,0.0111678396,2.0962741102,1.9441014429,1.2868881296,0.0000000000,0.0000000000
2015-01-23,-0.0041475275,-0.0034546119,2.0875797556,1.9373853270,1.1673070078,0.0000717487,0.0000000000
2015-01-26,0.0070693601,0.0060618151,2.1023376086,1.9491293987,1.1673070078,0.0000000000,0.0000000000
2015-01-27,-0.0100516827,-0.0086053142,2.0812055781,1.9323565279,1.1673070078,0.0000000000,0.0000000000
2015-01-28,-0.0155558281,-0.0120294757,2.0488307020,1.9091112920,1.2912862947,0.0000743876,0.0000000000
2015-01-29,0.0016318991,0.0014465985,2.0521741870,1.9118730095,1.1794158035,0.0000671223,0.0000000000
2015-01-30,-0.0033028826,-0.0027944029,2.0453960966,1.9065304661,1.1794158035,0.0000000000,0.0000000000
2015-02-02,0.0094064501,0.0079815530,2.0646360130,1.9217475401,1.1794158035,0.0000000000,0.0000000000
2015-02-03,0.0057182210,0.0048876171,2.0764420580,1.9311403062,1.1794158035,0.0000000000,0.0000000000
2015-02-04,-0.0023889055,-0.0020526852,2.0714816342,1.9271762831,1.1794158035,0.0000000000,0.0000000000
2015-02-05,0.0066976857,0.0052377468,2.0853557671,1.9372703446,1.2940997041,0.0000688103,0.0000000000
2015-02-06,-0.0111311473,-0.0077686657,2.0621433649,1.9222203390,1.4208842649,0.0000760707,0.0000000000
2015-02-09,-0.0017020322,-0.0012509728,2.0586335304,1.9198156936,1.4208842649,0.0000000000,0.0000000000
2015-02-10,0.0072856372,0.0052041651,2.0736319875,1.9298067314,1.4208842649,0.0000000000,0.0000000000
2015-02-11,-0.0027907154,-0.0020171739,2.0678450708,1.9259139755,1.4208842649,0.0000000000,0.0000000000
2015-02-12,0.0119459390,0.0084191521,2.0925474219,1.9421285382,1.4208842649,0.0000000000,0.0000000000
2015-02-13,0.0101411204,0.0072138172,2.1137681972,1.9561386985,1.4208842649,0.0000000000,0.0000000000
2015-02-17,-0.0016513168,-0.0011504210,2.1102776962,1.9538883155,1.4208842649,0.0000000000,0.0000000000
2015-02-18,0.0001246611,0.0000994894,2.1105407658,1.9540827067,1.4208842649,0.0000000000,0.0000000000
2015-02-19,0.0005727458,0.0004148456,2.1117495692,1.9548933493,1.4208842649,0.0000000000,0.0000000000
2015-02-20,0.0054141650,0.0037573149,2.1231829298,1.9622384992,1.4208842649,0.0000000000,0.0000000000
2015-02-23,-0.0014622103,-0.0009524570,2.1200783899,1.9603695514,1.4208842649,0.0000000000,0.0000000000
2015-02-24,0.0027644975,0.0018925131,2.1259393412,1.9640795765,1.4208842649,0.0000000000,0.0000000000
2015-02-25,0.0005812830,0.0004857271,2.1271751136,1.9650335832,1.4208842649,0.0000000000,0.0000000000
2015-02-26,-0.0001164786,-0.0001350806,2.1269273433,1.9647681452,1.4208842649,0.0000000000,0.0000000000
2015-02-27,0.0027319218,0.0019993189,2.1327379424,1.9686963434,1.4208842649,0.0000000000,0.0000000000
2015-03-02,0.0073736679,0.0051363877,2.1484640436,1.9788083312,1.4208842649,0.0000000000,0.0000000000
2015-03-03,-0.0031109878,-0.0021128454,2.1417801981,1.9746274151,1.4208842649,0.0000000000,0.0000000000
2015-03-04,-0.0070466834,-0.0049476103,2.1266877513,1.9648577281,1.4208842649,0.0000000000,0.0000000000
2015-03-05,0.0015315246,0.0010896217,2.1299448259,1.9669986798,1.4208842649,0.0000000000,0.0000000000
2015-03-06,-0.0196205293,-0.0138617797,2.0881541811,1.9397325775,1.4208842649,0.0000000000,0.0000000000
2015-03-09,0.0067877303,0.0048537446,2.1023280085,1.9491475441,1.4208842649,0.0000000000,0.0000000000
2015-03-10,-0.0163048871,-0.0114634146,2.0680497876,1.9268036577,1.4208842649,0.0000000000,0.0000000000
2015-03-11,-0.0016831738,-0.0011728415,2.0645689004,1.9245438224,1.4208842649,0.0000000000,0.0000000000
2015-03-12,0.0084737710,0.0059106262,2.0820635845,1.9359190815,1.4208842649,0.0000000000,0.0000000000
2015-03-13,-0.0084265814,-0.0058538916,2.0645189062,1.9245864211,1.4208842649,0.0000000000,0.0000000000
2015-03-16,0.0125180450,0.0088217929,2.0903626467,1.9415647240,1.4208842649,0.0000000000,0.0000000000
2015-03-17,-0.0036223720,-0.0025376242,2.0827905755,1.9366377623,1.4208842649,0.0000000000,0.0000000000
2015-03-18,0.0121054778,0.0085314335,2.1080037506,1.9531600586,1.4208842649,0.0000000000,0.0000000000
2015-03-19,-0.0041308561,-0.0028954887,2.0992958904,1.9475047056,1.4208842649,0.0000000000,0.0000000000
2015-03-20,0.0125792103,0.0088648403,2.1257033750,1.9647690238,1.4208842649,0.0000000000,0.0000000000
2015-03-23,0.0022364970,0.0016978285,2.1304575043,1.9681048647,1.3194045327,0.0000608878,0.0000000000
2015-03-24,-0.0071879423,-0.0053852439,2.1151438987,1.9575061401,1.3194045327,0.0000000000,0.0000000000
2015-03-25,-0.0134556874,-0.0102417032,2.0866831836,1.9374579432,1.3194045327,0.0000000000,0.0000000000
2015-03-26,-0.0009389953,-0.0007020747,2.0847237979,1.9360977030,1.3194045327,0.0000000000,0.0000000000
2015-03-27,0.0005024525,0.0003904241,2.0857712725,1.9368536021,1.3194045327,0.0000000000,0.0000000000
2015-03-30,0.0070342873,0.0048953717,2.1004431868,1.9463352204,1.4351540137,0.0000694497,0.0000000000
2015-03-31,-0.0092834790,-0.0063236935,2.0809437665,1.9340271930,1.4351540137,0.0000000000,0.0000000000
2015-04-01,0.0040859272,0.0027262174,2.0894463512,1.9392997716,1.4351540137,0.0000000000,0.0000000000
2015-04-02,0.0031140476,0.0022483504,2.0959529867,1.9436599971,1.4351540137,0.0000000000,0.0000000000
2015-04-06,0.0110932605,0.0077416977,2.1192039392,1.9587072252,1.4351540137,0.0000000000,0.0000000000
2015-04-07,-0.0031524472,-0.0021181536,2.1125232607,1.9545583824,1.4351540137,0.0000000000,0.0000000000
2015-04-08,0.0006815856,0.0004869538,2.1139631262,1.9555101620,1.4351540137,0.0000000000,0.0000000000
2015-04-09,0.0016188769,0.0010736571,2.1173853723,1.9576097094,1.4351540137,0.0000000000,0.0000000000
2015-04-10,0.0056410567,0.0039426603,2.1293296633,1.9653278995,1.4351540137,0.0000000000,0.0000000000
2015-04-13,-0.0076436493,-0.0053804496,2.1130538142,1.9547535518,1.4351540137,0.0000000000,0.0000000000
2015-04-14,-0.0011059143,-0.0006920740,2.1107169578,1.9534007177,1.4351540137,0.0000000000,0.0000000000
2015-04-15,0.0094814841,0.0065521606,2.1307296871,1.9661997128,1.4351540137,0.0000000000,0.0000000000
2015-04-16,0.0005868040,0.0004873940,2.1319800078,1.9671580269,1.4351540137,0.0000000000,0.0000000000
2015-04-17,-0.0116706833,-0.0081864440,2.1070983442,1.9510539979,1.4351540137,0.0000000000,0.0000000000
2015-04-20,0.0068591878,0.0047914410,2.1215513275,1.9604023581,1.4351540137,0.0000000000,0.0000000000
2015-04-21,0.0044213693,0.0031592782,2.1309314894,1.9665958146,1.4351540137,0.0000000000,0.0000000000
2015-04-22,0.0008047008,0.0005062705,2.1326462516,1.9675914441,1.4351540137,0.0000000000,0.0000000000
2015-04-23,0.0063323434,0.0044243415,2.1461509001,1.9762967406,1.4351540137,0.0000000000,0.0000000000
2015-04-24,0.0016921118,0.0011910776,2.1497824274,1.9786506634,1.4351540137,0.0000000000,0.0000000000
2015-04-27,0.0017386323,0.0012899757,2.1535201087,1.9812030747,1.4351540137,0.0000000000,0.0000000000
2015-04-28,0.0014409000,0.0010160359,2.1566231159,1.9832160483,1.4351540137,0.0000000000,0.0000000000
2015-04-29,-0.0065072687,-0.0045221632,2.1425893898,1.9742476216,1.4351540137,0.0000000000,0.0000000000
2015-04-30,-0.0117049836,-0.0081438755,2.1175104162,1.9581695949,1.4351540137,0.0000000000,0.0000000000
2015-05-01,0.0077894627,0.0053731781,2.1340046846,1.9686911889,1.4351540137,0.0000000000,0.0000000000
2015-05-04,0.0044272591,0.0031633822,2.1434524762,1.9749189115,1.4351540137,0.0000000000,0.0000000000
2015-05-05,-0.0113917573,-0.0079256227,2.1190347859,1.9592664493,1.4351540137,0.0000000000,0.0000000000
2015-05-06,-0.0061433239,-0.0042685703,2.1060168690,1.9509031827,1.4351540137,0.0000000000,0.0000000000
2015-05-07,0.0026547332,0.0017953534,2.1116077819,1.9544057434,1.4351540137,0.0000000000,0.0000000000
2015-05-08,0.0154364867,0.0108344945,2.1442035873,1.9755807415,1.4351540137,0.0000000000,0.0000000000
2015-05-11,-0.0070872239,-0.0049927383,2.1290071365,1.9657171839,1.4351540137,0.0000000000,0.0000000000
2015-05-12,-0.0003230413,-0.0001465765,2.1283193792,1.9654290560,1.4351540137,0.0000000000,0.0000000000
2015-05-13,0.0042351560,0.0029630437,2.1373331439,1.9712527081,1.4351540137,0.0000000000,0.0000000000
2015-05-14,0.0124246624,0.0086029358,2.1638887865,1.9882112686,1.4351540137,0.0000000000,0.0000000000
2015-05-15,0.0024935935,0.0017495415,2.1692846454,1.9916897266,1.4351540137,0.0000000000,0.0000000000
2015-05-18,0.0000563032,0.0000512636,2.1694067831,1.9917918279,1.4351540137,0.0000000000,0.0000000000
2015-05-19,-0.0062692210,-0.0043562941,2.1558062924,1.9831149968,1.4351540137,0.0000000000,0.0000000000
2015-05-20,0.0008529074,0.0006063289,2.1576449956,1.9843174169,1.4351540137,0.0000000000,0.0000000000
2015-05-21,0.0044634493,0.0031885991,2.1672755346,1.9906446096,1.4351540137,0.0000000000,0.0000000000
2015-05-22,-0.0022382136,-0.0015475312,2.1624247089,1.9875640249,1.4351540137,0.0000000000,0.0000000000
2015-05-26,-0.0149583261,-0.0104107698,2.1300784549,1.9668719533,1.4351540137,0.0000000000,0.0000000000
2015-05-27,0.0094579026,0.0066021977,2.1502245294,1.9798576309,1.4351540137,0.0000000000,0.0000000000
2015-05-28,-0.0014300623,-0.0010508885,2.1471495744,1.9777770213,1.4351540137,0.0000000000,0.0000000000
2015-05-29,-0.0047465243,-0.0032952953,2.1369580768,1.9712596620,1.4351540137,0.0000000000,0.0000000000
2015-06-01,-0.0024576482,-0.0017004309,2.1317061856,1.9679076712,1.4351540137,0.0000000000,0.0000000000
2015-06-02,0.0005711488,0.0004764856,2.1329237070,1.9688453509,1.4351540137,0.0000000000,0.0000000000
2015-06-03,-0.0004345154,-0.0002907335,2.1319969187,1.9682729416,1.4351540137,0.0000000000,0.0000000000
2015-06-04,-0.0096138140,-0.0067532394,2.1115002968,1.9549807232,1.4351540137,0.0000000000,0.0000000000
2015-06-05,-0.0047016824,-0.0032640499,2.1015726931,1.9485995685,1.4351540137,0.0000000000,0.0000000000
2015-06-08,-0.0043168671,-0.0030620838,2.0925004832,1.9426327934,1.4351540137,0.0000000000,0.0000000000
2015-06-09,-0.0002031363,-0.0001295110,2.0920754204,1.9423812010,1.4351540137,0.0000000000,0.0000000000
2015-06-10,0.0138159503,0.0097050224,2.1209794304,1.9612320540,1.4351540137,0.0000000000,0.0000000000
2015-06-11,0.0015307694,0.0011451390,2.1242261607,1.9634779374,1.4351540137,0.0000000000,0.0000000000
2015-06-12,-0.0075090431,-0.0052866575,2.1082752549,1.9530977021,1.4351540137,0.0000000000,0.0000000000
2015-06-15,-0.0021145798,-0.0013949014,2.1038171386,1.9503733235,1.4351540137,0.0000000000,0.0000000000
2015-06-16,0.0071030976,0.0048287717,2.1187607571,1.9597912310,1.4351540137,0.0000000000,0.0000000000
2015-06-17,0.0019354902,0.0014933422,2.1228615978,1.9627178699,1.4351540137,0.0000000000,0.0000000000
2015-06-18,0.0132714627,0.0091268227,2.1510350763,1.9806312479,1.4351540137,0.0000000000,0.0000000000
2015-06-19,-0.0054946178,-0.0038165589,2.1392159607,1.9730720521,1.4351540137,0.0000000000,0.0000000000
2015-06-22,0.0038977246,0.0027941086,2.1475540354,1.9785850296,1.4351540137,0.0000000000,0.0000000000
2015-06-23,-0.0006645689,-0.0005172014,2.1461268378,1.9775617027,1.4351540137,0.0000000000,0.0000000000
2015-06-24,-0.0072318470,-0.0050270416,2.1306063768,1.9676204176,1.4351540137,0.0000000000,0.0000000000
2015-06-25,-0.0023853061,-0.0015838401,2.1255242285,1.9645040215,1.4351540137,0.0000000000,0.0000000000
2015-06-26,-0.0015329189,-0.0011222584,2.1222659723,1.9622993403,1.4351540137,0.0000000000,0.0000000000
2015-06-29,-0.0160905261,-0.0111334912,2.0881175962,1.9404520979,1.4351540137,0.0000000000,0.0000000000
2015-06-30,0.0037724754,0.0026406528,2.0959949686,1.9455761581,1.4351540137,0.0000000000,0.0000000000
2015-07-01,0.0031262433,0.0021903652,2.1025475589,1.9498376803,1.4351540137,0.0000000000,0.0000000000
2015-07-02,-0.0011012449,-0.0007553035,2.1002321391,1.9483649611,1.4351540137,0.0000000000,0.0000000000
2015-07-06,-0.0025836388,-0.0017882198,2.0948058978,1.9448808563,1.4351540137,0.0000000000,0.0000000000
2015-07-07,-0.0004738263,-0.0003842940,2.0938133237,1.9441334503,1.4351540137,0.0000000000,0.0000000000
2015-07-08,-0.0144989744,-0.0100906984,2.0634551780,1.9245157859,1.4351540137,0.0000000000,0.0000000000
2015-07-09,0.0027734487,0.0019445416,2.0691780650,1.9282580869,1.4351540137,0.0000000000,0.0000000000
2015-07-10,0.0173563904,0.0121057797,2.1050915273,1.9516011546,1.4351540137,0.0000000000,0.0000000000
2015-07-13,0.0108535415,0.0075746640,2.1279392255,1.9663838777,1.4351540137,0.0000000000,0.0000000000
2015-07-14,0.0035303012,0.0025380919,2.1354514919,1.9713747407,1.4351540137,0.0000000000,0.0000000000
2015-07-15,-0.0021837679,-0.0015757630,2.1307881616,1.9682683213,1.4351540137,0.0000000000,0.0000000000
2015-07-16,0.0064016827,0.0044726564,2.1444287914,1.9770717091,1.4351540137,0.0000000000,0.0000000000
2015-07-17,0.0020939460,0.0015372549,2.1489191095,1.9801109723,1.4351540137,0.0000000000,0.0000000000
2015-07-20,-0.0057654969,-0.0040714736,2.1365295230,1.9720490027,1.4351540137,0.0000000000,0.0000000000
2015-07-21,-0.0030089904,-0.0020184167,2.1301007262,1.9680685861,1.4351540137,0.0000000000,0.0000000000
2015-07-22,-0.0069933824,-0.0049270511,2.1152041173,1.9583718115,1.4351540137,0.0000000000,0.0000000000
2015-07-23,-0.0051957313,-0.0036082979,2.1042140850,1.9513054225,1.4351540137,0.0000000000,0.0000000000
2015-07-24,-0.0056578977,-0.0038641471,2.0923086570,1.9437652914,1.4351540137,0.0000000000,0.0000000000
2015-07-27,-0.0072401941,-0.0050990269,2.0771599362,1.9338539799,1.4351540137,0.0000000000,0.0000000000
2015-07-28,0.0102318640,0.0071414858,2.0984131541,1.9476645707,1.4351540137,0.0000000000,0.0000000000
2015-07-29,0.0041639301,0.0029795977,2.1071507999,1.9534678277,1.4351540137,0.0000000000,0.0000000000
2015-07-30,-0.0004618687,-0.0003097930,2.1061775729,1.9528626570,1.4351540137,0.0000000000,0.0000000000
2015-07-31,0.0000147733,0.0000223261,2.1062086881,1.9529062567,1.4351540137,0.0000000000,0.0000000000
2015-08-03,-0.0063216067,-0.0043927959,2.0928940652,1.9443275381,1.4351540137,0.0000000000,0.0000000000
2015-08-04,-0.0000288983,-0.0000742729,2.0928335842,1.9441831273,1.4351540137,0.0000000000,0.0000000000
2015-08-05,0.0019752872,0.0013883912,2.0969675315,1.9468824140,1.4351540137,0.0000000000,0.0000000000
2015-08-06,-0.0089489373,-0.0062234918,2.0782019006,1.9347660072,1.4351540137,0.0000000000,0.0000000000
2015-08-07,-0.0004008034,-0.0002672433,2.0773689503,1.9342489539,1.4351540137,0.0000000000,0.0000000000
2015-08-10,0.0104720576,0.0073750337,2.0991232776,1.9485141050,1.4351540137,0.0000000000,0.0000000000
2015-08-11,-0.0081095063,-0.0057047543,2.0821004243,1.9373983108,1.4351540137,0.0000000000,0.0000000000
2015-08-12,0.0022611341,0.0015875663,2.0868083326,1.9404740591,1.4351540137,0.0000000000,0.0000000000
2015-08-13,-0.0041903831,-0.0029077821,2.0780638061,1.9348315834,1.4351540137,0.0000000000,0.0000000000
2015-08-14,0.0023458425,0.0015801554,2.0829386166,1.9378889180,1.4351540137,0.0000000000,0.0000000000
2015-08-17,0.0035779114,0.0025050826,2.0903911863,1.9427434898,1.4351540137,0.0000000000,0.0000000000
2015-08-18,-0.0152572338,-0.0105525962,2.0584975993,1.9222425024,1.4351540137,0.0000000000,0.0000000000
2015-08-19,-0.0008668239,-0.0005257779,2.0567132444,1.9212318296,1.4351540137,0.0000000000,0.0000000000
2015-08-20,-0.0150422524,-0.0105354178,2.0257756448,1.9009908496,1.4351540137,0.0000000000,0.0000000000
2015-08-21,-0.0300595408,-0.0209331350,1.9648817592,1.8611971515,1.4351540137,0.0000000000,0.0000000000
2015-08-24,-0.0429738663,-0.0299316992,1.8804431932,1.8054883581,1.4351540137,0.0000000000,0.0000000000
2015-08-25,-0.0035665925,-0.0034082419,1.8737364186,1.7993348171,0.9634142014,0.0002830439,0.0000000000
2015-08-26,0.0205986858,0.0213726350,1.9123329264,1.8377913434,0.9634142014,0.0000000000,0.0000000000
2015-08-27,0.0129351546,0.0163643166,1.9370692484,1.8678655428,0.7991500338,0.0000985585,0.0000000000
2015-08-28,0.0026978324,0.0033210181,1.9422951365,1.8740687580,0.7991500338,0.0000000000,0.0000000000
2015-08-31,-0.0037420102,-0.0046824877,1.9350270483,1.8652934541,0.7991500338,0.0000000000,0.0000000000
2015-09-01,-0.0157497369,-0.0197081102,1.9045508814,1.8285320452,0.7991500338,0.0000000000,0.0000000000
2015-09-02,0.0099867898,0.0125516117,1.9235712307,1.8514830694,0.7991500338,0.0000000000,0.0000000000
2015-09-03,-0.0010264973,-0.0015170502,1.9215966901,1.8486742765,0.6740645302,0.0000750513,0.0000000000
2015-09-04,-0.0065464782,-0.0096064244,1.9090169992,1.8309151269,0.6740645302,0.0000000000,0.0000000000
2015-09-08,0.0124424232,0.0184588012,1.9327697966,1.8647116252,0.6740645302,0.0000000000,0.0000000000
2015-09-09,-0.0069102632,-0.0102516345,1.9194138486,1.8455952833,0.6740645302,0.0000000000,0.0000000000
2015-09-10,0.0034742957,0.0052601931,1.9260824599,1.8553034708,0.6740645302,0.0000000000,0.0000000000
2015-09-11,0.0018264121,0.0026035824,1.9296002802,1.8601339063,0.6740645302,0.0000000000,0.0000000000
2015-09-14,-0.0029130530,-0.0043216233,1.9239792524,1.8520951083,0.6740645302,0.0000000000,0.0000000000
2015-09-15,0.0040050915,0.0060476486,1.9316849654,1.8632959288,0.6740645302,0.0000000000,0.0000000000
2015-09-16,0.0063088626,0.0078311476,1.9438717004,1.8778876743,0.8165265249,0.0000854772,0.0000000000
2015-09-17,0.0015733378,0.0019268668,1.9469300672,1.8815061136,0.8165265249,0.0000000000,0.0000000000
2015-09-18,-0.0074939918,-0.0091778914,1.9323397893,1.8642378548,0.8165265249,0.0000000000,0.0000000000
2015-09-21,0.0000413771,0.0001231679,1.9324197438,1.8644674692,0.9593479589,0.0000856929,0.0000000000
2015-09-22,-0.0092033450,-0.0095933336,1.9146350183,1.8465810108,0.9593479589,0.0000000000,0.0000000000
2015-09-23,-0.0009397026,-0.0009702377,1.9128358309,1.8447893884,0.9593479589,0.0000000000,0.0000000000
2015-09-24,0.0023347400,0.0021959994,1.9173018053,1.8488405448,1.1048191793,0.0000872827,0.0000000000
2015-09-25,-0.0028426257,-0.0025691681,1.9118516339,1.8440905626,1.1048191793,0.0000000000,0.0000000000
2015-09-28,-0.0189013203,-0.0170835099,1.8757151138,1.8125870231,1.1048191793,0.0000000000,0.0000000000
2015-09-29,-0.0014536494,-0.0013119702,1.8729884817,1.8102089629,1.1048191793,0.0000000000,0.0000000000
2015-09-30,0.0142470520,0.0106082383,1.8996730459,1.8294120909,1.3510052533,0.0001477116,0.0000000000
2015-10-01,0.0029254077,0.0022326043,1.9052303640,1.8334964441,1.3510052533,0.0000000000,0.0000000000
2015-10-02,0.0186806061,0.0138374998,1.9408212220,1.8588674508,1.3510052533,0.0000000000,0.0000000000
2015-10-05,0.0125066261,0.0107457720,1.9650943473,1.8788424166,1.1710563170,0.0001079694,0.0000000000
2015-10-06,0.0019178613,0.0016435156,1.9688631257,1.8819303233,1.1710563170,0.0000000000,0.0000000000
2015-10-07,0.0052656089,0.0045022573,1.9792303890,1.8904032579,1.1710563170,0.0000000000,0.0000000000
2015-10-08,0.0041010986,0.0035078472,1.9873474080,1.8970345036,1.1710563170,0.0000000000,0.0000000000
2015-10-09,0.0047273211,0.0040425973,1.9967422374,1.9047034500,1.1710563170,0.0000000000,0.0000000000
2015-10-12,0.0010197734,0.0008766114,1.9987784620,1.9063731349,1.1710563170,0.0000000000,0.0000000000
2015-10-13,-0.0041333811,-0.0035238212,1.9905167490,1.8996554168,1.1710563170,0.0000000000,0.0000000000
2015-10-14,0.0029002611,0.0023002182,1.9962897673,1.9040250387,1.2995473700,0.0000770946,0.0000000000
2015-10-15,0.0117291428,0.0090347069,2.0197045350,1.9212273469,1.2995473700,0.0000000000,0.0000000000
2015-10-16,0.0028806972,0.0022258396,2.0255226922,1.9255036908,1.2995473700,0.0000000000,0.0000000000
2015-10-19,-0.0004089862,-0.0003055675,2.0246942814,1.9249153195,1.2995473700,0.0000000000,0.0000000000
2015-10-20,0.0000732778,0.0000694514,2.0248426465,1.9250490076,1.5000000000,0.0001202716,0.0000000000
2015-10-21,-0.0085134789,-0.0055896002,2.0076041913,1.9142887533,1.5000000000,0.0000000000,0.0000000000
2015-10-22,0.0176185625,0.0117589359,2.0429752913,1.9367987520,1.5000000000,0.0000000000,0.0000000000
2015-10-23,0.0145160264,0.0096905784,2.0726311745,1.9555674522,1.5000000000,0.0000000000,0.0000000000
2015-10-26,0.0004857905,0.0002642788,2.0736380390,1.9560842673,1.5000000000,0.0000000000,0.0000000000
2015-10-27,0.0007060301,0.0004839143,2.0751020900,1.9570308444,1.5000000000,0.0000000000,0.0000000000
2015-10-28,0.0097227472,0.0064950589,2.0952777829,1.9697418751,1.5000000000,0.0000000000,0.0000000000
2015-10-29,-0.0033644959,-0.0022297697,2.0882282294,1.9653498042,1.5000000000,0.0000000000,0.0000000000
2015-10-30,-0.0002107796,-0.0001272923,2.0877880734,1.9650996304,1.5000000000,0.0000000000,0.0000000000
2015-11-02,0.0165101693,0.0110200070,2.1222578079,1.9867550421,1.5000000000,0.0000000000,0.0000000000
2015-11-03,0.0100702997,0.0067995856,2.1436295800,2.0002641531,1.5000000000,0.0000000000,0.0000000000
2015-11-04,-0.0032865222,-0.0022505963,2.1365844939,1.9957623660,1.5000000000,0.0000000000,0.0000000000
2015-11-05,-0.0085271519,-0.0056715404,2.1183655135,1.9844433191,1.5000000000,0.0000000000,0.0000000000
2015-11-06,-0.0080420658,-0.0053481497,2.1013294787,1.9738302192,1.5000000000,0.0000000000,0.0000000000
2015-11-09,-0.0080603097,-0.0052874873,2.0843921123,1.9633936169,1.5000000000,0.0000000000,0.0000000000
2015-11-10,-0.0103632242,-0.0069683976,2.0627910896,1.9497119095,1.5000000000,0.0000000000,0.0000000000
2015-11-11,-0.0095076208,-0.0062523614,2.0431788541,1.9375216060,1.5000000000,0.0000000000,0.0000000000
2015-11-12,-0.0053453409,-0.0035503331,2.0322573667,1.9306427589,1.5000000000,0.0000000000,0.0000000000
2015-11-13,-0.0139980254,-0.0093915984,2.0038097765,1.9125109374,1.5000000000,0.0000000000,0.0000000000
2015-11-16,0.0124227262,0.0083678699,2.0287025568,1.9285145802,1.5000000000,0.0000000000,0.0000000000
2015-11-17,-0.0024623960,-0.0017011788,2.0237070878,1.9252338320,1.5000000000,0.0000000000,0.0000000000
2015-11-18,0.0151420900,0.0101079542,2.0543502426,1.9446940074,1.5000000000,0.0000000000,0.0000000000
2015-11-19,0.0012127364,0.0008945434,2.0568416279,1.9464336205,1.5000000000,0.0000000000,0.0000000000
2015-11-20,0.0018904721,0.0012007332,2.0607300297,1.9487707681,1.5000000000,0.0000000000,0.0000000000
2015-11-23,-0.0035388890,-0.0022732069,2.0534373349,1.9443408090,1.5000000000,0.0000000000,0.0000000000
2015-11-24,0.0026972721,0.0017385999,2.0589760141,1.9477212396,1.5000000000,0.0000000000,0.0000000000
2015-11-25,0.0013043698,0.0008828074,2.0616616802,1.9494407023,1.5000000000,0.0000000000,0.0000000000
2015-11-27,0.0040948368,0.0028159437,2.0701038484,1.9549302175,1.5000000000,0.0000000000,0.0000000000
2015-11-30,0.0026652560,0.0017900649,2.0756212051,1.9584296694,1.5000000000,0.0000000000,0.0000000000
2015-12-01,0.0081556134,0.0053774941,2.0925491691,1.9689611133,1.5000000000,0.0000000000,0.0000000000
2015-12-02,-0.0137041626,-0.0091228809,2.0638725351,1.9509985156,1.5000000000,0.0000000000,0.0000000000
2015-12-03,-0.0118992904,-0.0078468078,2.0393139164,1.9356894052,1.5000000000,0.0000000000,0.0000000000
2015-12-04,0.0235988314,0.0157457818,2.0874393418,1.9661683482,1.5000000000,0.0000000000,0.0000000000
2015-12-07,-0.0022938808,-0.0016209609,2.0826510047,1.9629812663,1.3515978510,0.0000890413,0.0000000000
2015-12-08,-0.0002436295,-0.0001729738,2.0821436096,1.9626417220,1.4739154125,0.0000733905,0.0000000000
2015-12-09,-0.0085231764,-0.0058403980,2.0643971323,1.9511791132,1.4739154125,0.0000000000,0.0000000000
2015-12-10,0.0008620747,0.0006681429,2.0661767970,1.9524827796,1.4739154125,0.0000000000,0.0000000000
2015-12-11,-0.0097058816,-0.0065020942,2.0461227296,1.9397875527,1.4739154125,0.0000000000,0.0000000000
2015-12-14,-0.0009801399,-0.0006522313,2.0441172430,1.9385223625,1.4739154125,0.0000000000,0.0000000000
2015-12-15,0.0123006696,0.0082881010,2.0692612539,1.9545890317,1.4739154125,0.0000000000,0.0000000000
2015-12-16,0.0128270045,0.0087856801,2.0958036774,1.9717614256,1.4739154125,0.0000000000,0.0000000000
2015-12-17,-0.0174266727,-0.0118808599,2.0592807927,1.9483352044,1.4739154125,0.0000000000,0.0000000000
2015-12-18,-0.0085404718,-0.0066722011,2.0416935632,1.9353355201,1.2502103795,0.0001342230,0.0000000000
2015-12-21,0.0035216417,0.0027810663,2.0488836763,1.9407178164,1.2502103795,0.0000000000,0.0000000000
2015-12-22,0.0045263480,0.0036284109,2.0581576369,1.9477595381,1.2502103795,0.0000000000,0.0000000000
2015-12-23,0.0099119749,0.0079361874,2.0785580438,1.9632173229,1.2502103795,0.0000000000,0.0000000000
2015-12-24,0.0026825279,0.0021973274,2.0841338336,1.9675311541,1.2502103795,0.0000000000,0.0000000000
2015-12-28,-0.0093973004,-0.0075523482,2.0645486020,1.9526716737,1.2502103795,0.0000000000,0.0000000000
2015-12-29,0.0135679894,0.0091584696,2.0925603755,1.9705551579,1.5000000000,0.0001498738,0.0000000000
2015-12-30,-0.0109461634,-0.0072113898,2.0696548678,1.9563447166,1.5000000000,0.0000000000,0.0000000000
2015-12-31,-0.0071086649,-0.0052584372,2.0549423849,1.9460574008,1.3460567253,0.0000923660,0.0000711713
2016-01-04,-0.0114028016,-0.0084048943,2.0315102846,1.9297009941,1.3460567253,0.0000000000,0.0000000000
2016-01-05,-0.0001375658,-0.0000919971,2.0312308184,1.9295234672,1.3460567253,0.0000000000,0.0000000000
2016-01-06,-0.0075053714,-0.0056781161,2.0159856766,1.9185674089,1.3460567253,0.0000000000,0.0000000000
2016-01-07,-0.0136642903,-0.0100847796,1.9884386632,1.8992190793,1.3460567253,0.0000000000,0.0000000000
2016-01-08,-0.0096607697,-0.0071668877,1.9692288151,1.8856075895,1.3460567253,0.0000000000,0.0000000000
2016-01-11,-0.0039381730,-0.0029155091,1.9614736513,1.8801100834,1.3460567253,0.0000000000,0.0000000000
2016-01-12,0.0036546065,0.0025840341,1.9686420656,1.8849683520,1.5000000000,0.0000923660,0.0000000000
2016-01-13,-0.0231285700,-0.0154786282,1.9231101899,1.8557916278,1.5000000000,0.0000000000,0.0000000000
2016-01-14,0.0102178444,0.0075604220,1.9427602306,1.8698221957,1.3546095658,0.0000872343,0.0000000000
2016-01-15,-0.0309527799,-0.0228395759,1.8826264009,1.8271162497,1.3546095658,0.0000000000,0.0000000000
2016-01-19,0.0026701012,0.0025093493,1.8876532038,1.8317011226,1.1310395599,0.0001341420,0.0000000000
2016-01-20,0.0007920983,0.0007049252,1.8891484107,1.8329923348,1.1310395599,0.0000000000,0.0000000000
2016-01-21,0.0019483467,0.0017525254,1.8928291268,1.8362047004,1.1310395599,0.0000000000,0.0000000000
2016-01-22,0.0132372711,0.0116575329,1.9178850191,1.8576103170,1.1310395599,0.0000000000,0.0000000000
2016-01-25,-0.0081912512,-0.0072122331,1.9021751412,1.8442127984,1.1310395599,0.0000000000,0.0000000000
2016-01-26,0.0121278660,0.0107019617,1.9252444664,1.8639494932,1.1310395599,0.0000000000,0.0000000000
2016-01-27,-0.0071502757,-0.0070827405,1.9114784377,1.8507476225,0.9983454781,0.0000796164,0.0000000000
2016-01-28,0.0014368996,0.0014392810,1.9142250403,1.8534113683,0.9983454781,0.0000000000,0.0000000000
2016-01-29,0.0146448264,0.0146687347,1.9422585337,1.8805985679,0.9983454781,0.0000000000,0.0000000000
2016-02-01,0.0004888723,0.0004904077,1.9432080501,1.8815208279,0.9983454781,0.0000000000,0.0000000000
2016-02-02,-0.0124792512,-0.0124999326,1.9189582687,1.8580019443,0.9983454781,0.0000000000,0.0000000000
2016-02-03,0.0039525721,0.0044484260,1.9265430897,1.8662671284,0.8971156960,0.0000607379,0.0000000000
2016-02-04,0.0046710670,0.0051817055,1.9355421015,1.8759375752,0.8971156960,0.0000000000,0.0000000000
2016-02-05,-0.0105074274,-0.0117124552,1.9152045334,1.8539657403,0.8971156960,0.0000000000,0.0000000000
2016-02-08,-0.0066550790,-0.0073932564,1.9024586959,1.8402588963,0.8971156960,0.0000000000,0.0000000000
2016-02-09,-0.0038877142,-0.0032698087,1.8950624801,1.8342416017,1.1347333986,0.0001425706,0.0000000000
2016-02-10,0.0036513097,0.0031965454,1.9019819402,1.8401048383,1.1347333986,0.0000000000,0.0000000000
2016-02-11,0.0026273088,0.0023460058,1.9069790340,1.8444217351,1.1347333986,0.0000000000,0.0000000000
2016-02-12,0.0110474093,0.0097144637,1.9280462120,1.8623393031,1.1347333986,0.0000000000,0.0000000000
2016-02-16,0.0080918359,0.0071357576,1.9436476455,1.8756285049,1.1347333986,0.0000000000,0.0000000000
2016-02-17,0.0160537514,0.0141523092,1.9748504816,1.9021729796,1.1347333986,0.0000000000,0.0000000000
2016-02-18,0.0015776616,0.0014209893,1.9779661275,1.9048759471,1.1347333986,0.0000000000,0.0000000000
2016-02-19,-0.0016431776,-0.0014433620,1.9747159779,1.9021265216,1.1347333986,0.0000000000,0.0000000000
2016-02-22,0.0094235861,0.0083093814,1.9933248838,1.9179320163,1.1347333986,0.0000000000,0.0000000000
2016-02-23,-0.0102314048,-0.0082362860,1.9729303700,1.9021353798,1.2397861918,0.0000630317,0.0000000000
2016-02-24,0.0055920580,0.0045604319,1.9839631109,1.9108099387,1.2397861918,0.0000000000,0.0000000000
2016-02-25,0.0087267292,0.0070043277,2.0012766197,1.9241938776,1.2397861918,0.0000000000,0.0000000000
2016-02-26,-0.0019956199,-0.0016019735,1.9972828323,1.9211113700,1.2397861918,0.0000000000,0.0000000000
2016-02-29,-0.0009323455,-0.0007020912,1.9954206746,1.9197625747,1.2397861918,0.0000000000,0.0000000000
2016-03-01,0.0196412936,0.0132389276,2.0346133178,1.9451781724,1.4967356555,0.0001541697,0.0000000000
2016-03-02,0.0035946012,0.0023423056,2.0419269413,1.9497343743,1.4967356555,0.0000000000,0.0000000000
2016-03-03,0.0076502308,0.0051969543,2.0575481537,1.9598670547,1.4967356555,0.0000000000,0.0000000000
2016-03-04,0.0017665192,0.0011934177,2.0611828520,1.9622059948,1.4967356555,0.0000000000,0.0000000000
2016-03-07,0.0016590374,0.0011216070,2.0646024315,1.9644068188,1.4967356555,0.0000000000,0.0000000000
2016-03-08,-0.0108885771,-0.0073342048,2.0421218488,1.9499994569,1.4967356555,0.0000000000,0.0000000000
2016-03-09,0.0036123199,0.0024991426,2.0494986462,1.9548727836,1.4967356555,0.0000000000,0.0000000000
2016-03-10,0.0040922787,0.0027473057,2.0578857659,1.9602434168,1.4967356555,0.0000000000,0.0000000000
2016-03-11,0.0118924412,0.0078862639,2.0823590514,1.9757024137,1.4967356555,0.0000000000,0.0000000000
2016-03-14,-0.0053808830,-0.0035819093,2.0711541209,1.9686256270,1.4967356555,0.0000000000,0.0000000000
2016-03-15,-0.0033625687,-0.0022334318,2.0641897228,1.9642288359,1.4967356555,0.0000000000,0.0000000000
2016-03-16,0.0151869089,0.0102323646,2.0955383841,1.9843275414,1.4967356555,0.0000000000,0.0000000000
2016-03-17,0.0053602859,0.0035219961,2.1067710690,1.9913163353,1.4967356555,0.0000000000,0.0000000000
2016-03-18,-0.0003811034,-0.0002414532,2.1059681714,1.9908355255,1.4967356555,0.0000000000,0.0000000000
2016-03-21,-0.0000567865,0.0000477369,2.1058485809,1.9909305618,1.4967356555,0.0000000000,0.0000000000
2016-03-22,0.0021518330,0.0014508539,2.1103800153,1.9938191111,1.4967356555,0.0000000000,0.0000000000
2016-03-23,-0.0140252186,-0.0094298598,2.0807814742,1.9750176764,1.4967356555,0.0000000000,0.0000000000
2016-03-24,-0.0021101890,-0.0013241837,2.0763906321,1.9724023901,1.4967356555,0.0000000000,0.0000000000
2016-03-28,0.0031063574,0.0020885913,2.0828406435,1.9765219327,1.4967356555,0.0000000000,0.0000000000
2016-03-29,0.0143395201,0.0095936993,2.1127075788,1.9954840897,1.4967356555,0.0000000000,0.0000000000
2016-03-30,0.0002183921,0.0001590821,2.1131689773,1.9958015355,1.4967356555,0.0000000000,0.0000000000
2016-03-31,0.0007819118,0.0005355813,2.1148212892,1.9968704494,1.4967356555,0.0000000000,0.0000000000
2016-04-01,0.0017419410,0.0011769966,2.1185051831,1.9992207591,1.4967356555,0.0000000000,0.0000000000
2016-04-04,-0.0050956823,-0.0033913608,2.1077099537,1.9924406802,1.4967356555,0.0000000000,0.0000000000
2016-04-05,-0.0059034283,-0.0038583004,2.0952672392,1.9847532456,1.4967356555,0.0000000000,0.0000000000
2016-04-06,0.0103537416,0.0069307184,2.1169610948,1.9985090115,1.4967356555,0.0000000000,0.0000000000
2016-04-07,-0.0081772731,-0.0055229515,2.0996501258,1.9874713432,1.4967356555,0.0000000000,0.0000000000
2016-04-08,0.0038401628,0.0026515940,2.1077131241,1.9927413104,1.4967356555,0.0000000000,0.0000000000
2016-04-11,0.0031845345,0.0020681068,2.1144252091,1.9968625123,1.4967356555,0.0000000000,0.0000000000
2016-04-12,0.0102677298,0.0068732521,2.1361355559,2.0105874518,1.4967356555,0.0000000000,0.0000000000
2016-04-13,0.0079621135,0.0054055545,2.1531437097,2.0214557918,1.4967356555,0.0000000000,0.0000000000
2016-04-14,-0.0046508633,-0.0030941680,2.1431297326,2.0152010679,1.4967356555,0.0000000000,0.0000000000
2016-04-15,0.0016304816,0.0010298120,2.1466240661,2.0172763462,1.4967356555,0.0000000000,0.0000000000
2016-04-18,0.0051720606,0.0035414625,2.1577265359,2.0244204547,1.4967356555,0.0000000000,0.0000000000
2016-04-19,0.0088316902,0.0059138044,2.1767829082,2.0363924813,1.4967356555,0.0000000000,0.0000000000
2016-04-20,0.0011852718,0.0008050744,2.1793629876,2.0380319288,1.4967356555,0.0000000000,0.0000000000
2016-04-21,-0.0015069098,-0.0010663440,2.1760788842,2.0358586857,1.4967356555,0.0000000000,0.0000000000
2016-04-22,-0.0087130177,-0.0057354450,2.1571186705,2.0241821301,1.4967356555,0.0000000000,0.0000000000
2016-04-25,0.0016755961,0.0010599540,2.1607331301,2.0263276699,1.4967356555,0.0000000000,0.0000000000
2016-04-26,0.0026415486,0.0018507752,2.1664408118,2.0300779469,1.4967356555,0.0000000000,0.0000000000
2016-04-27,-0.0027848962,-0.0018474768,2.1604074991,2.0263274249,1.4967356555,0.0000000000,0.0000000000
2016-04-28,-0.0019421999,-0.0012844540,2.1562115558,2.0237247005,1.4967356555,0.0000000000,0.0000000000
2016-04-29,0.0018043622,0.0012911426,2.1601021424,2.0263376177,1.4967356555,0.0000000000,0.0000000000
2016-05-02,0.0032055174,0.0020824168,2.1670263874,2.0305572972,1.4967356555,0.0000000000,0.0000000000
2016-05-03,-0.0094682248,-0.0062403055,2.1465084945,2.0178859993,1.4967356555,0.0000000000,0.0000000000
2016-05-04,-0.0078691860,-0.0053168212,2.1296172199,2.0071572602,1.4967356555,0.0000000000,0.0000000000
2016-05-05,-0.0004863043,-0.0003117401,2.1285815779,2.0065315488,1.4967356555,0.0000000000,0.0000000000
2016-05-06,0.0078499806,0.0053303451,2.1452909019,2.0172270544,1.4967356555,0.0000000000,0.0000000000
2016-05-09,-0.0068947404,-0.0045933486,2.1304996781,2.0079612273,1.4967356555,0.0000000000,0.0000000000
2016-05-10,0.0126493815,0.0084644828,2.1574491813,2.0249575806,1.4967356555,0.0000000000,0.0000000000
2016-05-11,-0.0026185453,-0.0018814601,2.1517998030,2.0211477038,1.4967356555,0.0000000000,0.0000000000
2016-05-12,-0.0034494143,-0.0022914551,2.1443773540,2.0165163346,1.4967356555,0.0000000000,0.0000000000
2016-05-13,-0.0047699304,-0.0031737192,2.1341488232,2.0101164779,1.4967356555,0.0000000000,0.0000000000
2016-05-16,0.0099498548,0.0066608732,2.1553832940,2.0235056090,1.4967356555,0.0000000000,0.0000000000
2016-05-17,-0.0075051898,-0.0050012025,2.1392067333,2.0133856477,1.4967356555,0.0000000000,0.0000000000
2016-05-18,-0.0051293394,-0.0033411156,2.1282340158,2.0066586935,1.4967356555,0.0000000000,0.0000000000
2016-05-19,-0.0071761172,-0.0048540585,2.1129615590,1.9969182547,1.4967356555,0.0000000000,0.0000000000
2016-05-20,0.0079970974,0.0054289279,2.1298591184,2.0077593800,1.4967356555,0.0000000000,0.0000000000
2016-05-23,-0.0027577990,-0.0017569315,2.1239853950,2.0042318843,1.4967356555,0.0000000000,0.0000000000
2016-05-24,0.0095021888,0.0062166527,2.1441679053,2.0166914978,1.4967356555,0.0000000000,0.0000000000
2016-05-25,0.0069971958,0.0047608730,2.1591710680,2.0262927099,1.4967356555,0.0000000000,0.0000000000
2016-05-26,0.0013107096,0.0008888820,2.1620011143,2.0280938449,1.4967356555,0.0000000000,0.0000000000
2016-05-27,0.0046577242,0.0031975327,2.1720711191,2.0345787413,1.4967356555,0.0000000000,0.0000000000
2016-05-31,0.0099741898,0.0066771320,2.1937357687,2.0481638921,1.4967356555,0.0000000000,0.0000000000
2016-06-01,0.0024901675,0.0016769021,2.1991985382,2.0515984626,1.4967356555,0.0000000000,0.0000000000
2016-06-02,0.0025864250,0.0016687884,2.2048866002,2.0550221462,1.4967356555,0.0000000000,0.0000000000
2016-06-03,0.0120981086,0.0081686072,2.2315615577,2.0718088149,1.4967356555,0.0000000000,0.0000000000
2016-06-06,0.0074313555,0.0050509810,2.2481450849,2.0822734818,1.4967356555,0.0000000000,0.0000000000
2016-06-07,0.0008590953,0.0005871491,2.2500764558,2.0834960868,1.4967356555,0.0000000000,0.0000000000
2016-06-08,0.0080830580,0.0054136278,2.2682639543,2.0947753592,1.4967356555,0.0000000000,0.0000000000
2016-06-09,-0.0022941000,-0.0016647284,2.2630603300,2.0912881271,1.4967356555,0.0000000000,0.0000000000
2016-06-10,-0.0105186070,-0.0070145287,2.2392560878,2.0766187265,1.4967356555,0.0000000000,0.0000000000
2016-06-13,0.0153788836,0.0102881196,2.2736933467,2.0979832282,1.4967356555,0.0000000000,0.0000000000
2016-06-14,-0.0059840642,-0.0039849070,2.2600874198,2.0896229601,1.4967356555,0.0000000000,0.0000000000
2016-06-15,0.0034003753,0.0022850307,2.2677725651,2.0943978128,1.4967356555,0.0000000000,0.0000000000
2016-06-16,0.0093793234,0.0063521306,2.2890427373,2.1077017013,1.4967356555,0.0000000000,0.0000000000
2016-06-17,-0.0015025822,-0.0010631617,2.2856032625,2.1054608735,1.4967356555,0.0000000000,0.0000000000
2016-06-20,0.0039343630,0.0027142402,2.2945956555,2.1111756000,1.4967356555,0.0000000000,0.0000000000
2016-06-21,-0.0140733118,-0.0093895005,2.2623030953,2.0913527157,1.4967356555,0.0000000000,0.0000000000
2016-06-22,-0.0132465347,-0.0088371135,2.2323354189,2.0728711944,1.4967356555,0.0000000000,0.0000000000
2016-06-23,0.0165576096,0.0110756507,2.2692975573,2.0958295917,1.4967356555,0.0000000000,0.0000000000
2016-06-24,-0.0186339873,-0.0125090073,2.2270114955,2.0696128441,1.4967356555,0.0000000000,0.0000000000
2016-06-27,-0.0139460957,-0.0105503199,2.1959533799,2.0477777666,1.3100834563,0.0001119913,0.0000000000
2016-06-28,0.0123562672,0.0094410566,2.2230871666,2.0671109524,1.3100834563,0.0000000000,0.0000000000
2016-06-29,0.0121162355,0.0103492768,2.2500226141,2.0885040559,1.1790175368,0.0000786396,0.0000000000
2016-06-30,0.0135854217,0.0115286882,2.2805901202,2.1125817680,1.1790175368,0.0000000000,0.0000000000
2016-07-01,0.0063900312,0.0060967040,2.2951631623,2.1254615537,1.0644331503,0.0000687506,0.0000000000
2016-07-05,-0.0056305633,-0.0052873273,2.2822401008,2.1142235428,1.0644331503,0.0000000000,0.0000000000
2016-07-06,0.0056646493,0.0053108844,2.2951681905,2.1254519396,1.0644331503,0.0000000000,0.0000000000
2016-07-07,-0.0067089133,-0.0062871290,2.2797701062,2.1120889490,1.0644331503,0.0000000000,0.0000000000
2016-07-08,0.0140495192,0.0131881944,2.3117997800,2.1399435887,1.0644331503,0.0000000000,0.0000000000
2016-07-11,-0.0009044783,-0.0008340530,2.3097088072,2.1381587624,1.0644331503,0.0000000000,0.0000000000
2016-07-12,0.0037147781,0.0034658373,2.3182888628,2.1455692729,1.0644331503,0.0000000000,0.0000000000
2016-07-13,-0.0005454569,-0.0004968239,2.3170243362,2.1445033028,1.0644331503,0.0000000000,0.0000000000
2016-07-14,0.0030514898,0.0028824492,2.3240947123,2.1506847246,1.0644331503,0.0000000000,0.0000000000
2016-07-15,-0.0018347729,-0.0017345766,2.3198305262,2.1469541973,1.0644331503,0.0000000000,0.0000000000
2016-07-18,0.0037947023,0.0032659736,2.3286335926,2.1539660930,1.1866011231,0.0000733008,0.0000000000
2016-07-19,-0.0025001019,-0.0016892669,2.3228117713,2.1503274694,1.3621344109,0.0001053200,0.0000000000
2016-07-20,0.0003963456,0.0003326042,2.3237324076,2.1510426773,1.5000000000,0.0000827194,0.0000000000
2016-07-21,0.0007996230,0.0005463095,2.3255905176,2.1522178124,1.5000000000,0.0000000000,0.0000000000
2016-07-22,-0.0007598695,-0.0004933522,2.3238233723,2.1511560112,1.5000000000,0.0000000000,0.0000000000
2016-07-25,-0.0038151217,-0.0026032589,2.3149577033,2.1455559952,1.5000000000,0.0000000000,0.0000000000
2016-07-26,0.0019750945,0.0013299572,2.3195299636,2.1484094929,1.5000000000,0.0000000000,0.0000000000
2016-07-27,0.0059872834,0.0040778377,2.3334176469,2.1571703581,1.5000000000,0.0000000000,0.0000000000
2016-07-28,0.0008292108,0.0004929629,2.3353525421,2.1582337629,1.5000000000,0.0000000000,0.0000000000
2016-07-29,0.0067350583,0.0045763543,2.3510812775,2.1681106052,1.5000000000,0.0000000000,0.0000000000
2016-08-01,-0.0089720571,-0.0060412158,2.3299872421,2.1550125813,1.5000000000,0.0000000000,0.0000000000
2016-08-02,-0.0138255194,-0.0091306975,2.2977739583,2.1353358133,1.5000000000,0.0000000000,0.0000000000
2016-08-03,0.0056552849,0.0037103455,2.3107685246,2.1432586470,1.5000000000,0.0000000000,0.0000000000
2016-08-04,0.0046161470,0.0030906589,2.3214353718,2.1498827283,1.5000000000,0.0000000000,0.0000000000
2016-08-05,0.0017234945,0.0011622238,2.3254363528,2.1523813732,1.5000000000,0.0000000000,0.0000000000
2016-08-08,0.0027103750,0.0018201442,2.3317391572,2.1562990176,1.5000000000,0.0000000000,0.0000000000
2016-08-09,0.0028325680,0.0019016062,2.3383439669,2.1603994490,1.5000000000,0.0000000000,0.0000000000
2016-08-10,-0.0003530700,-0.0002221525,2.3375183679,2.1599195110,1.5000000000,0.0000000000,0.0000000000
2016-08-11,0.0029800809,0.0019999481,2.3444843618,2.1642392380,1.5000000000,0.0000000000,0.0000000000
2016-08-12,-0.0004108105,-0.0002606462,2.3435212230,2.1636751373,1.5000000000,0.0000000000,0.0000000000
2016-08-15,0.0019359881,0.0013038862,2.3480582521,2.1664963236,1.5000000000,0.0000000000,0.0000000000
2016-08-16,-0.0009162999,-0.0005976391,2.3459067265,2.1652015406,1.5000000000,0.0000000000,0.0000000000
2016-08-17,0.0010422002,0.0007080277,2.3483516310,2.1667345632,1.5000000000,0.0000000000,0.0000000000
2016-08-18,0.0044295004,0.0030393157,2.3587536555,2.1733199536,1.5000000000,0.0000000000,0.0000000000
2016-08-19,-0.0042298077,-0.0028797162,2.3487765810,2.1670614089,1.5000000000,0.0000000000,0.0000000000
2016-08-22,0.0007369198,0.0005045074,2.3505074410,2.1681547073,1.5000000000,0.0000000000,0.0000000000
2016-08-23,0.0017719085,0.0011944998,2.3546723250,2.1707445678,1.5000000000,0.0000000000,0.0000000000
2016-08-24,-0.0093284918,-0.0061326791,2.3327067835,2.1574320879,1.5000000000,0.0000000000,0.0000000000
2016-08-25,-0.0011936886,-0.0008556368,2.3299222580,2.1555861096,1.5000000000,0.0000000000,0.0000000000
2016-08-26,-0.0021956162,-0.0014505166,2.3248066430,2.1524593962,1.5000000000,0.0000000000,0.0000000000
2016-08-29,0.0032818867,0.0022742399,2.3324363950,2.1573546052,1.5000000000,0.0000000000,0.0000000000
2016-08-30,-0.0048277210,-0.0032052532,2.3211760427,2.1504397375,1.5000000000,0.0000000000,0.0000000000
2016-08-31,-0.0045740281,-0.0030361246,2.3105589182,2.1439107346,1.5000000000,0.0000000000,0.0000000000
2016-09-01,0.0016311236,0.0011006433,2.3143277255,2.1462704155,1.5000000000,0.0000000000,0.0000000000
2016-09-02,0.0083601088,0.0056596363,2.3336757572,2.1584175254,1.5000000000,0.0000000000,0.0000000000
2016-09-06,0.0151690114,0.0101259018,2.3690753114,2.1802734493,1.5000000000,0.0000000000,0.0000000000
2016-09-07,0.0011872834,0.0007317629,2.3718880753,2.1818688926,1.5000000000,0.0000000000,0.0000000000
2016-09-08,-0.0025148102,-0.0016633126,2.3659232269,2.1782397625,1.5000000000,0.0000000000,0.0000000000
2016-09-09,-0.0255279005,-0.0169323700,2.3055261742,2.1413570010,1.5000000000,0.0000000000,0.0000000000
2016-09-12,0.0102952394,0.0067306777,2.3292621180,2.1557697847,1.5000000000,0.0000000000,0.0000000000
2016-09-13,-0.0153611007,-0.0101544184,2.2934820881,2.1338791964,1.5000000000,0.0000000000,0.0000000000
2016-09-14,0.0019337576,0.0013023992,2.2979171265,2.1366583590,1.5000000000,0.0000000000,0.0000000000
2016-09-15,0.0089116369,0.0059543188,2.3183953296,2.1493807041,1.5000000000,0.0000000000,0.0000000000
2016-09-16,-0.0038116579,-0.0026689374,2.3095583997,2.1436441415,1.3996550196,0.0000602070,0.0000000000
2016-09-19,0.0004210166,0.0003121312,2.3105307622,2.1443132397,1.3996550196,0.0000000000,0.0000000000
2016-09-20,0.0015730911,0.0011352443,2.3141654375,2.1467475591,1.3996550196,0.0000000000,0.0000000000
2016-09-21,0.0128236503,0.0091733387,2.3438414858,2.1664404017,1.3996550196,0.0000000000,0.0000000000
2016-09-22,0.0067682568,0.0049095269,2.3597052070,2.1770765992,1.3996550196,0.0000000000,0.0000000000
2016-09-23,-0.0049513070,-0.0035261887,2.3480215821,2.1693998164,1.3996550196,0.0000000000,0.0000000000
2016-09-26,-0.0055930703,-0.0039847040,2.3348889323,2.1607554003,1.3996550196,0.0000000000,0.0000000000
2016-09-27,0.0036494866,0.0025562279,2.3434100782,2.1662787835,1.3996550196,0.0000000000,0.0000000000
2016-09-28,0.0042533745,0.0030502043,2.3533774788,2.1728863764,1.3996550196,0.0000000000,0.0000000000
2016-09-29,-0.0068663257,-0.0048943963,2.3372184225,2.1622514093,1.3996550196,0.0000000000,0.0000000000
2016-09-30,0.0056090121,0.0040812909,2.3503279088,2.1710761863,1.3996550196,0.0000000000,0.0000000000
2016-10-03,-0.0014027844,-0.0009548110,2.3470309055,2.1690032189,1.5000000000,0.0000602070,0.0000000000
2016-10-04,-0.0130618179,-0.0086216482,2.3163744153,2.1503028362,1.5000000000,0.0000000000,0.0000000000
2016-10-05,0.0042659458,0.0028571914,2.3262559430,2.1564466629,1.5000000000,0.0000000000,0.0000000000
2016-10-06,-0.0028337618,-0.0018759470,2.3196638877,2.1524012832,1.5000000000,0.0000000000,0.0000000000
2016-10-07,-0.0021150212,-0.0013967866,2.3147577494,2.1493948379,1.5000000000,0.0000000000,0.0000000000
2016-10-10,0.0064850634,0.0043366031,2.3297691001,2.1587159102,1.5000000000,0.0000000000,0.0000000000
2016-10-11,-0.0106570039,-0.0071644286,2.3049407418,2.1432499442,1.5000000000,0.0000000000,0.0000000000
2016-10-12,-0.0004832867,-0.0002359607,2.3038267947,2.1427442214,1.5000000000,0.0000000000,0.0000000000
2016-10-13,-0.0017908603,-0.0012536662,2.2997009628,2.1400579353,1.5000000000,0.0000000000,0.0000000000
2016-10-14,-0.0004309442,-0.0002740686,2.2987099200,2.1394714126,1.5000000000,0.0000000000,0.0000000000
2016-10-17,-0.0017535498,-0.0011558057,2.2946790176,2.1369985993,1.5000000000,0.0000000000,0.0000000000
2016-10-18,0.0086584011,0.0057854949,2.3145472689,2.1493621938,1.5000000000,0.0000000000,0.0000000000
2016-10-19,0.0026994946,0.0018858935,2.3207953768,2.1534156619,1.5000000000,0.0000000000,0.0000000000
2016-10-20,-0.0024113584,-0.0016673316,2.3151991074,2.1498252039,1.5000000000,0.0000000000,0.0000000000
2016-10-21,0.0014995091,0.0010129003,2.3186707696,2.1520027624,1.5000000000,0.0000000000,0.0000000000
2016-10-24,0.0081207790,0.0054270802,2.3375001826,2.1636818540,1.5000000000,0.0000000000,0.0000000000
2016-10-25,-0.0006126006,-0.0003951729,2.3360682285,2.1628268256,1.5000000000,0.0000000000,0.0000000000
2016-10-26,-0.0029519364,-0.0018817272,2.3291723037,2.1587569754,1.5000000000,0.0000000000,0.0000000000
2016-10-27,-0.0005876471,-0.0004515241,2.3278035724,2.1577822447,1.5000000000,0.0000000000,0.0000000000
2016-10-28,-0.0027988089,-0.0017796422,2.3212884951,2.1539421643,1.5000000000,0.0000000000,0.0000000000
2016-10-31,0.0017073729,0.0012242905,2.3252518002,2.1565792152,1.5000000000,0.0000000000,0.0000000000
2016-11-01,0.0004958298,0.0002709823,2.3264047294,2.1571636099,1.5000000000,0.0000000000,0.0000000000
2016-11-02,-0.0031762721,-0.0020314729,2.3190154350,2.1527813906,1.5000000000,0.0000000000,0.0000000000
2016-11-03,-0.0121623379,-0.0081677961,2.2908107858,2.1351979111,1.5000000000,0.0000000000,0.0000000000
2016-11-04,-0.0005018452,-0.0002485216,2.2896611535,2.1346672683,1.5000000000,0.0000000000,0.0000000000
2016-11-07,0.0141710232,0.0093877779,2.3221079948,2.1547070504,1.5000000000,0.0000000000,0.0000000000
2016-11-08,0.0038547563,0.0026558794,2.3310591552,2.1604296924,1.5000000000,0.0000000000,0.0000000000
2016-11-09,0.0054724665,0.0035157691,2.3438157983,2.1680252644,1.5000000000,0.0000000000,0.0000000000
2016-11-10,-0.0109903787,-0.0073136916,2.3180563750,2.1521689962,1.5000000000,0.0000000000,0.0000000000
2016-11-11,-0.0089160476,-0.0060766029,2.2973884739,2.1390911199,1.5000000000,0.0000000000,0.0000000000
2016-11-14,-0.0077873153,-0.0050324536,2.2794979854,2.1283262430,1.5000000000,0.0000000000,0.0000000000
2016-11-15,0.0137193262,0.0092324479,2.3107711619,2.1479759041,1.5000000000,0.0000000000,0.0000000000
2016-11-16,0.0035643266,0.0023894453,2.3190075051,2.1531083749,1.5000000000,0.0000000000,0.0000000000
2016-11-17,0.0026960943,0.0018834380,2.3252597680,2.1571636212,1.5000000000,0.0000000000,0.0000000000
2016-11-18,-0.0035143149,-0.0024024475,2.3170880730,2.1519811488,1.5000000000,0.0000000000,0.0000000000
2016-11-21,0.0091098817,0.0060134951,2.3381964711,2.1649220769,1.5000000000,0.0000000000,0.0000000000
2016-11-22,0.0040040075,0.0026825658,2.3475586273,2.1707296229,1.5000000000,0.0000000000,0.0000000000
2016-11-23,-0.0072887389,-0.0048459317,2.3304478855,2.1602104153,1.5000000000,0.0000000000,0.0000000000
2016-11-25,0.0006336498,0.0005086636,2.3319245734,2.1613092357,1.5000000000,0.0000000000,0.0000000000
2016-11-28,-0.0006715897,-0.0005074859,2.3303584768,2.1602124018,1.5000000000,0.0000000000,0.0000000000
2016-11-29,-0.0002488969,-0.0001527038,2.3297784578,2.1598825293,1.5000000000,0.0000000000,0.0000000000
2016-11-30,-0.0046714541,-0.0031010752,2.3188950046,2.1531845711,1.5000000000,0.0000000000,0.0000000000
2016-12-01,-0.0055367752,-0.0035249088,2.3060558042,2.1455947918,1.5000000000,0.0000000000,0.0000000000
2016-12-02,0.0071946585,0.0047369732,2.3226470882,2.1557584167,1.5000000000,0.0000000000,0.0000000000
2016-12-05,0.0024123011,0.0016214282,2.3282500123,2.1592538243,1.5000000000,0.0000000000,0.0000000000
2016-12-06,0.0031829249,0.0022078867,2.3356606573,2.1640212120,1.5000000000,0.0000000000,0.0000000000
2016-12-07,0.0128167886,0.0085577533,2.3655963262,2.1825403716,1.5000000000,0.0000000000,0.0000000000
2016-12-08,0.0016944604,0.0011428678,2.3696047356,2.1850347267,1.5000000000,0.0000000000,0.0000000000
2016-12-09,0.0026505455,0.0017802578,2.3758854808,2.1889246519,1.5000000000,0.0000000000,0.0000000000
2016-12-12,-0.0001815619,-0.0001805071,2.3754541105,2.1885295355,1.5000000000,0.0000000000,0.0000000000
2016-12-13,0.0076461461,0.0051833675,2.3936171798,2.1998734883,1.5000000000,0.0000000000,0.0000000000
2016-12-14,-0.0117887475,-0.0078459375,2.3653994312,2.1826134184,1.5000000000,0.0000000000,0.0000000000
2016-12-15,-0.0016232379,-0.0010689311,2.3615598252,2.1802803551,1.5000000000,0.0000000000,0.0000000000
2016-12-16,0.0010860621,0.0006645755,2.3641246258,2.1817293161,1.5000000000,0.0000000000,0.0000000000
2016-12-19,0.0043113919,0.0029601980,2.3743172936,2.1881876669,1.5000000000,0.0000000000,0.0000000000
2016-12-20,0.0033331013,0.0021626017,2.3822311337,2.1929198452,1.5000000000,0.0000000000,0.0000000000
2016-12-21,0.0036084520,0.0024915714,2.3908273005,2.1983836616,1.5000000000,0.0000000000,0.0000000000
2016-12-22,0.0016746396,0.0010569606,2.3948310745,2.2007072665,1.5000000000,0.0000000000,0.0000000000
2016-12-23,0.0108029339,0.0072151835,2.4207022763,2.2165857731,1.5000000000,0.0000000000,0.0000000000
2016-12-27,0.0066230376,0.0045012951,2.4367346786,2.2265632799,1.5000000000,0.0000000000,0.0000000000
2016-12-28,0.0010789277,0.0007254054,2.4393637391,2.2281784410,1.5000000000,0.0000000000,0.0000000000
2016-12-29,0.0028422418,0.0019810263,2.4462970007,2.2325925211,1.5000000000,0.0000000000,0.0000000000
2016-12-30,-0.0071093919,-0.0048722770,2.4289053167,2.2217147120,1.5000000000,0.0000000000,0.0000988981
2017-01-03,0.0147388396,0.0099850943,2.4647045625,2.2438987430,1.5000000000,0.0000000000,0.0000000000
2017-01-04,0.0161011426,0.0107473226,2.5043891220,2.2680146466,1.5000000000,0.0000000000,0.0000000000
2017-01-05,-0.0035530422,-0.0024284222,2.4954909217,2.2625069494,1.5000000000,0.0000000000,0.0000000000
2017-01-06,-0.0073983155,-0.0048460119,2.4770284926,2.2515428138,1.5000000000,0.0000000000,0.0000000000
2017-01-09,0.0003215953,0.0002276244,2.4778250934,2.2520553198,1.5000000000,0.0000000000,0.0000000000
2017-01-10,0.0020120181,0.0012816180,2.4828105222,2.2549415944,1.5000000000,0.0000000000,0.0000000000
2017-01-11,-0.0050322946,-0.0032686647,2.4703162881,2.2475709465,1.5000000000,0.0000000000,0.0000000000
2017-01-12,0.0022441739,0.0015093435,2.4758601076,2.2509633030,1.5000000000,0.0000000000,0.0000000000
2017-01-13,0.0042899616,0.0028732019,2.4864814525,2.2574307751,1.5000000000,0.0000000000,0.0000000000
2017-01-17,0.0075532899,0.0050487541,2.5052625676,2.2688279880,1.5000000000,0.0000000000,0.0000000000
2017-01-18,-0.0041768162,-0.0028442716,2.4947985463,2.2623748250,1.5000000000,0.0000000000,0.0000000000
2017-01-19,-0.0020527630,-0.0013552812,2.4896773160,2.2593086710,1.5000000000,0.0000000000,0.0000000000
2017-01-20,0.0038286684,0.0026386440,2.4992094648,2.2652701823,1.5000000000,0.0000000000,0.0000000000
2017-01-23,0.0036523518,0.0023751737,2.5083374569,2.2706505925,1.5000000000,0.0000000000,0.0000000000
2017-01-24,0.0026417504,0.0017743944,2.5149638583,2.2746796223,1.5000000000,0.0000000000,0.0000000000
2017-01-25,0.0059524532,0.0040545006,2.5299340630,2.2839023121,1.5000000000,0.0000000000,0.0000000000
2017-01-26,-0.0011787022,-0.0006997915,2.5269520241,2.2823040567,1.5000000000,0.0000000000,0.0000000000
2017-01-27,0.0001438869,-0.0000365535,2.5273156193,2.2822206304,1.5000000000,0.0000000000,0.0000000000
2017-01-30,-0.0061724840,-0.0039559925,2.5117158041,2.2731921828,1.5000000000,0.0000000000,0.0000000000
2017-01-31,0.0079028376,0.0052090193,2.5315654862,2.2850332848,1.5000000000,0.0000000000,0.0000000000
2017-02-01,0.0038009810,0.0025689461,2.5411879185,2.2909034121,1.5000000000,0.0000000000,0.0000000000
2017-02-02,0.0035965190,0.0024109069,2.5503273492,2.2964265669,1.5000000000,0.0000000000,0.0000000000
2017-02-03,0.0064903905,0.0042672733,2.5668799695,2.3062260466,1.5000000000,0.0000000000,0.0000000000
2017-02-06,0.0024455027,0.0017894950,2.5731572815,2.3103530265,1.5000000000,0.0000000000,0.0000000000
2017-02-07,0.0020930276,0.0014085793,2.5785429708,2.3136073419,1.5000000000,0.0000000000,0.0000000000
2017-02-08,0.0037169529,0.0024911961,2.5881272936,2.3193709915,1.5000000000,0.0000000000,0.0000000000
2017-02-09,-0.0027082850,-0.0017922958,2.5811179074,2.3152139927,1.5000000000,0.0000000000,0.0000000000
2017-02-10,0.0047077565,0.0030787287,2.5932691819,2.3223419083,1.5000000000,0.0000000000,0.0000000000
2017-02-13,0.0022890151,0.0015392376,2.5992052143,2.3259165443,1.5000000000,0.0000000000,0.0000000000
2017-02-14,0.0036171119,0.0024976546,2.6086068304,2.3317258805,1.5000000000,0.0000000000,0.0000000000
2017-02-15,0.0062041991,0.0040763571,2.6247911465,2.3412308277,1.5000000000,0.0000000000,0.0000000000
2017-02-16,0.0024339001,0.0016358276,2.6311796259,2.3450606777,1.5000000000,0.0000000000,0.0000000000
2017-02-17,0.0024942033,0.0017490489,2.6377423228,2.3491623034,1.5000000000,0.0000000000,0.0000000000
2017-02-21,0.0101054022,0.0066771591,2.6643977699,2.3648480340,1.5000000000,0.0000000000,0.0000000000
2017-02-22,0.0000349994,0.0000365604,2.6644910222,2.3649344939,1.5000000000,0.0000000000,0.0000000000
2017-02-23,0.0051898305,0.0034731145,2.6783192789,2.3731481821,1.5000000000,0.0000000000,0.0000000000
2017-02-24,0.0029224141,0.0019615036,2.6861464369,2.3778031208,1.5000000000,0.0000000000,0.0000000000
2017-02-27,-0.0006277005,-0.0004052395,2.6844603413,2.3768395410,1.5000000000,0.0000000000,0.0000000000
2017-02-28,-0.0027195083,-0.0016538777,2.6771599291,2.3729085392,1.5000000000,0.0000000000,0.0000000000
2017-03-01,0.0134327907,0.0088370995,2.7131216582,2.3938781680,1.5000000000,0.0000000000,0.0000000000
2017-03-02,-0.0078841060,-0.0052428432,2.6917311194,2.3813274402,1.5000000000,0.0000000000,0.0000000000
2017-03-03,0.0038473700,0.0026513637,2.7020872048,2.3876412055,1.5000000000,0.0000000000,0.0000000000
2017-03-06,-0.0043740520,-0.0028300486,2.6902681347,2.3808840648,1.5000000000,0.0000000000,0.0000000000
2017-03-07,-0.0081452365,-0.0055628637,2.6683552644,2.3676395311,1.5000000000,0.0000000000,0.0000000000
2017-03-08,-0.0097405832,-0.0064804946,2.6423639280,2.3522960559,1.5000000000,0.0000000000,0.0000000000
2017-03-09,0.0011984902,0.0008122210,2.6455307753,2.3542066401,1.5000000000,0.0000000000,0.0000000000
2017-03-10,-0.0012037119,-0.0007160242,2.6423463185,2.3525209713,1.5000000000,0.0000000000,0.0000000000
2017-03-13,0.0100121045,0.0066147570,2.6688017659,2.3680823259,1.5000000000,0.0000000000,0.0000000000
2017-03-14,-0.0043314509,-0.0028744064,2.6572419821,2.3612754949,1.5000000000,0.0000000000,0.0000000000
2017-03-15,0.0146624319,0.0098614050,2.6962036117,2.3845609889,1.5000000000,0.0000000000,0.0000000000
2017-03-16,-0.0043671435,-0.0028254429,2.6844289035,2.3778235479,1.5000000000,0.0000000000,0.0000000000
2017-03-17,-0.0057779996,-0.0038387722,2.6689182745,2.3686956250,1.5000000000,0.0000000000,0.0000000000
2017-03-20,-0.0024648792,-0.0017027680,2.6623397133,2.3646622859,1.5000000000,0.0000000000,0.0000000000
2017-03-21,-0.0048264590,-0.0031316532,2.6494900399,2.3572569836,1.5000000000,0.0000000000,0.0000000000
2017-03-22,-0.0011918029,-0.0007813077,2.6463323700,2.3554152404,1.5000000000,0.0000000000,0.0000000000
2017-03-23,-0.0023650180,-0.0016361939,2.6400737463,2.3515613245,1.5000000000,0.0000000000,0.0000000000
2017-03-24,-0.0061765484,-0.0040317128,2.6237672030,2.3420805045,1.5000000000,0.0000000000,0.0000000000
2017-03-27,0.0102474974,0.0068448925,2.6506542507,2.3581117937,1.5000000000,0.0000000000,0.0000000000
2017-03-28,0.0048289236,0.0032325099,2.6634540575,2.3657344134,1.5000000000,0.0000000000,0.0000000000
2017-03-29,0.0032702823,0.0021934157,2.6721643042,2.3709234525,1.5000000000,0.0000000000,0.0000000000
2017-03-30,-0.0014582628,-0.0009589477,2.6682675863,2.3686498608,1.5000000000,0.0000000000,0.0000000000
2017-03-31,0.0025299409,0.0016271121,2.6750181456,2.3725039197,1.5000000000,0.0000000000,0.0000000000
2017-04-03,0.0059475684,0.0040071697,2.6909279991,2.3820109454,1.5000000000,0.0000000000,0.0000000000
2017-04-04,0.0010653586,0.0007234666,2.6937948024,2.3837342507,1.5000000000,0.0000000000,0.0000000000
2017-04-05,-0.0035757991,-0.0023706385,2.6841623334,2.3780832784,1.5000000000,0.0000000000,0.0000000000
2017-04-06,0.0049723928,0.0033281560,2.6975090427,2.3859979106,1.5000000000,0.0000000000,0.0000000000
2017-04-07,-0.0010306852,-0.0006738960,2.6947287601,2.3843899963,1.5000000000,0.0000000000,0.0000000000
2017-04-10,0.0019586692,0.0013190070,2.7000068422,2.3875350233,1.5000000000,0.0000000000,0.0000000000
2017-04-11,0.0037883890,0.0026119173,2.7102355185,2.3937710672,1.5000000000,0.0000000000,0.0000000000
2017-04-12,-0.0014224405,-0.0010081472,2.7063803697,2.3913577936,1.5000000000,0.0000000000,0.0000000000
2017-04-13,-0.0057944787,-0.0037766612,2.6906983063,2.3823264454,1.5000000000,0.0000000000,0.0000000000
2017-04-17,0.0082461334,0.0055106498,2.7128861635,2.3954546121,1.5000000000,0.0000000000,0.0000000000
2017-04-18,-0.0000968576,0.0000216334,2.7126233999,2.3955064340,1.5000000000,0.0000000000,0.0000000000
2017-04-19,-0.0043496110,-0.0028865132,2.7008245433,2.3885917731,1.5000000000,0.0000000000,0.0000000000
2017-04-20,0.0086454927,0.0057768893,2.7241745022,2.4023904034,1.5000000000,0.0000000000,0.0000000000
2017-04-21,-0.0019232293,-0.0012689253,2.7189352901,2.3993419493,1.5000000000,0.0000000000,0.0000000000
2017-04-24,0.0116549613,0.0077102401,2.7506243757,2.4178414518,1.5000000000,0.0000000000,0.0000000000
2017-04-25,0.0041568030,0.0027844295,2.7620581794,2.4245737609,1.5000000000,0.0000000000,0.0000000000
2017-04-26,0.0012088247,0.0008920883,2.7653970236,2.4267366948,1.5000000000,0.0000000000,0.0000000000
2017-04-27,0.0039709657,0.0025875763,2.7763783202,2.4330160611,1.5000000000,0.0000000000,0.0000000000
2017-04-28,-0.0001396804,0.0000658901,2.7759905146,2.4331763729,1.5000000000,0.0000000000,0.0000000000
2017-05-01,0.0092039953,0.0061273096,2.8015407182,2.4480851979,1.5000000000,0.0000000000,0.0000000000
2017-05-02,0.0036661310,0.0023843988,2.8118115334,2.4539224093,1.5000000000,0.0000000000,0.0000000000
2017-05-03,-0.0033498915,-0.0022200335,2.8023922698,2.4484746193,1.5000000000,0.0000000000,0.0000000000
2017-05-04,0.0004773052,0.0004043630,2.8037298663,2.4494646919,1.5000000000,0.0000000000,0.0000000000
2017-05-05,0.0071038877,0.0046762366,2.8236472484,2.4609189683,1.5000000000,0.0000000000,0.0000000000
2017-05-08,0.0101300769,0.0068395441,2.8522510121,2.4777505322,1.5000000000,0.0000000000,0.0000000000
2017-05-09,0.0017003452,0.0011467910,2.8571008235,2.4805919942,1.5000000000,0.0000000000,0.0000000000
2017-05-10,0.0043356247,0.0029765600,2.8694881404,2.4879756252,1.5000000000,0.0000000000,0.0000000000
2017-05-11,0.0040592382,0.0027193863,2.8811360763,2.4947413920,1.5000000000,0.0000000000,0.0000000000
2017-05-12,-0.0071538450,-0.0048289026,2.8605248753,2.4826945288,1.5000000000,0.0000000000,0.0000000000
2017-05-15,0.0062742032,0.0042689457,2.8784723895,2.4932930169,1.5000000000,0.0000000000,0.0000000000
2017-05-16,0.0026015230,0.0017475762,2.8859608017,2.4976502364,1.5000000000,0.0000000000,0.0000000000
2017-05-17,-0.0051797639,-0.0033669105,2.8710122061,2.4892408716,1.5000000000,0.0000000000,0.0000000000
2017-05-18,0.0053688315,0.0035924485,2.8864261868,2.4981833412,1.5000000000,0.0000000000,0.0000000000
2017-05-19,0.0153581818,0.0101789934,2.9307564448,2.5236123330,1.5000000000,0.0000000000,0.0000000000
2017-05-22,0.0190174059,0.0127645360,2.9864918296,2.5558250735,1.5000000000,0.0000000000,0.0000000000
2017-05-23,0.0088934056,0.0059421646,3.0130519127,2.5710122067,1.5000000000,0.0000000000,0.0000000000
2017-05-24,0.0120635277,0.0079825574,3.0493999478,2.5915354592,1.5000000000,0.0000000000,0.0000000000
2017-05-25,-0.0059917399,-0.0039082278,3.0311287366,2.5814071482,1.5000000000,0.0000000000,0.0000000000
2017-05-26,-0.0045770250,-0.0029653072,3.0172551846,2.5737524829,1.5000000000,0.0000000000,0.0000000000
2017-05-30,-0.0027147645,-0.0019424208,3.0090640472,2.5687531725,1.5000000000,0.0000000000,0.0000000000
2017-05-31,0.0075555582,0.0050502663,3.0317992056,2.5817260600,1.5000000000,0.0000000000,0.0000000000
2017-06-01,0.0131813193,0.0089248348,3.0717623191,2.6047675387,1.5000000000,0.0000000000,0.0000000000
2017-06-02,0.0135435542,0.0089692529,3.1133648985,2.6281303575,1.5000000000,0.0000000000,0.0000000000
2017-06-05,0.0116377113,0.0078447285,3.1495973404,2.6487473265,1.5000000000,0.0000000000,0.0000000000
2017-06-06,0.0120618744,0.0079814664,3.1875873880,2.6698882142,1.5000000000,0.0000000000,0.0000000000
2017-06-07,-0.0091858260,-0.0059646375,3.1583067648,2.6539632989,1.5000000000,0.0000000000,0.0000000000
2017-06-08,0.0036907154,0.0024007441,3.1699631763,2.6603347857,1.5000000000,0.0000000000,0.0000000000
2017-06-09,-0.0092072254,-0.0060519464,3.1407766109,2.6442345821,1.5000000000,0.0000000000,0.0000000000
2017-06-12,-0.0135715360,-0.0091074235,3.0981514479,2.6201524179,1.5000000000,0.0000000000,0.0000000000
2017-06-13,0.0089009089,0.0066222666,3.1257278119,2.6375037659,1.3703001129,0.0000778199,0.0000000000
2017-06-14,-0.0173980791,-0.0118169623,3.0713461521,2.6063364833,1.4742121963,0.0000623473,0.0000000000
2017-06-15,-0.0063666969,-0.0047908336,3.0517918220,2.5938499588,1.3052431275,0.0001013814,0.0000000000
2017-06-16,0.0033611364,0.0026867084,3.0620493105,2.6008188773,1.3052431275,0.0000000000,0.0000000000
2017-06-19,0.0102154446,0.0077846453,3.0933295058,2.6210653297,1.3052431275,0.0000000000,0.0000000000
2017-06-20,0.0010941128,0.0008475246,3.0967139572,2.6232867470,1.3052431275,0.0000000000,0.0000000000
2017-06-21,0.0005910959,0.0005132577,3.0985444122,2.6246331690,1.3052431275,0.0000000000,0.0000000000
2017-06-22,0.0015349609,0.0012363076,3.1033005568,2.6278780229,1.3052431275,0.0000000000,0.0000000000
2017-06-23,0.0050675871,0.0038407452,3.1190268028,2.6379710328,1.3052431275,0.0000000000,0.0000000000
2017-06-26,-0.0190793315,-0.0129475179,3.0595178566,2.6038158557,1.4723698087,0.0001002760,0.0000000000
2017-06-27,-0.0033192193,-0.0023659486,3.0493626458,2.5976553611,1.3709776551,0.0000608353,0.0000000000
2017-06-28,0.0108292691,0.0075495542,3.0823850144,2.6172665011,1.4722863765,0.0000607852,0.0000000000
2017-06-29,-0.0136033326,-0.0092968515,3.0404543059,2.5929341630,1.4722863765,0.0000000000,0.0000000000
2017-06-30,-0.0021449406,-0.0014670017,3.0339327121,2.5891303243,1.3507581846,0.0000729169,0.0000000000
2017-07-03,0.0001357355,0.0001393201,3.0343445244,2.5894910422,1.3507581846,0.0000000000,0.0000000000
2017-07-05,0.0055442964,0.0040581055,3.0511678297,2.5999994700,1.3507581846,0.0000000000,0.0000000000
2017-07-06,-0.0077798155,-0.0051161558,3.0274303070,2.5866974676,1.4810600454,0.0000781811,0.0000000000
2017-07-07,-0.0024445891,-0.0016376780,3.0200294838,2.5824612901,1.4810600454,0.0000000000,0.0000000000
2017-07-10,-0.0061622584,-0.0041478188,3.0014192816,2.5717497085,1.4810600454,0.0000000000,0.0000000000
2017-07-11,-0.0004324168,-0.0002790752,3.0001214176,2.5710319970,1.4810600454,0.0000000000,0.0000000000
2017-07-12,0.0133667397,0.0089669839,3.0402232595,2.5940863997,1.4810600454,0.0000000000,0.0000000000
2017-07-13,-0.0013612800,-0.0009062363,3.0360846643,2.5917355444,1.4810600454,0.0000000000,0.0000000000
2017-07-14,-0.0005450817,-0.0002129701,3.0344297502,2.5911835822,1.4810600454,0.0000000000,0.0000000000
2017-07-17,0.0004590375,0.0002517208,3.0358226674,2.5918358369,1.4810600454,0.0000000000,0.0000000000
2017-07-18,0.0105137056,0.0071116599,3.0677404132,2.6102680919,1.4810600454,0.0000000000,0.0000000000
2017-07-19,0.0023749908,0.0016164642,3.0750262685,2.6144874967,1.4810600454,0.0000000000,0.0000000000
2017-07-20,0.0368860336,0.0249180467,3.1884517908,2.6796354181,1.4810600454,0.0000000000,0.0000000000
2017-07-21,-0.0075987073,-0.0061857414,3.1642236789,2.6630598863,1.1998657958,0.0001687165,0.0000000000
2017-07-24,0.0056161223,0.0046872355,3.1819943461,2.6755422750,1.1998657958,0.0000000000,0.0000000000
2017-07-25,-0.0094503762,-0.0078695843,3.1519233024,2.6544868695,1.1998657958,0.0000000000,0.0000000000
2017-07-26,0.0010596590,0.0009262323,3.1552632664,2.6569455409,1.1998657958,0.0000000000,0.0000000000
2017-07-27,0.0049899416,0.0042017057,3.1710078459,2.6681092442,1.1998657958,0.0000000000,0.0000000000
2017-07-28,0.0083950647,0.0069669418,3.1976286620,2.6866978061,1.1998657958,0.0000000000,0.0000000000
2017-07-31,0.0025899553,0.0021651476,3.2059103773,2.6925149033,1.1998657958,0.0000000000,0.0000000000
2017-08-01,-0.0063681990,-0.0052571631,3.1854945021,2.6783599133,1.1998657958,0.0000000000,0.0000000000
2017-08-02,-0.0002347762,-0.0001525504,3.1847466237,2.6779513283,1.1998657958,0.0000000000,0.0000000000
2017-08-03,0.0034103944,0.0028489233,3.1956078658,2.6855806062,1.1998657958,0.0000000000,0.0000000000
2017-08-04,0.0045329958,0.0037845291,3.2100935429,2.6957442642,1.1998657958,0.0000000000,0.0000000000
2017-08-07,0.0272234427,0.0226953498,3.2974833406,2.7569251231,1.1998657958,0.0000000000,0.0000000000
2017-08-08,0.0005623360,0.0006434370,3.2993376341,2.7586990306,1.0322478627,0.0001005708,0.0000000000
2017-08-09,-0.0020384347,-0.0019735134,3.2926121499,2.7532547011,1.0322478627,0.0000000000,0.0000000000
2017-08-10,-0.0076865145,-0.0074451449,3.2673034387,2.7327563210,1.0322478627,0.0000000000,0.0000000000
2017-08-11,0.0174968039,0.0140874629,3.3244708064,2.7712539244,1.2562512799,0.0001344021,0.0000000000
2017-08-14,0.0411282132,0.0327023552,3.4612003507,2.8618804545,1.2562512799,0.0000000000,0.0000000000
2017-08-15,-0.0063534481,-0.0071970590,3.4392097939,2.8412833320,0.8536663169,0.0002415510,0.0000000000
2017-08-16,0.0089393898,0.0105092264,3.4699542310,2.8711430218,0.8536663169,0.0000000000,0.0000000000
2017-08-17,-0.0084666294,-0.0099554346,3.4405754145,2.8425595453,0.8536663169,0.0000000000,0.0000000000
2017-08-18,-0.0058260740,-0.0067873021,3.4205303676,2.8232662349,0.8536663169,0.0000000000,0.0000000000
2017-08-21,-0.0053591223,-0.0063152452,3.4021993270,2.8054366165,0.8536663169,0.0000000000,0.0000000000
2017-08-22,0.0082351547,0.0096093777,3.4302169646,2.8323951166,0.8536663169,0.0000000000,0.0000000000
2017-08-23,0.0014195808,0.0016629223,3.4350864347,2.8371051697,0.8536663169,0.0000000000,0.0000000000
2017-08-24,0.0048043541,0.0056279064,3.4515898064,2.8530721320,0.8536663169,0.0000000000,0.0000000000
2017-08-25,0.0022647416,0.0026903805,3.4594067655,2.8607479817,0.8536663169,0.0000000000,0.0000000000
2017-08-28,0.0027196859,0.0031484589,3.4688152654,2.8697549292,0.8536663169,0.0000000000,0.0000000000
2017-08-29,0.0073183903,0.0085728934,3.4942014094,2.8943570323,0.8536663169,0.0000000000,0.0000000000
2017-08-30,0.0022205521,0.0026011944,3.5019604655,2.9018858176,0.8536663169,0.0000000000,0.0000000000
2017-08-31,0.0105394607,0.0123086205,3.5388692401,2.9376040287,0.8536663169,0.0000000000,0.0000000000
2017-09-01,0.0068035402,0.0079585311,3.5629460792,2.9609830418,0.8536663169,0.0000000000,0.0000000000
2017-09-05,-0.0189947559,-0.0221757982,3.4952687882,2.8953208793,0.8536663169,0.0000000000,0.0000000000
2017-09-06,0.0100184323,0.0101715822,3.5302859020,2.9247708737,0.9928453439,0.0000835074,0.0000000000
2017-09-07,0.0028235083,0.0028438551,3.5402536937,2.9330884984,0.9928453439,0.0000000000,0.0000000000
2017-09-08,-0.0172294114,-0.0173519938,3.4792572065,2.8821935651,0.9928453439,0.0000000000,0.0000000000
2017-09-11,0.0008696704,0.0008759374,3.4822830134,2.8847181863,0.9928453439,0.0000000000,0.0000000000
2017-09-12,0.0006180439,0.0006193427,3.4844352174,2.8865048154,0.9928453439,0.0000000000,0.0000000000
2017-09-13,-0.0109237318,-0.0110024505,3.4463721817,2.8547461889,0.9928453439,0.0000000000,0.0000000000
2017-09-14,-0.0297073192,-0.0299198189,3.3439897033,2.7693327000,0.9928453439,0.0000000000,0.0000000000
2017-09-15,0.0154778275,0.0208706283,3.3957473991,2.8271304135,0.7486289856,0.0001465298,0.0000000000
2017-09-18,0.0126271104,0.0168669803,3.4386258762,2.8748155665,0.7486289856,0.0000000000,0.0000000000
2017-09-19,-0.0034200581,-0.0047153023,3.4268655759,2.8612599419,0.7486289856,0.0000000000,0.0000000000
2017-09-20,-0.0016030681,-0.0021413385,3.4213720771,2.8551330159,0.7486289856,0.0000000000,0.0000000000
2017-09-21,-0.0108087902,-0.0144381135,3.3843911840,2.8139102814,0.7486289856,0.0000000000,0.0000000000
2017-09-22,0.0004547385,0.0008084963,3.3859301970,2.8161853174,0.6417595134,0.0000641217,0.0000000000
2017-09-25,0.0072111648,0.0112365530,3.4103466977,2.8478295331,0.6417595134,0.0000000000,0.0000000000
2017-09-26,-0.0018130802,-0.0028251707,3.4041634657,2.8397839286,0.6417595134,0.0000000000,0.0000000000
2017-09-27,0.0087003250,0.0135569865,3.4337807944,2.8782828409,0.6417595134,0.0000000000,0.0000000000
2017-09-28,-0.0003424893,-0.0004117829,3.4326047613,2.8770976131,0.6417595134,0.0000000000,0.0000000000
2017-09-29,0.0011563748,0.0015578772,3.4365741389,2.8815797780,0.6417595134,0.0000000000,0.0000000000
2017-10-02,0.0065114440,0.0101216227,3.4589511989,2.9107460414,0.6417595134,0.0000000000,0.0000000000
2017-10-03,-0.0012179737,-0.0018978662,3.4547382874,2.9052218349,0.6417595134,0.0000000000,0.0000000000
2017-10-04,-0.0017902467,-0.0026671588,3.4485534536,2.8974731469,0.6417595134,0.0000000000,0.0000000000
2017-10-05,0.0052448538,0.0070699081,3.4666406123,2.9179580157,0.7424043304,0.0000603869,0.0000000000
2017-10-06,0.0011987231,0.0013542816,3.4707961546,2.9219097526,0.9989717594,0.0001539405,0.0000000000
2017-10-09,0.0188061559,0.0163209739,3.5360684883,2.9695981654,1.1585200431,0.0000957290,0.0000000000
2017-10-10,0.0031424714,0.0027179175,3.5471804824,2.9776692882,1.1585200431,0.0000000000,0.0000000000
2017-10-11,0.0040979282,0.0035426394,3.5617165734,2.9882180966,1.1585200431,0.0000000000,0.0000000000
2017-10-12,0.0271369584,0.0234891657,3.6583707280,3.0584088466,1.1585200431,0.0000000000,0.0000000000
2017-10-13,0.0121657309,0.0105065264,3.7028774817,3.0905420997,1.1585200431,0.0000000000,0.0000000000
2017-10-16,0.0034929339,0.0029905350,3.7158113880,3.0997844740,1.1585200431,0.0000000000,0.0000000000
2017-10-17,-0.0059606049,-0.0051096891,3.6936629043,3.0839455390,1.1585200431,0.0000000000,0.0000000000
2017-10-18,-0.0013289425,-0.0011416738,3.6887542386,3.0804246791,1.1585200431,0.0000000000,0.0000000000
2017-10-19,0.0048694895,0.0042086281,3.7067165888,3.0933890410,1.1585200431,0.0000000000,0.0000000000
2017-10-20,0.0140493342,0.0121622879,3.7587934888,3.1310117291,1.1585200431,0.0000000000,0.0000000000
2017-10-23,-0.0059558107,-0.0051653334,3.7364068265,3.1148390096,1.1585200431,0.0000000000,0.0000000000
2017-10-24,-0.0167910523,-0.0144282817,3.6736686241,3.0698972351,1.1585200431,0.0000000000,0.0000000000
2017-10-25,0.0061525375,0.0062101372,3.6962710079,3.0889617181,1.0055405831,0.0000917877,0.0000000000
2017-10-26,0.0045088549,0.0044842295,3.7129369575,3.1028133314,1.0055405831,0.0000000000,0.0000000000
2017-10-27,0.0038614532,0.0038403950,3.7272742897,3.1147293602,1.0055405831,0.0000000000,0.0000000000
2017-10-30,0.0132405154,0.0131665732,3.7766253224,3.1557396725,1.0055405831,0.0000000000,0.0000000000
2017-10-31,0.0134990245,0.0134260679,3.8276060801,3.1981088477,1.0055405831,0.0000000000,0.0000000000
2017-11-01,0.0118789466,0.0118143163,3.8730740083,3.2358923172,1.0055405831,0.0000000000,0.0000000000
2017-11-02,0.0114346862,0.0113706904,3.9173613942,3.2726866468,1.0055405831,0.0000000000,0.0000000000
2017-11-03,0.0076571647,0.0066957201,3.9473572756,3.2945996407,1.1582090914,0.0000916011,0.0000000000
2017-11-06,-0.0041127912,-0.0035155998,3.9311226195,3.2830171468,1.1582090914,0.0000000000,0.0000000000
2017-11-07,0.0038663612,0.0033436444,3.9463217593,3.2939943886,1.1582090914,0.0000000000,0.0000000000
2017-11-08,0.0146552015,0.0126587503,4.0041559000,3.3356922410,1.1582090914,0.0000000000,0.0000000000
2017-11-09,-0.0148903895,-0.0128809359,3.9445324590,3.2927254030,1.1582090914,0.0000000000,0.0000000000
2017-11-10,-0.0204869156,-0.0200447998,3.8637211553,3.2267233813,1.0176203886,0.0000843532,0.0000000000
2017-11-13,-0.0017546376,-0.0019196506,3.8569417248,3.2205291998,0.8669456832,0.0000904048,0.0000000000
2017-11-14,0.0011408305,0.0013159192,3.8613418415,3.2247671561,0.8669456832,0.0000000000,0.0000000000
2017-11-15,0.0210323686,0.0217681158,3.9425550064,3.2949642609,0.9690140298,0.0000612410,0.0000000000
2017-11-16,0.0236452364,0.0243943505,4.0357776515,3.3753427739,0.9690140298,0.0000000000,0.0000000000
2017-11-17,-0.0040383762,-0.0049366839,4.0194796630,3.3586797737,0.7863881287,0.0001095755,0.0000000000
2017-11-20,0.0122808955,0.0155575011,4.0688424727,3.4109324380,0.7863881287,0.0000000000,0.0000000000
2017-11-21,0.0002096034,0.0002071881,4.0696953157,3.4116391427,0.7863881287,0.0000000000,0.0000000000
2017-11-22,0.0061531566,0.0078245798,4.0947367885,3.4383337853,0.7863881287,0.0000000000,0.0000000000
2017-11-24,0.0010332945,0.0013733134,4.0989678574,3.4430556952,0.7863881287,0.0000000000,0.0000000000
2017-11-27,0.0409947369,0.0521304117,4.2670039664,3.6225436062,0.7863881287,0.0000000000,0.0000000000
2017-11-28,0.0057799367,0.0105487406,4.2916669791,3.6607568789,0.5428280418,0.0001461361,0.0000000000
2017-11-29,-0.0054330087,-0.0098245138,4.2683503151,3.6247917225,0.5428280418,0.0000000000,0.0000000000
2017-11-30,0.0071295550,0.0131340949,4.2987817536,3.6724000812,0.5428280418,0.0000000000,0.0000000000
2017-12-01,0.0125079221,0.0229867693,4.3525505810,3.7568166946,0.5428280418,0.0000000000,0.0000000000
2017-12-04,0.0098407612,0.0180363174,4.3953829917,3.8245758328,0.5428280418,0.0000000000,0.0000000000
2017-12-05,0.0035246785,0.0064011613,4.4108753038,3.8490575595,0.5428280418,0.0000000000,0.0000000000
2017-12-06,0.0384710072,0.0709634497,4.5805661195,4.1221999622,0.5428280418,0.0000000000,0.0000000000
2017-12-07,0.0550184807,0.1012632506,4.8325819082,4.5396273299,0.5428280418,0.0000000000,0.0000000000
2017-12-08,-0.0172501697,-0.0318702510,4.7492190502,4.3949482677,0.5428280418,0.0000000000,0.0000000000
2017-12-11,0.0059603892,0.0110721619,4.7775262442,4.4436098465,0.5428280418,0.0000000000,0.0000000000
2017-12-12,0.0067561787,0.0123543405,4.8098040651,4.4985077156,0.5428280418,0.0000000000,0.0000000000
2017-12-13,-0.0133900685,-0.0245753291,4.7454004590,4.3879554080,0.5428280418,0.0000000000,0.0000000000
2017-12-14,0.0016258901,0.0029033022,4.7531159584,4.4006949685,0.5428280418,0.0000000000,0.0000000000
2017-12-15,0.0181327149,0.0333119048,4.8393028551,4.5472905005,0.5428280418,0.0000000000,0.0000000000
2017-12-18,0.0212841233,0.0391175388,4.9423031740,4.7251693132,0.5428280418,0.0000000000,0.0000000000
2017-12-19,-0.0186038833,-0.0342908555,4.8503571424,4.5631392152,0.5428280418,0.0000000000,0.0000000000
2017-12-20,-0.0158961454,-0.0292839430,4.7732551598,4.4295125064,0.5428280418,0.0000000000,0.0000000000
2017-12-21,-0.0111905073,-0.0206151976,4.7198400130,4.3381972310,0.5428280418,0.0000000000,0.0000000000
2017-12-22,-0.0280640691,-0.0518836010,4.5873820969,4.1131159367,0.5428280418,0.0000000000,0.0000000000
2017-12-26,0.0346331610,0.0638935614,4.7462576395,4.3759175624,0.5428280418,0.0000000000,0.0000000000
2017-12-27,-0.0032160608,-0.0061091732,4.7309933863,4.3491843243,0.5428280418,0.0000000000,0.0000000000
2017-12-28,-0.0170630141,-0.0314335532,4.6502683793,4.2124740075,0.5428280418,0.0000000000,0.0000000000
2017-12-29,-0.0001908769,-0.0001671416,4.6493807505,4.2117699278,0.5428280418,0.0000000000,0.0007041046
2018-01-02,0.0052830678,0.0096402655,4.6739437442,4.2523725081,0.5428280418,0.0000000000,0.0000000000
2018-01-03,0.0029422579,0.0052358132,4.6876956921,4.2746371361,0.5428280418,0.0000000000,0.0000000000
2018-01-04,0.0024055987,0.0043395838,4.6989724067,4.2931872822,0.5428280418,0.0000000000,0.0000000000
2018-01-05,0.0055483292,0.0102211543,4.7250438525,4.3370686119,0.5428280418,0.0000000000,0.0000000000
2018-01-08,-0.0033261762,-0.0062193317,4.7093275242,4.3100949436,0.5428280418,0.0000000000,0.0000000000
2018-01-09,-0.0010169650,-0.0018734570,4.7045383031,4.3020201661,0.5428280418,0.0000000000,0.0000000000
2018-01-10,0.0001901482,0.0003502918,4.7054328626,4.3035271284,0.5428280418,0.0000000000,0.0000000000
2018-01-11,-0.0002512703,-0.0003710645,4.7042505271,4.3019302422,0.5428280418,0.0000000000,0.0000000000
2018-01-12,0.0047424962,0.0084600971,4.7265604176,4.3383249899,0.5428280418,0.0000000000,0.0000000000
2018-01-16,-0.0054967486,-0.0099414811,4.7005797032,4.2951956140,0.5428280418,0.0000000000,0.0000000000
2018-01-17,0.0019687288,0.0034421083,4.7098338697,4.3099801424,0.5428280418,0.0000000000,0.0000000000
2018-01-18,-0.0002317481,-0.0004269273,4.7087423746,4.3081400942,0.5428280418,0.0000000000,0.0000000000
2018-01-19,0.0028826261,0.0033719509,4.7223159184,4.3226669310,0.9192510539,0.0002258538,0.0000000000
2018-01-22,0.0032045810,0.0034764766,4.7374489621,4.3376945816,0.9192510539,0.0000000000,0.0000000000
2018-01-23,0.0055947516,0.0039753615,4.7639538120,4.3549384855,1.5000000000,0.0003484494,0.0000000000
2018-01-24,0.0039895766,0.0027094100,4.7829599705,4.3667377995,1.5000000000,0.0000000000,0.0000000000
2018-01-25,-0.0023514102,-0.0015543793,4.7717132694,4.3599502326,1.5000000000,0.0000000000,0.0000000000
2018-01-26,0.0113044014,0.0076225195,4.8256546316,4.3931840382,1.5000000000,0.0000000000,0.0000000000
2018-01-29,-0.0072813167,-0.0049139920,4.7905175119,4.3715959670,1.5000000000,0.0000000000,0.0000000000
2018-01-30,-0.0166780471,-0.0110691124,4.7106210352,4.3232062797,1.5000000000,0.0000000000,0.0000000000
2018-01-31,0.0040150412,0.0027265839,4.7295343729,4.3349938644,1.5000000000,0.0000000000,0.0000000000
2018-02-01,-0.0076896584,-0.0051280322,4.6931658690,4.3127638764,1.5000000000,0.0000000000,0.0000000000
2018-02-02,-0.0264146229,-0.0175599981,4.5691976625,4.2370317507,1.5000000000,0.0000000000,0.0000000000
2018-02-05,-0.0392644099,-0.0306022264,4.3897908125,4.1073691457,1.2793694070,0.0001323784,0.0000000000
2018-02-06,0.0129458417,0.0141601909,4.4466203494,4.1655302768,0.9285540549,0.0002104892,0.0000000000
2018-02-07,-0.0079223705,-0.0085403650,4.4113925754,4.1299551277,0.9285540549,0.0000000000,0.0000000000
2018-02-08,-0.0197654139,-0.0212778078,4.3241995754,4.0420787364,0.9285540549,0.0000000000,0.0000000000
2018-02-09,0.0072076263,0.0091573170,4.3553667900,4.0790933328,0.7911061033,0.0000824688,0.0000000000
2018-02-12,0.0090343793,0.0114199337,4.3947148253,4.1256763083,0.7911061033,0.0000000000,0.0000000000
2018-02-13,0.0012559462,0.0015875825,4.4002343508,4.1322261598,0.7911061033,0.0000000000,0.0000000000
2018-02-14,0.0125824462,0.0159048782,4.4556000627,4.1979487134,0.7911061033,0.0000000000,0.0000000000
2018-02-15,0.0090982418,0.0114717098,4.4961381896,4.2461063629,0.7911061033,0.0000000000,0.0000000000
2018-02-16,-0.0004549166,-0.0006237960,4.4940928219,4.2434576585,0.6718701569,0.0000715416,0.0000000000
2018-02-20,-0.0003263092,-0.0004856730,4.4926263582,4.2413967258,0.6718701569,0.0000000000,0.0000000000
2018-02-21,-0.0040615449,-0.0059919521,4.4743793547,4.2159824799,0.6718701569,0.0000000000,0.0000000000
2018-02-22,-0.0003064506,-0.0005093031,4.4730081786,4.2138352670,0.6718701569,0.0000000000,0.0000000000
2018-02-23,0.0079932525,0.0117901054,4.5087620626,4.2635168289,0.6718701569,0.0000000000,0.0000000000
2018-02-26,0.0053354846,0.0080481346,4.5328184930,4.2978301861,0.6718701569,0.0000000000,0.0000000000
2018-02-27,-0.0061149863,-0.0092083549,4.5051003701,4.2582542403,0.6718701569,0.0000000000,0.0000000000
2018-02-28,-0.0065446117,-0.0071796574,4.4756162375,4.2276814337,0.8945345646,0.0001335986,0.0000000000
2018-03-01,-0.0063117666,-0.0070676076,4.4473671926,4.1978018403,0.8945345646,0.0000000000,0.0000000000
2018-03-02,0.0044596136,0.0049725439,4.4672007317,4.2186755941,0.8945345646,0.0000000000,0.0000000000
2018-03-05,0.0090269594,0.0079210279,4.5075259711,4.2520918414,1.1605761859,0.0001596250,0.0000000000
2018-03-06,0.0020089204,0.0017364586,4.5165812322,4.2594754228,1.1605761859,0.0000000000,0.0000000000
2018-03-07,-0.0047650501,-0.0041002720,4.4950594963,4.2420104151,1.1605761859,0.0000000000,0.0000000000
2018-03-08,0.0006878795,0.0005831089,4.4981515554,4.2444839691,1.1605761859,0.0000000000,0.0000000000
2018-03-09,0.0141734148,0.0104453944,4.5619057234,4.2888192783,1.3788208221,0.0001309468,0.0000000000
2018-03-12,0.0008574829,0.0006628093,4.5658174795,4.2916619474,1.3788208221,0.0000000000,0.0000000000
2018-03-13,-0.0074860349,-0.0054183997,4.5316376103,4.2684080075,1.3788208221,0.0000000000,0.0000000000
2018-03-14,-0.0058964067,-0.0042655101,4.5049172318,4.2502010700,1.3788208221,0.0000000000,0.0000000000
2018-03-15,-0.0021892510,-0.0016068757,4.4950548374,4.2433715252,1.3788208221,0.0000000000,0.0000000000
2018-03-16,-0.0008399509,-0.0005383125,4.4912792120,4.2410872652,1.3788208221,0.0000000000,0.0000000000
2018-03-19,-0.0131859208,-0.0087289147,4.4320575602,4.2040671765,1.5000000000,0.0000727075,0.0000000000
2018-03-20,0.0029207419,0.0019240540,4.4450024562,4.2121560288,1.5000000000,0.0000000000,0.0000000000
2018-03-21,0.0034813458,0.0024070072,4.4604770470,4.2222947188,1.5000000000,0.0000000000,0.0000000000
2018-03-22,-0.0248119577,-0.0164916785,4.3498038793,4.1526619918,1.5000000000,0.0000000000,0.0000000000
2018-03-23,-0.0155029326,-0.0102857683,4.2823691632,4.1099486729,1.5000000000,0.0000000000,0.0000000000
2018-03-26,0.0224446015,0.0163714077,4.3784852324,4.1772343184,1.3740007427,0.0000755996,0.0000000000
2018-03-27,-0.0179612649,-0.0150333671,4.2998420992,4.1144364215,1.1840110849,0.0001139938,0.0000000000
2018-03-28,-0.0059213344,-0.0049779479,4.2743812962,4.0939549714,1.1840110849,0.0000000000,0.0000000000
2018-03-29,0.0083515085,0.0070936189,4.3100788279,4.1229959277,1.1840110849,0.0000000000,0.0000000000
2018-04-02,-0.0145285227,-0.0137888599,4.2474597499,4.0661445145,1.0477663758,0.0000817468,0.0000000000
2018-04-03,0.0075989517,0.0072493681,4.2797359913,4.0956214928,1.0477663758,0.0000000000,0.0000000000
2018-04-04,0.0051903020,0.0049654571,4.3019491135,4.1159581255,1.0477663758,0.0000000000,0.0000000000
2018-04-05,0.0030914510,0.0029573273,4.3152483786,4.1281303610,1.0477663758,0.0000000000,0.0000000000
2018-04-06,-0.0136343053,-0.0130109250,4.2564129649,4.0744195664,1.0477663758,0.0000000000,0.0000000000
2018-04-09,0.0057373076,0.0054825387,4.2808333154,4.0967577292,1.0477663758,0.0000000000,0.0000000000
2018-04-10,0.0113205022,0.0121951769,4.3292944985,4.1467184143,0.9344396927,0.0000679960,0.0000000000
2018-04-11,-0.0009240428,-0.0010042124,4.3252940451,4.1425542282,0.9344396927,0.0000000000,0.0000000000
2018-04-12,0.0057918650,0.0061982224,4.3503455644,4.1682307005,0.9344396927,0.0000000000,0.0000000000
2018-04-13,-0.0010447468,-0.0011180462,4.3458005549,4.1635704259,0.9344396927,0.0000000000,0.0000000000
2018-04-16,0.0046175313,0.0049261692,4.3658674250,4.1840808781,0.9344396927,0.0000000000,0.0000000000
2018-04-17,0.0074854800,0.0080106614,4.3985480382,4.2175981333,0.9344396927,0.0000000000,0.0000000000
2018-04-18,0.0031117497,0.0029294373,4.4122352186,4.2299533228,1.0923873410,0.0000947686,0.0000000000
2018-04-19,-0.0062632686,-0.0048266758,4.3846002042,4.2095367094,1.2624677086,0.0001020482,0.0000000000
2018-04-20,-0.0078200483,-0.0061860061,4.3503124188,4.1834964897,1.2624677086,0.0000000000,0.0000000000
2018-04-23,-0.0023426997,-0.0018474012,4.3401209431,4.1757678933,1.2624677086,0.0000000000,0.0000000000
2018-04-24,-0.0088154065,-0.0059209103,4.3018610126,4.1510435461,1.4575642600,0.0001170579,0.0000000000
2018-04-25,-0.0050245866,-0.0034003053,4.2802459393,4.1369287309,1.4575642600,0.0000000000,0.0000000000
2018-04-26,0.0139708217,0.0096316009,4.3400444921,4.1767739775,1.4575642600,0.0000000000,0.0000000000
2018-04-27,0.0005086859,0.0004596602,4.3422522115,4.1786938743,1.3553880720,0.0000613057,0.0000000000
2018-04-30,-0.0066187740,-0.0043779478,4.3135118253,4.1603997704,1.5000000000,0.0000867672,0.0000000000
2018-05-01,0.0010109522,0.0007127855,4.3178725797,4.1633652429,1.5000000000,0.0000000000,0.0000000000
2018-05-02,-0.0046340133,-0.0030396094,4.2978635009,4.1507102389,1.5000000000,0.0000000000,0.0000000000
2018-05-03,0.0037108588,0.0024871334,4.3138122653,4.1610336088,1.5000000000,0.0000000000,0.0000000000
2018-05-04,0.0132863139,0.0089437045,4.3711269294,4.1982486639,1.5000000000,0.0000000000,0.0000000000
2018-05-07,0.0023208250,0.0015604442,4.3812715501,4.2047997967,1.5000000000,0.0000000000,0.0000000000
2018-05-08,-0.0010573827,-0.0006554056,4.3766388696,4.2020439475,1.5000000000,0.0000000000,0.0000000000
2018-05-09,0.0086910414,0.0058072551,4.4146764193,4.2264462887,1.5000000000,0.0000000000,0.0000000000
2018-05-10,0.0099562449,0.0066507241,4.4586300189,4.2545552170,1.5000000000,0.0000000000,0.0000000000
2018-05-11,-0.0025209125,-0.0016673809,4.4473902025,4.2474612531,1.5000000000,0.0000000000,0.0000000000
2018-05-14,0.0019754276,0.0013301793,4.4561757001,4.2531111380,1.5000000000,0.0000000000,0.0000000000
2018-05-15,-0.0140971029,-0.0093119988,4.3933565326,4.2135061721,1.5000000000,0.0000000000,0.0000000000
2018-05-16,0.0040245671,0.0027327536,4.4110378907,4.2250206464,1.5000000000,0.0000000000,0.0000000000
2018-05-17,-0.0030823427,-0.0020416676,4.3974415603,4.2163945585,1.5000000000,0.0000000000,0.0000000000
2018-05-18,-0.0020333133,-0.0013059055,4.3885001840,4.2108883458,1.5000000000,0.0000000000,0.0000000000
2018-05-21,0.0074808887,0.0050004867,4.4213300657,4.2319448369,1.5000000000,0.0000000000,0.0000000000
2018-05-22,-0.0035364265,-0.0023443902,4.4056943567,4.2220235070,1.5000000000,0.0000000000,0.0000000000
2018-05-23,0.0014295583,0.0010027739,4.4119925536,4.2262572418,1.5000000000,0.0000000000,0.0000000000
2018-05-24,0.0007346445,0.0005757589,4.4152337998,4.2286905472,1.5000000000,0.0000000000,0.0000000000
2018-05-25,-0.0034618741,-0.0022581930,4.3999488163,4.2191413477,1.5000000000,0.0000000000,0.0000000000
2018-05-29,-0.0090756371,-0.0060371972,4.3600164776,4.1936695593,1.5000000000,0.0000000000,0.0000000000
2018-05-30,0.0108267106,0.0071945431,4.4072211142,4.2238410954,1.5000000000,0.0000000000,0.0000000000
2018-05-31,-0.0042103987,-0.0027208843,4.3886649561,4.2123485125,1.5000000000,0.0000000000,0.0000000000
2018-06-01,0.0093360026,0.0062589992,4.4296375437,4.2387135983,1.5000000000,0.0000000000,0.0000000000
2018-06-04,0.0040906476,0.0027770155,4.4477576297,4.2504845715,1.5000000000,0.0000000000,0.0000000000
2018-06-05,0.0029254555,0.0019635312,4.4607693468,4.2588305305,1.5000000000,0.0000000000,0.0000000000
2018-06-06,0.0071969607,0.0047745158,4.4928733282,4.2791643839,1.5000000000,0.0000000000,0.0000000000
2018-06-07,-0.0030640605,-0.0019927899,4.4791068925,4.2706369082,1.5000000000,0.0000000000,0.0000000000
2018-06-08,0.0011300440,0.0008394163,4.4841684805,4.2742217503,1.5000000000,0.0000000000,0.0000000000
2018-06-11,-0.0015068019,-0.0009546977,4.4774117267,4.2701411606,1.5000000000,0.0000000000,0.0000000000
2018-06-12,-0.0005453641,-0.0003503486,4.4749699069,4.2686451227,1.5000000000,0.0000000000,0.0000000000
2018-06-13,-0.0022982283,-0.0015555301,4.4646854043,4.2620051167,1.5000000000,0.0000000000,0.0000000000
2018-06-14,0.0059614458,0.0040968081,4.4913013844,4.2794657336,1.5000000000,0.0000000000,0.0000000000
2018-06-15,-0.0094529428,-0.0062887344,4.4488453693,4.2525533104,1.5000000000,0.0000000000,0.0000000000
2018-06-18,-0.0005380601,-0.0003820426,4.4464516231,4.2509286540,1.5000000000,0.0000000000,0.0000000000
2018-06-19,-0.0052857386,-0.0034375997,4.4229488421,4.2363156630,1.5000000000,0.0000000000,0.0000000000
2018-06-20,0.0025682702,0.0016889845,4.4343081699,4.2434707344,1.5000000000,0.0000000000,0.0000000000
2018-06-21,-0.0086087972,-0.0056895434,4.3961341102,4.2193273233,1.5000000000,0.0000000000,0.0000000000
2018-06-22,0.0005037900,0.0003854766,4.3983488384,4.2209537755,1.5000000000,0.0000000000,0.0000000000
2018-06-25,-0.0172978210,-0.0114459168,4.3222669877,4.1726410898,1.5000000000,0.0000000000,0.0000000000
2018-06-26,0.0015885944,0.0010361514,4.3291333167,4.1769645777,1.5000000000,0.0000000000,0.0000000000
2018-06-27,-0.0102166476,-0.0067251085,4.2849040872,4.1488740378,1.5000000000,0.0000000000,0.0000000000
2018-06-28,0.0041026959,0.0027483581,4.3024837455,4.1602766293,1.5000000000,0.0000000000,0.0000000000
2018-06-29,0.0062346924,0.0042423335,4.3293084081,4.1779259103,1.5000000000,0.0000000000,0.0000000000
2018-07-02,-0.0001526006,-0.0001357914,4.3286477530,4.1773585841,1.5000000000,0.0000000000,0.0000000000
2018-07-03,-0.0033363417,-0.0021379190,4.3142059051,4.1684277296,1.5000000000,0.0000000000,0.0000000000
2018-07-05,0.0110154604,0.0073568678,4.3617288695,4.1990943013,1.5000000000,0.0000000000,0.0000000000
2018-07-06,0.0100620945,0.0067939475,4.4056169974,4.2276227275,1.5000000000,0.0000000000,0.0000000000
2018-07-09,0.0099062855,0.0066174178,4.4492602970,4.2555986735,1.5000000000,0.0000000000,0.0000000000
2018-07-10,-0.0010042505,-0.0006196122,4.4447921249,4.2529618527,1.5000000000,0.0000000000,0.0000000000
2018-07-11,-0.0120322640,-0.0080082818,4.3913112127,4.2189029357,1.5000000000,0.0000000000,0.0000000000
2018-07-12,0.0117724446,0.0078615239,4.4430076806,4.2520699420,1.5000000000,0.0000000000,0.0000000000
2018-07-13,0.0002746196,0.0002325559,4.4442278178,4.2530587857,1.5000000000,0.0000000000,0.0000000000
2018-07-16,-0.0009958828,-0.0006143137,4.4398018876,4.2504460733,1.5000000000,0.0000000000,0.0000000000
2018-07-17,0.0051657297,0.0034570473,4.4627367042,4.2651400666,1.5000000000,0.0000000000,0.0000000000
2018-07-18,0.0010506653,0.0007502517,4.4674255466,4.2683399951,1.5000000000,0.0000000000,0.0000000000
2018-07-19,-0.0042779161,-0.0028023439,4.4483142749,4.2563786386,1.5000000000,0.0000000000,0.0000000000
2018-07-20,0.0009380746,0.0006750133,4.4524871257,4.2592517509,1.5000000000,0.0000000000,0.0000000000
2018-07-23,0.0020108994,0.0013174284,4.4614406296,4.2648630102,1.5000000000,0.0000000000,0.0000000000
2018-07-24,0.0085798479,0.0058059315,4.4997191116,4.2896245128,1.5000000000,0.0000000000,0.0000000000
2018-07-25,0.0115811811,0.0076976202,4.5518311735,4.3226444129,1.5000000000,0.0000000000,0.0000000000
2018-07-26,-0.0101871344,-0.0067417967,4.5054610577,4.2935020232,1.5000000000,0.0000000000,0.0000000000
2018-07-27,-0.0067620735,-0.0044221679,4.4749947989,4.2745154364,1.5000000000,0.0000000000,0.0000000000
2018-07-30,-0.0074612822,-0.0049972455,4.4416055998,4.2531546332,1.5000000000,0.0000000000,0.0000000000
2018-07-31,0.0034827218,0.0024079596,4.4570744766,4.2633960576,1.5000000000,0.0000000000,0.0000000000
2018-08-01,-0.0040376273,-0.0026603836,4.4390784711,4.2520537888,1.5000000000,0.0000000000,0.0000000000
2018-08-02,0.0054186729,0.0036622948,4.4631323854,4.2676260631,1.5000000000,0.0000000000,0.0000000000
2018-08-03,0.0042213077,0.0028274326,4.4819726403,4.2796924883,1.5000000000,0.0000000000,0.0000000000
2018-08-06,-0.0001067716,-0.0000216446,4.4814940929,4.2795998559,1.5000000000,0.0000000000,0.0000000000
2018-08-07,0.0030479130,0.0020815764,4.4951532971,4.2885081699,1.5000000000,0.0000000000,0.0000000000
2018-08-08,-0.0024892215,-0.0016826564,4.4839638650,4.2812920843,1.5000000000,0.0000000000,0.0000000000
2018-08-09,-0.0003876063,-0.0002087699,4.4822258521,4.2803982796,1.5000000000,0.0000000000,0.0000000000
2018-08-10,-0.0098675084,-0.0064922717,4.4379974509,4.2526087709,1.5000000000,0.0000000000,0.0000000000
2018-08-13,-0.0060896724,-0.0040101252,4.4109715003,4.2355552773,1.5000000000,0.0000000000,0.0000000000
2018-08-14,0.0053400053,0.0035005170,4.4345261114,4.2503819107,1.5000000000,0.0000000000,0.0000000000
2018-08-15,-0.0143056192,-0.0094511221,4.3710874694,4.2102110323,1.5000000000,0.0000000000,0.0000000000
2018-08-16,0.0066784193,0.0044655070,4.4002794242,4.2290117592,1.5000000000,0.0000000000,0.0000000000
2018-08-17,0.0060335569,0.0040720237,4.4268287606,4.2462323953,1.5000000000,0.0000000000,0.0000000000
2018-08-20,0.0017336677,0.0011690060,4.4345034109,4.2511962665,1.5000000000,0.0000000000,0.0000000000
2018-08-21,0.0046126330,0.0031248389,4.4549581478,4.2644805701,1.5000000000,0.0000000000,0.0000000000
2018-08-22,0.0030721716,0.0020613419,4.4686445435,4.2732711225,1.5000000000,0.0000000000,0.0000000000
2018-08-23,-0.0038912418,-0.0024716489,4.4512559673,4.2627090965,1.5000000000,0.0000000000,0.0000000000
2018-08-24,0.0125826566,0.0084016653,4.5072645927,4.2985229515,1.5000000000,0.0000000000,0.0000000000
2018-08-27,0.0107436696,0.0072119093,4.5556891543,4.3295235090,1.5000000000,0.0000000000,0.0000000000
2018-08-28,-0.0008674734,-0.0005650881,4.5517372153,4.3270769469,1.5000000000,0.0000000000,0.0000000000
2018-08-29,0.0086661371,0.0057544208,4.5911831940,4.3519767686,1.5000000000,0.0000000000,0.0000000000
2018-08-30,-0.0060375948,-0.0038663514,4.5634634904,4.3351504970,1.5000000000,0.0000000000,0.0000000000
2018-08-31,0.0005495808,0.0003433952,4.5659714823,4.3366391668,1.5000000000,0.0000000000,0.0000000000
2018-09-04,-0.0041132071,-0.0026998436,4.5471906961,4.3249309194,1.5000000000,0.0000000000,0.0000000000
2018-09-05,-0.0098871271,-0.0066146482,4.5022320440,4.2963230228,1.5000000000,0.0000000000,0.0000000000
2018-09-06,-0.0058480213,-0.0038126317,4.4759028951,4.2799427254,1.5000000000,0.0000000000,0.0000000000
2018-09-07,-0.0049258558,-0.0031977350,4.4538552430,4.2662566030,1.5000000000,0.0000000000,0.0000000000
2018-09-10,0.0020665032,0.0013908963,4.4630591491,4.2721905236,1.5000000000,0.0000000000,0.0000000000
2018-09-11,0.0047269725,0.0032009883,4.4841559070,4.2858657554,1.5000000000,0.0000000000,0.0000000000
2018-09-12,0.0021234856,0.0014288846,4.4936779473,4.2919897628,1.5000000000,0.0000000000,0.0000000000
2018-09-13,0.0068669961,0.0045912249,4.5245360161,4.3116952530,1.5000000000,0.0000000000,0.0000000000
2018-09-14,-0.0030720781,-0.0019984506,4.5106362880,4.3030785431,1.5000000000,0.0000000000,0.0000000000
2018-09-17,-0.0081296995,-0.0053334593,4.4739661703,4.2801282488,1.5000000000,0.0000000000,0.0000000000
2018-09-18,0.0071017895,0.0047477538,4.5057393361,4.3004492440,1.5000000000,0.0000000000,0.0000000000
2018-09-19,0.0018158024,0.0012237625,4.5139208684,4.3057119724,1.5000000000,0.0000000000,0.0000000000
2018-09-20,0.0107328612,0.0072410907,4.5623681543,4.3368900233,1.5000000000,0.0000000000,0.0000000000
2018-09-21,-0.0022611492,-0.0014942053,4.5520519592,4.3304098192,1.5000000000,0.0000000000,0.0000000000
2018-09-24,-0.0013308697,-0.0008375293,4.5459937712,4.3267829741,1.5000000000,0.0000000000,0.0000000000
2018-09-25,0.0002006115,0.0001469685,4.5469057499,4.3274188750,1.5000000000,0.0000000000,0.0000000000
2018-09-26,-0.0019130786,-0.0012621582,4.5382071617,4.3219569876,1.5000000000,0.0000000000,0.0000000000
2018-09-27,0.0035823321,0.0024742508,4.5544645270,4.3326505933,1.5000000000,0.0000000000,0.0000000000
2018-09-28,0.0004805723,0.0003336090,4.5566532763,4.3340960046,1.5000000000,0.0000000000,0.0000000000
2018-10-01,0.0035652045,0.0024118765,4.5728986772,4.3445493089,1.5000000000,0.0000000000,0.0000000000
2018-10-02,0.0001509907,0.0001503633,4.5735891426,4.3452025697,1.5000000000,0.0000000000,0.0000000000
2018-10-03,-0.0008008695,-0.0005206855,4.5699262947,4.3429400859,1.5000000000,0.0000000000,0.0000000000
2018-10-04,-0.0136694687,-0.0090269106,4.5074578305,4.3037367540,1.5000000000,0.0000000000,0.0000000000
2018-10-05,-0.0077644431,-0.0051266046,4.4724599306,4.2816731976,1.5000000000,0.0000000000,0.0000000000
2018-10-08,-0.0051717820,-0.0034346272,4.4493293427,4.2669672465,1.5000000000,0.0000000000,0.0000000000
2018-10-09,0.0008919697,0.0005714147,4.4532980098,4.2694054541,1.5000000000,0.0000000000,0.0000000000
2018-10-10,-0.0354005794,-0.0235140967,4.2956486799,4.1690142414,1.5000000000,0.0000000000,0.0000000000
2018-10-11,-0.0122899860,-0.0089264630,4.2428552179,4.1317996902,1.3614904739,0.0000831057,0.0000000000
2018-10-12,0.0152685603,0.0112251282,4.3076375085,4.1781796715,1.3614904739,0.0000000000,0.0000000000
2018-10-15,-0.0034480254,-0.0026887699,4.2927846650,4.1669455078,1.2423298749,0.0000714964,0.0000000000
2018-10-16,0.0187527474,0.0151238902,4.3732861717,4.2299659339,1.2423298749,0.0000000000,0.0000000000
2018-10-17,-0.0018400564,-0.0016222459,4.3652390784,4.2231038893,1.0681897548,0.0001044841,0.0000000000
2018-10-18,-0.0130204294,-0.0121867143,4.3084017914,4.1716381285,1.0681897548,0.0000000000,0.0000000000
2018-10-19,0.0001158777,0.0001179995,4.3089010392,4.1721303795,1.0681897548,0.0000000000,0.0000000000
2018-10-22,-0.0006614395,-0.0006027510,4.3060509621,4.1696156238,1.0681897548,0.0000000000,0.0000000000
2018-10-23,-0.0037100722,-0.0034707001,4.2900752021,4.1551441385,1.0681897548,0.0000000000,0.0000000000
2018-10-24,-0.0238630567,-0.0223302002,4.1877008942,4.0623589380,1.0681897548,0.0000000000,0.0000000000
2018-10-25,0.0130552441,0.0143294112,4.2423723515,4.1205701498,0.9167875287,0.0000908413,0.0000000000
2018-10-26,-0.0097761627,-0.0106734075,4.2008982292,4.0765896254,0.9167875287,0.0000000000,0.0000000000
2018-10-29,-0.0081168820,-0.0088536130,4.1668000340,4.0404970784,0.9167875287,0.0000000000,0.0000000000
2018-10-30,0.0077253856,0.0084265824,4.1989901711,4.0745446599,0.9167875287,0.0000000000,0.0000000000
2018-10-31,0.0059530383,0.0075696216,4.2239869204,4.1053874211,0.7932487874,0.0000741232,0.0000000000
2018-11-01,0.0082630967,0.0103597247,4.2588901327,4.1479181045,0.7932487874,0.0000000000,0.0000000000
2018-11-02,-0.0045080100,-0.0056829712,4.2396910134,4.1243456055,0.7932487874,0.0000000000,0.0000000000
2018-11-05,0.0008207078,0.0009718056,4.2431705608,4.1283536677,0.8969162349,0.0000622005,0.0000000000
2018-11-06,0.0031984135,0.0035660114,4.2567419748,4.1430754239,0.8969162349,0.0000000000,0.0000000000
2018-11-07,0.0136534440,0.0152101006,4.3148611630,4.2060920178,0.8969162349,0.0000000000,0.0000000000
2018-11-08,-0.0040774313,-0.0045586878,4.2972676130,4.1869177573,0.8969162349,0.0000000000,0.0000000000
2018-11-09,-0.0086427687,-0.0096611915,4.2601273231,4.1464671433,0.8969162349,0.0000000000,0.0000000000
2018-11-12,-0.0136899008,-0.0152506597,4.2018066027,4.0832307840,0.8969162349,0.0000000000,0.0000000000
2018-11-13,-0.0010943643,-0.0012327819,4.1972082954,4.0781970510,0.8969162349,0.0000000000,0.0000000000
2018-11-14,-0.0039499175,-0.0043912473,4.1806296687,4.0602886791,0.8969162349,0.0000000000,0.0000000000
2018-11-15,0.0070220461,0.0077913281,4.2099862430,4.0919237202,0.8969162349,0.0000000000,0.0000000000
2018-11-16,0.0015061585,0.0015279420,4.2163271496,4.0981759424,1.0514255932,0.0000927056,0.0000000000
2018-11-19,-0.0167978856,-0.0159796917,4.1455017684,4.0326883542,1.0514255932,0.0000000000,0.0000000000
2018-11-20,-0.0153762063,-0.0146115436,4.0817596780,3.9737645524,1.0514255932,0.0000000000,0.0000000000
2018-11-21,0.0058145512,0.0055427691,4.1054932786,3.9957902120,1.0514255932,0.0000000000,0.0000000000
2018-11-23,-0.0071521576,-0.0068004022,4.0761301436,3.9686172314,1.0514255932,0.0000000000,0.0000000000
2018-11-26,0.0098138087,0.0093411083,4.1161325049,4.0056885146,1.0514255932,0.0000000000,0.0000000000
2018-11-27,0.0006469152,0.0006172152,4.1187952934,4.0081608865,1.0514255932,0.0000000000,0.0000000000
2018-11-28,0.0190977637,0.0181709564,4.1974550726,4.0809930033,1.0514255932,0.0000000000,0.0000000000
2018-11-29,-0.0007956158,-0.0008019133,4.1941155109,4.0777204006,0.8806079291,0.0001024906,0.0000000000
2018-11-30,0.0016850124,0.0018986518,4.2011826476,4.0854625718,0.8806079291,0.0000000000,0.0000000000
2018-12-03,0.0101433382,0.0115229972,4.2437966640,4.1325393455,0.8806079291,0.0000000000,0.0000000000
2018-12-04,-0.0176728908,-0.0200837371,4.1687965090,4.0495425119,0.8806079291,0.0000000000,0.0000000000
2018-12-06,-0.0011393493,-0.0013235382,4.1640467935,4.0441827875,0.8806079291,0.0000000000,0.0000000000
2018-12-07,-0.0126707778,-0.0144034919,4.1112850819,3.9859324334,0.8806079291,0.0000000000,0.0000000000
2018-12-10,0.0012062934,0.0013550361,4.1162444978,3.9913335156,0.8806079291,0.0000000000,0.0000000000
2018-12-11,0.0006391673,0.0007406289,4.1188754666,3.9942896127,0.8806079291,0.0000000000,0.0000000000
2018-12-12,0.0048047692,0.0054265709,4.1386657126,4.0159649085,0.8806079291,0.0000000000,0.0000000000
2018-12-13,-0.0005608320,-0.0006517401,4.1363446163,4.0133475432,0.8806079291,0.0000000000,0.0000000000
2018-12-14,-0.0139792499,-0.0140195590,4.0785216213,3.9570821805,0.9923994306,0.0000670749,0.0000000000
2018-12-17,-0.0104850557,-0.0105661975,4.0357580951,3.9152708686,0.9923994306,0.0000000000,0.0000000000
2018-12-18,0.0017496448,0.0017630449,4.0428192382,3.9221736671,0.9923994306,0.0000000000,0.0000000000
2018-12-19,-0.0113579528,-0.0114440980,3.9969010882,3.8772879274,0.9923994306,0.0000000000,0.0000000000
2018-12-20,-0.0053393319,-0.0053819028,3.9755603068,3.8564207405,0.9923994306,0.0000000000,0.0000000000
2018-12-21,-0.0179321034,-0.0163119400,3.9042701485,3.7935150368,1.0940896200,0.0000610141,0.0000000000
2018-12-24,-0.0134481433,-0.0122788678,3.8517649641,3.7469349671,1.0940896200,0.0000000000,0.0000000000
2018-12-26,0.0326481823,0.0298345664,3.9775180890,3.8587231471,1.0940896200,0.0000000000,0.0000000000
2018-12-27,0.0027517834,0.0037399572,3.9884633572,3.8731546066,0.7677508858,0.0001958032,0.0000000000
2018-12-28,0.0013132195,0.0016775120,3.9937010849,3.8796518698,0.7677508858,0.0000000000,0.0000000000
2018-12-31,0.0037015288,0.0047883024,4.0084838845,3.8982288161,0.7677508858,0.0000000000,0.0000874212
2019-01-02,0.0028908845,0.0037983507,4.0200719483,3.9130356562,0.7677508858,0.0000000000,0.0000000000
2019-01-03,-0.0102373238,-0.0134334526,3.9789171701,3.8604700772,0.7677508858,0.0000000000,0.0000000000
2019-01-04,0.0159469755,0.0207379872,4.0423688649,3.9405284562,0.7677508858,0.0000000000,0.0000000000
2019-01-07,0.0061827828,0.0080531106,4.0673619534,3.9722619676,0.7677508858,0.0000000000,0.0000000000
2019-01-08,0.0041348684,0.0053856901,4.0841799597,3.9936553396,0.7677508858,0.0000000000,0.0000000000
2019-01-09,0.0050637043,0.0065955043,4.1048610392,4.0199955106,0.7677508858,0.0000000000,0.0000000000
2019-01-10,-0.0027195372,-0.0035752508,4.0936977169,4.0056230186,0.7677508858,0.0000000000,0.0000000000
2019-01-11,-0.0007471071,-0.0010393629,4.0906392862,4.0014597227,0.7677508858,0.0000000000,0.0000000000
2019-01-14,-0.0032321400,-0.0041767016,4.0774177673,3.9847468195,0.7677508858,0.0000000000,0.0000000000
2019-01-15,0.0056327015,0.0072705350,4.1003846445,4.0137180608,0.7677508858,0.0000000000,0.0000000000
2019-01-16,0.0017990361,0.0023101095,4.1077613844,4.0229901890,0.7677508858,0.0000000000,0.0000000000
2019-01-17,0.0039600231,0.0043354279,4.1240282143,4.0404315730,0.9328742732,0.0000990740,0.0000000000
2019-01-18,0.0071837401,0.0057953057,4.1536541610,4.0638471092,1.2771168004,0.0002065455,0.0000000000
2019-01-22,-0.0130630619,-0.0101963543,4.0993947197,4.0224106843,1.2771168004,0.0000000000,0.0000000000
2019-01-23,0.0008313901,0.0007918374,4.1028029158,4.0255957797,1.1522182988,0.0000749391,0.0000000000
2019-01-24,0.0027132288,0.0024033293,4.1139347590,4.0352706119,1.1522182988,0.0000000000,0.0000000000
2019-01-25,0.0098414876,0.0085320911,4.1544219969,4.0696999086,1.1522182988,0.0000000000,0.0000000000
2019-01-28,-0.0099134652,-0.0073191297,4.1132372789,4.0399132471,1.3328577223,0.0001083837,0.0000000000
2019-01-29,-0.0011148481,-0.0006631477,4.1086516441,4.0372341881,1.5000000000,0.0001002854,0.0000000000
2019-01-30,0.0198070332,0.0132906042,4.1900318435,4.0908914697,1.5000000000,0.0000000000,0.0000000000
2019-01-31,0.0086062939,0.0057507568,4.2260924889,4.1144171915,1.5000000000,0.0000000000,0.0000000000
2019-02-01,-0.0008122233,-0.0004953993,4.2226599580,4.1123789122,1.5000000000,0.0000000000,0.0000000000
2019-02-04,0.0059010609,0.0039836846,4.2475781315,4.1287613327,1.5000000000,0.0000000000,0.0000000000
2019-02-05,0.0069612962,0.0046540917,4.2771467810,4.1479769663,1.5000000000,0.0000000000,0.0000000000
2019-02-06,-0.0052369024,-0.0034050476,4.2547477806,4.1338529072,1.5000000000,0.0000000000,0.0000000000
2019-02-07,-0.0105222208,-0.0070015863,4.2099783852,4.1049093792,1.5000000000,0.0000000000,0.0000000000
2019-02-08,0.0067871232,0.0046107182,4.2385520271,4.1238359594,1.5000000000,0.0000000000,0.0000000000
2019-02-11,-0.0021676229,-0.0014681166,4.2293644448,4.1177816875,1.5000000000,0.0000000000,0.0000000000
2019-02-12,0.0131758002,0.0088698955,4.2850897059,4.1543059806,1.5000000000,0.0000000000,0.0000000000
2019-02-13,0.0001333446,0.0001021239,4.2856610996,4.1547302347,1.5000000000,0.0000000000,0.0000000000
2019-02-14,0.0009522198,0.0007207587,4.2897419907,4.1577247927,1.5000000000,0.0000000000,0.0000000000
2019-02-15,0.0109373486,0.0073047933,4.3366603945,4.1880961128,1.5000000000,0.0000000000,0.0000000000
2019-02-19,0.0114687177,0.0077320438,4.3863963282,4.2204786555,1.5000000000,0.0000000000,0.0000000000
2019-02-20,0.0025476451,0.0017116576,4.3975713094,4.2277026698,1.5000000000,0.0000000000,0.0000000000
2019-02-21,-0.0069625655,-0.0045919717,4.3669529313,4.2082891787,1.5000000000,0.0000000000,0.0000000000
2019-02-22,0.0084740561,0.0057352766,4.4039587356,4.2324248810,1.5000000000,0.0000000000,0.0000000000
2019-02-25,-0.0013064713,-0.0008942524,4.3982050900,4.2286400247,1.5000000000,0.0000000000,0.0000000000
2019-02-26,0.0007687427,0.0005622257,4.4015861779,4.2310174749,1.5000000000,0.0000000000,0.0000000000
2019-02-27,-0.0024346029,-0.0015734091,4.3908700634,4.2243603533,1.5000000000,0.0000000000,0.0000000000
2019-02-28,-0.0041296836,-0.0026671061,4.3727371595,4.2130935362,1.5000000000,0.0000000000,0.0000000000
2019-03-01,0.0008502838,0.0006165034,4.3764552268,4.2156909225,1.5000000000,0.0000000000,0.0000000000
2019-03-04,-0.0038465971,-0.0025876201,4.3596207669,4.2047823158,1.5000000000,0.0000000000,0.0000000000
2019-03-05,0.0034636783,0.0023588000,4.3747210909,4.2147005562,1.5000000000,0.0000000000,0.0000000000
2019-03-06,-0.0057619068,-0.0037916612,4.3495143557,4.1987198397,1.5000000000,0.0000000000,0.0000000000
2019-03-07,-0.0094698286,-0.0062269996,4.3083252001,4.1725744127,1.5000000000,0.0000000000,0.0000000000
2019-03-08,0.0003640982,0.0002924308,4.3098938536,4.1737946022,1.5000000000,0.0000000000,0.0000000000
2019-03-11,0.0141709312,0.0094605150,4.3709690627,4.2132808484,1.5000000000,0.0000000000,0.0000000000
2019-03-12,0.0057978059,0.0039146638,4.3963110931,4.2297744266,1.5000000000,0.0000000000,0.0000000000
2019-03-13,0.0079167889,0.0053276506,4.4311157598,4.2523091870,1.5000000000,0.0000000000,0.0000000000
2019-03-14,-0.0038829527,-0.0025754076,4.4139099471,4.2413577576,1.5000000000,0.0000000000,0.0000000000
2019-03-15,0.0089458251,0.0060133689,4.4533960133,4.2668626064,1.5000000000,0.0000000000,0.0000000000
2019-03-18,0.0049541122,0.0033525584,4.4754586368,4.2811675125,1.5000000000,0.0000000000,0.0000000000
2019-03-19,0.0025160261,0.0016905782,4.4867190075,4.2884051612,1.5000000000,0.0000000000,0.0000000000
2019-03-20,0.0028661371,0.0019239856,4.4995785591,4.2966559907,1.5000000000,0.0000000000,0.0000000000
2019-03-21,0.0078550643,0.0053591903,4.5349230380,4.3196825878,1.5000000000,0.0000000000,0.0000000000
2019-03-22,-0.0185082311,-0.0123255933,4.4509896342,4.2664399372,1.5000000000,0.0000000000,0.0000000000
2019-03-25,0.0002314566,0.0001675319,4.4520198451,4.2671547020,1.5000000000,0.0000000000,0.0000000000
2019-03-26,0.0050336395,0.0034052924,4.4744297082,4.2816856117,1.5000000000,0.0000000000,0.0000000000
2019-03-27,-0.0040760198,-0.0026676501,4.4561918442,4.2702635726,1.5000000000,0.0000000000,0.0000000000
2019-03-28,-0.0009029860,-0.0005160010,4.4521679652,4.2680601125,1.5000000000,0.0000000000,0.0000000000
2019-03-29,0.0067203009,0.0044934281,4.4820878736,4.2872383338,1.5000000000,0.0000000000,0.0000000000
2019-04-01,0.0117353645,0.0078953427,4.5346868087,4.3210875498,1.5000000000,0.0000000000,0.0000000000
2019-04-02,0.0155759337,0.0103605988,4.6053187899,4.3658566042,1.5000000000,0.0000000000,0.0000000000
2019-04-03,0.0045905994,0.0031102157,4.6264599634,4.3794353597,1.5000000000,0.0000000000,0.0000000000
2019-04-04,0.0007340479,0.0006116763,4.6298560064,4.3821141568,1.5000000000,0.0000000000,0.0000000000
2019-04-05,0.0065422858,0.0043747514,4.6601458476,4.4012848167,1.5000000000,0.0000000000,0.0000000000
2019-04-08,0.0069369766,0.0046378786,4.6924731703,4.4216974413,1.5000000000,0.0000000000,0.0000000000
2019-04-09,-0.0048623206,-0.0031917135,4.6696568614,4.4075846500,1.5000000000,0.0000000000,0.0000000000
2019-04-10,0.0077719012,0.0051944950,4.7059489733,4.4304798264,1.5000000000,0.0000000000,0.0000000000
2019-04-11,-0.0093220068,-0.0060923073,4.6620800848,4.4034879817,1.5000000000,0.0000000000,0.0000000000
2019-04-12,0.0056807937,0.0038004233,4.6885644000,4.4202231001,1.5000000000,0.0000000000,0.0000000000
2019-04-15,-0.0016593435,-0.0010565118,4.6807844613,4.4155530822,1.5000000000,0.0000000000,0.0000000000
2019-04-16,0.0025368614,0.0017044684,4.6926589627,4.4230792530,1.5000000000,0.0000000000,0.0000000000
2019-04-17,-0.0005118208,-0.0002551155,4.6902571622,4.4219508571,1.5000000000,0.0000000000,0.0000000000
2019-04-18,0.0026454500,0.0018133385,4.7026650029,4.4299693508,1.5000000000,0.0000000000,0.0000000000
2019-04-22,0.0027723733,0.0018614764,4.7157025458,4.4382156341,1.5000000000,0.0000000000,0.0000000000
2019-04-23,0.0118571697,0.0079180073,4.7716174311,4.4733574579,1.5000000000,0.0000000000,0.0000000000
2019-04-24,-0.0045924481,-0.0029756915,4.7497040255,4.4600461264,1.5000000000,0.0000000000,0.0000000000
2019-04-25,-0.0036556150,-0.0023509512,4.7323409362,4.4495607758,1.5000000000,0.0000000000,0.0000000000
2019-04-26,0.0052702608,0.0034903104,4.7572816070,4.4650911240,1.5000000000,0.0000000000,0.0000000000
2019-04-29,-0.0003018871,-0.0001516022,4.7558454452,4.4644142062,1.5000000000,0.0000000000,0.0000000000
2019-04-30,0.0006113703,0.0004570983,4.7587530281,4.4664548821,1.5000000000,0.0000000000,0.0000000000
2019-05-01,-0.0058543088,-0.0038749632,4.7308938182,4.4491475338,1.5000000000,0.0000000000,0.0000000000
2019-05-02,-0.0027950790,-0.0018136728,4.7176705965,4.4410782358,1.5000000000,0.0000000000,0.0000000000
2019-05-03,0.0171449290,0.0114796284,4.7985547238,4.4920601635,1.5000000000,0.0000000000,0.0000000000
2019-05-06,-0.0050667195,-0.0033282082,4.7742417930,4.4771096522,1.5000000000,0.0000000000,0.0000000000
2019-05-07,-0.0150624641,-0.0099920753,4.7023299474,4.4323740355,1.5000000000,0.0000000000,0.0000000000
2019-05-08,0.0009697326,0.0006597159,4.7068899499,4.4352981431,1.5000000000,0.0000000000,0.0000000000
2019-05-09,-0.0008432092,-0.0005124088,4.7029210572,4.4330254572,1.5000000000,0.0000000000,0.0000000000
2019-05-10,0.0073979383,0.0050180175,4.7377129769,4.4552704564,1.5000000000,0.0000000000,0.0000000000
2019-05-13,0.0011314977,0.0007313021,4.7430736882,4.4585286050,1.5000000000,0.0000000000,0.0000000000
2019-05-14,0.0128815300,0.0086371754,4.8041717342,4.4970376983,1.5000000000,0.0000000000,0.0000000000
2019-05-15,0.0118507702,0.0079502655,4.8611048692,4.5327903420,1.5000000000,0.0000000000,0.0000000000
2019-05-16,0.0011210783,0.0007970334,4.8665545483,4.5364031271,1.5000000000,0.0000000000,0.0000000000
2019-05-17,-0.0187981637,-0.0124824653,4.7750722593,4.4797776326,1.5000000000,0.0000000000,0.0000000000
2019-05-20,0.0021458184,0.0014801521,4.7853186972,4.4864083847,1.5000000000,0.0000000000,0.0000000000
2019-05-21,0.0077171350,0.0051579842,4.8222476474,4.5095492081,1.5000000000,0.0000000000,0.0000000000
2019-05-22,-0.0095194741,-0.0062601048,4.7763423857,4.4813189574,1.5000000000,0.0000000000,0.0000000000
2019-05-23,-0.0076385677,-0.0050064503,4.7398579711,4.4588834568,1.5000000000,0.0000000000,0.0000000000
2019-05-24,0.0044562723,0.0032887398,4.7609800689,4.4735475641,1.3812706498,0.0000712376,0.0000000000
2019-05-28,0.0065844297,0.0044868317,4.7923284073,4.4936196190,1.5000000000,0.0000712376,0.0000000000
2019-05-29,-0.0070912618,-0.0047142804,4.7583447518,4.4724354363,1.5000000000,0.0000000000,0.0000000000
2019-05-30,-0.0019206109,-0.0011580810,4.7492058232,4.4672559937,1.5000000000,0.0000000000,0.0000000000
2019-05-31,-0.0053275500,-0.0035384725,4.7239041916,4.4514487312,1.5000000000,0.0000000000,0.0000000000
2019-06-03,-0.0100896440,-0.0067277858,4.6762416799,4.4215003374,1.5000000000,0.0000000000,0.0000000000
2019-06-04,0.0108151431,0.0072961794,4.7268159028,4.4537603971,1.5000000000,0.0000000000,0.0000000000
2019-06-05,0.0068137351,0.0045557176,4.7590231744,4.4740504717,1.5000000000,0.0000000000,0.0000000000
2019-06-06,0.0072478914,0.0049546329,4.7935160577,4.4962177493,1.5000000000,0.0000000000,0.0000000000
2019-06-07,0.0175569980,0.0116815345,4.8776758094,4.5487404722,1.5000000000,0.0000000000,0.0000000000
2019-06-10,0.0025183912,0.0017647794,4.8899597053,4.5567679957,1.5000000000,0.0000000000,0.0000000000
2019-06-11,0.0001286912,0.0000627674,4.8905890002,4.5570540122,1.5000000000,0.0000000000,0.0000000000
2019-06-12,0.0003139283,0.0002587713,4.8921242945,4.5582332468,1.5000000000,0.0000000000,0.0000000000
2019-06-13,0.0076287609,0.0052084313,4.9294451408,4.5819744914,1.5000000000,0.0000000000,0.0000000000
2019-06-14,0.0049727015,0.0033648043,4.9539578003,4.5973919389,1.5000000000,0.0000000000,0.0000000000
2019-06-17,0.0124648801,0.0083231476,5.0157082904,4.6356567105,1.5000000000,0.0000000000,0.0000000000
2019-06-18,0.0092359832,0.0061705496,5.0620332878,4.6642612604,1.5000000000,0.0000000000,0.0000000000
2019-06-19,0.0079870327,0.0054107929,5.1024639131,4.6894986120,1.5000000000,0.0000000000,0.0000000000
2019-06-20,0.0192262417,0.0128670525,5.2005651178,4.7498386368,1.5000000000,0.0000000000,0.0000000000
2019-06-21,0.0092196612,0.0061596683,5.2485125663,4.7790960674,1.5000000000,0.0000000000,0.0000000000
2019-06-24,0.0172409672,0.0115436322,5.3390019994,4.8342641945,1.5000000000,0.0000000000,0.0000000000
2019-06-25,0.0028844390,0.0019361868,5.3544020248,4.8436242331,1.5000000000,0.0000000000,0.0000000000
2019-06-26,0.0189162326,0.0126968944,5.4556871392,4.9051232183,1.5000000000,0.0000000000,0.0000000000
2019-06-27,-0.0255735131,-0.0170357812,5.3161660525,4.8215606123,1.5000000000,0.0000000000,0.0000000000
2019-06-28,0.0190299785,0.0151358274,5.4173325784,4.8945389216,1.2690835056,0.0001385499,0.0000000000
2019-07-01,-0.0202530685,-0.0159620552,5.3076149708,4.8164120214,1.2690835056,0.0000000000,0.0000000000
2019-07-02,0.0060934981,0.0062303462,5.3399569124,4.8464199358,1.0036820332,0.0001592409,0.0000000000
2019-07-03,0.0176209459,0.0175576547,5.4340520042,4.9315117036,1.0036820332,0.0000000000,0.0000000000
2019-07-05,-0.0136859300,-0.0136359804,5.3596819487,4.8642657067,1.0036820332,0.0000000000,0.0000000000
2019-07-08,0.0081859134,0.0096806854,5.4035558411,4.9113551324,0.8548187537,0.0000893180,0.0000000000
2019-07-09,0.0038893277,0.0045312203,5.4245720407,4.9336095646,0.8548187537,0.0000000000,0.0000000000
2019-07-10,0.0020754701,0.0024094374,5.4358305780,4.9454967883,0.8548187537,0.0000000000,0.0000000000
2019-07-11,-0.0081221290,-0.0095386825,5.3916800610,4.8983232645,0.8548187537,0.0000000000,0.0000000000
2019-07-12,0.0073469335,0.0085762049,5.4312923756,4.9403322887,0.8548187537,0.0000000000,0.0000000000
2019-07-15,-0.0078989934,-0.0092405476,5.3883906329,4.8946809128,0.8548187537,0.0000000000,0.0000000000
2019-07-16,-0.0163102072,-0.0190988810,5.3005048650,4.8011979845,0.8548187537,0.0000000000,0.0000000000
2019-07-17,0.0008677777,0.0012335876,5.3051045248,4.8071206829,0.7529877069,0.0000610986,0.0000000000
2019-07-18,0.0106734949,0.0140672646,5.3617285310,4.8747437214,0.7529877069,0.0000000000,0.0000000000
2019-07-19,-0.0049850158,-0.0066203150,5.3350002296,4.8424713824,0.7529877069,0.0000000000,0.0000000000
2019-07-22,0.0001889380,0.0002509178,5.3360082140,4.8436864448,0.7529877069,0.0000000000,0.0000000000
2019-07-23,-0.0011098348,-0.0014380877,5.3300861266,4.8367207987,0.7529877069,0.0000000000,0.0000000000
2019-07-24,0.0023616850,0.0026784452,5.3426741113,4.8496756903,0.9093915361,0.0000938423,0.0000000000
2019-07-25,-0.0040453421,-0.0044702121,5.3210611666,4.8279966112,0.9093915361,0.0000000000,0.0000000000
2019-07-26,0.0042783386,0.0042009512,5.3438264682,4.8482787896,1.0358917753,0.0000759001,0.0000000000
2019-07-29,-0.0040440538,-0.0038949876,5.3222157468,4.8293948036,1.0358917753,0.0000000000,0.0000000000
2019-07-30,-0.0010350021,-0.0008222547,5.3167072421,4.8254238110,1.1602548214,0.0000746178,0.0000000000
2019-07-31,-0.0041039549,-0.0035165313,5.2948877151,4.8084550573,1.1602548214,0.0000000000,0.0000000000
2019-08-01,0.0025213018,0.0022163066,5.3082377248,4.8191120681,1.1602548214,0.0000000000,0.0000000000
2019-08-02,-0.0061107133,-0.0052612184,5.2758006057,4.7937576670,1.1602548214,0.0000000000,0.0000000000
2019-08-05,-0.0024753908,-0.0018601012,5.2627409375,4.7848407924,1.2977019168,0.0000824683,0.0000000000
2019-08-06,0.0064515524,0.0050058627,5.2966937867,4.8087930484,1.2977019168,0.0000000000,0.0000000000
2019-08-07,0.0120795924,0.0082198120,5.3606756889,4.8483204234,1.5000000000,0.0001213788,0.0000000000
2019-08-08,0.0179122494,0.0119912869,5.4566974486,4.9064580246,1.5000000000,0.0000000000,0.0000000000
2019-08-09,-0.0087971379,-0.0058880869,5.4086941287,4.8775683734,1.5000000000,0.0000000000,0.0000000000
2019-08-12,-0.0151705546,-0.0100274888,5.3266412393,4.8286586111,1.5000000000,0.0000000000,0.0000000000
2019-08-13,0.0061553561,0.0041532171,5.3594286129,4.8487130788,1.5000000000,0.0000000000,0.0000000000
2019-08-14,-0.0377463100,-0.0251873941,5.1571299588,4.7265866316,1.5000000000,0.0000000000,0.0000000000
2019-08-15,0.0051256809,0.0050418607,5.1835637614,4.7504174230,1.0743138795,0.0002554117,0.0000000000
2019-08-16,0.0086474239,0.0080444433,5.2283882344,4.7886318866,1.0743138795,0.0000000000,0.0000000000
2019-08-19,0.0118469224,0.0110301761,5.2903285439,4.8414513398,1.0743138795,0.0000000000,0.0000000000
2019-08-20,-0.0043746348,-0.0040617266,5.2671852883,4.8217866881,1.0743138795,0.0000000000,0.0000000000
2019-08-21,-0.0024876793,-0.0023204076,5.2540822206,4.8105981779,1.0743138795,0.0000000000,0.0000000000
2019-08-22,-0.0022386676,-0.0020584217,5.2423200768,4.8006959381,1.0743138795,0.0000000000,0.0000000000
2019-08-23,-0.0096536151,-0.0089906638,5.1917127365,4.7575344948,1.0743138795,0.0000000000,0.0000000000
2019-08-26,0.0060342577,0.0063171147,5.2230408692,4.7875883857,0.9650002276,0.0000655882,0.0000000000
2019-08-27,-0.0015982419,-0.0016601869,5.2146931865,4.7796400940,0.9650002276,0.0000000000,0.0000000000
2019-08-28,-0.0017109430,-0.0017690198,5.2057711437,4.7711848159,0.9650002276,0.0000000000,0.0000000000
2019-08-29,0.0036784867,0.0038039751,5.2249205038,4.7893342842,0.9650002276,0.0000000000,0.0000000000
2019-08-30,-0.0001976684,-0.0002088005,5.2238877019,4.7883342687,0.9650002276,0.0000000000,0.0000000000
2019-09-03,0.0085717834,0.0088755413,5.2686657358,4.8308333273,0.9650002276,0.0000000000,0.0000000000
2019-09-04,0.0086925649,0.0090118168,5.3144639548,4.8743679123,0.9650002276,0.0000000000,0.0000000000
2019-09-05,0.0036770575,0.0038064413,5.3340055442,4.8929219075,0.9650002276,0.0000000000,0.0000000000
2019-09-06,-0.0049700909,-0.0030497242,5.3074950517,4.8779998453,1.5000000000,0.0003209999,0.0000000000
2019-09-09,-0.0016029274,-0.0010553908,5.2989875223,4.8728516493,1.5000000000,0.0000000000,0.0000000000
2019-09-10,-0.0072200136,-0.0047271718,5.2607287605,4.8498168424,1.5000000000,0.0000000000,0.0000000000
2019-09-11,0.0087330127,0.0057988719,5.3066707715,4.8779403093,1.5000000000,0.0000000000,0.0000000000
2019-09-12,0.0069694354,0.0047321874,5.3436552706,4.9010236370,1.5000000000,0.0000000000,0.0000000000
2019-09-13,-0.0043959840,-0.0029174285,5.3201646475,4.8867252510,1.5000000000,0.0000000000,0.0000000000
2019-09-16,0.0003813490,0.0002674601,5.3221934867,4.8880322552,1.5000000000,0.0000000000,0.0000000000
2019-09-17,0.0015472551,0.0010812569,5.3304282776,4.8933174736,1.5000000000,0.0000000000,0.0000000000
2019-09-18,-0.0024930627,-0.0015760358,5.3171391858,4.8856054303,1.5000000000,0.0000000000,0.0000000000
2019-09-19,0.0031832930,0.0021354228,5.3340651976,4.8960382636,1.5000000000,0.0000000000,0.0000000000
2019-09-20,-0.0036407988,-0.0023774577,5.3146449393,4.8843981396,1.5000000000,0.0000000000,0.0000000000
2019-09-23,-0.0059378528,-0.0038724869,5.2830873598,4.8654833718,1.5000000000,0.0000000000,0.0000000000
2019-09-24,-0.0249995782,-0.0166531579,5.1510124044,4.7844577088,1.5000000000,0.0000000000,0.0000000000
2019-09-25,-0.0017502031,-0.0011535746,5.1419970865,4.7789384801,1.5000000000,0.0000000000,0.0000000000
2019-09-26,-0.0074901843,-0.0049075231,5.1034825807,4.7554857293,1.5000000000,0.0000000000,0.0000000000
2019-09-27,-0.0061165387,-0.0040644650,5.0722669320,4.7361572242,1.5000000000,0.0000000000,0.0000000000
2019-09-30,0.0019626233,0.0013582034,5.0822218811,4.7425898888,1.5000000000,0.0000000000,0.0000000000
2019-10-01,-0.0067828236,-0.0045197245,5.0477500666,4.7211546890,1.5000000000,0.0000000000,0.0000000000
2019-10-02,-0.0122158891,-0.0081306986,4.9860873116,4.6827684034,1.5000000000,0.0000000000,0.0000000000
2019-10-03,0.0071443186,0.0048854809,5.0217095080,4.7056459790,1.5000000000,0.0000000000,0.0000000000
2019-10-04,0.0113353299,0.0075701141,5.0786322421,4.7412682561,1.5000000000,0.0000000000,0.0000000000
2019-10-07,-0.0050099937,-0.0032903222,5.0531883265,4.7256679561,1.5000000000,0.0000000000,0.0000000000
2019-10-08,-0.0112367263,-0.0074779234,4.9964070322,4.6903297733,1.5000000000,0.0000000000,0.0000000000
2019-10-09,0.0144353903,0.0096368211,5.0685321180,4.7355296421,1.5000000000,0.0000000000,0.0000000000
2019-10-10,0.0038232507,0.0026348794,5.0879103872,4.7480071916,1.5000000000,0.0000000000,0.0000000000
2019-10-11,0.0052219526,0.0035310628,5.1144792139,4.7647727031,1.5000000000,0.0000000000,0.0000000000
2019-10-14,0.0005885395,0.0004478149,5.1174892870,4.7669064394,1.3943064186,0.0000634161,0.0000000000
2019-10-15,0.0043041927,0.0031291945,5.1395159470,4.7818230170,1.3943064186,0.0000000000,0.0000000000
2019-10-16,-0.0024637359,-0.0015506879,5.1268535372,4.7744079019,1.5000000000,0.0000634161,0.0000000000
2019-10-17,0.0038405049,0.0026099903,5.1465432431,4.7868690603,1.5000000000,0.0000000000,0.0000000000
2019-10-18,-0.0074161816,-0.0049308935,5.1083755439,4.7632655186,1.5000000000,0.0000000000,0.0000000000
2019-10-21,0.0094680778,0.0063617016,5.1567420409,4.7935679926,1.5000000000,0.0000000000,0.0000000000
2019-10-22,-0.0059320729,-0.0039414877,5.1261518712,4.7746742031,1.5000000000,0.0000000000,0.0000000000
2019-10-23,-0.0054851272,-0.0036435239,5.0980342763,4.7572775633,1.5000000000,0.0000000000,0.0000000000
2019-10-24,0.0055340642,0.0037754402,5.1262471252,4.7752383803,1.5000000000,0.0000000000,0.0000000000
2019-10-25,0.0244740147,0.0163292373,5.2517069728,4.8532143811,1.5000000000,0.0000000000,0.0000000000
2019-10-28,0.0133653722,0.0088870984,5.3218979912,4.8963453750,1.5000000000,0.0000000000,0.0000000000
2019-10-29,-0.0008052748,-0.0004508269,5.3176124006,4.8941379708,1.5000000000,0.0000000000,0.0000000000
2019-10-30,0.0009318625,0.0006709086,5.3225676842,4.8974214902,1.5000000000,0.0000000000,0.0000000000
2019-10-31,0.0007976100,0.0005812375,5.3268130177,4.9002680554,1.5000000000,0.0000000000,0.0000000000
2019-11-01,0.0106899595,0.0071362935,5.3837564330,4.9352378065,1.5000000000,0.0000000000,0.0000000000
2019-11-04,0.0060986909,0.0041155195,5.4165902996,4.9555488741,1.5000000000,0.0000000000,0.0000000000
2019-11-05,-0.0050984430,-0.0034222286,5.3889741226,4.9385898532,1.5000000000,0.0000000000,0.0000000000
2019-11-06,0.0000257625,0.0000669006,5.3891129558,4.9389202476,1.5000000000,0.0000000000,0.0000000000
2019-11-07,-0.0027519369,-0.0017485082,5.3742824573,4.9302845052,1.5000000000,0.0000000000,0.0000000000
2019-11-08,-0.0063905511,-0.0042471399,5.3399378305,4.9093448971,1.5000000000,0.0000000000,0.0000000000
2019-11-11,-0.0033620853,-0.0022281627,5.3219845038,4.8984060779,1.5000000000,0.0000000000,0.0000000000
2019-11-12,0.0033981740,0.0023149975,5.3400695332,4.9097458759,1.5000000000,0.0000000000,0.0000000000
2019-11-13,0.0007954508,0.0005435281,5.3443172960,4.9124144606,1.5000000000,0.0000000000,0.0000000000
2019-11-14,-0.0002091899,-0.0000896511,5.3431993186,4.9119740573,1.5000000000,0.0000000000,0.0000000000
2019-11-15,0.0028052278,0.0018468020,5.3581882098,4.9210455010,1.5000000000,0.0000000000,0.0000000000
2019-11-18,-0.0021425579,-0.0013422133,5.3467079811,4.9144404083,1.5000000000,0.0000000000,0.0000000000
2019-11-19,-0.0014866413,-0.0010142085,5.3387593443,4.9094561409,1.5000000000,0.0000000000,0.0000000000
2019-11-20,-0.0059918397,-0.0039449865,5.3067703542,4.8900884030,1.5000000000,0.0000000000,0.0000000000
2019-11-21,-0.0085062046,-0.0056575756,5.2616298798,4.8624223584,1.5000000000,0.0000000000,0.0000000000
2019-11-22,-0.0044472323,-0.0029152521,5.2382301897,4.8482471713,1.5000000000,0.0000000000,0.0000000000
2019-11-25,0.0051299858,0.0034332181,5.2651022362,4.8648922610,1.5000000000,0.0000000000,0.0000000000
2019-11-26,0.0042827586,0.0029048701,5.2876513979,4.8790241408,1.5000000000,0.0000000000,0.0000000000
2019-11-27,0.0080206276,0.0054332119,5.3300616809,4.9055329128,1.5000000000,0.0000000000,0.0000000000
2019-11-29,-0.0010349142,-0.0006767153,5.3245455245,4.9022132637,1.5000000000,0.0000000000,0.0000000000
2019-12-02,-0.0153845518,-0.0102175899,5.2426297780,4.8521244591,1.5000000000,0.0000000000,0.0000000000
2019-12-03,-0.0031754544,-0.0021402967,5.2259820461,4.8417394733,1.5000000000,0.0000000000,0.0000000000
2019-12-04,0.0049040480,0.0033191514,5.2516105129,4.8578099398,1.5000000000,0.0000000000,0.0000000000
2019-12-05,0.0044815172,0.0030737834,5.2751456956,4.8727417953,1.5000000000,0.0000000000,0.0000000000
2019-12-06,0.0084326348,0.0056349841,5.3196290729,4.9001996176,1.5000000000,0.0000000000,0.0000000000
2019-12-09,-0.0058488039,-0.0038495607,5.2885156055,4.8813360017,1.5000000000,0.0000000000,0.0000000000
2019-12-10,-0.0020531664,-0.0013555501,5.2776574029,4.8747191062,1.5000000000,0.0000000000,0.0000000000
2019-12-11,0.0044714657,0.0029942047,5.3012562670,4.8893150128,1.5000000000,0.0000000000,0.0000000000
2019-12-12,0.0070348373,0.0047758407,5.3385497420,4.9126656025,1.5000000000,0.0000000000,0.0000000000
2019-12-13,0.0042841482,0.0027966205,5.3614208803,4.9264044637,1.5000000000,0.0000000000,0.0000000000
2019-12-16,0.0023939980,0.0016819479,5.3742561109,4.9346904191,1.5000000000,0.0000000000,0.0000000000
2019-12-17,-0.0041856998,-0.0028135424,5.3517610883,4.9208064585,1.5000000000,0.0000000000,0.0000000000
2019-12-18,0.0100275766,0.0067712236,5.4054262826,4.9541263394,1.5000000000,0.0000000000,0.0000000000
2019-12-19,0.0038188917,0.0025953886,5.4260690201,4.9669842225,1.5000000000,0.0000000000,0.0000000000
2019-12-20,0.0038877216,0.0026234704,5.4471640659,4.9800149584,1.5000000000,0.0000000000,0.0000000000
2019-12-23,0.0043649928,0.0029232227,5.4709408978,4.9945726513,1.5000000000,0.0000000000,0.0000000000
2019-12-24,0.0019121968,0.0013244509,5.4814024133,5.0011877174,1.5000000000,0.0000000000,0.0000000000
2019-12-26,0.0067301285,0.0045364014,5.5182929561,5.0238751125,1.5000000000,0.0000000000,0.0000000000
2019-12-27,0.0011474292,0.0007417627,5.5246248065,5.0276016358,1.5000000000,0.0000000000,0.0000000000
2019-12-30,-0.0052847252,-0.0034735011,5.4954286824,5.0101382560,1.5000000000,0.0000000000,0.0000000000
2019-12-31,0.0001390961,0.0001059583,5.4961930752,5.0106691215,1.5000000000,0.0000000000,0.0000902613
2020-01-02,0.0108665501,0.0073668800,5.5559177328,5.0475821196,1.5000000000,0.0000000000,0.0000000000
2020-01-03,0.0004575256,0.0003182446,5.5584597076,5.0491884854,1.5000000000,0.0000000000,0.0000000000
2020-01-06,0.0109497518,0.0072767224,5.6193234615,5.0859300284,1.5000000000,0.0000000000,0.0000000000
2020-01-07,0.0028589332,0.0019191830,5.6353887320,5.0956908587,1.5000000000,0.0000000000,0.0000000000
2020-01-08,0.0009532537,0.0007216482,5.6407606870,5.0993681548,1.5000000000,0.0000000000,0.0000000000
2020-01-09,0.0025189227,0.0017289770,5.6549693271,5.1081848449,1.5000000000,0.0000000000,0.0000000000
2020-01-10,0.0024003602,0.0016134676,5.6685432902,5.1164267357,1.5000000000,0.0000000000,0.0000000000
2020-01-13,0.0050123200,0.0033547742,5.6969558429,5.1335911919,1.5000000000,0.0000000000,0.0000000000
2020-01-14,0.0054917719,0.0036744088,5.7282422248,5.1524541044,1.5000000000,0.0000000000,0.0000000000
2020-01-15,0.0018120675,0.0012576702,5.7386221864,5.1589341922,1.5000000000,0.0000000000,0.0000000000
2020-01-16,0.0060708840,0.0041333699,5.7734606961,5.1802579754,1.5000000000,0.0000000000,0.0000000000
2020-01-17,0.0058172663,0.0038549204,5.8070464546,5.2002274574,1.5000000000,0.0000000000,0.0000000000
2020-01-21,-0.0040735331,-0.0026659725,5.7833912586,5.1863637938,1.5000000000,0.0000000000,0.0000000000
2020-01-22,-0.0002025159,-0.0001217831,5.7822200299,5.1857321823,1.5000000000,0.0000000000,0.0000000000
2020-01-23,-0.0016349704,-0.0010404330,5.7727662713,5.1803367754,1.5000000000,0.0000000000,0.0000000000
2020-01-24,-0.0065247710,-0.0043366198,5.7351002930,5.1578716241,1.5000000000,0.0000000000,0.0000000000
2020-01-27,-0.0109717196,-0.0072647055,5.6721763808,5.1204012056,1.5000000000,0.0000000000,0.0000000000
2020-01-28,0.0132169913,0.0088245551,5.7471454867,5.1655864680,1.5000000000,0.0000000000,0.0000000000
2020-01-29,0.0008699203,0.0006295191,5.7521450450,5.1688383035,1.5000000000,0.0000000000,0.0000000000
2020-01-30,0.0034049841,0.0022832169,5.7717310074,5.1806398825,1.5000000000,0.0000000000,0.0000000000
2020-01-31,-0.0153208745,-0.0102006888,5.6833030409,5.1277937872,1.5000000000,0.0000000000,0.0000000000
2020-02-03,0.0048831516,0.0032978137,5.7110554710,5.1447042958,1.5000000000,0.0000000000,0.0000000000
2020-02-04,0.0114682999,0.0076587608,5.7765515678,5.1841063552,1.5000000000,0.0000000000,0.0000000000
2020-02-05,0.0122683669,0.0082650779,5.8474204218,5.2269533979,1.5000000000,0.0000000000,0.0000000000
2020-02-06,0.0072748291,0.0048995752,5.8899594063,5.2525632490,1.5000000000,0.0000000000,0.0000000000
2020-02-07,-0.0037862454,-0.0025109361,5.8676585747,5.2393743985,1.5000000000,0.0000000000,0.0000000000
2020-02-10,0.0083488423,0.0055426648,5.9166467308,5.2684144946,1.5000000000,0.0000000000,0.0000000000
2020-02-11,0.0046172289,0.0031278417,5.9439652429,5.2848932609,1.5000000000,0.0000000000,0.0000000000
2020-02-12,0.0082974483,0.0055812514,5.9932849871,5.3143895786,1.5000000000,0.0000000000,0.0000000000
2020-02-13,-0.0014928235,-0.0009454686,5.9843380704,5.3093649899,1.5000000000,0.0000000000,0.0000000000
2020-02-14,0.0036229863,0.0024285517,6.0060192450,5.3222590572,1.5000000000,0.0000000000,0.0000000000
2020-02-18,-0.0000419959,0.0000216469,6.0057670165,5.3223742675,1.5000000000,0.0000000000,0.0000000000
2020-02-19,0.0027914184,0.0018741731,6.0225316251,5.3323493182,1.5000000000,0.0000000000,0.0000000000
2020-02-20,-0.0048569486,-0.0032247382,5.9932804986,5.3151538876,1.5000000000,0.0000000000,0.0000000000
2020-02-21,-0.0071820880,-0.0047020717,5.9502362304,5.2901616527,1.5000000000,0.0000000000,0.0000000000
2020-02-24,-0.0302855756,-0.0202133962,5.7700299013,5.1832295192,1.5000000000,0.0000000000,0.0000000000
2020-02-25,-0.0289106680,-0.0212946493,5.6032144825,5.0728544643,1.3528456442,0.0000882926,0.0000000000
2020-02-26,-0.0038527369,-0.0034670867,5.5816267711,5.0552664379,1.0556630363,0.0001783096,0.0000000000
2020-02-27,-0.0281327719,-0.0266357673,5.4246001383,4.9206155373,1.0556630363,0.0000000000,0.0000000000
2020-02-28,-0.0070948854,-0.0076495389,5.3861132219,4.8829750976,0.9152707910,0.0000842353,0.0000000000
2020-03-02,0.0245606506,0.0268069575,5.5183996669,5.0138728037,0.9152707910,0.0000000000,0.0000000000
2020-03-03,-0.0074459748,-0.0101444289,5.4773098018,4.9630099274,0.7288150632,0.0001118734,0.0000000000
2020-03-04,0.0164391972,0.0223934465,5.5673523778,5.0741488245,0.7288150632,0.0000000000,0.0000000000
2020-03-05,-0.0088474320,-0.0122207282,5.5180956061,5.0121390308,0.7288150632,0.0000000000,0.0000000000
2020-03-06,-0.0070057813,-0.0096125638,5.4794370351,4.9639595247,0.7288150632,0.0000000000,0.0000000000
2020-03-09,-0.0395136857,-0.0543789223,5.2629242823,4.6940247553,0.7288150632,0.0000000000,0.0000000000
2020-03-10,0.0115816024,0.0236560104,5.3238773790,4.8050666537,0.5000000000,0.0001372890,0.0000000000
2020-03-11,-0.0151438476,-0.0305059703,5.2432533914,4.6584834333,0.5000000000,0.0000000000,0.0000000000
2020-03-12,-0.0455208286,-0.0911506723,5.0045761523,4.2338595363,0.5000000000,0.0000000000,0.0000000000
2020-03-13,0.0245485091,0.0488779267,5.1274310354,4.4408018124,0.5000000000,0.0000000000,0.0000000000
2020-03-16,-0.0360799726,-0.0722686287,4.9424334640,4.1198711552,0.5000000000,0.0000000000,0.0000000000
2020-03-17,0.0165874473,0.0331748945,5.0244158184,4.2565474461,0.5000000000,0.0000000000,0.0000000000
2020-03-18,-0.0190059396,-0.0382301100,4.9289220747,4.0938191690,0.5000000000,0.0000000000,0.0000000000
2020-03-19,0.0062789274,0.0127760379,4.9598704184,4.1461219578,0.5000000000,0.0000000000,0.0000000000
2020-03-20,-0.0080345797,-0.0163965549,4.9200199441,4.0781398416,0.5000000000,0.0000000000,0.0000000000
2020-03-23,0.0030117170,0.0062418890,4.9348376517,4.1035951378,0.5000000000,0.0000000000,0.0000000000
2020-03-24,0.0299652667,0.0599305335,5.0827113782,4.3495257835,0.5000000000,0.0000000000,0.0000000000
2020-03-25,0.0022680004,0.0045360007,5.0942389694,4.3692552356,0.5000000000,0.0000000000,0.0000000000
2020-03-26,0.0162379955,0.0324759909,5.1769591987,4.5111511290,0.5000000000,0.0000000000,0.0000000000
2020-03-27,-0.0104315382,-0.0206455597,5.1229555509,4.4180158891,0.5000000000,0.0000000000,0.0000000000
2020-03-30,0.0090973828,0.0181947656,5.1695610386,4.4984006527,0.5000000000,0.0000000000,0.0000000000
2020-03-31,-0.0062954005,-0.0126994845,5.1370165813,4.4412732833,0.5000000000,0.0000000000,0.0000000000
2020-04-01,-0.0116837197,-0.0232799695,5.0769971196,4.3378805766,0.5000000000,0.0000000000,0.0000000000
2020-04-02,0.0086282358,0.0171471002,5.1208026481,4.4122626495,0.5000000000,0.0000000000,0.0000000000
2020-04-03,-0.0036064045,-0.0068850262,5.1023349625,4.3818841054,0.5000000000,0.0000000000,0.0000000000
2020-04-06,0.0235245237,0.0469395534,5.2223649623,4.5875677883,0.5000000000,0.0000000000,0.0000000000
2020-04-07,-0.0003227179,-0.0004265703,5.2206796117,4.5856108680,0.5000000000,0.0000000000,0.0000000000
2020-04-08,0.0071586208,0.0142078342,5.2580524772,4.6507624668,0.5000000000,0.0000000000,0.0000000000
2020-04-09,0.0063287787,0.0128760522,5.2913295276,4.7106459271,0.5000000000,0.0000000000,0.0000000000
2020-04-13,-0.0006688641,-0.0015562707,5.2877903475,4.7033148870,0.5000000000,0.0000000000,0.0000000000
2020-04-14,0.0098718164,0.0196341388,5.3399904430,4.7956604242,0.5000000000,0.0000000000,0.0000000000
2020-04-15,-0.0067517018,-0.0133939216,5.3039364200,4.7314277247,0.5000000000,0.0000000000,0.0000000000
2020-04-16,0.0043630895,0.0088355745,5.3270779695,4.7732326066,0.5000000000,0.0000000000,0.0000000000
2020-04-17,0.0040480482,0.0078771831,5.3486422379,4.8108322337,0.5000000000,0.0000000000,0.0000000000
2020-04-20,-0.0048541152,-0.0095987484,5.3226793123,4.7646542656,0.5000000000,0.0000000000,0.0000000000
2020-04-21,-0.0106168243,-0.0212336487,5.2661693610,4.6634832709,0.5000000000,0.0000000000,0.0000000000
2020-04-22,0.0099151494,0.0198302987,5.3183842168,4.7559615373,0.5000000000,0.0000000000,0.0000000000
2020-04-23,0.0019424969,0.0037754997,5.3287151615,4.7739176687,0.5000000000,0.0000000000,0.0000000000
2020-04-24,0.0035973021,0.0073040862,5.3478841595,4.8087867747,0.5000000000,0.0000000000,0.0000000000
2020-04-27,0.0032368254,0.0064736508,5.3651943270,4.8399171812,0.5000000000,0.0000000000,0.0000000000
2020-04-28,-0.0024221442,-0.0048442884,5.3521990527,4.8164712266,0.5000000000,0.0000000000,0.0000000000
2020-04-29,0.0205725634,0.0261389867,5.4623075069,4.9423689038,0.7946684015,0.0001768010,0.0000000000
2020-04-30,-0.0066072352,-0.0083710199,5.4262167567,4.9009962355,0.7946684015,0.0000000000,0.0000000000
2020-05-01,-0.0106420230,-0.0133465418,5.3684708333,4.8355848843,0.7946684015,0.0000000000,0.0000000000
2020-05-04,0.0033344842,0.0049572693,5.3863719145,4.8595561808,0.6858197871,0.0000653092,0.0000000000
2020-05-05,0.0051102711,0.0074513322,5.4138977352,4.8957663484,0.6858197871,0.0000000000,0.0000000000
2020-05-06,-0.0017833363,-0.0026502814,5.4042429348,4.8827911899,0.6858197871,0.0000000000,0.0000000000
2020-05-07,0.0105886066,0.0154893197,5.4614663370,4.9584223038,0.6858197871,0.0000000000,0.0000000000
2020-05-08,0.0051076108,0.0074474532,5.4893613814,4.9953499219,0.6858197871,0.0000000000,0.0000000000
2020-05-11,-0.0059564151,-0.0087350851,5.4566644664,4.9517151151,0.6858197871,0.0000000000,0.0000000000
2020-05-12,-0.0061872198,-0.0090216408,5.4229028840,4.9070425198,0.6858197871,0.0000000000,0.0000000000
2020-05-13,-0.0029702324,-0.0034786452,5.4067956020,4.8899726600,0.8291293209,0.0000859857,0.0000000000
2020-05-14,0.0093870044,0.0112989156,5.4575492162,4.9452240484,0.8291293209,0.0000000000,0.0000000000
2020-05-15,0.0008738101,0.0010989713,5.4623180778,4.9506587075,0.8291293209,0.0000000000,0.0000000000
2020-05-18,0.0147392161,0.0177767396,5.5428283641,5.0386652783,0.8291293209,0.0000000000,0.0000000000
2020-05-19,-0.0020162833,-0.0024318080,5.5316524519,5.0264122119,0.8291293209,0.0000000000,0.0000000000
2020-05-20,0.0085780142,0.0103458098,5.5791030453,5.0784145164,0.8291293209,0.0000000000,0.0000000000
2020-05-21,-0.0105001615,-0.0106467448,5.5205215625,5.0243459331,0.9780636669,0.0000893606,0.0000000000
2020-05-22,0.0023660660,0.0024215797,5.5335834806,5.0365127871,0.9780636669,0.0000000000,0.0000000000
2020-05-26,0.0002772639,0.0002810354,5.5351177436,5.0379282255,0.9780636669,0.0000000000,0.0000000000
2020-05-27,0.0085894113,0.0087845042,5.5826611464,5.0821839273,0.9780636669,0.0000000000,0.0000000000
2020-05-28,0.0024201834,0.0024744640,5.5961722101,5.0947596087,0.9780636669,0.0000000000,0.0000000000
2020-05-29,0.0058760026,0.0060077915,5.6290553325,5.1253678621,0.9780636669,0.0000000000,0.0000000000
2020-06-01,0.0108158647,0.0095198889,5.6899384332,5.1741607947,1.1492558080,0.0001027153,0.0000000000
2020-06-02,0.0000979258,0.0000903617,5.6904956250,5.1746283405,1.1492558080,0.0000000000,0.0000000000
2020-06-03,0.0046696054,0.0040683094,5.7170679939,5.1956803296,1.1492558080,0.0000000000,0.0000000000
2020-06-04,-0.0006329585,-0.0003757029,5.7134493273,5.1937282975,1.3415541239,0.0001153790,0.0000000000
2020-06-05,0.0134801691,0.0100026766,5.7904675905,5.2456794818,1.3415541239,0.0000000000,0.0000000000
2020-06-08,0.0115168961,0.0086226764,5.8571558039,5.2909112785,1.3415541239,0.0000000000,0.0000000000
2020-06-09,0.0002694306,0.0002109377,5.8587339011,5.2920273313,1.3415541239,0.0000000000,0.0000000000
2020-06-10,0.0067947423,0.0046428030,5.8985424885,5.3165971714,1.5000000000,0.0000950675,0.0000000000
2020-06-11,-0.0571678059,-0.0381714386,5.5613357564,5.1136550087,1.5000000000,0.0000000000,0.0000000000
2020-06-12,0.0061329293,0.0082271160,5.5954430352,5.1557256416,0.7915840306,0.0004250496,0.0000000000
2020-06-15,0.0045798378,0.0057856622,5.6210692567,5.1855549284,0.7915840306,0.0000000000,0.0000000000
2020-06-16,0.0085927158,0.0108550898,5.6693695070,5.2418445929,0.7915840306,0.0000000000,0.0000000000
2020-06-17,-0.0005739362,-0.0007250477,5.6661156508,5.2380440057,0.7915840306,0.0000000000,0.0000000000
2020-06-18,0.0000480838,0.0000894673,5.6663880993,5.2385126393,0.7915840306,0.0000000000,0.0000000000
2020-06-19,-0.0004795780,-0.0006058460,5.6636706239,5.2353389072,0.7915840306,0.0000000000,0.0000000000
2020-06-22,0.0072996848,0.0092216170,5.7050136341,5.2836171976,0.7915840306,0.0000000000,0.0000000000
2020-06-23,0.0035768408,0.0045185864,5.7254195597,5.3074916783,0.7915840306,0.0000000000,0.0000000000
2020-06-24,-0.0135861182,-0.0171632040,5.6476333329,5.2163981159,0.7915840306,0.0000000000,0.0000000000
2020-06-25,0.0048849886,0.0061424294,5.6752219573,5.2484394732,0.7915840306,0.0000000000,0.0000000000
2020-06-26,-0.0105043504,-0.0132413148,5.6156074371,5.1789432338,0.7915840306,0.0000000000,0.0000000000
2020-06-29,0.0064987237,0.0082097711,5.6521017182,5.2214611723,0.7915840306,0.0000000000,0.0000000000
2020-06-30,0.0067390510,0.0085133741,5.6901915197,5.2659134244,0.7915840306,0.0000000000,0.0000000000
2020-07-01,0.0041953060,0.0052998871,5.7140636143,5.2938221711,0.7915840306,0.0000000000,0.0000000000
2020-07-02,0.0032950165,0.0041338340,5.7328915484,5.3157059531,0.7915840306,0.0000000000,0.0000000000
2020-07-06,0.0168268455,0.0145822968,5.8293580290,5.3932211552,1.1686341712,0.0002262301,0.0000000000
2020-07-07,-0.0059455563,-0.0050818850,5.7946992526,5.3658134254,1.1686341712,0.0000000000,0.0000000000
2020-07-08,0.0102134781,0.0087453972,5.8538832867,5.4127395949,1.1686341712,0.0000000000,0.0000000000
2020-07-09,-0.0020210112,-0.0017236526,5.8420525230,5.4034099121,1.1686341712,0.0000000000,0.0000000000
2020-07-10,0.0052370436,0.0045028074,5.8726476069,5.4277404260,1.1686341712,0.0000000000,0.0000000000
2020-07-13,-0.0095479165,-0.0081644238,5.8165760579,5.3834260528,1.1686341712,0.0000000000,0.0000000000
2020-07-14,0.0074984786,0.0072626126,5.8601915289,5.4225237909,1.0430844245,0.0000753298,0.0000000000
2020-07-15,0.0045030453,0.0043186868,5.8865802368,5.4459419731,1.0430844245,0.0000000000,0.0000000000
2020-07-16,-0.0055241469,-0.0052988400,5.8540619030,5.4170847981,1.0430844245,0.0000000000,0.0000000000
2020-07-17,0.0037391955,0.0031280681,5.8759513851,5.4340298084,1.2459891187,0.0001217428,0.0000000000
2020-07-20,0.0129111938,0.0103700386,5.9518169324,5.4903809075,1.2459891187,0.0000000000,0.0000000000
2020-07-21,0.0036633163,0.0025923880,5.9736203204,5.5046141052,1.4728489924,0.0001361159,0.0000000000
2020-07-22,0.0094570571,0.0063986435,6.0301131892,5.5398361686,1.4728489924,0.0000000000,0.0000000000
2020-07-23,-0.0120152243,-0.0081100436,5.9576600267,5.4949078559,1.4728489924,0.0000000000,0.0000000000
2020-07-24,-0.0044912571,-0.0030716513,5.9309026441,5.4780294151,1.4728489924,0.0000000000,0.0000000000
2020-07-27,0.0270778843,0.0200748244,6.0914989400,5.5879998935,1.3531242689,0.0000718348,0.0000000000
2020-07-28,-0.0053565078,-0.0043186626,6.0588697786,5.5638672074,1.2135697324,0.0000837327,0.0000000000
2020-07-29,0.0119343395,0.0098410616,6.1311783876,5.6186215674,1.2135697324,0.0000000000,0.0000000000
2020-07-30,-0.0026381063,-0.0021860554,6.1150036870,5.6063389493,1.2135697324,0.0000000000,0.0000000000
2020-07-31,0.0094594695,0.0078209320,6.1728483777,5.6501857449,1.2135697324,0.0000000000,0.0000000000
2020-08-03,0.0078310309,0.0064406736,6.2211881440,5.6865767471,1.2135697324,0.0000000000,0.0000000000
2020-08-04,0.0075965837,0.0062858856,6.2684479203,5.7223219181,1.2135697324,0.0000000000,0.0000000000
2020-08-05,0.0094799844,0.0077994365,6.3278727084,5.7669528043,1.2135697324,0.0000000000,0.0000000000
2020-08-06,0.0095793987,0.0079005544,6.3884899239,5.8125149286,1.2135697324,0.0000000000,0.0000000000
2020-08-07,-0.0102769693,-0.0075569897,6.3228356093,5.7685898129,1.3429084026,0.0000776032,0.0000000000
2020-08-10,0.0013884881,0.0011995160,6.3316147913,5.7755093289,1.2242923051,0.0000711697,0.0000000000
2020-08-11,-0.0236377305,-0.0193199769,6.1819497876,5.6639266220,1.2242923051,0.0000000000,0.0000000000
2020-08-12,0.0109361981,0.0112091150,6.2495568152,5.7274142266,0.9882851970,0.0001416043,0.0000000000
2020-08-13,0.0044135321,0.0044645554,6.2771394350,5.7529845845,0.9882851970,0.0000000000,0.0000000000
2020-08-14,-0.0015109878,-0.0015276053,6.2676547541,5.7441962945,0.9882851970,0.0000000000,0.0000000000
2020-08-17,0.0114995010,0.0116358123,6.3397296563,5.8110346842,0.9882851970,0.0000000000,0.0000000000
2020-08-18,0.0031813032,0.0029261825,6.3598982586,5.8280388321,1.1203960748,0.0000792665,0.0000000000
2020-08-19,-0.0114634797,-0.0102273672,6.2869916939,5.7684333387,1.1203960748,0.0000000000,0.0000000000
2020-08-20,0.0065201782,0.0058237939,6.3279840001,5.8020275056,1.1203960748,0.0000000000,0.0000000000
2020-08-21,-0.0009632996,-0.0008555206,6.3218882558,5.7970637514,1.1203960748,0.0000000000,0.0000000000
2020-08-24,0.0060725517,0.0054242687,6.3602782494,5.8285085829,1.1203960748,0.0000000000,0.0000000000
2020-08-25,0.0009521730,0.0008423950,6.3663343346,5.8334184893,1.1203960748,0.0000000000,0.0000000000
2020-08-26,0.0122256326,0.0109161487,6.4441667990,5.8970969532,1.1203960748,0.0000000000,0.0000000000
2020-08-27,-0.0047068282,-0.0041967753,6.4138352129,5.8723481623,1.1203960748,0.0000000000,0.0000000000
2020-08-28,0.0092149035,0.0082406725,6.4729380853,5.9207402602,1.1203960748,0.0000000000,0.0000000000
2020-08-31,0.0018631736,0.0016672240,6.4849982929,5.9306114607,1.1203960748,0.0000000000,0.0000000000
2020-09-01,0.0104393744,0.0093218391,6.5526976178,5.9858956667,1.1203960748,0.0000000000,0.0000000000
2020-09-02,0.0017525528,0.0013334376,6.5641815665,5.9938774852,1.5000000000,0.0002277624,0.0000000000
2020-09-03,-0.0483532623,-0.0322586456,6.2467819731,5.8005231155,1.5000000000,0.0000000000,0.0000000000
2020-09-04,-0.0040945620,-0.0042830068,6.2212041370,5.7756794355,0.8711945653,0.0003772833,0.0000000000
2020-09-08,-0.0206471369,-0.0236998000,6.0927540833,5.6387969882,0.8711945653,0.0000000000,0.0000000000
2020-09-09,0.0141232396,0.0162274791,6.1788035089,5.7303004482,0.8711945653,0.0000000000,0.0000000000
2020-09-10,-0.0077474829,-0.0104702290,6.1309333340,5.6703028905,0.7319755441,0.0000835314,0.0000000000
2020-09-11,-0.0001307732,-0.0001386346,6.1301315722,5.6695167906,0.7319755441,0.0000000000,0.0000000000
2020-09-14,0.0086321442,0.0117129575,6.1830477519,5.7359235999,0.7319755441,0.0000000000,0.0000000000
2020-09-15,0.0041171502,0.0057046758,6.2085042882,5.7686451844,0.7319755441,0.0000000000,0.0000000000
2020-09-16,-0.0018137355,-0.0025578467,6.1972437036,5.7538898742,0.7319755441,0.0000000000,0.0000000000
2020-09-17,-0.0049385403,-0.0067468652,6.1666383655,5.7150691547,0.7319755441,0.0000000000,0.0000000000
2020-09-18,-0.0047171870,-0.0063644941,6.1375491791,5.6786956307,0.7319755441,0.0000000000,0.0000000000
2020-09-21,-0.0083217976,-0.0113689558,6.0864737371,5.6141347912,0.7319755441,0.0000000000,0.0000000000
2020-09-22,0.0047487927,0.0064876385,6.1153771394,5.6505572684,0.7319755441,0.0000000000,0.0000000000
2020-09-23,-0.0152098873,-0.0207792288,6.0223629424,5.5331430462,0.7319755441,0.0000000000,0.0000000000
2020-09-24,0.0041784089,0.0056683718,6.0475268372,5.5645069584,0.7319755441,0.0000000000,0.0000000000
2020-09-25,0.0067843174,0.0093085261,6.0885551785,5.6163043168,0.7319755441,0.0000000000,0.0000000000
2020-09-28,0.0093955751,0.0127958863,6.1457606561,5.6881699081,0.7319755441,0.0000000000,0.0000000000
2020-09-29,-0.0006412373,-0.0008760366,6.1418197649,5.6831868633,0.7319755441,0.0000000000,0.0000000000
2020-09-30,0.0022824167,0.0026414990,6.1558379571,5.6981989957,0.9078169403,0.0001055048,0.0000000000
2020-10-01,0.0058886843,0.0064866429,6.1920877435,5.7351611777,0.9078169403,0.0000000000,0.0000000000
2020-10-02,-0.0107814670,-0.0104417305,6.1253279538,5.6752761701,1.0256670001,0.0000707100,0.0000000000
2020-10-05,0.0140604219,0.0137095572,6.2114526492,5.7530816936,1.0256670001,0.0000000000,0.0000000000
2020-10-06,-0.0117102595,-0.0114134852,6.1387149271,5.6874189809,1.0256670001,0.0000000000,0.0000000000
2020-10-07,0.0103590204,0.0100980468,6.2023059999,5.7448508040,1.0256670001,0.0000000000,0.0000000000
2020-10-08,0.0061882894,0.0069778786,6.2406876645,5.7849376753,0.8978356612,0.0000766988,0.0000000000
2020-10-09,0.0094591914,0.0105355488,6.2997195235,5.8458851682,0.8978356612,0.0000000000,0.0000000000
2020-10-12,0.0130083747,0.0144761531,6.3816686355,5.9305110971,0.8978356612,0.0000000000,0.0000000000
2020-10-13,-0.0050043003,-0.0055612999,6.3497328492,5.8975297465,0.8978356612,0.0000000000,0.0000000000
2020-10-14,-0.0027893115,-0.0031067061,6.3320214664,5.8792078550,0.8978356612,0.0000000000,0.0000000000
2020-10-15,-0.0020096797,-0.0016991930,6.3192961311,5.8692179459,1.1065418314,0.0001252237,0.0000000000
2020-10-16,-0.0035604979,-0.0032033342,6.2967962907,5.8504168793,1.1065418314,0.0000000000,0.0000000000
2020-10-19,-0.0065428755,-0.0059090832,6.2555971363,5.8158462795,1.1065418314,0.0000000000,0.0000000000
2020-10-20,0.0046452236,0.0041912614,6.2846557838,5.8402220113,1.1065418314,0.0000000000,0.0000000000
2020-10-21,0.0057353256,0.0051869286,6.3207003312,5.8705148259,1.1065418314,0.0000000000,0.0000000000
2020-10-22,0.0008787187,0.0008084586,6.3262544488,5.8752608942,1.1065418314,0.0000000000,0.0000000000
2020-10-23,0.0015970040,0.0014470595,6.3363575022,5.8837627460,1.1065418314,0.0000000000,0.0000000000
2020-10-26,-0.0117800861,-0.0095713446,6.2617146655,5.8274472250,1.2225698269,0.0000696168,0.0000000000
2020-10-27,0.0059241063,0.0048329433,6.2988097286,5.8556109471,1.2225698269,0.0000000000,0.0000000000
2020-10-28,-0.0365591563,-0.0265698701,6.0685305591,5.7000281246,1.3720321386,0.0000896774,0.0000000000
2020-10-29,0.0065235703,0.0069540432,6.1081190450,5.7396663667,0.9721610171,0.0002399227,0.0000000000
2020-10-30,-0.0081521518,-0.0083855984,6.0583247310,5.6915358297,0.9721610171,0.0000000000,0.0000000000
2020-11-02,0.0069830290,0.0071829963,6.1006301884,5.7324181107,0.9721610171,0.0000000000,0.0000000000
2020-11-03,0.0150583497,0.0138867890,6.1924956114,5.8120229916,1.0896998980,0.0000705233,0.0000000000
2020-11-04,0.0214362783,0.0196659955,6.3252396706,5.9263222094,1.0896998980,0.0000000000,0.0000000000
2020-11-05,0.0221766856,0.0257000040,6.4655125218,6.0786287138,0.8675293113,0.0001333024,0.0000000000
2020-11-06,-0.0000544930,0.0000602154,6.4651601968,6.0789947409,0.7476466284,0.0000719296,0.0000000000
2020-11-09,-0.0060669787,-0.0081516651,6.4259362073,6.0294408113,0.7476466284,0.0000000000,0.0000000000
2020-11-10,-0.0026260704,-0.0034755553,6.4090612464,6.0084851564,0.7476466284,0.0000000000,0.0000000000
2020-11-11,0.0069460906,0.0092906065,6.4535791667,6.0643076276,0.7476466284,0.0000000000,0.0000000000
2020-11-12,-0.0002084251,-0.0002787748,6.4522340790,6.0626170513,0.7476466284,0.0000000000,0.0000000000
2020-11-13,0.0061372199,0.0081718200,6.4918328584,6.1121596666,0.7476466284,0.0000000000,0.0000000000
2020-11-16,0.0066566843,0.0089035168,6.5350469403,6.1665793828,0.7476466284,0.0000000000,0.0000000000
2020-11-17,0.0022299214,0.0029825874,6.5496195812,6.1849717445,0.7476466284,0.0000000000,0.0000000000
2020-11-18,-0.0039153640,-0.0052369179,6.5239754367,6.1525815556,0.7476466284,0.0000000000,0.0000000000
2020-11-19,0.0033754800,0.0036525236,6.5459969855,6.1750540048,0.9588433875,0.0001267181,0.0000000000
2020-11-20,0.0021360176,0.0022277023,6.5599793501,6.1888101866,0.9588433875,0.0000000000,0.0000000000
2020-11-23,-0.0022563439,-0.0023531934,6.5451777805,6.1742467193,0.9588433875,0.0000000000,0.0000000000
2020-11-24,0.0108358779,0.0113009882,6.6161005275,6.2440218089,0.9588433875,0.0000000000,0.0000000000
2020-11-25,-0.0010550103,-0.0010956031,6.6091204731,6.2371808395,0.9588433875,0.0000000000,0.0000000000
2020-11-27,-0.0079113476,-0.0069065413,6.5568334236,6.1941034923,1.1280265478,0.0001015099,0.0000000000
2020-11-30,0.0159762409,0.0107764095,6.6615869738,6.2608536881,1.5000000000,0.0002231841,0.0000000000
2020-12-01,0.0081299812,0.0054077277,6.7157455508,6.2947106799,1.5000000000,0.0000000000,0.0000000000
2020-12-02,0.0060452965,0.0040799324,6.7563442237,6.3203926737,1.5000000000,0.0000000000,0.0000000000
2020-12-03,0.0053843542,0.0036027970,6.7927227740,6.3431637653,1.5000000000,0.0000000000,0.0000000000
2020-12-04,-0.0007902906,-0.0004772612,6.7873545494,6.3401364192,1.5000000000,0.0000000000,0.0000000000
2020-12-07,0.0081393857,0.0053666178,6.8425994460,6.3741615080,1.5000000000,0.0000000000,0.0000000000
2020-12-08,-0.0034925071,-0.0023151105,6.8187016190,6.3594046195,1.5000000000,0.0000000000,0.0000000000
2020-12-09,-0.0139865634,-0.0093111481,6.7233314163,6.3001912613,1.5000000000,0.0000000000,0.0000000000
2020-12-10,0.0004773518,0.0003314621,6.7265408108,6.3022795356,1.5000000000,0.0000000000,0.0000000000
2020-12-11,-0.0031148346,-0.0020268217,6.7055887484,6.2895059385,1.5000000000,0.0000000000,0.0000000000
2020-12-14,0.0093821924,0.0062315193,6.7685018724,6.3286991160,1.5000000000,0.0000000000,0.0000000000
2020-12-15,0.0157158022,0.0104904290,6.8748743090,6.3950898846,1.5000000000,0.0000000000,0.0000000000
2020-12-16,0.0197448363,0.0132129589,7.0106175766,6.4795879442,1.5000000000,0.0000000000,0.0000000000
2020-12-17,0.0203200218,0.0135599087,7.1530734787,6.5674505654,1.5000000000,0.0000000000,0.0000000000
2020-12-18,-0.0005934727,-0.0003642400,7.1488283248,6.5650584371,1.3609150488,0.0000834510,0.0000000000
2020-12-21,-0.0072894174,-0.0049046858,7.0967175310,6.5328588881,1.4691752948,0.0000649561,0.0000000000
2020-12-22,0.0059063922,0.0040328818,7.1386335284,6.5592051359,1.4691752948,0.0000000000,0.0000000000
2020-12-23,-0.0025500754,-0.0017580179,7.1204294746,6.5476739356,1.4691752948,0.0000000000,0.0000000000
2020-12-24,0.0079897657,0.0054859135,7.1773200381,6.5835939086,1.4691752948,0.0000000000,0.0000000000
2020-12-28,0.0316992466,0.0215888906,7.4048356760,6.7257263971,1.4691752948,0.0000000000,0.0000000000
2020-12-29,0.0024099038,0.0022522357,7.4226806178,6.7408743185,1.1561475368,0.0001878167,0.0000000000
2020-12-30,0.0113739432,0.0098283649,7.5071057655,6.8071260911,1.1561475368,0.0000000000,0.0000000000
2020-12-31,0.0033014947,0.0028757511,7.5318904356,6.8267016916,1.1561475368,0.0000000000,0.0002321708
2021-01-04,0.0016069483,0.0013052424,7.5439937944,6.8356121920,1.3125450458,0.0000938385,0.0000000000
2021-01-05,0.0135837359,0.0103325306,7.6464694137,6.9062413639,1.3125450458,0.0000000000,0.0000000000
2021-01-06,0.0019980909,0.0015578314,7.6617477549,6.9170001238,1.3125450458,0.0000000000,0.0000000000
2021-01-07,0.0179770323,0.0137057657,7.7994832415,7.0118029068,1.3125450458,0.0000000000,0.0000000000
2021-01-08,0.0040104916,0.0030388804,7.8307630033,7.0331109375,1.3125450458,0.0000000000,0.0000000000
2021-01-11,-0.0205468083,-0.0156186452,7.6698658169,6.9232632734,1.3125450458,0.0000000000,0.0000000000
2021-01-12,-0.0004162238,-0.0002729540,7.6666734359,6.9213735408,1.1115148415,0.0001206181,0.0000000000
2021-01-13,0.0083527827,0.0075187551,7.7307114933,6.9734136536,1.1115148415,0.0000000000,0.0000000000
2021-01-14,0.0020410602,0.0018512561,7.7464903407,6.9863232283,1.1115148415,0.0000000000,0.0000000000
2021-01-15,-0.0126887119,-0.0114117116,7.6481973562,6.9065973228,1.1115148415,0.0000000000,0.0000000000
2021-01-19,0.0071805869,0.0064641621,7.7031159021,6.9512426875,1.1115148415,0.0000000000,0.0000000000
2021-01-20,0.0125370273,0.0112832074,7.7996900768,7.0296750008,1.1115148415,0.0000000000,0.0000000000
2021-01-21,-0.0071072653,-0.0063902342,7.7442556102,6.9847537315,1.1115148415,0.0000000000,0.0000000000
2021-01-22,-0.0006279698,-0.0005719731,7.7393924513,6.9807586403,1.1115148415,0.0000000000,0.0000000000
2021-01-25,0.0031627825,0.0028604395,7.7638704662,7.0007266780,1.1115148415,0.0000000000,0.0000000000
2021-01-26,-0.0006203091,-0.0005650809,7.7590544669,6.9967707010,1.1115148415,0.0000000000,0.0000000000
2021-01-27,-0.0223004002,-0.0200590889,7.5860244471,6.8564218556,1.1115148415,0.0000000000,0.0000000000
2021-01-28,0.0094777326,0.0095523729,7.6579227582,6.9219169539,0.9992301574,0.0000673708,0.0000000000
2021-01-29,-0.0108795447,-0.0108879267,7.5746080454,6.8465516297,0.9992301574,0.0000000000,0.0000000000
2021-02-01,0.0128195886,0.0128294653,7.6717114042,6.9343892259,0.9992301574,0.0000000000,0.0000000000
2021-02-02,0.0106294325,0.0106377061,7.7532573424,7.0081552206,0.9992301574,0.0000000000,0.0000000000
2021-02-03,0.0029351719,0.0029374333,7.7760144855,7.0287412089,0.9992301574,0.0000000000,0.0000000000
2021-02-04,0.0022939132,0.0022955962,7.7938519880,7.0448763603,0.9992301574,0.0000000000,0.0000000000
2021-02-05,0.0061770270,0.0061817860,7.8419948222,7.0884262783,0.9992301574,0.0000000000,0.0000000000
2021-02-08,0.0199046069,0.0199199421,7.9980866464,7.2296273195,0.9992301574,0.0000000000,0.0000000000
2021-02-09,0.0015981083,0.0015993396,8.0108684555,7.2411899487,0.9992301574,0.0000000000,0.0000000000
2021-02-10,-0.0025660967,-0.0025679893,7.9903117927,7.2225946504,0.9992301574,0.0000000000,0.0000000000
2021-02-11,0.0058547788,0.0058592052,8.0370933011,7.2649133144,0.9992301574,0.0000000000,0.0000000000
2021-02-12,0.0022930599,0.0022949109,8.0555228373,7.2815856432,0.9992301574,0.0000000000,0.0000000000
2021-02-16,0.0004028261,0.0004030521,8.0587678120,7.2845205013,0.9992301574,0.0000000000,0.0000000000
2021-02-17,0.0021266666,0.0021283051,8.0759061247,7.3000241835,0.9992301574,0.0000000000,0.0000000000
2021-02-18,-0.0038002116,-0.0038030551,8.0452159723,7.2722617894,0.9992301574,0.0000000000,0.0000000000
2021-02-19,0.0076800157,0.0061868066,8.1070033570,7.3172538669,1.2746929213,0.0001652777,0.0000000000
2021-02-22,-0.0110847452,-0.0087110598,8.0171392900,7.2535128311,1.2746929213,0.0000000000,0.0000000000
2021-02-23,-0.0111316075,-0.0087242243,7.9278956425,7.1902315582,1.2746929213,0.0000000000,0.0000000000
2021-02-24,0.0091734897,0.0071816196,8.0006221114,7.2418690658,1.2746929213,0.0000000000,0.0000000000
2021-02-25,-0.0313682723,-0.0245763803,7.7496564182,7.0638901379,1.2746929213,0.0000000000,0.0000000000
2021-02-26,-0.0063583236,-0.0064170261,7.7003815949,7.0185609706,0.9615751723,0.0001878706,0.0000000000
2021-03-01,0.0193593527,0.0201373267,7.8494559978,7.1598960261,0.9615751723,0.0000000000,0.0000000000
2021-03-02,-0.0060750923,-0.0071042091,7.8017698283,7.1090306277,0.8453214062,0.0000697523,0.0000000000
2021-03-03,-0.0080675412,-0.0084599913,7.7388287291,7.0488882906,0.9470782038,0.0000610541,0.0000000000
2021-03-04,-0.0119481800,-0.0126158326,7.6463638101,6.9599606962,0.9470782038,0.0000000000,0.0000000000
2021-03-05,0.0104202624,0.0110025364,7.7260409278,7.0365379173,0.9470782038,0.0000000000,0.0000000000
2021-03-08,-0.0047071746,-0.0049640980,7.6896731038,7.0016078535,0.9470782038,0.0000000000,0.0000000000
2021-03-09,0.0197990469,0.0209053981,7.8419213023,7.1479792532,0.9470782038,0.0000000000,0.0000000000
2021-03-10,0.0035566198,0.0048150680,7.8698120346,7.1823972596,0.7617386654,0.0001112037,0.0000000000
2021-03-11,0.0095883830,0.0125532979,7.9452708065,7.2725600323,0.7617386654,0.0000000000,0.0000000000
2021-03-12,-0.0023714754,-0.0030790450,7.9264287926,7.2501674927,0.7617386654,0.0000000000,0.0000000000
2021-03-15,0.0017073006,0.0022413207,7.9399615895,7.2664174431,0.7617386654,0.0000000000,0.0000000000
2021-03-16,0.0014742524,0.0019353782,7.9516670967,7.2804807088,0.7617386654,0.0000000000,0.0000000000
2021-03-17,0.0050226975,0.0065595291,7.9916059151,7.3282372335,0.7617386654,0.0000000000,0.0000000000
2021-03-18,-0.0130693727,-0.0171230969,7.8871606386,7.2027551170,0.7617386654,0.0000000000,0.0000000000
2021-03-19,0.0023692205,0.0031102800,7.9058470615,7.2251577021,0.7617386654,0.0000000000,0.0000000000
2021-03-22,-0.0001834630,-0.0002408477,7.9043966310,7.2234175395,0.7617386654,0.0000000000,0.0000000000
2021-03-23,-0.0063790961,-0.0066485469,7.8539737257,7.1753923093,0.9439502328,0.0001093269,0.0000000000
2021-03-24,-0.0066702251,-0.0070597975,7.8015859532,7.1247354928,0.9439502328,0.0000000000,0.0000000000
2021-03-25,-0.0015317886,-0.0016227429,7.7896355730,7.1131738786,0.9439502328,0.0000000000,0.0000000000
2021-03-26,0.0153922398,0.0163061984,7.9095355116,7.2291627032,0.9439502328,0.0000000000,0.0000000000
2021-03-29,0.0015523510,0.0016445263,7.9218138870,7.2410512515,0.9439502328,0.0000000000,0.0000000000
2021-03-30,-0.0024117900,-0.0025614892,7.9027081351,7.2225033770,0.9439502328,0.0000000000,0.0000000000
2021-03-31,0.0072831283,0.0063175153,7.9602645723,7.2681316523,1.1726655946,0.0001372292,0.0000000000
2021-04-01,0.0131752068,0.0112572051,8.0651427039,7.3499505014,1.1726655946,0.0000000000,0.0000000000
2021-04-05,0.0091719787,0.0078112243,8.1391160207,7.4073626130,1.1726655946,0.0000000000,0.0000000000
2021-04-06,-0.0004366981,-0.0003826247,8.1355616843,7.4045283733,1.1726655946,0.0000000000,0.0000000000
2021-04-07,-0.0040111677,-0.0034147125,8.1029285824,7.3792440378,1.1726655946,0.0000000000,0.0000000000
2021-04-08,0.0115453110,0.0098672711,8.1964794127,7.4520570394,1.1726655946,0.0000000000,0.0000000000
2021-04-09,0.0023134415,0.0019625789,8.2154414881,7.4666822894,1.1726655946,0.0000000000,0.0000000000
2021-04-12,0.0015778421,0.0012341192,8.2284041576,7.4758970653,1.4039514500,0.0001387715,0.0000000000
2021-04-13,0.0156379767,0.0111499629,8.3570797504,7.5592530402,1.4039514500,0.0000000000,0.0000000000
2021-04-14,-0.0044766355,-0.0031771794,8.3196681508,7.5352359370,1.4039514500,0.0000000000,0.0000000000
2021-04-15,0.0142371042,0.0101835613,8.4381161334,7.6119714740,1.4039514500,0.0000000000,0.0000000000
2021-04-16,-0.0010228274,-0.0007171171,8.4294853967,7.6065127990,1.4039514500,0.0000000000,0.0000000000
2021-04-19,-0.0183821016,-0.0131131020,8.2745337397,7.5067678208,1.4039514500,0.0000000000,0.0000000000
2021-04-20,-0.0048200599,-0.0034217922,8.2346499915,7.4810812215,1.4039514500,0.0000000000,0.0000000000
2021-04-21,0.0038337815,0.0027421257,8.2662198402,7.5015952863,1.4039514500,0.0000000000,0.0000000000
2021-04-22,-0.0130083692,-0.0092227176,8.1586898006,7.4324101912,1.4039514500,0.0000000000,0.0000000000
2021-04-23,0.0073187000,0.0058658665,8.2184008039,7.4760077170,1.2637964345,0.0000840930,0.0000000000
2021-04-26,0.0095115017,0.0075116365,8.2965701369,7.5321647691,1.2637964345,0.0000000000,0.0000000000
2021-04-27,0.0003184955,0.0002830814,8.2992125574,7.5342969845,1.2637964345,0.0000000000,0.0000000000
2021-04-28,-0.0001596523,-0.0001408254,8.2978875689,7.5332359642,1.2637964345,0.0000000000,0.0000000000
2021-04-29,0.0002952216,0.0002418821,8.3003372844,7.5350581189,1.2637964345,0.0000000000,0.0000000000
2021-04-30,0.0013428410,0.0010513703,8.3114833175,7.5429802554,1.4402528386,0.0001058738,0.0000000000
2021-05-03,0.0025709371,0.0017971896,8.3328516182,7.5565364211,1.4402528386,0.0000000000,0.0000000000
2021-05-04,-0.0181335772,-0.0126117825,8.1817472099,7.4612350274,1.4402528386,0.0000000000,0.0000000000
2021-05-05,0.0108999784,0.0076135956,8.2709280775,7.5180418533,1.4402528386,0.0000000000,0.0000000000
2021-05-06,0.0074666088,0.0051963648,8.3326838616,7.5571083412,1.4402528386,0.0000000000,0.0000000000
2021-05-07,0.0116733118,0.0080838122,8.4299538786,7.6181985859,1.4402528386,0.0000000000,0.0000000000
2021-05-10,-0.0164057248,-0.0113787344,8.2916543750,7.5315131279,1.4402528386,0.0000000000,0.0000000000
2021-05-11,-0.0031167359,-0.0021518899,8.2658114783,7.5153061409,1.4402528386,0.0000000000,0.0000000000
2021-05-12,-0.0390337510,-0.0271233382,7.9431658516,7.3114659506,1.4402528386,0.0000000000,0.0000000000
2021-05-13,0.0054464664,0.0058798124,7.9864280372,7.3544559987,0.9738890075,0.0002798183,0.0000000000
2021-05-14,0.0124803927,0.0128150052,8.0861017955,7.4487033908,0.9738890075,0.0000000000,0.0000000000
2021-05-17,-0.0096873282,-0.0099499904,8.0077690737,7.3745888637,0.9738890075,0.0000000000,0.0000000000
2021-05-18,-0.0044994836,-0.0046201195,7.9717382478,7.3405173815,0.9738890075,0.0000000000,0.0000000000
2021-05-19,-0.0118416420,-0.0121561946,7.8773397770,7.2512846239,0.9738890075,0.0000000000,0.0000000000
2021-05-20,0.0145671086,0.0149576682,7.9920898413,7.3597469333,0.9738890075,0.0000000000,0.0000000000
2021-05-21,-0.0053719044,-0.0064320701,7.9491570991,7.3124085248,0.8242036340,0.0000898112,0.0000000000
2021-05-24,0.0086005796,0.0104583619,8.0175244572,7.3888843397,0.8242036340,0.0000000000,0.0000000000
2021-05-25,0.0006192662,0.0007513509,8.0224894389,7.3944359849,0.8242036340,0.0000000000,0.0000000000
2021-05-26,0.0023249549,0.0028208501,8.0411413652,7.4152945806,0.8242036340,0.0000000000,0.0000000000
2021-05-27,-0.0007140155,-0.0008896563,8.0353998657,7.4086975172,0.8242036340,0.0000000000,0.0000000000
2021-05-28,-0.0020221063,-0.0024534062,8.0191514328,7.3905209726,0.8242036340,0.0000000000,0.0000000000
2021-06-01,0.0017248142,0.0021160481,8.0329829793,7.4061596708,0.8242036340,0.0000000000,0.0000000000
2021-06-02,0.0029571540,0.0035878924,8.0567377470,7.4327321752,0.8242036340,0.0000000000,0.0000000000
2021-06-03,-0.0040145775,-0.0048708563,8.0243933492,7.3965284048,0.8242036340,0.0000000000,0.0000000000
2021-06-04,0.0070550972,0.0061535894,8.0810062240,7.4420436035,1.1863253348,0.0002172730,0.0000000000
2021-06-07,-0.0049515531,-0.0042019427,8.0409926927,7.4107725627,1.1863253348,0.0000000000,0.0000000000
2021-06-08,0.0003853619,0.0003555159,8.0440913852,7.4134072098,1.2883840056,0.0000612352,0.0000000000
2021-06-09,0.0065216156,0.0050707393,8.0965518572,7.4509986653,1.2883840056,0.0000000000,0.0000000000
2021-06-10,0.0056298973,0.0040986309,8.1421346129,7.4815375590,1.3926730946,0.0000625735,0.0000000000
2021-06-11,0.0005379639,0.0004511595,8.1465147874,7.4849129257,1.5000000000,0.0000643961,0.0000000000
2021-06-14,0.0087192187,0.0057896853,8.2175460315,7.5282482162,1.5000000000,0.0000000000,0.0000000000
2021-06-15,-0.0037592612,-0.0024929466,8.1866541293,7.5094806952,1.5000000000,0.0000000000,0.0000000000
2021-06-16,-0.0142731793,-0.0094658667,8.0698045471,7.4383969517,1.5000000000,0.0000000000,0.0000000000
2021-06-17,-0.0055162738,-0.0037006430,8.0252892955,7.4108700999,1.5000000000,0.0000000000,0.0000000000
2021-06-18,-0.0162917530,-0.0108115825,7.8945432647,7.3307468663,1.5000000000,0.0000000000,0.0000000000
2021-06-21,0.0036731312,0.0024256270,7.9235409579,7.3485285237,1.5000000000,0.0000000000,0.0000000000
2021-06-22,0.0068426250,0.0045749775,7.9777587776,7.3821478767,1.5000000000,0.0000000000,0.0000000000
2021-06-23,0.0025397483,0.0017063930,7.9980202767,7.3947447223,1.5000000000,0.0000000000,0.0000000000
2021-06-24,0.0084795588,0.0057026253,8.0658399598,7.4369141809,1.5000000000,0.0000000000,0.0000000000
2021-06-25,-0.0053726742,-0.0035685553,8.0225048295,7.4103751414,1.5000000000,0.0000000000,0.0000000000
2021-06-28,0.0112835736,0.0074992553,8.1130273533,7.4659474362,1.5000000000,0.0000000000,0.0000000000
2021-06-29,0.0032278433,0.0021651230,8.1392149340,7.4821121309,1.5000000000,0.0000000000,0.0000000000
2021-06-30,-0.0011311191,-0.0007408519,8.1300085128,7.4765689941,1.5000000000,0.0000000000,0.0000000000
2021-07-01,0.0003311924,0.0002703811,8.1327011100,7.4785905170,1.5000000000,0.0000000000,0.0000000000
2021-07-02,0.0106318109,0.0070647468,8.2191664500,7.5314248651,1.5000000000,0.0000000000,0.0000000000
2021-07-06,-0.0008304485,-0.0005768622,8.2123408553,7.5270802710,1.5000000000,0.0000000000,0.0000000000
2021-07-07,0.0016570102,0.0011179010,8.2259487875,7.5354948013,1.5000000000,0.0000000000,0.0000000000
2021-07-08,-0.0095287709,-0.0063028251,8.1475656060,7.4879998954,1.5000000000,0.0000000000,0.0000000000
2021-07-09,0.0130217502,0.0086943943,8.2536611704,7.5531035193,1.5000000000,0.0000000000,0.0000000000
2021-07-12,0.0013546510,0.0009163282,8.2648420005,7.5600246408,1.5000000000,0.0000000000,0.0000000000
2021-07-13,-0.0030570058,-0.0020247764,8.2395763304,7.5447172815,1.5000000000,0.0000000000,0.0000000000
2021-07-14,0.0034697465,0.0022899345,8.2681655711,7.5619941898,1.5000000000,0.0000000000,0.0000000000
2021-07-15,-0.0071183994,-0.0046959107,8.2093094666,7.5264837401,1.5000000000,0.0000000000,0.0000000000
2021-07-16,-0.0103419085,-0.0068813781,8.1244095396,7.4746911595,1.5000000000,0.0000000000,0.0000000000
2021-07-19,-0.0155474042,-0.0103881659,7.9980960610,7.3970428275,1.5000000000,0.0000000000,0.0000000000
2021-07-20,0.0102488735,0.0068458099,8.0800675359,7.4476815762,1.5000000000,0.0000000000,0.0000000000
2021-07-21,0.0139325748,0.0093016107,8.1926436812,7.5169570109,1.5000000000,0.0000000000,0.0000000000
2021-07-22,0.0050193040,0.0033958915,8.2337650507,7.5424837815,1.5000000000,0.0000000000,0.0000000000
2021-07-23,0.0116929196,0.0077720499,8.3300418037,7.6011043421,1.5000000000,0.0000000000,0.0000000000
2021-07-26,0.0093460954,0.0062804191,8.4078951694,7.6488424632,1.5000000000,0.0000000000,0.0000000000
2021-07-27,-0.0018153801,-0.0012334832,8.3926316439,7.6394077444,1.5000000000,0.0000000000,0.0000000000
2021-07-28,0.0055726280,0.0037283129,8.4394006583,7.6678898467,1.5000000000,0.0000000000,0.0000000000
2021-07-29,0.0066311077,0.0044704273,8.4953632329,7.7021685907,1.5000000000,0.0000000000,0.0000000000
2021-07-30,-0.0014568346,-0.0009944529,8.4829868937,7.6945091469,1.5000000000,0.0000000000,0.0000000000
2021-08-02,-0.0081461072,-0.0054175106,8.4138835733,7.6528240620,1.5000000000,0.0000000000,0.0000000000
2021-08-03,0.0037815375,0.0025342525,8.4457009895,7.6722182506,1.5000000000,0.0000000000,0.0000000000
2021-08-04,0.0001744260,0.0001295115,8.4471741392,7.6732118911,1.5000000000,0.0000000000,0.0000000000
2021-08-05,0.0081307402,0.0054337210,8.5158559172,7.7149059833,1.5000000000,0.0000000000,0.0000000000
2021-08-06,-0.0030498503,-0.0019835447,8.4898838311,7.6996031222,1.5000000000,0.0000000000,0.0000000000
2021-08-09,0.0034471916,0.0023113553,8.5191500874,7.7173996403,1.5000000000,0.0000000000,0.0000000000
2021-08-10,-0.0013936620,-0.0009523378,8.5072772715,7.7100500687,1.5000000000,0.0000000000,0.0000000000
2021-08-11,0.0049120018,0.0032878954,8.5490650328,7.7353999067,1.5000000000,0.0000000000,0.0000000000
2021-08-12,-0.0008685709,-0.0005658198,8.5416395637,7.7310230647,1.5000000000,0.0000000000,0.0000000000
2021-08-13,0.0128070038,0.0085876914,8.6510323740,7.7974147046,1.5000000000,0.0000000000,0.0000000000
2021-08-16,-0.0029754066,-0.0020433573,8.6252920355,7.7814818001,1.5000000000,0.0000000000,0.0000000000
2021-08-17,-0.0120033338,-0.0079889950,8.5217597761,7.7193155808,1.5000000000,0.0000000000,0.0000000000
2021-08-18,-0.0090850010,-0.0060434399,8.4443395796,7.6726643614,1.5000000000,0.0000000000,0.0000000000
2021-08-19,0.0033047224,0.0022893722,8.4722457779,7.6902299462,1.5000000000,0.0000000000,0.0000000000
2021-08-20,0.0117121334,0.0078213165,8.5714738508,7.7503776682,1.5000000000,0.0000000000,0.0000000000
2021-08-23,0.0162906265,0.0108006647,8.7111085295,7.8340868986,1.5000000000,0.0000000000,0.0000000000
2021-08-24,0.0002683638,0.0001921367,8.7134462759,7.8355921144,1.5000000000,0.0000000000,0.0000000000
2021-08-25,0.0034691000,0.0023259609,8.7436740926,7.8538173950,1.5000000000,0.0000000000,0.0000000000
2021-08-26,-0.0108823715,-0.0072051557,8.6485221830,7.7972294181,1.5000000000,0.0000000000,0.0000000000
2021-08-27,0.0182276851,0.0121650176,8.8061647220,7.8920828510,1.5000000000,0.0000000000,0.0000000000
2021-08-30,0.0006950028,0.0004765627,8.8122850312,7.8958439235,1.5000000000,0.0000000000,0.0000000000
2021-08-31,-0.0006078489,-0.0004285322,8.8069284934,7.8924602999,1.5000000000,0.0000000000,0.0000000000
2021-09-01,0.0055727682,0.0037284063,8.8560074645,7.9218865988,1.5000000000,0.0000000000,0.0000000000
2021-09-02,0.0033665499,0.0023305905,8.8858216553,7.9403492728,1.5000000000,0.0000000000,0.0000000000
2021-09-03,0.0047813866,0.0031278381,8.9283082036,7.9651853997,1.5000000000,0.0000000000,0.0000000000
2021-09-07,-0.0137292578,-0.0091396110,8.8057291588,7.8923867036,1.5000000000,0.0000000000,0.0000000000
2021-09-08,-0.0041655012,-0.0027637733,8.7690488836,7.8705739361,1.5000000000,0.0000000000,0.0000000000
2021-09-09,-0.0017727014,-0.0011685734,8.7535039785,7.8613765927,1.5000000000,0.0000000000,0.0000000000
2021-09-10,-0.0100792610,-0.0066697487,8.6652751271,7.8089431865,1.5000000000,0.0000000000,0.0000000000
2021-09-13,0.0033700719,0.0022599421,8.6944777271,7.8265909459,1.5000000000,0.0000000000,0.0000000000
2021-09-14,0.0020324870,0.0013316917,8.7121491399,7.8370135521,1.5000000000,0.0000000000,0.0000000000
2021-09-15,0.0093312266,0.0062340452,8.7934441777,7.8858698492,1.5000000000,0.0000000000,0.0000000000
2021-09-16,-0.0070152203,-0.0046270549,8.7317562292,7.8493814964,1.5000000000,0.0000000000,0.0000000000
2021-09-17,-0.0120640436,-0.0080659954,8.6264159413,7.7860684217,1.5000000000,0.0000000000,0.0000000000
2021-09-20,-0.0266148690,-0.0176934874,8.3968250107,7.6483057183,1.5000000000,0.0000000000,0.0000000000
2021-09-21,-0.0024873066,-0.0016815040,8.3759395327,7.6354450617,1.5000000000,0.0000000000,0.0000000000
2021-09-22,0.0159141323,0.0106226491,8.5092353427,7.7165537149,1.5000000000,0.0000000000,0.0000000000
2021-09-23,0.0100277906,0.0075822643,8.5945641729,7.7750626650,1.3417814311,0.0000949311,0.0000000000
2021-09-24,-0.0045507926,-0.0034094098,8.5554520942,7.7485542905,1.3417814311,0.0000000000,0.0000000000
2021-09-27,-0.0033091863,-0.0024561553,8.5271405095,7.7295226381,1.3417814311,0.0000000000,0.0000000000
2021-09-28,-0.0247283304,-0.0184193693,8.3162785612,7.5871497062,1.3417814311,0.0000000000,0.0000000000
2021-09-29,0.0001022300,0.0002023536,8.3171287343,7.5886849934,1.1606933266,0.0001086529,0.0000000000
2021-09-30,0.0015092408,0.0013057863,8.3296812839,7.5985941945,1.1606933266,0.0000000000,0.0000000000
2021-10-01,0.0157449375,0.0135706081,8.4608315955,7.7017117384,1.1606933266,0.0000000000,0.0000000000
2021-10-04,-0.0066250586,-0.0062928480,8.4047780901,7.6532460367,1.0427639661,0.0000707576,0.0000000000
2021-10-05,0.0104214922,0.0100002068,8.4923684199,7.7297800796,1.0427639661,0.0000000000,0.0000000000
2021-10-06,0.0076538913,0.0073416310,8.5573680846,7.7865292729,1.0427639661,0.0000000000,0.0000000000
2021-10-07,0.0031146642,0.0029885586,8.5840214130,7.8097997719,1.0427639661,0.0000000000,0.0000000000
2021-10-08,-0.0014183805,-0.0013585850,8.5718460043,7.7991894948,1.0427639661,0.0000000000,0.0000000000
2021-10-11,0.0012604818,0.0012104166,8.5826506602,7.8086297629,1.0427639661,0.0000000000,0.0000000000
2021-10-12,-0.0030717715,-0.0025168143,8.5562867188,7.7889768921,1.1839430261,0.0000847074,0.0000000000
2021-10-13,0.0101816281,0.0086059272,8.6434036483,7.8560082600,1.1839430261,0.0000000000,0.0000000000
2021-10-14,0.0129341080,0.0109138184,8.7551983642,7.9417473072,1.1839430261,0.0000000000,0.0000000000
2021-10-15,0.0104424483,0.0088431771,8.8466240701,8.0119775855,1.1839430261,0.0000000000,0.0000000000
2021-10-18,0.0032005635,0.0026925237,8.8749382522,8.0335500253,1.1839430261,0.0000000000,0.0000000000
2021-10-19,0.0094242194,0.0079661930,8.9585776171,8.0975468355,1.1839430261,0.0000000000,0.0000000000
2021-10-20,0.0078987303,0.0054054705,9.0293390054,8.1413178859,1.5000000000,0.0001896342,0.0000000000
2021-10-21,-0.0076744730,-0.0051030878,8.9600435869,8.0997720258,1.5000000000,0.0000000000,0.0000000000
2021-10-22,-0.0041748591,-0.0027700119,8.9226366678,8.0773355612,1.5000000000,0.0000000000,0.0000000000
2021-10-25,0.0126869063,0.0085075356,9.0358373232,8.1460537810,1.5000000000,0.0000000000,0.0000000000
2021-10-26,-0.0054656484,-0.0037034358,8.9864506133,8.1158853937,1.5000000000,0.0000000000,0.0000000000
2021-10-27,-0.0071488889,-0.0047526984,8.9222074761,8.0773130379,1.5000000000,0.0000000000,0.0000000000
2021-10-28,0.0139140907,0.0093622017,9.0463518805,8.1529344716,1.5000000000,0.0000000000,0.0000000000
2021-10-29,0.0028917971,0.0019410923,9.0725120949,8.1687600696,1.5000000000,0.0000000000,0.0000000000
2021-11-01,0.0022236535,0.0014956632,9.0926862179,8.1809777831,1.5000000000,0.0000000000,0.0000000000
2021-11-02,0.0077414371,0.0051012879,9.1630766768,8.2227113060,1.5000000000,0.0000000000,0.0000000000
2021-11-03,0.0024217550,0.0016277308,9.1852674034,8.2360956668,1.5000000000,0.0000000000,0.0000000000
2021-11-04,0.0046652521,0.0031599347,9.2281189917,8.2621211915,1.5000000000,0.0000000000,0.0000000000
2021-11-05,0.0058401127,0.0039066360,9.2820122469,8.2943982916,1.5000000000,0.0000000000,0.0000000000
2021-11-08,0.0149412465,0.0100104291,9.4206970798,8.3774287772,1.5000000000,0.0000000000,0.0000000000
2021-11-09,-0.0030575154,-0.0020980138,9.3918931533,8.3598528159,1.5000000000,0.0000000000,0.0000000000
2021-11-10,-0.0144849716,-0.0096434202,9.2558518480,8.2792352424,1.5000000000,0.0000000000,0.0000000000
2021-11-11,0.0030079168,0.0020550445,9.2836926798,8.2962494391,1.5000000000,0.0000000000,0.0000000000
2021-11-12,0.0059963230,0.0040107762,9.3393607002,8.3295238390,1.5000000000,0.0000000000,0.0000000000
2021-11-15,-0.0023160614,-0.0015308134,9.3177301672,8.3167728920,1.5000000000,0.0000000000,0.0000000000
2021-11-16,-0.0047138469,-0.0031658722,9.2738078137,8.2904430518,1.5000000000,0.0000000000,0.0000000000
2021-11-17,0.0000188839,0.0000258168,9.2739829393,8.2906570843,1.5000000000,0.0000000000,0.0000000000
2021-11-18,-0.0030740171,-0.0019995781,9.2454745568,8.2740792678,1.5000000000,0.0000000000,0.0000000000
2021-11-19,-0.0000857150,-0.0000439158,9.2446820808,8.2737159047,1.5000000000,0.0000000000,0.0000000000
2021-11-22,-0.0144716925,-0.0096345675,9.1108958847,8.1940022306,1.5000000000,0.0000000000,0.0000000000
2021-11-23,0.0010572979,0.0006815576,9.1205288155,8.1995869154,1.5000000000,0.0000000000,0.0000000000
2021-11-24,-0.0009090094,-0.0005562396,9.1122381691,8.1950259803,1.5000000000,0.0000000000,0.0000000000
2021-11-26,-0.0306917747,-0.0204844907,8.8325674085,8.0271550467,1.5000000000,0.0000000000,0.0000000000
2021-11-29,0.0198310152,0.0150470348,9.0077261873,8.1479399284,1.3280466731,0.0001031720,0.0000000000
2021-11-30,-0.0155051062,-0.0134574837,8.8680604360,8.0382891597,1.1447339767,0.0001099876,0.0000000000
2021-12-01,-0.0088015091,-0.0076698171,8.7900081218,7.9766369517,1.1447339767,0.0000000000,0.0000000000
2021-12-02,0.0073113588,0.0063919673,8.8542750249,8.0276233547,1.1447339767,0.0000000000,0.0000000000
2021-12-03,-0.0114192672,-0.0099843174,8.7531656930,7.9474730151,1.1447339767,0.0000000000,0.0000000000
2021-12-06,0.0024056313,0.0021064936,8.7742225826,7.9642143158,1.1447339767,0.0000000000,0.0000000000
2021-12-07,0.0184366246,0.0161106147,8.9359896305,8.0925227039,1.1447339767,0.0000000000,0.0000000000
2021-12-08,0.0022906335,0.0024908930,8.9564587080,8.1126803120,0.9619561887,0.0001096667,0.0000000000
2021-12-09,-0.0116238867,-0.0120792579,8.8523498471,8.0146851546,0.9619561887,0.0000000000,0.0000000000
2021-12-10,0.0057068340,0.0059281949,8.9028687382,8.0621977700,0.9619561887,0.0000000000,0.0000000000
2021-12-13,-0.0070325652,-0.0073106918,8.8402587331,8.0032575269,0.9619561887,0.0000000000,0.0000000000
2021-12-14,-0.0067258255,-0.0069918210,8.7808006959,7.9473001830,0.9619561887,0.0000000000,0.0000000000
2021-12-15,0.0142438921,0.0148072150,8.9058734740,8.0649775658,0.9619561887,0.0000000000,0.0000000000
2021-12-16,-0.0071128753,-0.0083850876,8.8425271062,7.9973520227,0.8372237834,0.0000748394,0.0000000000
2021-12-17,-0.0067693165,-0.0081067449,8.7826692414,7.9325195301,0.8372237834,0.0000000000,0.0000000000
2021-12-20,-0.0052528839,-0.0062528596,8.7365348997,7.8829185996,0.8372237834,0.0000000000,0.0000000000
2021-12-21,0.0158620076,0.0160117860,8.8751138827,8.0091382049,0.9966423815,0.0000956512,0.0000000000
2021-12-22,0.0079990815,0.0080260299,8.9461066421,8.0734197873,0.9966423815,0.0000000000,0.0000000000
2021-12-23,0.0077590256,0.0077851652,9.0155197124,8.1362726941,0.9966423815,0.0000000000,0.0000000000
2021-12-27,0.0094914256,0.0095230345,9.1010898466,8.2137546996,0.9966423815,0.0000000000,0.0000000000
2021-12-28,-0.0064191952,-0.0064404541,9.0426681741,8.1608543896,0.9966423815,0.0000000000,0.0000000000
2021-12-29,-0.0014450290,-0.0014498972,9.0296012566,8.1490219899,0.9966423815,0.0000000000,0.0000000000
2021-12-30,0.0004867172,0.0004879900,9.0339961192,8.1529986308,0.9966423815,0.0000000000,0.0000000000
2021-12-31,-0.0032918320,-0.0033029220,9.0042577213,8.1260699122,0.9966423815,0.0000000000,0.0001131653
2022-01-03,0.0012560539,0.0012606525,9.0155675547,8.1363140623,0.9966423815,0.0000000000,0.0000000000
2022-01-04,-0.0017870678,-0.0015388809,8.9994561245,8.1237932441,1.1076162481,0.0000665843,0.0000000000
2022-01-05,-0.0188925195,-0.0170530624,8.8294337240,7.9852576908,1.1076162481,0.0000000000,0.0000000000
2022-01-06,-0.0028093754,-0.0025325603,8.8046285303,7.9650345445,1.1076162481,0.0000000000,0.0000000000
2022-01-07,-0.0051472381,-0.0046432757,8.7593090110,7.9280506932,1.1076162481,0.0000000000,0.0000000000
2022-01-10,-0.0004312482,-0.0003960757,8.7555315749,7.9249105848,1.1076162481,0.0000000000,0.0000000000
2022-01-11,0.0124534828,0.0112366939,8.8645684368,8.0139603793,1.1076162481,0.0000000000,0.0000000000
2022-01-12,0.0050560482,0.0045793193,8.9093881218,8.0506588628,1.1076162481,0.0000000000,0.0000000000
2022-01-13,-0.0163722251,-0.0124609117,8.7635216139,7.9503403139,1.3009859199,0.0001160218,0.0000000000
2022-01-14,0.0015929286,0.0012335817,8.7774812776,7.9601477083,1.3009859199,0.0000000000,0.0000000000
2022-01-18,-0.0173734742,-0.0133954859,8.6249859329,7.8535176617,1.3009859199,0.0000000000,0.0000000000
2022-01-19,-0.0039242973,-0.0029566275,8.5911389238,7.8302977351,1.3009859199,0.0000000000,0.0000000000
2022-01-20,-0.0104355321,-0.0080120684,8.5014858177,7.7675608538,1.3009859199,0.0000000000,0.0000000000
2022-01-21,-0.0223239334,-0.0171752626,8.3116992142,7.6341509566,1.3009859199,0.0000000000,0.0000000000
2022-01-24,0.0025264672,0.0022318724,8.3326984493,7.6511894072,1.1770934528,0.0000743355,0.0000000000
2022-01-25,-0.0088410168,-0.0075378122,8.2590289220,7.5935161781,1.1770934528,0.0000000000,0.0000000000
2022-01-26,-0.0061159015,-0.0051732848,8.2085175148,7.5542327561,1.1770934528,0.0000000000,0.0000000000
2022-01-27,-0.0062346429,-0.0052742823,8.1573403395,7.5143895999,1.1770934528,0.0000000000,0.0000000000
2022-01-28,0.0185569727,0.0144210819,8.3087158815,7.6227552281,1.2878301938,0.0000664420,0.0000000000
2022-01-31,0.0167956900,0.0156911145,8.4482664975,7.7423647529,1.0796665744,0.0001248982,0.0000000000
2022-02-01,0.0044986339,0.0048267002,8.4862721556,7.7797348261,0.9493704406,0.0000781777,0.0000000000
2022-02-02,0.0034346595,0.0036120189,8.5154196107,7.8078353755,0.9493704406,0.0000000000,0.0000000000
2022-02-03,-0.0160502471,-0.0169062006,8.3787450219,7.6758345447,0.9493704406,0.0000000000,0.0000000000
2022-02-04,0.0084278860,0.0088890020,8.4493601300,7.7440650536,0.9493704406,0.0000000000,0.0000000000
2022-02-07,0.0015910952,0.0016759477,8.4628038661,7.7570437013,0.9493704406,0.0000000000,0.0000000000
2022-02-08,0.0048142991,0.0050651914,8.5035463352,7.7963346125,0.9493704406,0.0000000000,0.0000000000
2022-02-09,0.0110027094,0.0115953314,8.5971083843,7.8867356961,0.9493704406,0.0000000000,0.0000000000
2022-02-10,-0.0131883401,-0.0138916692,8.4837267954,7.7771757731,0.9493704406,0.0000000000,0.0000000000
2022-02-11,-0.0093350815,-0.0098329178,8.4045305141,7.7007034428,0.9493704406,0.0000000000,0.0000000000
2022-02-14,-0.0008914968,-0.0009332192,8.3970379023,7.6935169989,0.9493704406,0.0000000000,0.0000000000
2022-02-15,0.0101978762,0.0107300505,8.4826698553,7.7760688251,0.9493704406,0.0000000000,0.0000000000
2022-02-16,0.0018704001,0.0019701478,8.4985358418,7.7913888301,0.9493704406,0.0000000000,0.0000000000
2022-02-17,-0.0137543398,-0.0144820016,8.3816440924,7.6785539243,0.9493704406,0.0000000000,0.0000000000
2022-02-18,-0.0046524847,-0.0049064524,8.3426486211,7.6408794652,0.9493704406,0.0000000000,0.0000000000
2022-02-22,-0.0068912234,-0.0072587297,8.2851575656,7.5854163865,0.9493704406,0.0000000000,0.0000000000
2022-02-23,-0.0107998983,-0.0113700009,8.1956787066,7.4991701951,0.9493704406,0.0000000000,0.0000000000
2022-02-24,0.0098920121,0.0104195493,8.2767504596,7.5773081686,0.9493704406,0.0000000000,0.0000000000
2022-02-25,0.0105745965,0.0111385356,8.3642737560,7.6617082858,0.9493704406,0.0000000000,0.0000000000
2022-02-28,0.0068434971,0.0072084581,8.4215146389,7.7169373891,0.9493704406,0.0000000000,0.0000000000
2022-03-01,-0.0013217372,-0.0014050571,8.4103836093,7.7060946517,0.9493704406,0.0000000000,0.0000000000
2022-03-02,0.0070091670,0.0073829632,8.4693333925,7.7629884647,0.9493704406,0.0000000000,0.0000000000
2022-03-03,-0.0048012297,-0.0050631284,8.4286701774,7.7236834571,0.9493704406,0.0000000000,0.0000000000
2022-03-04,-0.0045082384,-0.0047486610,8.3906717229,7.6870063026,0.9493704406,0.0000000000,0.0000000000
2022-03-07,-0.0183716285,-0.0164500292,8.2365214190,7.5605548245,1.1106643352,0.0000967763,0.0000000000
2022-03-08,0.0042167640,0.0038005681,8.2712528862,7.5892892282,1.1106643352,0.0000000000,0.0000000000
2022-03-09,0.0102971377,0.0092751057,8.3564231162,7.6596806882,1.1106643352,0.0000000000,0.0000000000
2022-03-10,-0.0092762591,-0.0083480376,8.2789067701,7.5957373855,1.1106643352,0.0000000000,0.0000000000
2022-03-11,-0.0104647901,-0.0094290762,8.1922697488,7.5241165987,1.1106643352,0.0000000000,0.0000000000
2022-03-14,-0.0123031178,-0.0110623747,8.0914792887,7.4408820019,1.1106643352,0.0000000000,0.0000000000
2022-03-15,0.0086692273,0.0077876148,8.1616261621,7.4988287250,1.1106643352,0.0000000000,0.0000000000
2022-03-16,0.0219605040,0.0197981449,8.3408595859,7.6472916225,1.1106643352,0.0000000000,0.0000000000
2022-03-17,0.0096004790,0.0105202764,8.4209358329,7.7277432440,0.9232574095,0.0001124442,0.0000000000
2022-03-18,0.0074471258,0.0080752610,8.4836476012,7.7901467877,0.9232574095,0.0000000000,0.0000000000
2022-03-21,0.0003032896,0.0003284995,8.4862206035,7.7927058472,0.9232574095,0.0000000000,0.0000000000
2022-03-22,0.0072147333,0.0078144331,8.5474464217,7.8536014260,0.9232574095,0.0000000000,0.0000000000
2022-03-23,-0.0023213382,-0.0025324649,8.5276049082,7.8337124562,0.9232574095,0.0000000000,0.0000000000
2022-03-24,0.0097841482,0.0105974218,8.6110402584,7.9167296114,0.9232574095,0.0000000000,0.0000000000
2022-03-25,0.0002945924,0.0003372489,8.6135770052,7.9193995194,0.9232574095,0.0000000000,0.0000000000
2022-03-28,0.0022415954,0.0024279203,8.6328851601,7.9386271906,0.9232574095,0.0000000000,0.0000000000
2022-03-29,0.0111011741,0.0101927246,8.7287203214,8.0195434311,1.0999153019,0.0001059947,0.0000000000
2022-03-30,-0.0022434504,-0.0020161918,8.7091378704,8.0033744930,1.0999153019,0.0000000000,0.0000000000
2022-03-31,-0.0122821233,-0.0111628217,8.6021711654,7.9140342506,1.0999153019,0.0000000000,0.0000000000
2022-04-01,0.0015296350,0.0013942891,8.6153293475,7.9250687021,1.0999153019,0.0000000000,0.0000000000
2022-04-04,0.0105984372,0.0096293972,8.7066383742,8.0013823362,1.0999153019,0.0000000000,0.0000000000
2022-04-05,-0.0172901369,-0.0136348167,8.5560994044,7.8922849545,1.2622889152,0.0000974242,0.0000000000
2022-04-06,-0.0122526920,-0.0113156911,8.4512641535,7.8029782955,1.0717552925,0.0001143202,0.0000000000
2022-04-07,0.0029356371,0.0027417495,8.4760739984,7.8243721075,1.0717552925,0.0000000000,0.0000000000
2022-04-08,-0.0045806701,-0.0038156911,8.4372478994,7.7945167209,1.1859395447,0.0000685106,0.0000000000
2022-04-11,-0.0164990358,-0.0138887831,8.2980414442,7.6862603687,1.1859395447,0.0000000000,0.0000000000
2022-04-12,0.0025504068,0.0021567586,8.3192048254,7.7028377770,1.1859395447,0.0000000000,0.0000000000
2022-04-13,0.0143394716,0.0120974549,8.4384978267,7.7960225095,1.1859395447,0.0000000000,0.0000000000
2022-04-14,-0.0116956018,-0.0110205942,8.3398045166,7.7101057088,1.0544359908,0.0000789021,0.0000000000
2022-04-18,0.0016516744,0.0015741183,8.3535791586,7.7222423272,1.0544359908,0.0000000000,0.0000000000
2022-04-19,0.0050867181,0.0048204979,8.3960714605,7.7594673803,1.0544359908,0.0000000000,0.0000000000
2022-04-20,-0.0011605414,-0.0010872917,8.3863274717,7.7510305756,1.0544359908,0.0000000000,0.0000000000
2022-04-21,-0.0127516480,-0.0120912866,8.2793879761,7.6573106431,1.0544359908,0.0000000000,0.0000000000
2022-04-22,-0.0195057323,-0.0185023087,8.1178924504,7.5156327175,1.0544359908,0.0000000000,0.0000000000
2022-04-25,0.0019472024,0.0018543480,8.1336996297,7.5295693158,1.0544359908,0.0000000000,0.0000000000
2022-04-26,-0.0197640502,-0.0187472908,7.9729447817,7.3884102903,1.0544359908,0.0000000000,0.0000000000
2022-04-27,0.0010371991,0.0009857016,7.9812143129,7.3956930583,1.0544359908,0.0000000000,0.0000000000
2022-04-28,0.0181113664,0.0171896841,8.1257650095,7.5228226858,1.0544359908,0.0000000000,0.0000000000
2022-04-29,-0.0206714654,-0.0230249865,7.9577935391,7.3496097952,0.8925458509,0.0000971341,0.0000000000
2022-05-02,0.0015374638,0.0017094480,7.9700283585,7.3621735713,0.8925458509,0.0000000000,0.0000000000
2022-05-03,0.0008112689,0.0009220486,7.9764941945,7.3689618530,0.8925458509,0.0000000000,0.0000000000
2022-05-04,0.0212117903,0.0237391838,8.1456899167,7.5438949927,0.8925458509,0.0000000000,0.0000000000
2022-05-05,-0.0203378500,-0.0286410936,7.9800240968,7.3278295899,0.7061893796,0.0001118139,0.0000000000
2022-05-06,-0.0042813350,-0.0060625876,7.9458589404,7.2834039809,0.7061893796,0.0000000000,0.0000000000
2022-05-09,-0.0222467365,-0.0314569174,7.7690895103,7.0542905431,0.7061893796,0.0000000000,0.0000000000
2022-05-10,0.0015026798,0.0026635175,7.7807639642,7.0730797693,0.5902813274,0.0000695448,0.0000000000
2022-05-11,-0.0055807091,-0.0094543209,7.7373417841,7.0062086034,0.5902813274,0.0000000000,0.0000000000
2022-05-12,-0.0016008383,-0.0027880600,7.7249555512,6.9866748734,0.5902813274,0.0000000000,0.0000000000
2022-05-13,0.0091787353,0.0154735672,7.7958608731,7.0947836567,0.5902813274,0.0000000000,0.0000000000
2022-05-16,0.0002649310,0.0005250099,7.7979262384,7.0985084884,0.5902813274,0.0000000000,0.0000000000
2022-05-17,0.0060956778,0.0103267332,7.8454598841,7.1718128915,0.5902813274,0.0000000000,0.0000000000
2022-05-18,-0.0153273555,-0.0259661873,7.7252097311,6.9855882544,0.5902813274,0.0000000000,0.0000000000
2022-05-19,0.0026455362,0.0043301145,7.7456470530,7.0158366514,0.5902813274,0.0000000000,0.0000000000
2022-05-20,-0.0003454837,-0.0005852865,7.7429710584,7.0117303771,0.5902813274,0.0000000000,0.0000000000
2022-05-23,0.0059896898,0.0101471782,7.7893490534,7.0828796549,0.5902813274,0.0000000000,0.0000000000
2022-05-24,-0.0021567979,-0.0035783525,7.7725490015,7.0575346147,0.5902813274,0.0000000000,0.0000000000
2022-05-25,0.0032498231,0.0054300464,7.7978084108,7.0958573551,0.5902813274,0.0000000000,0.0000000000
2022-05-26,0.0070604745,0.0118090481,7.8528646383,7.1796526756,0.5902813274,0.0000000000,0.0000000000
2022-05-27,0.0104327547,0.0147398880,7.9347916486,7.2854799523,0.7171607802,0.0000761277,0.0000000000
2022-05-31,-0.0013850731,-0.0018884328,7.9238013821,7.2717218128,0.7171607802,0.0000000000,0.0000000000
2022-06-01,-0.0053476377,-0.0059068825,7.8814277635,7.2287686065,0.8881559552,0.0001025971,0.0000000000
2022-06-02,0.0153635153,0.0172706977,8.0025141998,7.3536144838,0.8881559552,0.0000000000,0.0000000000
2022-06-03,-0.0115821444,-0.0130131508,7.9098279250,7.2579207896,0.8881559552,0.0000000000,0.0000000000
2022-06-06,0.0023226062,0.0026013157,7.9281993403,7.2768009325,0.8881559552,0.0000000000,0.0000000000
2022-06-07,0.0059770504,0.0067435018,7.9755865874,7.3258720526,0.8881559552,0.0000000000,0.0000000000
2022-06-08,-0.0057322937,-0.0064679248,7.9298681825,7.2784888631,0.8881559552,0.0000000000,0.0000000000
2022-06-09,-0.0127150228,-0.0143299513,7.8290397276,7.1741884719,0.8881559552,0.0000000000,0.0000000000
2022-06-10,-0.0174841228,-0.0176073173,7.6921558356,7.0478702594,0.9894211606,0.0000607591,0.0000000000
2022-06-13,-0.0338970178,-0.0384803617,7.4314146926,6.7766656624,0.8795201586,0.0000659406,0.0000000000
2022-06-14,-0.0031105417,-0.0045588811,7.4082989676,6.7457716494,0.6425398857,0.0001421882,0.0000000000
2022-06-15,0.0093818517,0.0145403531,7.4778025297,6.8438575513,0.6425398857,0.0000000000,0.0000000000
2022-06-16,-0.0122590375,-0.0192008694,7.3861318682,6.7124495360,0.6425398857,0.0000000000,0.0000000000
2022-06-17,-0.0012449054,-0.0018763769,7.3769368330,6.6998544508,0.6425398857,0.0000000000,0.0000000000
2022-06-21,0.0076216070,0.0117398055,7.4331609462,6.7785094387,0.6425398857,0.0000000000,0.0000000000
2022-06-22,-0.0012571397,-0.0020172240,7.4238164248,6.7648356670,0.6425398857,0.0000000000,0.0000000000
2022-06-23,0.0030329265,0.0047202152,7.4463323146,6.7967671471,0.6425398857,0.0000000000,0.0000000000
2022-06-24,0.0116410416,0.0182386853,7.5330153790,6.9207312443,0.6425398857,0.0000000000,0.0000000000
2022-06-27,-0.0026994975,-0.0042012918,7.5126800226,6.8916552332,0.6425398857,0.0000000000,0.0000000000
2022-06-28,-0.0075605917,-0.0118882113,7.4558797162,6.8097257796,0.6425398857,0.0000000000,0.0000000000
2022-06-29,-0.0008658249,-0.0014083147,7.4494242299,6.8001355427,0.6425398857,0.0000000000,0.0000000000
2022-06-30,-0.0053293735,-0.0083552537,7.4097234660,6.7433186853,0.6425398857,0.0000000000,0.0000000000
2022-07-01,0.0033629529,0.0052765879,7.4346420169,6.7789003993,0.6425398857,0.0000000000,0.0000000000
2022-07-05,-0.0033286984,-0.0051805320,7.4098943356,6.7437820888,0.6425398857,0.0000000000,0.0000000000
2022-07-06,-0.0016573758,-0.0025794131,7.3976133560,6.7263870889,0.6425398857,0.0000000000,0.0000000000
2022-07-07,0.0130040311,0.0139077880,7.4938121504,6.8199362547,0.9482047036,0.0001833989,0.0000000000
2022-07-08,0.0008248975,0.0008759327,7.4999937772,6.8259100596,0.9482047036,0.0000000000,0.0000000000
2022-07-11,-0.0108887593,-0.0114895294,7.4183281506,6.7474835651,0.9482047036,0.0000000000,0.0000000000
2022-07-12,-0.0098149785,-0.0092173131,7.3455174196,6.6852898962,1.0581258890,0.0000659527,0.0000000000
2022-07-13,0.0009660180,0.0009151317,7.3526133213,6.6914078169,1.0581258890,0.0000000000,0.0000000000
2022-07-14,-0.0048074130,-0.0045351383,7.3172662725,6.6610613571,1.0581258890,0.0000000000,0.0000000000
2022-07-15,0.0124525895,0.0117647037,7.4083851854,6.7394267703,1.0581258890,0.0000000000,0.0000000000
2022-07-18,-0.0003485204,-0.0003271953,7.4058032120,6.7372216615,1.0581258890,0.0000000000,0.0000000000
2022-07-19,0.0212649380,0.0172817829,7.5632871583,6.8536528639,1.2372464680,0.0001074723,0.0000000000
2022-07-20,0.0028146228,0.0028024155,7.5845749585,6.8728596470,1.0459611688,0.0001147712,0.0000000000
2022-07-21,0.0094132523,0.0090157808,7.6559704762,6.9348238428,1.0459611688,0.0000000000,0.0000000000
2022-07-22,-0.0067607444,-0.0064571172,7.6042104168,6.8900448725,1.0459611688,0.0000000000,0.0000000000
2022-07-25,-0.0016159425,-0.0015479970,7.5919224503,6.8793791038,1.0459611688,0.0000000000,0.0000000000
2022-07-26,-0.0088686958,-0.0084772478,7.5245919993,6.8210609027,1.0459611688,0.0000000000,0.0000000000
2022-07-27,0.0245148043,0.0234393292,7.7090558997,6.9809419947,1.0459611688,0.0000000000,0.0000000000
2022-07-28,0.0094292535,0.0105082799,7.7817465422,7.0542996871,0.9044042122,0.0000849342,0.0000000000
2022-07-29,0.0084209300,0.0092994346,7.8472760854,7.1199006855,0.9044042122,0.0000000000,0.0000000000
2022-08-01,-0.0015790799,-0.0017540451,7.8348846093,7.1074120585,0.9044042122,0.0000000000,0.0000000000
2022-08-02,-0.0061082421,-0.0067654940,7.7870272372,7.0593269051,0.9044042122,0.0000000000,0.0000000000
2022-08-03,0.0097031287,0.0107403598,7.8625857644,7.1351466160,0.9044042122,0.0000000000,0.0000000000
2022-08-04,0.0028651102,0.0031448292,7.8851129392,7.1575854333,0.9044042122,0.0000000000,0.0000000000
2022-08-05,-0.0055238183,-0.0053660439,7.8415570080,7.1191775153,1.0161316336,0.0000670365,0.0000000000
2022-08-08,0.0030751890,0.0030287352,7.8656712776,7.1407396192,1.0161316336,0.0000000000,0.0000000000
2022-08-09,-0.0040428737,-0.0039797973,7.8338713620,7.1123209227,1.0161316336,0.0000000000,0.0000000000
2022-08-10,0.0157542120,0.0155064720,7.9572878322,7.2226079280,1.0161316336,0.0000000000,0.0000000000
2022-08-11,-0.0008284348,-0.0008146529,7.9506957383,7.2167240092,1.0161316336,0.0000000000,0.0000000000
2022-08-12,0.0121986034,0.0120090467,8.0476831222,7.3033899852,1.0161316336,0.0000000000,0.0000000000
2022-08-15,-0.0007320744,-0.0007215630,8.0417916195,7.2981201291,1.0161316336,0.0000000000,0.0000000000
2022-08-16,-0.0014234813,-0.0013985119,8.0303442794,7.2879136210,1.0161316336,0.0000000000,0.0000000000
2022-08-17,-0.0076094072,-0.0074879738,7.9692381199,7.2333419148,1.0161316336,0.0000000000,0.0000000000
2022-08-18,0.0020880661,0.0018692885,7.9858784159,7.2468631179,1.2638795236,0.0001486487,0.0000000000
2022-08-19,-0.0180030261,-0.0142359729,7.8421084386,7.1436969709,1.2638795236,0.0000000000,0.0000000000
2022-08-22,-0.0167832174,-0.0132480217,7.7104926276,7.0490571186,1.2638795236,0.0000000000,0.0000000000
2022-08-23,0.0017811557,0.0017082604,7.7242262154,7.0610987437,1.0929667229,0.0001025477,0.0000000000
2022-08-24,0.0027014868,0.0025029708,7.7450931108,7.0787724678,1.0929667229,0.0000000000,0.0000000000
2022-08-25,0.0103488148,0.0094812416,7.8252456452,7.1458880198,1.0929667229,0.0000000000,0.0000000000
2022-08-26,-0.0260830966,-0.0238611175,7.6211390071,6.9753791458,1.0929667229,0.0000000000,0.0000000000
2022-08-29,-0.0034864514,-0.0036938785,7.5945682762,6.9496129431,0.9149265020,0.0001068241,0.0000000000
2022-08-30,-0.0092271864,-0.0100952994,7.5244917790,6.8794545196,0.9149265020,0.0000000000,0.0000000000
2022-08-31,-0.0065695482,-0.0072007653,7.4750592679,6.8299171821,0.9149265020,0.0000000000,0.0000000000
2022-09-01,-0.0033126055,-0.0036399316,7.4502973457,6.8050567507,0.9149265020,0.0000000000,0.0000000000
2022-09-02,-0.0042549079,-0.0041222773,7.4185970170,6.7770044194,1.0167478237,0.0000610928,0.0000000000
2022-09-06,-0.0085771825,-0.0073609065,7.3549663563,6.7271195237,1.1532793086,0.0000819189,0.0000000000
2022-09-07,0.0134774694,0.0117060278,7.4540926903,6.8058673716,1.1532793086,0.0000000000,0.0000000000
2022-09-08,0.0019601490,0.0019936375,7.4687038226,6.8194358042,1.0250393302,0.0000769440,0.0000000000
2022-09-09,0.0167498862,0.0163416948,7.5938037620,6.9308769426,1.0250393302,0.0000000000,0.0000000000
2022-09-12,0.0083649877,0.0095064777,7.6573258372,6.9967651697,0.8897301161,0.0000811855,0.0000000000
2022-09-13,-0.0288881731,-0.0324955402,7.4361196830,6.7694015057,0.8897301161,0.0000000000,0.0000000000
2022-09-14,0.0019327664,0.0027978742,7.4504919653,6.7883414392,0.7259257856,0.0000982826,0.0000000000
2022-09-15,-0.0098473335,-0.0136890200,7.3771244862,6.6954156972,0.7259257856,0.0000000000,0.0000000000
2022-09-16,-0.0026359968,-0.0036312207,7.3576784099,6.6711031649,0.7259257856,0.0000000000,0.0000000000
2022-09-19,0.0028727060,0.0039572999,7.3788148569,6.6975027205,0.7259257856,0.0000000000,0.0000000000
2022-09-20,-0.0064880593,-0.0088962532,7.3309406687,6.6379200406,0.7259257856,0.0000000000,0.0000000000
2022-09-21,-0.0067679557,-0.0094058662,7.2813251871,6.5754846527,0.7259257856,0.0000000000,0.0000000000
2022-09-22,-0.0041111660,-0.0058283292,7.2513904507,6.5371605632,0.7259257856,0.0000000000,0.0000000000
2022-09-23,-0.0121373688,-0.0167198479,7.1633776508,6.4278602326,0.7259257856,0.0000000000,0.0000000000
2022-09-26,-0.0079658646,-0.0108910408,7.1063151540,6.3578541447,0.7259257856,0.0000000000,0.0000000000
2022-09-27,-0.0005083349,-0.0008238410,7.1027027657,6.3526162839,0.7259257856,0.0000000000,0.0000000000
2022-09-28,0.0145951796,0.0200643285,7.2063679882,6.4800772639,0.7259257856,0.0000000000,0.0000000000
2022-09-29,-0.0101108650,-0.0140106746,7.1335053746,6.3892870098,0.7259257856,0.0000000000,0.0000000000
2022-09-30,-0.0069035289,-0.0095099652,7.0842590139,6.3285251130,0.7259257856,0.0000000000,0.0000000000
2022-10-03,0.0155066900,0.0214642970,7.1941124224,6.4643624558,0.7259257856,0.0000000000,0.0000000000
2022-10-04,0.0174790503,0.0239545293,7.3198586750,6.6192132159,0.7259257856,0.0000000000,0.0000000000
2022-10-05,-0.0015825357,-0.0021800241,7.3082747371,6.6047831714,0.7259257856,0.0000000000,0.0000000000
2022-10-06,-0.0044389903,-0.0061975393,7.2758333762,6.5638497682,0.7259257856,0.0000000000,0.0000000000
2022-10-07,-0.0140075620,-0.0192961350,7.1739166893,6.4371928368,0.7259257856,0.0000000000,0.0000000000
2022-10-10,-0.0069703792,-0.0096432359,7.1239117694,6.3751174680,0.7259257856,0.0000000000,0.0000000000
2022-10-11,-0.0049321775,-0.0067943274,7.0887753722,6.3318028325,0.7259257856,0.0000000000,0.0000000000
2022-10-12,0.0000220837,0.0000304215,7.0889319189,6.3319954553,0.7259257856,0.0000000000,0.0000000000
2022-10-13,0.0094519984,0.0128968236,7.1559364921,6.4136580840,0.7259257856,0.0000000000,0.0000000000
2022-10-14,-0.0134611853,-0.0185434732,7.0596091047,6.2947265873,0.7259257856,0.0000000000,0.0000000000
2022-10-17,0.0122548729,0.0168817159,7.1461237170,6.4009923735,0.7259257856,0.0000000000,0.0000000000
2022-10-18,0.0036909647,0.0050844931,7.1724998072,6.4335381752,0.7259257856,0.0000000000,0.0000000000
2022-10-19,-0.0058517675,-0.0080611098,7.1305280059,6.3816767173,0.7259257856,0.0000000000,0.0000000000
2022-10-20,-0.0033444068,-0.0047721515,7.1066806193,6.3512223893,0.7259257856,0.0000000000,0.0000000000
2022-10-21,0.0119935777,0.0164804752,7.1919151453,6.4558935524,0.7259257856,0.0000000000,0.0000000000
2022-10-24,0.0031926485,0.0044393256,7.2148764021,6.4845533661,0.7259257856,0.0000000000,0.0000000000
2022-10-25,0.0100267053,0.0138123008,7.2872178415,6.5741199675,0.7259257856,0.0000000000,0.0000000000
2022-10-26,-0.0009181694,-0.0013472636,7.2805269409,6.5652628947,0.7259257856,0.0000000000,0.0000000000
2022-10-27,-0.0037820095,-0.0053337274,7.2529919189,6.5302455720,0.7259257856,0.0000000000,0.0000000000
2022-10-28,0.0076361761,0.0105603837,7.3083770421,6.5992074711,0.7259257856,0.0000000000,0.0000000000
2022-10-31,-0.0066152421,-0.0074461230,7.2600303583,6.5500689606,0.8762975193,0.0000902230,0.0000000000
2022-11-01,0.0007337898,0.0008250429,7.2653576943,6.5554730486,0.8762975193,0.0000000000,0.0000000000
2022-11-02,-0.0142641793,-0.0163241304,7.1617233293,6.4484606520,0.8762975193,0.0000000000,0.0000000000
2022-11-03,-0.0070567798,-0.0080992559,7.1111846248,6.3962329193,0.8762975193,0.0000000000,0.0000000000
2022-11-04,0.0169262218,0.0192847270,7.2315501131,6.5195825253,0.8762975193,0.0000000000,0.0000000000
2022-11-07,0.0021222947,0.0024373060,7.2468975934,6.5354727429,0.8762975193,0.0000000000,0.0000000000
2022-11-08,0.0040338104,0.0045878235,7.2761302039,6.5654563382,0.8762975193,0.0000000000,0.0000000000
2022-11-09,-0.0155984437,-0.0178775687,7.1626338963,6.4480819413,0.8762975193,0.0000000000,0.0000000000
2022-11-10,0.0402383539,0.0459031891,7.4508464938,6.7440694659,0.8762975193,0.0000000000,0.0000000000
2022-11-11,0.0055586658,0.0097757338,7.4922632590,6.8099976941,0.5907163958,0.0001713487,0.0000000000
2022-11-14,-0.0040704980,-0.0068907822,7.4617660164,6.7630714834,0.5907163958,0.0000000000,0.0000000000
2022-11-15,0.0054701809,0.0091089862,7.5025832266,6.8246762084,0.5907163958,0.0000000000,0.0000000000
2022-11-16,-0.0035896280,-0.0061524194,7.4756517440,6.7826879384,0.5907163958,0.0000000000,0.0000000000
2022-11-17,-0.0025887099,-0.0046093461,7.4562994501,6.7514241819,0.5907163958,0.0000000000,0.0000000000
2022-11-18,-0.0003105825,-0.0005257726,7.4539836538,6.7478744678,0.5907163958,0.0000000000,0.0000000000
2022-11-21,-0.0036216731,-0.0062068375,7.4269877620,6.7059915073,0.5907163958,0.0000000000,0.0000000000
2022-11-22,0.0060616705,0.0101104785,7.4720077149,6.7737922906,0.5907163958,0.0000000000,0.0000000000
2022-11-23,0.0036914314,0.0060975548,7.4995901191,6.8150958602,0.5907163958,0.0000000000,0.0000000000
2022-11-25,-0.0009051556,-0.0015323015,7.4928018228,6.8046530783,0.5907163958,0.0000000000,0.0000000000
2022-11-28,-0.0065397451,-0.0111463440,7.4438008089,6.7288060746,0.5907163958,0.0000000000,0.0000000000
2022-11-29,0.0002896480,0.0002636008,7.4459568909,6.7305797933,0.5907163958,0.0000000000,0.0000000000
2022-11-30,0.0151823355,0.0257015643,7.5590039062,6.9035662230,0.5907163958,0.0000000000,0.0000000000
2022-12-01,0.0026443053,0.0043247454,7.5789922201,6.9334223891,0.5907163958,0.0000000000,0.0000000000
2022-12-02,-0.0008987785,-0.0015972001,7.5721803852,6.9223483261,0.5907163958,0.0000000000,0.0000000000
2022-12-05,-0.0166415551,-0.0162181471,7.4461675281,6.8100806628,1.0104812347,0.0002518589,0.0000000000
2022-12-06,-0.0087929710,-0.0086979513,7.3806935926,6.7508469127,1.0104812347,0.0000000000,0.0000000000
2022-12-07,0.0009597586,0.0009502151,7.3877772765,6.7572616691,1.0104812347,0.0000000000,0.0000000000
2022-12-08,0.0052114534,0.0051646126,7.4262783333,6.7921603079,1.0104812347,0.0000000000,0.0000000000
2022-12-09,-0.0040545676,-0.0040132328,7.3961679858,6.7649017876,1.0104812347,0.0000000000,0.0000000000
2022-12-12,0.0063990535,0.0063342238,7.4434964606,6.8077521896,1.0104812347,0.0000000000,0.0000000000
2022-12-13,0.0112856090,0.0111689604,7.5275008511,6.8837877042,1.0104812347,0.0000000000,0.0000000000
2022-12-14,-0.0029201120,-0.0028860120,7.5055197054,6.8639210105,1.0104812347,0.0000000000,0.0000000000
2022-12-15,-0.0199086963,-0.0196995154,7.3560945933,6.7287050928,1.0104812347,0.0000000000,0.0000000000
2022-12-16,-0.0056710431,-0.0065801908,7.3143778640,6.6844289293,0.8469218607,0.0000981356,0.0000000000
2022-12-19,-0.0060533284,-0.0071692385,7.2701015328,6.6365066639,0.8469218607,0.0000000000,0.0000000000
2022-12-20,0.0029070758,0.0034127747,7.2912362688,6.6591555660,0.8469218607,0.0000000000,0.0000000000
2022-12-21,0.0075798889,0.0089302021,7.3465030295,6.7186231709,0.8469218607,0.0000000000,0.0000000000
2022-12-22,-0.0134450066,-0.0124704002,7.2477292475,6.6348392513,1.0641212434,0.0001303196,0.0000000000
2022-12-23,0.0039236713,0.0036896320,7.2761669550,6.6593193668,1.0641212434,0.0000000000,0.0000000000
2022-12-27,-0.0024059891,-0.0022586192,7.2586605764,6.6442785005,1.0641212434,0.0000000000,0.0000000000
2022-12-28,-0.0099100907,-0.0092907478,7.1867265914,6.5825481848,1.0641212434,0.0000000000,0.0000000000
2022-12-29,0.0134240382,0.0126438940,7.2832014838,6.6657772260,1.0641212434,0.0000000000,0.0000000000
2022-12-30,-0.0012995387,-0.0012254359,7.2737366812,6.6576087434,1.0641212434,0.0000000000,0.0001275284
2023-01-03,-0.0009723344,-0.0009047569,7.2666641765,6.6515852257,1.0641212434,0.0000000000,0.0000000000
2023-01-04,0.0073347320,0.0068885556,7.3199632105,6.6974050404,1.0641212434,0.0000000000,0.0000000000
2023-01-05,-0.0104445547,-0.0097930427,7.2435094544,6.6318170666,1.0641212434,0.0000000000,0.0000000000
2023-01-06,0.0209993436,0.0197297973,7.3956183980,6.7626614732,1.0641212434,0.0000000000,0.0000000000
2023-01-09,0.0032472896,0.0036575307,7.4196341129,6.7873961150,0.9079607747,0.0000936963,0.0000000000
2023-01-10,0.0050235093,0.0048913146,7.4569067136,6.8205954046,1.0429774353,0.0000810100,0.0000000000
2023-01-11,0.0116020752,0.0111256296,7.5434223062,6.8964788230,1.0429774353,0.0000000000,0.0000000000
2023-01-12,0.0095153240,0.0091563896,7.6152004135,6.9596256699,1.0429774353,0.0000000000,0.0000000000
2023-01-13,0.0082339943,0.0079008452,7.6779039305,7.0146125948,1.0429774353,0.0000000000,0.0000000000
2023-01-17,0.0027722042,0.0026596066,7.6991886480,7.0332687046,1.0429774353,0.0000000000,0.0000000000
2023-01-18,-0.0104747897,-0.0087071554,7.6185412657,6.9720289409,1.1896600723,0.0000880096,0.0000000000
2023-01-19,-0.0008112580,-0.0006059167,7.6123606628,6.9678044721,1.1896600723,0.0000000000,0.0000000000
2023-01-20,0.0188350830,0.0158559772,7.7557401079,7.0782858211,1.1896600723,0.0000000000,0.0000000000
2023-01-23,0.0111920408,0.0094140900,7.8425426679,7.1449214410,1.1896600723,0.0000000000,0.0000000000
2023-01-24,-0.0009183580,-0.0007482050,7.8353404064,7.1395755751,1.1896600723,0.0000000000,0.0000000000
2023-01-25,0.0024340256,0.0020697116,7.8544118254,7.1543524373,1.1896600723,0.0000000000,0.0000000000
2023-01-26,0.0071717092,0.0061216600,7.9107413832,7.1981489507,1.1896600723,0.0000000000,0.0000000000
2023-01-27,0.0021021818,0.0017907757,7.9273711996,7.2110392206,1.1896600723,0.0000000000,0.0000000000
2023-01-30,-0.0149709448,-0.0110559555,7.8086909627,7.1313142918,1.3444690544,0.0000928854,0.0000000000
2023-01-31,0.0147206421,0.0109871240,7.9236399073,7.2096669262,1.3444690544,0.0000000000,0.0000000000
2023-02-01,0.0163927988,0.0122197294,8.0535305418,7.2977671048,1.3444690544,0.0000000000,0.0000000000
2023-02-02,0.0096322181,0.0079514155,8.1311039046,7.3557946832,1.2337650327,0.0000664224,0.0000000000
2023-02-03,-0.0175353161,-0.0141638595,7.9885224275,7.2516082407,1.2337650327,0.0000000000,0.0000000000
2023-02-06,-0.0077202693,-0.0070513554,7.9268488829,7.2004745735,1.0800955143,0.0000922017,0.0000000000
2023-02-07,0.0121056828,0.0112190262,8.0228088011,7.2812568862,1.0800955143,0.0000000000,0.0000000000
2023-02-08,-0.0084760254,-0.0078445350,7.9548072698,7.2241388120,1.0800955143,0.0000000000,0.0000000000
2023-02-09,-0.0105147775,-0.0097077910,7.8711642415,7.1540083821,1.0800955143,0.0000000000,0.0000000000
2023-02-10,-0.0014864861,-0.0014661698,7.8594638651,7.1435193911,0.9715672025,0.0000651170,0.0000000000
2023-02-13,0.0077346642,0.0079546270,7.9202541789,7.2003434234,0.9715672025,0.0000000000,0.0000000000
2023-02-14,0.0024321085,0.0025032838,7.9395170963,7.2183679267,0.9715672025,0.0000000000,0.0000000000
2023-02-15,0.0058525400,0.0060174127,7.9859834377,7.2618038258,0.9715672025,0.0000000000,0.0000000000
2023-02-16,-0.0109982935,-0.0113361227,7.8981512476,7.1794831269,0.9715672025,0.0000000000,0.0000000000
2023-02-17,0.0005903243,0.0006043962,7.9028137179,7.1838223794,0.9715672025,0.0000000000,0.0000000000
2023-02-21,-0.0140179241,-0.0144281569,7.7920326754,7.0801730629,0.9715672025,0.0000000000,0.0000000000
2023-02-22,-0.0024011868,-0.0024810393,7.7733225495,7.0626068756,0.9715672025,0.0000000000,0.0000000000
2023-02-23,0.0039055255,0.0040102356,7.8036814586,7.0909295933,0.9715672025,0.0000000000,0.0000000000
2023-02-24,-0.0137635760,-0.0122763678,7.6962748960,7.0038787339,1.1128691291,0.0000847812,0.0000000000
2023-02-27,0.0056245225,0.0050691035,7.7395627674,7.0393821202,1.1128691291,0.0000000000,0.0000000000
2023-02-28,-0.0024194351,-0.0021589249,7.7208373977,7.0241846229,1.1128691291,0.0000000000,0.0000000000
2023-03-01,0.0001873123,0.0001778850,7.7222836055,7.0254341200,1.1128691291,0.0000000000,0.0000000000
2023-03-02,0.0040158148,0.0032307573,7.7532948663,7.0481315925,1.3169814031,0.0001224674,0.0000000000
2023-03-03,0.0137652542,0.0105142045,7.8600209413,7.1222370894,1.3169814031,0.0000000000,0.0000000000
2023-03-06,-0.0014096510,-0.0010344624,7.8489410552,7.1148694027,1.3169814031,0.0000000000,0.0000000000
2023-03-07,-0.0169651357,-0.0128722828,7.7157827053,7.0232847917,1.3169814031,0.0000000000,0.0000000000
2023-03-08,-0.0000722038,0.0000073069,7.7152255962,7.0233361100,1.3169814031,0.0000000000,0.0000000000
2023-03-09,-0.0173591504,-0.0131188236,7.5812958344,6.9311982021,1.3169814031,0.0000000000,0.0000000000
2023-03-10,-0.0046590204,-0.0037622573,7.5459744226,6.9051212509,1.2065880105,0.0000662360,0.0000000000
2023-03-13,0.0199364777,0.0165671774,7.6964145731,7.0195196195,1.2065880105,0.0000000000,0.0000000000
2023-03-14,0.0101645166,0.0097421935,7.7746449068,7.0879051382,1.0535910082,0.0000917982,0.0000000000
2023-03-15,-0.0027353304,-0.0025663943,7.7533786840,7.0697147788,1.0535910082,0.0000000000,0.0000000000
2023-03-16,0.0146068387,0.0138880544,7.8666310362,7.1678993621,1.0535910082,0.0000000000,0.0000000000
2023-03-17,0.0064572836,0.0061419665,7.9174281040,7.2119243601,1.0535910082,0.0000000000,0.0000000000
2023-03-20,0.0054767804,0.0052057634,7.9607901191,7.2494679317,1.0535910082,0.0000000000,0.0000000000
2023-03-21,0.0063452790,0.0060245442,8.0113035536,7.2931426720,1.0535910082,0.0000000000,0.0000000000
2023-03-22,-0.0071739021,-0.0067958909,7.9538312463,7.2435792702,1.0535910082,0.0000000000,0.0000000000
2023-03-23,0.0088374337,0.0084121135,8.0241227029,7.3045130812,1.0535910082,0.0000000000,0.0000000000
2023-03-24,-0.0011357207,-0.0010648592,8.0150095410,7.2967348033,1.0535910082,0.0000000000,0.0000000000
2023-03-27,-0.0036454617,-0.0034635574,7.9857911310,7.2714621437,1.0535910082,0.0000000000,0.0000000000
2023-03-28,0.0001815020,0.0001853616,7.9872405682,7.2728099937,1.0535910082,0.0000000000,0.0000000000
2023-03-29,0.0129775233,0.0110975103,8.0908951686,7.3535200775,1.1766961947,0.0000738631,0.0000000000
2023-03-30,0.0064704447,0.0055375235,8.1432468587,7.3942403675,1.1766961947,0.0000000000,0.0000000000
2023-03-31,0.0131595419,0.0097732699,8.2504082571,7.4665062740,1.3507701912,0.0001044444,0.0000000000
2023-04-03,0.0020596029,0.0015975942,8.2674008221,7.4784347213,1.3507701912,0.0000000000,0.0000000000
2023-04-04,0.0022104707,0.0015829616,8.2856756695,7.4902727961,1.5000000000,0.0000895379,0.0000000000
2023-04-05,-0.0047856051,-0.0029948997,8.2460236976,7.4678401806,1.5000000000,0.0000000000,0.0000000000
2023-04-06,0.0016175836,0.0011279556,8.2593623304,7.4762635728,1.5000000000,0.0000000000,0.0000000000
2023-04-10,0.0037872245,0.0025745073,8.2906423896,7.4955112679,1.5000000000,0.0000000000,0.0000000000
2023-04-11,0.0028300727,0.0019363058,8.3141055101,7.5100248699,1.5000000000,0.0000000000,0.0000000000
2023-04-12,-0.0030414886,-0.0019416489,8.2888182529,7.4954430380,1.5000000000,0.0000000000,0.0000000000
2023-04-13,0.0173354339,0.0117523249,8.4325085142,7.5835319195,1.5000000000,0.0000000000,0.0000000000
2023-04-14,-0.0066953329,-0.0044503278,8.3760500622,7.5497827168,1.5000000000,0.0000000000,0.0000000000
2023-04-17,-0.0045700718,-0.0029608242,8.3377709118,7.5274291374,1.5000000000,0.0000000000,0.0000000000
2023-04-18,0.0057019452,0.0038509119,8.3853124245,7.5564166041,1.5000000000,0.0000000000,0.0000000000
2023-04-19,-0.0094773449,-0.0062686829,8.3058419266,7.5090478247,1.5000000000,0.0000000000,0.0000000000
2023-04-20,-0.0065485600,-0.0040979175,8.2514506225,7.4782763663,1.5000000000,0.0000000000,0.0000000000
2023-04-21,-0.0058752935,-0.0039399867,8.2029709283,7.4488120566,1.5000000000,0.0000000000,0.0000000000
2023-04-24,0.0028730454,0.0019649470,8.2265384364,7.4634485777,1.5000000000,0.0000000000,0.0000000000
2023-04-25,-0.0106659916,-0.0071337855,8.1387942466,7.4102059366,1.5000000000,0.0000000000,0.0000000000
2023-04-26,-0.0025648017,-0.0016238644,8.1179198533,7.3981727667,1.5000000000,0.0000000000,0.0000000000
2023-04-27,0.0225184926,0.0151344076,8.3007231713,7.5101397290,1.5000000000,0.0000000000,0.0000000000
2023-04-28,0.0075247278,0.0050297127,8.3631838537,7.5479135743,1.5000000000,0.0000000000,0.0000000000
2023-05-01,-0.0096282745,-0.0063947053,8.2826608238,7.4996468911,1.5000000000,0.0000000000,0.0000000000
2023-05-02,-0.0021379669,-0.0014849456,8.2649527694,7.4885103234,1.5000000000,0.0000000000,0.0000000000
2023-05-03,-0.0018236193,-0.0011660157,8.2498806420,7.4797786025,1.5000000000,0.0000000000,0.0000000000
2023-05-04,-0.0034028594,-0.0021459766,8.2218074584,7.4637271725,1.5000000000,0.0000000000,0.0000000000
2023-05-05,0.0167181986,0.0112316032,8.3592612686,7.5475567945,1.5000000000,0.0000000000,0.0000000000
2023-05-08,-0.0069523732,-0.0045852729,8.3011445648,7.5129491866,1.5000000000,0.0000000000,0.0000000000
2023-05-09,-0.0031403558,-0.0020438040,8.2750760176,7.4975941911,1.5000000000,0.0000000000,0.0000000000
2023-05-10,0.0060401200,0.0040762213,8.3250584700,7.5281560440,1.5000000000,0.0000000000,0.0000000000
2023-05-11,-0.0053067062,-0.0033058383,8.2808798309,7.5032691776,1.5000000000,0.0000000000,0.0000000000
2023-05-12,-0.0052945975,-0.0034437138,8.2370359054,7.4774300661,1.5000000000,0.0000000000,0.0000000000
2023-05-15,0.0068625162,0.0046247054,8.2935626975,7.5120109776,1.5000000000,0.0000000000,0.0000000000
2023-05-16,-0.0085244319,-0.0057061902,8.2228647871,7.4691460139,1.5000000000,0.0000000000,0.0000000000
2023-05-17,0.0111781180,0.0075379848,8.3147809400,7.5254483228,1.5000000000,0.0000000000,0.0000000000
2023-05-18,0.0035900826,0.0025887201,8.3446316904,7.5449296025,1.5000000000,0.0000000000,0.0000000000
2023-05-19,0.0006325748,0.0004349440,8.3499102939,7.5482112245,1.5000000000,0.0000000000,0.0000000000
2023-05-22,0.0008402670,0.0006096851,8.3569264478,7.5528132565,1.5000000000,0.0000000000,0.0000000000
2023-05-23,-0.0089547114,-0.0059565801,8.2820925837,7.5078243197,1.5000000000,0.0000000000,0.0000000000
2023-05-24,-0.0121977328,-0.0081185944,8.1810698310,7.4468713394,1.5000000000,0.0000000000,0.0000000000
2023-05-25,0.0079366575,0.0055225932,8.2460001803,7.4879973801,1.5000000000,0.0000000000,0.0000000000
2023-05-26,0.0187824422,0.0126074233,8.4008802021,7.5824017327,1.5000000000,0.0000000000,0.0000000000
2023-05-30,0.0057144825,0.0038592860,8.4488868847,7.6116643899,1.5000000000,0.0000000000,0.0000000000
2023-05-31,-0.0073355190,-0.0048044788,8.3869099146,7.5750943095,1.5000000000,0.0000000000,0.0000000000
2023-06-01,0.0116343011,0.0079554690,8.4844857497,7.6353577371,1.5000000000,0.0000000000,0.0000000000
2023-06-02,0.0094192564,0.0063292306,8.5644032960,7.6836836769,1.5000000000,0.0000000000,0.0000000000
2023-06-05,-0.0060591235,-0.0040261882,8.5125105184,7.6527477205,1.5000000000,0.0000000000,0.0000000000
2023-06-06,0.0085170514,0.0057640284,8.5850120082,7.6968583756,1.5000000000,0.0000000000,0.0000000000
2023-06-07,-0.0150174745,-0.0099619034,8.4560868096,7.6201830163,1.5000000000,0.0000000000,0.0000000000
2023-06-08,0.0120918462,0.0082565860,8.5583365108,7.6830997128,1.5000000000,0.0000000000,0.0000000000
2023-06-09,0.0005943125,0.0004458988,8.5634228372,7.6865255979,1.5000000000,0.0000000000,0.0000000000
2023-06-12,0.0074595968,0.0050227192,8.6273025185,7.7251328573,1.5000000000,0.0000000000,0.0000000000
2023-06-13,0.0047626254,0.0035191198,8.6683911289,7.7523185257,1.3997590944,0.0000601445,0.0000000000
2023-06-14,0.0005550567,0.0004701604,8.6732025771,7.7559633587,1.3997590944,0.0000000000,0.0000000000
2023-06-15,0.0157351372,0.0113774768,8.8096766095,7.8442066519,1.3997590944,0.0000000000,0.0000000000
2023-06-16,-0.0015082056,-0.0009157552,8.7963898055,7.8370232789,1.5000000000,0.0000601445,0.0000000000
2023-06-20,0.0003418974,0.0003137749,8.7993972687,7.8394823400,1.5000000000,0.0000000000,0.0000000000
2023-06-21,0.0002089848,0.0001525507,8.8012362091,7.8406782587,1.5000000000,0.0000000000,0.0000000000
2023-06-22,0.0001932765,0.0002875010,8.8029372817,7.8429324616,1.5000000000,0.0000000000,0.0000000000
2023-06-23,-0.0054163656,-0.0035611286,8.7552573550,7.8150027707,1.5000000000,0.0000000000,0.0000000000
2023-06-26,-0.0070886214,-0.0046763194,8.6931946500,7.7784573215,1.5000000000,0.0000000000,0.0000000000
2023-06-27,0.0112733091,0.0076014465,8.7911957204,7.8375848485,1.5000000000,0.0000000000,0.0000000000
2023-06-28,-0.0014698471,-0.0009303228,8.7782740068,7.8302933645,1.5000000000,0.0000000000,0.0000000000
2023-06-29,0.0004822738,0.0004437112,8.7825075387,7.8337677533,1.5000000000,0.0000000000,0.0000000000
2023-06-30,0.0142464600,0.0096198315,8.9076271812,7.9091272788,1.5000000000,0.0000000000,0.0000000000
2023-07-03,0.0045164236,0.0031080555,8.9478577984,7.9337092853,1.5000000000,0.0000000000,0.0000000000
2023-07-05,-0.0057921621,-0.0038118395,8.8960303553,7.9034672586,1.5000000000,0.0000000000,0.0000000000
2023-07-06,-0.0129739343,-0.0085266969,8.7806138419,7.8360767886,1.5000000000,0.0000000000,0.0000000000
2023-07-07,0.0024472855,0.0016811414,8.8021025110,7.8492503416,1.5000000000,0.0000000000,0.0000000000
2023-07-10,0.0027270757,0.0019041139,8.8261065111,7.8641962083,1.5000000000,0.0000000000,0.0000000000
2023-07-11,0.0086566211,0.0058207500,8.9025107712,7.9099717282,1.5000000000,0.0000000000,0.0000000000
2023-07-12,0.0138472267,0.0093174288,9.0257858557,7.9836723269,1.5000000000,0.0000000000,0.0000000000
2023-07-13,0.0176360434,0.0119162138,9.1849650070,8.0788074732,1.5000000000,0.0000000000,0.0000000000
2023-07-14,-0.0075728139,-0.0049989012,9.1154089761,8.0384223126,1.5000000000,0.0000000000,0.0000000000
2023-07-17,0.0042493589,0.0028825750,9.1541436204,8.0615936680,1.5000000000,0.0000000000,0.0000000000
2023-07-18,0.0089628104,0.0059884344,9.2361904739,8.1098699932,1.5000000000,0.0000000000,0.0000000000
2023-07-19,0.0018528900,0.0013212043,9.2533041185,8.1205847879,1.5000000000,0.0000000000,0.0000000000
2023-07-20,-0.0147175595,-0.0096166790,9.1171180643,8.0424917304,1.5000000000,0.0000000000,0.0000000000
2023-07-21,-0.0006749154,-0.0004367161,9.1109647809,8.0389794449,1.5000000000,0.0000000000,0.0000000000
2023-07-24,-0.0000049051,0.0000463989,9.1109200911,8.0393524449,1.5000000000,0.0000000000,0.0000000000
2023-07-25,0.0053071087,0.0035877375,9.1592727344,8.0681955308,1.5000000000,0.0000000000,0.0000000000
2023-07-26,0.0010888640,0.0007753804,9.1692459366,8.0744514514,1.5000000000,0.0000000000,0.0000000000
2023-07-27,-0.0104806475,-0.0067921663,9.0731463023,8.0196084346,1.5000000000,0.0000000000,0.0000000000
2023-07-28,0.0153878441,0.0103080418,9.2127624633,8.1022748934,1.5000000000,0.0000000000,0.0000000000
2023-07-31,0.0019970382,0.0013810236,9.2311607015,8.1134643265,1.5000000000,0.0000000000,0.0000000000
2023-08-01,-0.0055649337,-0.0036093135,9.1797899040,8.0841802900,1.5000000000,0.0000000000,0.0000000000
2023-08-02,-0.0211212414,-0.0140311130,8.9859013454,7.9707502425,1.5000000000,0.0000000000,0.0000000000
2023-08-03,-0.0026896706,-0.0017986365,8.9617322308,7.9564137598,1.3527010877,0.0000883793,0.0000000000
2023-08-04,-0.0017551776,-0.0010251003,8.9460027992,7.9482576377,1.5000000000,0.0000883793,0.0000000000
2023-08-07,0.0076759701,0.0051305409,9.0146720490,7.9890364986,1.5000000000,0.0000000000,0.0000000000
2023-08-08,-0.0048924043,-0.0031754887,8.9705686289,7.9636674037,1.5000000000,0.0000000000,0.0000000000
2023-08-09,-0.0082380814,-0.0054424071,8.8966683547,7.9203258833,1.5000000000,0.0000000000,0.0000000000
2023-08-10,-0.0013931841,-0.0007335155,8.8842736581,7.9145162019,1.5000000000,0.0000000000,0.0000000000
2023-08-11,-0.0043354292,-0.0028405998,8.8457565183,7.8920342288,1.5000000000,0.0000000000,0.0000000000
2023-08-14,0.0047098024,0.0031894559,8.8874182832,7.9172055242,1.5000000000,0.0000000000,0.0000000000
2023-08-15,-0.0133643101,-0.0088599563,8.7686440694,7.8470594290,1.5000000000,0.0000000000,0.0000000000
2023-08-16,-0.0118678603,-0.0078258487,8.6645790261,7.7856495294,1.5000000000,0.0000000000,0.0000000000
2023-08-17,-0.0164438689,-0.0108038483,8.5220998248,7.7015345529,1.5000000000,0.0000000000,0.0000000000
2023-08-18,-0.0020439940,-0.0013131698,8.5046807035,7.6914211303,1.5000000000,0.0000000000,0.0000000000
2023-08-21,0.0086452292,0.0058132904,8.5782056173,7.7361335948,1.5000000000,0.0000000000,0.0000000000
2023-08-22,-0.0017933794,-0.0011462274,8.5628216398,7.7272662263,1.5000000000,0.0000000000,0.0000000000
2023-08-23,0.0176584956,0.0118584433,8.7140281881,7.8188995745,1.5000000000,0.0000000000,0.0000000000
2023-08-24,-0.0169698352,-0.0111910070,8.5661525659,7.7313982146,1.5000000000,0.0000000000,0.0000000000
2023-08-25,0.0061547073,0.0041889278,8.6188747278,7.7637844832,1.5000000000,0.0000000000,0.0000000000
2023-08-28,0.0079261226,0.0053699500,8.6871889856,7.8054756176,1.5000000000,0.0000000000,0.0000000000
2023-08-29,0.0256642180,0.0170864567,8.9101388974,7.9388435388,1.5000000000,0.0000000000,0.0000000000
2023-08-30,0.0018843921,0.0018551139,8.9269290924,7.9535709975,1.1498528252,0.0002100883,0.0000000000
2023-08-31,-0.0039900902,-0.0033797675,8.8913098401,7.9266897765,1.1498528252,0.0000000000,0.0000000000
2023-09-01,0.0003777796,0.0003551139,8.8946687951,7.9295046540,1.1498528252,0.0000000000,0.0000000000
2023-09-05,-0.0039570186,-0.0034076637,8.8594724253,7.9024835691,1.1498528252,0.0000000000,0.0000000000
2023-09-06,-0.0060403060,-0.0052479407,8.8059585008,7.8610118037,1.1498528252,0.0000000000,0.0000000000
2023-09-07,-0.0017155654,-0.0014156037,8.7908513031,7.8498837267,1.1498528252,0.0000000000,0.0000000000
2023-09-08,0.0000404766,0.0000546200,8.7912071267,7.8503124870,1.1498528252,0.0000000000,0.0000000000
2023-09-11,0.0054831251,0.0041247056,8.8394104150,7.8826927149,1.3639883476,0.0001284813,0.0000000000
2023-09-12,-0.0047065620,-0.0033525914,8.7978071819,7.8562652669,1.3639883476,0.0000000000,0.0000000000
2023-09-13,0.0025997296,0.0019457257,8.8206791017,7.8715514038,1.3639883476,0.0000000000,0.0000000000
2023-09-14,0.0089437127,0.0066549887,8.8995687216,7.9239364894,1.3639883476,0.0000000000,0.0000000000
2023-09-15,-0.0102364355,-0.0074358987,8.8084688601,7.8650149001,1.3639883476,0.0000000000,0.0000000000
2023-09-18,0.0020382124,0.0014627462,8.8264223909,7.8765194209,1.5000000000,0.0000816070,0.0000000000
2023-09-19,-0.0009392967,-0.0005764801,8.8181317614,7.8719787644,1.5000000000,0.0000000000,0.0000000000
2023-09-20,-0.0106728445,-0.0070656730,8.7240172120,7.8163579369,1.5000000000,0.0000000000,0.0000000000
2023-09-21,-0.0215080136,-0.0141436336,8.5363809308,7.7058062343,1.5000000000,0.0000000000,0.0000000000
2023-09-22,0.0008196125,0.0005959413,8.5433774551,7.7103984424,1.5000000000,0.0000000000,0.0000000000
2023-09-25,-0.0008675660,-0.0005289111,8.5359655113,7.7063203274,1.5000000000,0.0000000000,0.0000000000
2023-09-26,-0.0159987105,-0.0106161564,8.3994010705,7.6245088253,1.5000000000,0.0000000000,0.0000000000
2023-09-27,-0.0015153605,-0.0008880380,8.3866729496,7.6177379721,1.5000000000,0.0000000000,0.0000000000
2023-09-28,0.0085723612,0.0058370743,8.4585665397,7.6622032744,1.5000000000,0.0000000000,0.0000000000
2023-09-29,-0.0047143893,-0.0030933661,8.4186895642,7.6385012745,1.5000000000,0.0000000000,0.0000000000
2023-10-02,-0.0003021776,-0.0001371009,8.4161456248,7.6374540293,1.5000000000,0.0000000000,0.0000000000
2023-10-03,-0.0169811380,-0.0112346657,8.2732298947,7.5516497867,1.5000000000,0.0000000000,0.0000000000
2023-10-04,0.0090307311,0.0060702180,8.3479432094,7.5974899474,1.5000000000,0.0000000000,0.0000000000
2023-10-05,-0.0029562238,-0.0017389697,8.3232648207,7.5842781426,1.5000000000,0.0000000000,0.0000000000
2023-10-06,0.0152272217,0.0101647087,8.4500050196,7.6613701203,1.5000000000,0.0000000000,0.0000000000
2023-10-09,0.0099830251,0.0067049275,8.5343616318,7.7127390518,1.5000000000,0.0000000000,0.0000000000
2023-10-10,0.0040316503,0.0030848308,8.5687691937,7.7365315467,1.3420490626,0.0000947706,0.0000000000
2023-10-11,0.0044028859,0.0033465577,8.6064965064,7.7624222960,1.3420490626,0.0000000000,0.0000000000
2023-10-12,-0.0076199923,-0.0055565314,8.5409150694,7.7192901528,1.3420490626,0.0000000000,0.0000000000
2023-10-13,0.0011543448,0.0009188657,8.5507742304,7.7263831442,1.5000000000,0.0000947706,0.0000000000
2023-10-16,0.0141273618,0.0094678455,8.6715741113,7.7995353460,1.5000000000,0.0000000000,0.0000000000
2023-10-17,-0.0024592109,-0.0015898423,8.6502488820,7.7871353149,1.5000000000,0.0000000000,0.0000000000
2023-10-18,-0.0107154606,-0.0070940440,8.5575574807,7.7318930340,1.5000000000,0.0000000000,0.0000000000
2023-10-19,-0.0045407376,-0.0028683149,8.5186998581,7.7097155296,1.5000000000,0.0000000000,0.0000000000
2023-10-20,-0.0076584656,-0.0050198745,8.4534596880,7.6710137253,1.5000000000,0.0000000000,0.0000000000
2023-10-23,0.0129014923,0.0086506572,8.5625219333,7.7373730358,1.5000000000,0.0000000000,0.0000000000
2023-10-24,0.0106675237,0.0071611846,8.6538628392,7.7927817927,1.5000000000,0.0000000000,0.0000000000
2023-10-25,-0.0140194476,-0.0092968002,8.5325404627,7.7203338576,1.5000000000,0.0000000000,0.0000000000
2023-10-26,-0.0127881734,-0.0083668108,8.4234248560,7.6557392850,1.5000000000,0.0000000000,0.0000000000
2023-10-27,0.0011236345,0.0009641664,8.4328897066,7.6631206912,1.3836671434,0.0000697997,0.0000000000
2023-10-30,0.0098788025,0.0066883997,8.5161965585,7.7143747053,1.4983584585,0.0000688148,0.0000000000
2023-10-31,0.0038632460,0.0025915174,8.5490967204,7.7343666419,1.4983584585,0.0000000000,0.0000000000
2023-11-01,0.0160105868,0.0108005442,8.6859727755,7.8179020108,1.4983584585,0.0000000000,0.0000000000
2023-11-02,0.0162550207,0.0119238331,8.8271634425,7.9111213697,1.3808991245,0.0000704756,0.0000000000
2023-11-03,0.0099325657,0.0072338138,8.9148398231,7.9683489489,1.3808991245,0.0000000000,0.0000000000
2023-11-06,0.0007954256,0.0006172379,8.9219309149,7.9732673162,1.3808991245,0.0000000000,0.0000000000
2023-11-07,0.0038419972,0.0028534684,8.9562089482,7.9960187828,1.3808991245,0.0000000000,0.0000000000
2023-11-08,-0.0009790020,-0.0006679324,8.9474408020,7.9906779824,1.3808991245,0.0000000000,0.0000000000
2023-11-09,-0.0036678337,-0.0024945248,8.9146230772,7.9707450379,1.3808991245,0.0000000000,0.0000000000
2023-11-10,0.0151179942,0.0109890718,9.0493942976,8.0583361277,1.3808991245,0.0000000000,0.0000000000
2023-11-13,-0.0023404438,-0.0016537878,9.0282146987,8.0450093497,1.3808991245,0.0000000000,0.0000000000
2023-11-14,0.0183486228,0.0133284215,9.1938700049,8.1522366252,1.3808991245,0.0000000000,0.0000000000
2023-11-15,0.0072753561,0.0053397948,9.2607586835,8.1957678956,1.3808991245,0.0000000000,0.0000000000
2023-11-16,-0.0047200388,-0.0029402167,9.2170475432,8.1716705622,1.5000000000,0.0000714605,0.0000000000
2023-11-17,0.0046854139,0.0032095156,9.2602332260,8.1978976665,1.5000000000,0.0000000000,0.0000000000
2023-11-20,0.0123067661,0.0082177382,9.3741967501,8.2652658436,1.5000000000,0.0000000000,0.0000000000
2023-11-21,-0.0070256872,-0.0045614916,9.3083365763,8.2275639025,1.5000000000,0.0000000000,0.0000000000
2023-11-22,0.0077514498,0.0053262947,9.3804896805,8.2713863328,1.5000000000,0.0000000000,0.0000000000
2023-11-24,0.0011789769,0.0008355314,9.3915490610,8.2782973360,1.5000000000,0.0000000000,0.0000000000
2023-11-27,-0.0011634947,-0.0007261514,9.3806220433,8.2722860391,1.5000000000,0.0000000000,0.0000000000
2023-11-28,0.0078124526,0.0052941831,9.4539077079,8.3160810363,1.5000000000,0.0000000000,0.0000000000
2023-11-29,0.0011413018,0.0008104611,9.4646974700,8.3228208961,1.5000000000,0.0000000000,0.0000000000
2023-11-30,-0.0021423108,-0.0012698437,9.4444211466,8.3122522146,1.5000000000,0.0000000000,0.0000000000
2023-12-01,0.0133416203,0.0089770089,9.5704250279,8.3868713764,1.5000000000,0.0000000000,0.0000000000
2023-12-04,-0.0001530811,-0.0000888265,9.5689599771,8.3861263998,1.5000000000,0.0000000000,0.0000000000
2023-12-05,0.0075608767,0.0051266749,9.6413097035,8.4291193438,1.5000000000,0.0000000000,0.0000000000
2023-12-06,-0.0050988834,-0.0033495735,9.5921497891,8.4008853886,1.5000000000,0.0000000000,0.0000000000
2023-12-07,0.0074682110,0.0051377440,9.6637859874,8.4440469873,1.5000000000,0.0000000000,0.0000000000
2023-12-08,0.0032395838,0.0022458504,9.6950926318,8.4630110536,1.5000000000,0.0000000000,0.0000000000
2023-12-11,-0.0077009520,-0.0050478871,9.6204311892,8.4202907294,1.5000000000,0.0000000000,0.0000000000
2023-12-12,0.0051573823,0.0034514824,9.6700474303,8.4493532142,1.5000000000,0.0000000000,0.0000000000
2023-12-13,0.0249359219,0.0166735632,9.9111789782,8.5902340389,1.5000000000,0.0000000000,0.0000000000
2023-12-14,0.0065080581,0.0044974368,9.9756815067,8.6288680740,1.5000000000,0.0000000000,0.0000000000
2023-12-15,-0.0061524167,-0.0039790940,9.9143069576,8.5945329970,1.5000000000,0.0000000000,0.0000000000
2023-12-18,0.0082147091,0.0055299924,9.9957501055,8.6420606996,1.5000000000,0.0000000000,0.0000000000
2023-12-19,0.0063598252,0.0042531110,10.0593213289,8.6788163428,1.5000000000,0.0000000000,0.0000000000
2023-12-20,-0.0094938099,-0.0062429041,9.9638200440,8.6246353244,1.5000000000,0.0000000000,0.0000000000
2023-12-21,0.0122545327,0.0084020619,10.0859220030,8.6971000445,1.5000000000,0.0000000000,0.0000000000
2023-12-22,0.0024046021,0.0016527701,10.1101746322,8.7114743514,1.5000000000,0.0000000000,0.0000000000
2023-12-26,0.0019128012,0.0013613694,10.1295133868,8.7233338860,1.5000000000,0.0000000000,0.0000000000
2023-12-27,0.0070103502,0.0046867943,10.2005248228,8.7642183575,1.5000000000,0.0000000000,0.0000000000
2023-12-28,-0.0050088382,-0.0031069441,10.1494320443,8.7369884212,1.5000000000,0.0000000000,0.0000000000
2023-12-29,-0.0060040913,-0.0039895000,10.0884939273,8.7021322055,1.5000000000,0.0000000000,0.0001671347
2024-01-02,-0.0064822283,-0.0042717576,10.0230980065,8.6649588066,1.5000000000,0.0000000000,0.0000000000
2024-01-03,-0.0129252382,-0.0084942632,9.8935470775,8.5913563662,1.5000000000,0.0000000000,0.0000000000
2024-01-04,-0.0017274578,-0.0010289575,9.8764563921,8.5825162254,1.5000000000,0.0000000000,0.0000000000
2024-01-05,0.0008945038,0.0006459741,9.8852909203,8.5880603088,1.5000000000,0.0000000000,0.0000000000
2024-01-08,0.0169394815,0.0113426528,10.0527426227,8.6854716951,1.5000000000,0.0000000000,0.0000000000
2024-01-09,-0.0023156613,-0.0014940512,10.0294638753,8.6724951553,1.5000000000,0.0000000000,0.0000000000
2024-01-10,0.0044730551,0.0030680309,10.0743262202,8.6991026386,1.5000000000,0.0000000000,0.0000000000
2024-01-11,0.0018688219,0.0014413101,10.0931533422,8.7116407429,1.5000000000,0.0000000000,0.0000000000
2024-01-12,-0.0027145390,-0.0017235998,10.0657550836,8.6966253609,1.5000000000,0.0000000000,0.0000000000
2024-01-16,-0.0080049923,-0.0052871019,9.9851787914,8.6506454163,1.5000000000,0.0000000000,0.0000000000
2024-01-17,-0.0097623875,-0.0064222510,9.8876996067,8.5950888000,1.5000000000,0.0000000000,0.0000000000
2024-01-18,0.0087001271,0.0059589018,9.9737238500,8.6463060900,1.5000000000,0.0000000000,0.0000000000
2024-01-19,0.0136482789,0.0091484771,10.1098480152,8.7254066228,1.5000000000,0.0000000000,0.0000000000
2024-01-22,-0.0022041339,-0.0014199563,10.0875645568,8.7130169265,1.5000000000,0.0000000000,0.0000000000
2024-01-23,0.0038850315,0.0026397300,10.1267550633,8.7360169391,1.5000000000,0.0000000000,0.0000000000
2024-01-24,0.0014988788,0.0010488342,10.1419338422,8.7451795728,1.5000000000,0.0000000000,0.0000000000
2024-01-25,0.0052314493,0.0036825189,10.1949908553,8.7773838622,1.5000000000,0.0000000000,0.0000000000
2024-01-26,0.0011596459,0.0008226552,10.2068134342,8.7846046223,1.5000000000,0.0000000000,0.0000000000
2024-01-29,0.0119968839,0.0080475998,10.3292633901,8.8552996049,1.5000000000,0.0000000000,0.0000000000
2024-01-30,-0.0024113005,-0.0015580145,10.3043564318,8.8415029197,1.5000000000,0.0000000000,0.0000000000
2024-01-31,-0.0153119798,-0.0101585021,10.1465763341,8.7516864935,1.5000000000,0.0000000000,0.0000000000
2024-02-01,0.0142774703,0.0096994074,10.2914437763,8.8365726661,1.5000000000,0.0000000000,0.0000000000
2024-02-02,0.0045667421,0.0031307150,10.3384421454,8.8642374568,1.5000000000,0.0000000000,0.0000000000
2024-02-05,-0.0066002504,-0.0043869394,10.2702058389,8.8253505844,1.5000000000,0.0000000000,0.0000000000
2024-02-06,0.0051048262,0.0034892679,10.3226334543,8.8561445966,1.5000000000,0.0000000000,0.0000000000
2024-02-07,0.0091555819,0.0061533830,10.4171431700,8.9106398466,1.5000000000,0.0000000000,0.0000000000
2024-02-08,0.0018314269,0.0013799615,10.4362214063,8.9229361867,1.5000000000,0.0000000000,0.0000000000
2024-02-09,0.0088924645,0.0059779823,10.5290251350,8.9762773416,1.5000000000,0.0000000000,0.0000000000
2024-02-12,0.0032904655,0.0022797227,10.5636705291,8.9967407650,1.5000000000,0.0000000000,0.0000000000
2024-02-13,-0.0194698801,-0.0129666925,10.3579971305,8.8800827936,1.5000000000,0.0000000000,0.0000000000
2024-02-14,0.0130850157,0.0088094069,10.4935316857,8.9583110565,1.5000000000,0.0000000000,0.0000000000
2024-02-15,0.0075682606,0.0052407070,10.5729494677,9.0052589398,1.5000000000,0.0000000000,0.0000000000
2024-02-16,-0.0045092181,-0.0029201072,10.5252737328,8.9789626186,1.5000000000,0.0000000000,0.0000000000
2024-02-20,-0.0035770275,-0.0023350294,10.4876245395,8.9579964773,1.5000000000,0.0000000000,0.0000000000
2024-02-21,-0.0020332532,-0.0013059426,10.4663005433,8.9462978478,1.5000000000,0.0000000000,0.0000000000
2024-02-22,0.0193236524,0.0130774562,10.6685476969,9.0632926659,1.5000000000,0.0000000000,0.0000000000
2024-02-23,-0.0005876055,-0.0003421092,10.6622787993,9.0601920301,1.5000000000,0.0000000000,0.0000000000
2024-02-26,0.0041125316,0.0027549152,10.7061277577,9.0851520913,1.5000000000,0.0000000000,0.0000000000
2024-02-27,0.0062376066,0.0042443632,10.7729083709,9.1237127766,1.5000000000,0.0000000000,0.0000000000
2024-02-28,0.0064643267,0.0043589523,10.8425479699,9.1634826050,1.5000000000,0.0000000000,0.0000000000
2024-02-29,0.0037888638,0.0026845211,10.8836289076,9.1880821676,1.5000000000,0.0000000000,0.0000000000
2024-03-01,0.0173800490,0.0116910630,11.0727869117,9.2955006150,1.5000000000,0.0000000000,0.0000000000
2024-03-04,0.0110171566,0.0073945105,11.1947775389,9.3642362918,1.5000000000,0.0000000000,0.0000000000
2024-03-05,-0.0163199623,-0.0108667474,11.0120791914,9.2624775019,1.5000000000,0.0000000000,0.0000000000
2024-03-06,0.0103008339,0.0082086450,11.1255127898,9.3385098918,1.2797879444,0.0001321272,0.0000000000
2024-03-07,0.0134031513,0.0091824399,11.2746297215,9.4242601972,1.5000000000,0.0001321272,0.0000000000
2024-03-08,-0.0035574125,-0.0023220193,11.2345212133,9.4023768828,1.5000000000,0.0000000000,0.0000000000
2024-03-11,0.0049626712,0.0033581550,11.2902744482,9.4339515217,1.5000000000,0.0000000000,0.0000000000
2024-03-12,0.0059100534,0.0040624156,11.3570005734,9.4722761530,1.5000000000,0.0000000000,0.0000000000
2024-03-13,0.0014613442,0.0009874570,11.3735970604,9.4816296183,1.5000000000,0.0000000000,0.0000000000
2024-03-14,-0.0076313239,-0.0049286185,11.2868014571,9.4348982829,1.5000000000,0.0000000000,0.0000000000
2024-03-15,-0.0107468701,-0.0070786093,11.1655036677,9.3681123242,1.5000000000,0.0000000000,0.0000000000
2024-03-18,0.0033431486,0.0022784028,11.2028316056,9.3894566579,1.5000000000,0.0000000000,0.0000000000
2024-03-19,-0.0057652105,-0.0037574349,11.1382449235,9.3541763859,1.5000000000,0.0000000000,0.0000000000
2024-03-20,0.0220107445,0.0147232407,11.3834059867,9.4919001768,1.5000000000,0.0000000000,0.0000000000
2024-03-21,-0.0009560286,-0.0005559150,11.3725231246,9.4866234871,1.3099901085,0.0001140059,0.0000000000
2024-03-22,-0.0048874164,-0.0036956407,11.3169408680,9.4515643349,1.3099901085,0.0000000000,0.0000000000
2024-03-25,0.0073618816,0.0056808177,11.4002548471,9.5052569490,1.3099901085,0.0000000000,0.0000000000
2024-03-26,-0.0013351157,-0.0009841007,11.3850341875,9.4959028192,1.3099901085,0.0000000000,0.0000000000
2024-03-27,0.0065948589,0.0047040609,11.4601168812,9.5405721244,1.5000000000,0.0001140059,0.0000000000
2024-03-28,0.0049773317,0.0033314486,11.5171576838,9.5723560502,1.5000000000,0.0000000000,0.0000000000
2024-04-01,-0.0014031322,-0.0008311248,11.5009975886,9.5644002277,1.5000000000,0.0000000000,0.0000000000
2024-04-02,-0.0094141239,-0.0061899769,11.3927257726,9.5051968113,1.5000000000,0.0000000000,0.0000000000
2024-04-03,0.0055878268,0.0037384454,11.4563863507,9.5407314703,1.5000000000,0.0000000000,0.0000000000
2024-04-04,-0.0079756594,-0.0051579711,11.3650141152,9.4915206531,1.5000000000,0.0000000000,0.0000000000
2024-04-05,0.0109987165,0.0074184745,11.4900146831,9.5619332571,1.5000000000,0.0000000000,0.0000000000
2024-04-08,0.0081865160,0.0055073883,11.5840778720,9.6145945368,1.5000000000,0.0000000000,0.0000000000
2024-04-09,-0.0006662652,-0.0003945613,11.5763598039,9.6108009900,1.5000000000,0.0000000000,0.0000000000
2024-04-10,-0.0109043078,-0.0071834514,11.4501276139,9.5417622679,1.5000000000,0.0000000000,0.0000000000
2024-04-11,0.0119534907,0.0080913495,11.5869966073,9.6189680015,1.5000000000,0.0000000000,0.0000000000
2024-04-12,-0.0208200712,-0.0138302729,11.3457545135,9.4859350494,1.5000000000,0.0000000000,0.0000000000
2024-04-15,-0.0143105910,-0.0094544461,11.1833900605,9.3962507874,1.5000000000,0.0000000000,0.0000000000
2024-04-16,-0.0020080766,-0.0012890161,11.1609329569,9.3841388692,1.5000000000,0.0000000000,0.0000000000
2024-04-17,-0.0126891130,-0.0084098938,11.0193106179,9.3052192581,1.5000000000,0.0000000000,0.0000000000
2024-04-18,0.0008468868,0.0008177920,11.0286427272,9.3128289923,1.3954452021,0.0000627329,0.0000000000
2024-04-19,-0.0075486487,-0.0053673648,10.9453913775,9.2628436422,1.3954452021,0.0000000000,0.0000000000
2024-04-22,0.0067671800,0.0049225820,11.0194608111,9.3084407495,1.3954452021,0.0000000000,0.0000000000
2024-04-23,0.0097585559,0.0070353170,11.1269948350,9.3739285806,1.3954452021,0.0000000000,0.0000000000
2024-04-24,-0.0035767434,-0.0025519104,11.0871964300,9.3500071550,1.3954452021,0.0000000000,0.0000000000
2024-04-25,-0.0019852469,-0.0012569227,11.0651856079,9.3382549187,1.3954452021,0.0000000000,0.0000000000
2024-04-26,0.0092716675,0.0066554815,11.1677783292,9.4004055015,1.3954452021,0.0000000000,0.0000000000
2024-04-29,0.0033682970,0.0024867784,11.2053947239,9.4237822272,1.3954452021,0.0000000000,0.0000000000
2024-04-30,-0.0246497177,-0.0176222698,10.9291849077,9.2577137942,1.3954452021,0.0000000000,0.0000000000
2024-05-01,-0.0049006915,-0.0039122042,10.8756243446,9.2214957272,1.2116858616,0.0001102556,0.0000000000
2024-05-02,0.0095919433,0.0080186543,10.9799427165,9.2954397132,1.2116858616,0.0000000000,0.0000000000
2024-05-03,0.0161211500,0.0133308183,11.1569520196,9.4193555307,1.2116858616,0.0000000000,0.0000000000
2024-05-06,0.0103260034,0.0085289463,11.2721587442,9.4996927082,1.2116858616,0.0000000000,0.0000000000
2024-05-07,-0.0013248374,-0.0010673902,11.2572249670,9.4895528293,1.2116858616,0.0000000000,0.0000000000
2024-05-08,-0.0030294963,-0.0024551030,11.2231212457,9.4662549996,1.2116858616,0.0000000000,0.0000000000
2024-05-09,0.0092208044,0.0077123085,11.3266074519,9.5392616785,1.2116858616,0.0000000000,0.0000000000
2024-05-10,-0.0006205195,-0.0005051799,11.3195790705,9.5344426354,1.2116858616,0.0000000000,0.0000000000
2024-05-13,0.0015910738,0.0013581918,11.3375893566,9.5473922377,1.2116858616,0.0000000000,0.0000000000
2024-05-14,0.0040929394,0.0034038767,11.3839934232,9.5798903835,1.2116858616,0.0000000000,0.0000000000
2024-05-15,0.0193600750,0.0160037869,11.6043883900,9.7332049076,1.2116858616,0.0000000000,0.0000000000
2024-05-16,-0.0039464805,-0.0031737977,11.5585918977,9.7023136847,1.2116858616,0.0000000000,0.0000000000
2024-05-17,0.0063789642,0.0052905918,11.6323237421,9.7536446656,1.2116858616,0.0000000000,0.0000000000
2024-05-20,0.0088109369,0.0073166656,11.7348154124,9.8250088219,1.2116858616,0.0000000000,0.0000000000
2024-05-21,-0.0008941596,-0.0007119770,11.7243226144,9.8180136416,1.2116858616,0.0000000000,0.0000000000
2024-05-22,-0.0098669347,-0.0063766448,11.6086394893,9.7554076557,1.5000000000,0.0001729885,0.0000000000
2024-05-23,-0.0133843690,-0.0086915787,11.4532651745,9.6706177621,1.5000000000,0.0000000000,0.0000000000
2024-05-24,0.0078136039,0.0059062853,11.5427564514,9.7277351897,1.3471809628,0.0000916914,0.0000000000
2024-05-28,0.0033692338,0.0023252011,11.5816466965,9.7503541299,1.4657722088,0.0000711547,0.0000000000
2024-05-29,-0.0120377548,-0.0081307167,11.4422296729,9.6710767629,1.4657722088,0.0000000000,0.0000000000
2024-05-30,-0.0037597565,-0.0024831689,11.3992096753,9.6470618455,1.4657722088,0.0000000000,0.0000000000
2024-05-31,0.0017426150,0.0012706934,11.4190741093,9.6593203036,1.4657722088,0.0000000000,0.0000000000
2024-06-03,0.0062307886,0.0043156101,11.4902239463,9.7010061641,1.4657722088,0.0000000000,0.0000000000
2024-06-04,0.0012011912,0.0009015776,11.5040259020,9.7097523742,1.4657722088,0.0000000000,0.0000000000
2024-06-05,0.0165204581,0.0113182769,11.6940776804,9.8196500404,1.4657722088,0.0000000000,0.0000000000
2024-06-06,0.0018876062,0.0014859343,11.7161514941,9.8342413954,1.3516331820,0.0000684834,0.0000000000
2024-06-07,-0.0155121736,-0.0101231227,11.5344085183,9.7346881634,1.5000000000,0.0000890201,0.0000000000
2024-06-10,0.0058617550,0.0039939387,11.6020203954,9.7735679108,1.5000000000,0.0000000000,0.0000000000
2024-06-11,0.0000073420,0.0000545514,11.6021055770,9.7741010729,1.5000000000,0.0000000000,0.0000000000
2024-06-12,0.0124253161,0.0083695617,11.7462654066,9.8559060150,1.5000000000,0.0000000000,0.0000000000
2024-06-13,-0.0019326042,-0.0012388486,11.7235645250,9.8436960396,1.5000000000,0.0000000000,0.0000000000
2024-06-14,0.0021925672,0.0016569756,11.7492692280,9.8600068037,1.5000000000,0.0000000000,0.0000000000
2024-06-17,0.0071449362,0.0048130024,11.8332170068,9.9074630401,1.5000000000,0.0000000000,0.0000000000
2024-06-18,0.0017447195,0.0012490925,11.8538626510,9.9198383774,1.5000000000,0.0000000000,0.0000000000
2024-06-20,-0.0017810043,-0.0011014059,11.8327508703,9.9089126084,1.5000000000,0.0000000000,0.0000000000
2024-06-21,-0.0073898932,-0.0048042169,11.7453081046,9.8613080431,1.5000000000,0.0000000000,0.0000000000
2024-06-24,-0.0087356271,-0.0057378306,11.6427054732,9.8047255283,1.5000000000,0.0000000000,0.0000000000
2024-06-25,0.0058792789,0.0039327468,11.7111561855,9.8432850309,1.5000000000,0.0000000000,0.0000000000
2024-06-26,-0.0038912495,-0.0025446453,11.6655851553,9.8182373616,1.5000000000,0.0000000000,0.0000000000
2024-06-27,0.0061657731,0.0041964124,11.7375125062,9.8594387349,1.5000000000,0.0000000000,0.0000000000
2024-06-28,-0.0067517606,-0.0043790411,11.6582636314,9.8162638473,1.5000000000,0.0000000000,0.0000000000
2024-07-01,0.0070826763,0.0048518709,11.7408353386,9.8638910918,1.5000000000,0.0000000000,0.0000000000
2024-07-02,0.0060755351,0.0040999920,11.8121671962,9.9043329664,1.5000000000,0.0000000000,0.0000000000
2024-07-03,0.0071058461,0.0048598805,11.8961026383,9.9524668408,1.5000000000,0.0000000000,0.0000000000
2024-07-05,0.0050475855,0.0034875504,11.9561492340,9.9871765702,1.5000000000,0.0000000000,0.0000000000
2024-07-08,-0.0027286972,-0.0017329333,11.9235245233,9.9698694588,1.5000000000,0.0000000000,0.0000000000
2024-07-09,0.0022551722,0.0015166757,11.9504141245,9.9849905171,1.5000000000,0.0000000000,0.0000000000
2024-07-10,0.0099492484,0.0067188940,12.0693117630,10.0520786096,1.5000000000,0.0000000000,0.0000000000
2024-07-11,-0.0057517639,-0.0037849178,11.9998919310,10.0140323185,1.5000000000,0.0000000000,0.0000000000
2024-07-12,0.0065293346,0.0045117981,12.0782432401,10.0592136102,1.5000000000,0.0000000000,0.0000000000
2024-07-15,0.0117827664,0.0079411837,12.2205583590,10.1390956729,1.5000000000,0.0000000000,0.0000000000
2024-07-16,0.0095567420,0.0063843888,12.3373470821,10.2038276021,1.5000000000,0.0000000000,0.0000000000
2024-07-17,-0.0196540448,-0.0129802799,12.0948683099,10.0713790633,1.5000000000,0.0000000000,0.0000000000
2024-07-18,-0.0090979040,-0.0060156875,11.9848303589,10.0107927945,1.5000000000,0.0000000000,0.0000000000
2024-07-19,-0.0080927872,-0.0052728526,11.8878396775,9.9580073598,1.5000000000,0.0000000000,0.0000000000
2024-07-22,0.0120214755,0.0081004019,12.0307490508,10.0386712212,1.5000000000,0.0000000000,0.0000000000
2024-07-23,-0.0049032962,-0.0032556366,11.9717587245,10.0059889555,1.5000000000,0.0000000000,0.0000000000
2024-07-24,-0.0260780774,-0.0172631657,11.6595582734,9.8332539098,1.5000000000,0.0000000000,0.0000000000
2024-07-25,-0.0068630377,-0.0054469181,11.5795382851,9.7796929809,1.2284040969,0.0001629575,0.0000000000
2024-07-26,0.0127021505,0.0104490573,11.7266233227,9.8818815531,1.2284040969,0.0000000000,0.0000000000
2024-07-29,-0.0013333453,-0.0010780505,11.7109876849,9.8712283860,1.2284040969,0.0000000000,0.0000000000
2024-07-30,-0.0042262777,-0.0034128024,11.6614937984,9.8375398339,1.2284040969,0.0000000000,0.0000000000
2024-07-31,0.0184909892,0.0151008086,11.8771263542,9.9860946404,1.2284040969,0.0000000000,0.0000000000
2024-08-01,-0.0117799060,-0.0110498351,11.7372149219,9.8757499416,1.0552686234,0.0001038813,0.0000000000
2024-08-02,-0.0166967541,-0.0157915535,11.5412415303,9.7197965083,1.0552686234,0.0000000000,0.0000000000
2024-08-05,-0.0257920228,-0.0270967480,11.2435695659,9.4564216314,0.9495075234,0.0000634567,0.0000000000
2024-08-06,0.0040397214,0.0049151436,11.2889904539,9.5029013016,0.8289973570,0.0000723061,0.0000000000
2024-08-07,-0.0042757184,-0.0052027684,11.2407219101,9.4534599074,0.8289973570,0.0000000000,0.0000000000
2024-08-08,0.0206201225,0.0248509363,11.4725069725,9.6883872377,0.8289973570,0.0000000000,0.0000000000
2024-08-09,0.0021041232,0.0029822217,11.4966465403,9.7172801559,0.7084859207,0.0000723069,0.0000000000
2024-08-12,0.0018770619,0.0025143804,11.5182264578,9.7417130951,0.7084859207,0.0000000000,0.0000000000
2024-08-13,0.0088603957,0.0124612811,11.6202825023,9.8631073201,0.7084859207,0.0000000000,0.0000000000
2024-08-14,-0.0014533231,-0.0020963073,11.6033944770,9.8424312165,0.7084859207,0.0000000000,0.0000000000
2024-08-15,0.0074653046,0.0104921377,11.6900173517,9.9456993602,0.7084859207,0.0000000000,0.0000000000
2024-08-16,0.0047029357,0.0064133223,11.7449947517,10.0094843356,0.7084859207,0.0000000000,0.0000000000
2024-08-19,0.0048823310,0.0068912181,11.8023377039,10.0784618754,0.7084859207,0.0000000000,0.0000000000
2024-08-20,-0.0006415600,-0.0009952809,11.7947657962,10.0684309746,0.7084859207,0.0000000000,0.0000000000
2024-08-21,0.0034885336,0.0048341663,11.8359122328,10.1171034441,0.7084859207,0.0000000000,0.0000000000
2024-08-22,-0.0069070400,-0.0097490151,11.7541611140,10.0184716496,0.7084859207,0.0000000000,0.0000000000
2024-08-23,0.0102219967,0.0142484252,11.8743121104,10.1612190933,0.7084859207,0.0000000000,0.0000000000
2024-08-26,-0.0026301196,-0.0037571248,11.8430812498,10.1230421250,0.7084859207,0.0000000000,0.0000000000
2024-08-27,-0.0021396977,-0.0017455210,11.8177406356,10.1053721429,1.0842219084,0.0002254416,0.0000000000
2024-08-28,-0.0074522820,-0.0068618585,11.7296714997,10.0360305091,1.0842219084,0.0000000000,0.0000000000
2024-08-29,0.0016445542,0.0015198884,11.7489615804,10.0512841559,1.0842219084,0.0000000000,0.0000000000
2024-08-30,0.0044792937,0.0035606963,11.8015886302,10.0870737265,1.3653262200,0.0001686626,0.0000000000
2024-09-03,-0.0233155193,-0.0169609132,11.5264284630,9.9159877450,1.3653262200,0.0000000000,0.0000000000
2024-09-04,-0.0006435409,-0.0004268585,11.5190107348,9.9117550215,1.1040483019,0.0001567668,0.0000000000
2024-09-05,-0.0008660399,-0.0007703740,11.5090348113,9.9041192631,1.1040483019,0.0000000000,0.0000000000
2024-09-06,-0.0177391852,-0.0160121405,11.3048739108,9.7455331142,1.1040483019,0.0000000000,0.0000000000
2024-09-09,0.0122596538,0.0111080128,11.4434677513,9.8537866211,1.1040483019,0.0000000000,0.0000000000
2024-09-10,0.0044710045,0.0040842566,11.4946315469,9.8940320141,1.1040483019,0.0000000000,0.0000000000
2024-09-11,0.0085586014,0.0077557569,11.5930095163,9.9707677216,1.1040483019,0.0000000000,0.0000000000
2024-09-12,0.0106758851,0.0096838260,11.7167751536,10.0673229014,1.1040483019,0.0000000000,0.0000000000
2024-09-13,0.0081790192,0.0074633909,11.8126068823,10.1424592677,1.1040483019,0.0000000000,0.0000000000
2024-09-16,-0.0018272698,-0.0016307742,11.7910220622,10.1259192064,1.1040483019,0.0000000000,0.0000000000
2024-09-17,0.0016404627,0.0014999156,11.8103647935,10.1411072308,1.1040483019,0.0000000000,0.0000000000
2024-09-18,-0.0028829193,-0.0025869350,11.7763164646,10.1148728459,1.1040483019,0.0000000000,0.0000000000
2024-09-19,0.0182676142,0.0165703312,11.9914416701,10.2824796387,1.1040483019,0.0000000000,0.0000000000
2024-09-20,0.0007029402,0.0006815508,11.9998709361,10.2894876709,1.1040483019,0.0000000000,0.0000000000
2024-09-23,0.0022903930,0.0020885426,12.0273553559,10.3109777046,1.1040483019,0.0000000000,0.0000000000
2024-09-24,0.0077002630,0.0069885718,12.1199691559,10.3830367123,1.1040483019,0.0000000000,0.0000000000
2024-09-25,-0.0044950868,-0.0034814086,12.0654888421,10.3468891192,1.2479923733,0.0000863664,0.0000000000
2024-09-26,0.0090401077,0.0072516058,12.1745621608,10.4219206799,1.2479923733,0.0000000000,0.0000000000
2024-09-27,-0.0026864600,-0.0020798176,12.1418556863,10.4002449862,1.2479923733,0.0000000000,0.0000000000
2024-09-30,-0.0041582483,-0.0026217163,12.0913668356,10.3729784941,1.5000000000,0.0001512046,0.0000000000
2024-10-01,-0.0085335378,-0.0055993090,11.9881847002,10.3148969821,1.5000000000,0.0000000000,0.0000000000
2024-10-02,0.0008003826,0.0005832520,11.9977798346,10.3209131661,1.5000000000,0.0000000000,0.0000000000
2024-10-03,-0.0023915707,-0.0015082293,11.9690862963,10.3053468623,1.5000000000,0.0000000000,0.0000000000
2024-10-04,0.0091991814,0.0062188633,12.0791920928,10.3694344062,1.5000000000,0.0000000000,0.0000000000
2024-10-07,-0.0082236399,-0.0053963965,11.9798571669,10.3134768264,1.5000000000,0.0000000000,0.0000000000
2024-10-08,0.0046448927,0.0031098226,12.0355023174,10.3455499099,1.5000000000,0.0000000000,0.0000000000
2024-10-09,0.0008917121,0.0006441996,12.0462345199,10.3522145087,1.5000000000,0.0000000000,0.0000000000
2024-10-10,0.0010269038,0.0007342342,12.0586048438,10.3598154591,1.5000000000,0.0000000000,0.0000000000
2024-10-11,0.0100470373,0.0068932238,12.1797580961,10.4312279855,1.5000000000,0.0000000000,0.0000000000
2024-10-14,0.0103352493,0.0068670431,12.3056389329,10.5028596773,1.5000000000,0.0000000000,0.0000000000
2024-10-15,-0.0078384452,-0.0051031605,12.2091818562,10.4492618984,1.5000000000,0.0000000000,0.0000000000
2024-10-16,0.0049406142,0.0033069703,12.2695027136,10.4838172975,1.5000000000,0.0000000000,0.0000000000
2024-10-17,0.0002262998,0.0002368092,12.2722792991,10.4862999614,1.5000000000,0.0000000000,0.0000000000
2024-10-18,0.0082938575,0.0056516187,12.3740638350,10.5455645301,1.5000000000,0.0000000000,0.0000000000
2024-10-21,-0.0042911466,-0.0027748318,12.3209649125,10.5163023628,1.5000000000,0.0000000000,0.0000000000
2024-10-22,0.0031489434,0.0021488974,12.3597629338,10.5389008181,1.5000000000,0.0000000000,0.0000000000
2024-10-23,-0.0151634679,-0.0100957511,12.1723460649,10.4325026984,1.5000000000,0.0000000000,0.0000000000
2024-10-24,0.0085885773,0.0057751974,12.2768891999,10.4927524609,1.5000000000,0.0000000000,0.0000000000
2024-10-25,-0.0006739593,-0.0002906428,12.2686150759,10.4897028181,1.5000000000,0.0000000000,0.0000000000
2024-10-28,0.0052981112,0.0035453016,12.3336155628,10.5268919788,1.5000000000,0.0000000000,0.0000000000
2024-10-29,0.0099440643,0.0067153345,12.4562618295,10.5975835793,1.5000000000,0.0000000000,0.0000000000
2024-10-30,-0.0029490457,-0.0019165197,12.4195277437,10.5772731021,1.5000000000,0.0000000000,0.0000000000
2024-10-31,-0.0244469148,-0.0162120680,12.1159086067,10.4057936308,1.5000000000,0.0000000000,0.0000000000
2024-11-01,0.0008484211,0.0007209641,12.1261879995,10.4132958346,1.5000000000,0.0000000000,0.0000000000
2024-11-04,-0.0020573717,-0.0012854269,12.1012399235,10.3999103040,1.5000000000,0.0000000000,0.0000000000
2024-11-05,0.0146960249,0.0098105774,12.2790800464,10.5019394292,1.5000000000,0.0000000000,0.0000000000
2024-11-06,0.0189728868,0.0127346998,12.5120496416,10.6356784755,1.5000000000,0.0000000000,0.0000000000
2024-11-07,0.0140238862,0.0109927787,12.6875172013,10.7525941356,1.2910761644,0.0001253543,0.0000000000
2024-11-08,-0.0005607523,-0.0003021790,12.6804026472,10.7493449276,1.2910761644,0.0000000000,0.0000000000
2024-11-11,0.0095123075,0.0073520465,12.8010225360,10.8283746117,1.2910761644,0.0000000000,0.0000000000
2024-11-12,-0.0071418865,-0.0054981468,12.7095990865,10.7688386186,1.2910761644,0.0000000000,0.0000000000
2024-11-13,0.0002132488,0.0002748801,12.7123093939,10.7717987583,1.1831642114,0.0000647472,0.0000000000
2024-11-14,-0.0095968223,-0.0073929242,12.5903116193,10.6921636666,1.2880505327,0.0000629318,0.0000000000
2024-11-15,-0.0080176006,-0.0061424332,12.4893675287,10.6264877660,1.2880505327,0.0000000000,0.0000000000
2024-11-18,0.0086838813,0.0067751372,12.5978237142,10.6984836785,1.2880505327,0.0000000000,0.0000000000
2024-11-19,0.0069940369,0.0060367244,12.6859333579,10.7630674762,1.1802569217,0.0000646762,0.0000000000
2024-11-20,0.0029794227,0.0025470770,12.7237301160,10.7904818379,1.1802569217,0.0000000000,0.0000000000
2024-11-21,0.0096713380,0.0082170095,12.8467856103,10.8791473294,1.1802569217,0.0000000000,0.0000000000
2024-11-22,0.0060382498,0.0043493818,12.9243577105,10.9264648945,1.4673269698,0.0001722420,0.0000000000
2024-11-25,-0.0116119366,-0.0078663364,12.7742808888,10.8405136463,1.4673269698,0.0000000000,0.0000000000
2024-11-26,0.0016948428,0.0013046770,12.7959312862,10.8546570149,1.3595517122,0.0000646652,0.0000000000
2024-11-27,0.0023320248,0.0018122897,12.8257717152,10.8743287980,1.3595517122,0.0000000000,0.0000000000
2024-11-29,0.0113468730,0.0077066044,12.9713041180,10.9581329483,1.5000000000,0.0000842690,0.0000000000
2024-12-02,-0.0004355774,-0.0001860165,12.9656541114,10.9560945547,1.5000000000,0.0000000000,0.0000000000
2024-12-03,0.0023784792,0.0016717554,12.9964926501,10.9744104649,1.5000000000,0.0000000000,0.0000000000
2024-12-04,0.0115881042,0.0077751337,13.1470973612,11.0597379732,1.5000000000,0.0000000000,0.0000000000
2024-12-05,-0.0061368683,-0.0040416367,13.0664153567,11.0150385307,1.5000000000,0.0000000000,0.0000000000
2024-12-06,0.0082328257,0.0056474349,13.1739888772,11.0772452442,1.5000000000,0.0000000000,0.0000000000
2024-12-09,-0.0058172456,-0.0038284863,13.0973525487,11.0348361629,1.5000000000,0.0000000000,0.0000000000
2024-12-10,-0.0020764138,-0.0012982154,13.0701570247,11.0205105682,1.5000000000,0.0000000000,0.0000000000
2024-12-11,0.0187088912,0.0125222007,13.3146851710,11.1585116134,1.5000000000,0.0000000000,0.0000000000
2024-12-12,-0.0114757761,-0.0075644808,13.1618888252,11.0741032664,1.5000000000,0.0000000000,0.0000000000
2024-12-13,0.0002703334,0.0003025512,13.1654469238,11.0774537492,1.5000000000,0.0000000000,0.0000000000
2024-12-16,0.0127904409,0.0085765728,13.3338387949,11.1724603378,1.5000000000,0.0000000000,0.0000000000
2024-12-17,-0.0049513872,-0.0032513755,13.2678177965,11.1361344742,1.5000000000,0.0000000000,0.0000000000
2024-12-18,-0.0430774428,-0.0287050677,12.6962741344,10.8164709804,1.5000000000,0.0000000000,0.0000000000
2024-12-19,-0.0037647374,-0.0035386641,12.6484759962,10.7781951231,0.9760071531,0.0003143957,0.0000000000
2024-12-20,0.0079474803,0.0081320778,12.7489995107,10.8658442440,0.9760071531,0.0000000000,0.0000000000
2024-12-23,0.0002374215,0.0002432580,12.7520263978,10.8684874475,0.9760071531,0.0000000000,0.0000000000
2024-12-24,0.0107417061,0.0110003795,12.8890049174,10.9880449346,0.9760071531,0.0000000000,0.0000000000
2024-12-26,-0.0015855210,-0.0016298758,12.8685691300,10.9701357864,0.9760071531,0.0000000000,0.0000000000
2024-12-27,-0.0087708724,-0.0089972535,12.7557005526,10.8714346936,0.9760071531,0.0000000000,0.0000000000
2024-12-30,-0.0077736296,-0.0079647260,12.6565424614,10.7848466946,0.9760071531,0.0000000000,0.0000000000
2024-12-31,-0.0012015347,-0.0012364509,12.6413351860,10.7715117606,0.9760071531,0.0000000000,0.0000954151
2025-01-02,0.0030347837,0.0031040152,12.6796989044,10.8049466964,0.9760071531,0.0000000000,0.0000000000
2025-01-03,0.0066836822,0.0068452985,12.7644459818,10.8789097818,0.9760071531,0.0000000000,0.0000000000
2025-01-06,0.0063960892,0.0065506339,12.8460885173,10.9501735371,0.9760071531,0.0000000000,0.0000000000
2025-01-07,-0.0097424057,-0.0099872713,12.7209367115,10.8408111830,0.9760071531,0.0000000000,0.0000000000
2025-01-08,0.0002701802,0.0002714452,12.7243736573,10.8437538694,0.9760071531,0.0000000000,0.0000000000
2025-01-10,-0.0074152114,-0.0076055592,12.6300197373,10.7612810569,0.9760071531,0.0000000000,0.0000000000
2025-01-13,-0.0016158817,-0.0016582859,12.6096111193,10.7434357765,0.9760071531,0.0000000000,0.0000000000
2025-01-14,0.0034546419,0.0026750332,12.6531728096,10.7721748244,1.4370200592,0.0002766077,0.0000000000
2025-01-15,0.0237703219,0.0165867364,12.9539428004,10.9508500485,1.4370200592,0.0000000000,0.0000000000
2025-01-16,-0.0011794839,-0.0008471726,12.9386638339,10.9415727880,1.2443713488,0.0001155892,0.0000000000
2025-01-17,0.0103438249,0.0084274822,13.0724991066,11.0337826984,1.2443713488,0.0000000000,0.0000000000
2025-01-21,0.0109998701,0.0088474935,13.2162948988,11.1314040188,1.2443713488,0.0000000000,0.0000000000
2025-01-22,0.0040044984,0.0032687179,13.2692195302,11.1677894378,1.2443713488,0.0000000000,0.0000000000
2025-01-23,0.0026125255,0.0021072671,13.3038857047,11.1913229529,1.2443713488,0.0000000000,0.0000000000
2025-01-24,-0.0003903706,-0.0000560468,13.2986922584,11.1906957146,1.4247767579,0.0001082432,0.0000000000
2025-01-27,-0.0198151796,-0.0138632170,13.0351762822,11.0355566711,1.4247767579,0.0000000000,0.0000000000
2025-01-28,0.0081173522,0.0068436601,13.1409873988,11.1110802702,1.2064509377,0.0001309955,0.0000000000
2025-01-29,-0.0015227661,-0.0012367472,13.1209767493,11.0973386729,1.2064509377,0.0000000000,0.0000000000
2025-01-30,0.0080588431,0.0067052759,13.2267166422,11.1717493900,1.2064509377,0.0000000000,0.0000000000
2025-01-31,-0.0054802519,-0.0040606849,13.1542309035,11.1263844364,1.3070153882,0.0000603387,0.0000000000
2025-02-03,-0.0048751472,-0.0036538202,13.0901020917,11.0857306276,1.3070153882,0.0000000000,0.0000000000
2025-02-04,0.0074526495,0.0057113579,13.1876580343,11.1490452026,1.3070153882,0.0000000000,0.0000000000
2025-02-05,0.0045898050,0.0035466502,13.2481868125,11.1885869662,1.3070153882,0.0000000000,0.0000000000
2025-02-06,0.0023063816,0.0018252945,13.2787421875,11.2090094327,1.3070153882,0.0000000000,0.0000000000
2025-02-07,-0.0094615270,-0.0061443435,13.1531050102,11.1401374287,1.5000000000,0.0001157908,0.0000000000
2025-02-10,0.0133862728,0.0089738321,13.3291760627,11.2401071511,1.5000000000,0.0000000000,0.0000000000
2025-02-11,-0.0024784807,-0.0016027328,13.2961399572,11.2220922624,1.5000000000,0.0000000000,0.0000000000
2025-02-12,-0.0012369173,-0.0007749401,13.2796937310,11.2133958133,1.5000000000,0.0000000000,0.0000000000
2025-02-13,0.0135770619,0.0091374821,13.4599929550,11.3158580168,1.5000000000,0.0000000000,0.0000000000
2025-02-14,-0.0006734232,-0.0003264545,13.4509286831,11.3121639040,1.5000000000,0.0000000000,0.0000000000
2025-02-18,0.0052263622,0.0035701921,13.5212281077,11.3525505023,1.5000000000,0.0000000000,0.0000000000
2025-02-19,0.0022206542,0.0015300758,13.5512540791,11.3699207645,1.5000000000,0.0000000000,0.0000000000
2025-02-20,-0.0012043634,-0.0007169236,13.5349334450,11.3617694004,1.5000000000,0.0000000000,0.0000000000
2025-02-21,-0.0177030225,-0.0116796745,13.2953242139,11.2290676316,1.5000000000,0.0000000000,0.0000000000
2025-02-24,-0.0085840508,-0.0056730847,13.1811964751,11.1653641795,1.5000000000,0.0000000000,0.0000000000
2025-02-25,-0.0103099208,-0.0068600530,13.0452993834,11.0887691893,1.5000000000,0.0000000000,0.0000000000
2025-02-26,-0.0021642345,-0.0013568561,13.0170662958,11.0737233254,1.5000000000,0.0000000000,0.0000000000
2025-02-27,-0.0211665494,-0.0140614582,12.7415399194,10.9180106275,1.5000000000,0.0000000000,0.0000000000
2025-02-28,0.0103395561,0.0069790098,12.8732817868,10.9942075307,1.5000000000,0.0000000000,0.0000000000
2025-03-03,-0.0096296316,-0.0068781088,12.7493168256,10.9185881747,1.3756805817,0.0000745917,0.0000000000
2025-03-04,-0.0035374646,-0.0025605920,12.7042165682,10.8906301253,1.3756805817,0.0000000000,0.0000000000
2025-03-05,0.0139108746,0.0093732870,12.8809433318,10.9927111274,1.5000000000,0.0000745917,0.0000000000
2025-03-06,-0.0182306423,-0.0133242022,12.6461154613,10.8462420221,1.3578243045,0.0000853054,0.0000000000
2025-03-07,0.0027726989,0.0023814981,12.6811793316,10.8720723267,1.2419068323,0.0000695505,0.0000000000
2025-03-10,-0.0287191267,-0.0230960468,12.3169869357,10.6209704350,1.2419068323,0.0000000000,0.0000000000
2025-03-11,0.0011483511,0.0011694342,12.3311311615,10.6333909606,1.0765613409,0.0000992073,0.0000000000
2025-03-12,0.0053255060,0.0049573713,12.3968006744,10.6861046274,1.0765613409,0.0000000000,0.0000000000
2025-03-13,-0.0069817170,-0.0064668436,12.3102497203,10.6169992597,1.0765613409,0.0000000000,0.0000000000
2025-03-14,0.0152437471,0.0141780309,12.4979040534,10.7675274033,1.0765613409,0.0000000000,0.0000000000
2025-03-17,0.0059505366,0.0062252499,12.5722732892,10.8345579522,0.9653739798,0.0000667124,0.0000000000
2025-03-18,-0.0052259796,-0.0054134249,12.5065708457,10.7759058859,0.9653739798,0.0000000000,0.0000000000
2025-03-19,0.0095817093,0.0099214676,12.6264051720,10.8828186873,0.9653739798,0.0000000000,0.0000000000
2025-03-20,-0.0033744517,-0.0035033159,12.5837979782,10.8446927357,0.9653739798,0.0000000000,0.0000000000
2025-03-21,-0.0016458201,-0.0017165940,12.5630873105,10.8260768014,0.9653739798,0.0000000000,0.0000000000
2025-03-24,0.0103793746,0.0107516619,12.6934842999,10.9424751185,0.9653739798,0.0000000000,0.0000000000
2025-03-25,0.0027727014,0.0028682369,12.7286795419,10.9738607296,0.9653739798,0.0000000000,0.0000000000
2025-03-26,-0.0085446176,-0.0088550112,12.6199178422,10.8766870703,0.9653739798,0.0000000000,0.0000000000
2025-03-27,0.0006775808,0.0006940639,12.6284688563,10.8842361864,0.9653739798,0.0000000000,0.0000000000
2025-03-28,-0.0113620172,-0.0117812919,12.4849839762,10.7560058226,0.9653739798,0.0000000000,0.0000000000
2025-03-31,0.0039384868,0.0040797524,12.5341559213,10.7998876636,0.9653739798,0.0000000000,0.0000000000
2025-04-01,0.0051694596,0.0043025256,12.5989507344,10.8463544571,1.2585707742,0.0001759181,0.0000000000
2025-04-02,0.0034988647,0.0028106433,12.6430327581,10.8768396901,1.2585707742,0.0000000000,0.0000000000
2025-04-03,-0.0367606399,-0.0291776315,12.1782667831,10.5594792697,1.2585707742,0.0000000000,0.0000000000
2025-04-04,-0.0348278105,-0.0394007576,11.7541244154,10.1434277864,0.8791658279,0.0002276430,0.0000000000
2025-04-07,-0.0079765067,-0.0116898167,11.6603675631,10.0248529753,0.6749035887,0.0001225573,0.0000000000
2025-04-08,-0.0074694615,-0.0111727861,11.5732708962,9.9128474375,0.6749035887,0.0000000000,0.0000000000
2025-04-09,0.0470873040,0.0697689340,12.1182250206,10.6044562363,0.6749035887,0.0000000000,0.0000000000
2025-04-10,-0.0104079908,-0.0207151514,11.9920986463,10.3847833204,0.5000000000,0.0001049422,0.0000000000
2025-04-11,0.0086677603,0.0168983050,12.0960432826,10.5602685560,0.5000000000,0.0000000000,0.0000000000
2025-04-14,0.0026739670,0.0053479341,12.1283877038,10.6167441762,0.5000000000,0.0000000000,0.0000000000
2025-04-15,0.0003930488,0.0005674982,12.1331547524,10.6227691595,0.5000000000,0.0000000000,0.0000000000
2025-04-16,-0.0025121099,-0.0051333649,12.1026749343,10.5682386096,0.5000000000,0.0000000000,0.0000000000
2025-04-17,0.0007099393,0.0009832587,12.1112670983,10.5786299219,0.5000000000,0.0000000000,0.0000000000
2025-04-21,-0.0027989695,-0.0057071988,12.0773680308,10.5182555776,0.5000000000,0.0000000000,0.0000000000
2025-04-22,0.0071801652,0.0143603304,12.1640855283,10.6693012026,0.5000000000,0.0000000000,0.0000000000
2025-04-23,0.0024841406,0.0047503082,12.1943028268,10.7199836712,0.5000000000,0.0000000000,0.0000000000
2025-04-24,0.0082347979,0.0164695958,12.2947204459,10.8965374690,0.5000000000,0.0000000000,0.0000000000
2025-04-25,0.0018552548,0.0032740489,12.3175302849,10.9322132653,0.5000000000,0.0000000000,0.0000000000
2025-04-28,0.0018008783,0.0034928414,12.3397126579,10.9703977522,0.5000000000,0.0000000000,0.0000000000
2025-04-29,0.0004039881,0.0008079763,12.3446977555,10.9792615735,0.5000000000,0.0000000000,0.0000000000
2025-04-30,-0.0012028484,-0.0025150354,12.3298489556,10.9516483418,0.5000000000,0.0000000000,0.0000000000
2025-05-01,0.0009176238,0.0015947463,12.3411631183,10.9691134429,0.5000000000,0.0000000000,0.0000000000
2025-05-02,0.0086406760,0.0089621712,12.4477991099,11.0674205151,0.9973244449,0.0002983947,0.0000000000
2025-05-05,0.0012302154,0.0010868254,12.4631125839,11.0794488686,1.3242707527,0.0001961678,0.0000000000
2025-05-06,0.0041419061,0.0029176620,12.5147336264,11.1117749552,1.5000000000,0.0001054375,0.0000000000
2025-05-07,-0.0021988722,-0.0014526873,12.4872153261,11.0956330208,1.5000000000,0.0000000000,0.0000000000
2025-05-08,0.0047590841,0.0032588643,12.5466430336,11.1317921829,1.5000000000,0.0000000000,0.0000000000
2025-05-09,0.0022457070,0.0016195823,12.5748191183,11.1498210363,1.5000000000,0.0000000000,0.0000000000
2025-05-12,0.0196309586,0.0131005333,12.8216748722,11.2958896377,1.5000000000,0.0000000000,0.0000000000
2025-05-13,0.0106027112,0.0071546048,12.9576193877,11.3767072645,1.5000000000,0.0000000000,0.0000000000
2025-05-14,-0.0049468405,-0.0032846662,12.8935201111,11.3393385790,1.5000000000,0.0000000000,0.0000000000
2025-05-15,0.0081394297,0.0054758707,12.9984660119,11.4014313311,1.5000000000,0.0000000000,0.0000000000
2025-05-16,0.0007969673,0.0006902108,13.0088253639,11.4093007219,1.5000000000,0.0000000000,0.0000000000
2025-05-19,0.0061582921,0.0041187556,13.0889375099,11.4562928426,1.5000000000,0.0000000000,0.0000000000
2025-05-20,0.0038888633,0.0026785927,13.1398385992,11.4869795845,1.5000000000,0.0000000000,0.0000000000
2025-05-21,-0.0099771769,-0.0066018948,13.0087401047,11.4111437535,1.5000000000,0.0000000000,0.0000000000
2025-05-22,-0.0003103778,-0.0001209542,13.0047024809,11.4097635277,1.5000000000,0.0000000000,0.0000000000
2025-05-23,-0.0022756358,-0.0013582764,12.9751085147,11.3942659149,1.5000000000,0.0000000000,0.0000000000
2025-05-27,0.0143066623,0.0095510024,13.1607390100,11.5030925755,1.5000000000,0.0000000000,0.0000000000
2025-05-28,-0.0071519533,-0.0047184402,13.0666140191,11.4488159217,1.5000000000,0.0000000000,0.0000000000
2025-05-29,0.0031910310,0.0021769366,13.1083099898,11.4737392684,1.5000000000,0.0000000000,0.0000000000
2025-05-30,-0.0043515414,-0.0027787756,13.0512686356,11.4418563214,1.5000000000,0.0000000000,0.0000000000
2025-06-02,0.0151084003,0.0101438338,13.2484524265,11.5579206099,1.5000000000,0.0000000000,0.0000000000
2025-06-03,0.0020696481,0.0014659188,13.2758720605,11.5748635832,1.5000000000,0.0000000000,0.0000000000
2025-06-04,0.0036092550,0.0024193975,13.3237880684,11.6028677796,1.5000000000,0.0000000000,0.0000000000
2025-06-05,-0.0083556837,-0.0055208167,13.2124587091,11.5388104737,1.5000000000,0.0000000000,0.0000000000
2025-06-06,0.0058334817,0.0040115250,13.2895333455,11.5850987004,1.5000000000,0.0000000000,0.0000000000
2025-06-09,0.0070341408,0.0047755328,13.3830137945,11.6404237196,1.5000000000,0.0000000000,0.0000000000
2025-06-10,0.0052402898,0.0035431707,13.4531446649,11.6816677277,1.5000000000,0.0000000000,0.0000000000
2025-06-11,-0.0002664849,-0.0001644291,13.4495596056,11.6797469221,1.5000000000,0.0000000000,0.0000000000
2025-06-12,0.0050347873,0.0034061939,13.5172752778,11.7195304054,1.5000000000,0.0000000000,0.0000000000
2025-06-13,-0.0057406646,-0.0036681897,13.4396771348,11.6765409450,1.5000000000,0.0000000000,0.0000000000
2025-06-16,0.0052796815,0.0035330151,13.5106343489,11.7177943411,1.5000000000,0.0000000000,0.0000000000
2025-06-17,-0.0075557435,-0.0049512070,13.4085514608,11.6597771158,1.5000000000,0.0000000000,0.0000000000
2025-06-18,-0.0009408630,-0.0005411871,13.3959358505,11.6534669948,1.5000000000,0.0000000000,0.0000000000
2025-06-20,-0.0039588626,-0.0025532604,13.3429031814,11.6237126590,1.5000000000,0.0000000000,0.0000000000
2025-06-23,0.0085842822,0.0058087625,13.4574424274,11.6912320456,1.5000000000,0.0000000000,0.0000000000
2025-06-24,0.0065402251,0.0043733776,13.5454571296,11.7423622175,1.5000000000,0.0000000000,0.0000000000
2025-06-25,0.0019546725,0.0013527612,13.5719340624,11.7582468298,1.5000000000,0.0000000000,0.0000000000
2025-06-26,0.0079324965,0.0053379156,13.6795933818,11.8210113587,1.5000000000,0.0000000000,0.0000000000
2025-06-27,-0.0020865262,-0.0012324064,13.6510505525,11.8064430691,1.5000000000,0.0000000000,0.0000000000
2025-06-30,0.0084217849,0.0056641457,13.7660167641,11.8733164825,1.5000000000,0.0000000000,0.0000000000
2025-07-01,-0.0012265460,-0.0007461234,13.7491321112,11.8644575237,1.5000000000,0.0000000000,0.0000000000
2025-07-02,0.0092517463,0.0062174717,13.8763355934,11.9382244529,1.5000000000,0.0000000000,0.0000000000
2025-07-03,0.0047785638,0.0033812140,13.9426445480,11.9785901443,1.5000000000,0.0000000000,0.0000000000
2025-07-07,-0.0087697572,-0.0057968302,13.8203709408,11.9091522909,1.5000000000,0.0000000000,0.0000000000
2025-07-08,-0.0014737852,-0.0009692959,13.8000026829,11.8976087979,1.5000000000,0.0000000000,0.0000000000
2025-07-09,0.0091600018,0.0061562809,13.9264107321,11.9708538192,1.5000000000,0.0000000000,0.0000000000
2025-07-10,0.0044690432,0.0030654391,13.9886484638,12.0075497421,1.5000000000,0.0000000000,0.0000000000
2025-07-11,0.0002881028,0.0002781007,13.9926786321,12.0108890504,1.5000000000,0.0000000000,0.0000000000
2025-07-14,0.0021852740,0.0015065288,14.0232564695,12.0289838008,1.5000000000,0.0000000000,0.0000000000
2025-07-15,-0.0058536408,-0.0038528380,13.9411693639,11.9826380748,1.5000000000,0.0000000000,0.0000000000
2025-07-16,0.0046796635,0.0032058336,14.0064093457,12.0210524189,1.5000000000,0.0000000000,0.0000000000
2025-07-17,0.0061320958,0.0041012914,14.0922979896,12.0703542576,1.5000000000,0.0000000000,0.0000000000
2025-07-18,-0.0007384621,-0.0003335091,14.0818913610,12.0663286850,1.5000000000,0.0000000000,0.0000000000
2025-07-21,0.0066239376,0.0045019399,14.1751689308,12.1206505717,1.5000000000,0.0000000000,0.0000000000
2025-07-22,0.0038147124,0.0025927238,14.2292431230,12.1520760706,1.5000000000,0.0000000000,0.0000000000
2025-07-23,0.0023654632,0.0016265824,14.2629018741,12.1718424242,1.5000000000,0.0000000000,0.0000000000
2025-07-24,-0.0020058827,-0.0013240276,14.2342921664,12.1557265689,1.5000000000,0.0000000000,0.0000000000
2025-07-25,-0.0008762081,-0.0004618422,14.2218199638,12.1501125408,1.5000000000,0.0000000000,0.0000000000
2025-07-28,-0.0017217279,-0.0010983137,14.1973338596,12.1367679062,1.5000000000,0.0000000000,0.0000000000
2025-07-29,0.0008575616,0.0006212949,14.2095089486,12.1443084183,1.5000000000,0.0000000000,0.0000000000
2025-07-30,-0.0062618466,-0.0041249812,14.1205311830,12.0942133739,1.5000000000,0.0000000000,0.0000000000
2025-07-31,-0.0046401111,-0.0030438282,14.0550103489,12.0574006661,1.5000000000,0.0000000000,0.0000000000
2025-08-01,-0.0103118567,-0.0067191395,13.9100770966,11.9763853085,1.5000000000,0.0000000000,0.0000000000
2025-08-04,0.0165651747,0.0110931244,14.1404999541,12.1092408401,1.5000000000,0.0000000000,0.0000000000
2025-08-05,-0.0050726198,-0.0033685190,14.0687705741,12.0684506320,1.5000000000,0.0000000000,0.0000000000
2025-08-06,0.0075284537,0.0051415258,14.1746866617,12.1305008821,1.5000000000,0.0000000000,0.0000000000
2025-08-07,0.0052604457,0.0035201913,14.2492518316,12.1732025661,1.5000000000,0.0000000000,0.0000000000
2025-08-08,0.0055500041,0.0038224662,14.3283352382,12.2197342214,1.5000000000,0.0000000000,0.0000000000
2025-08-11,-0.0043235134,-0.0028326956,14.2663864888,12.1851194341,1.5000000000,0.0000000000,0.0000000000
2025-08-12,0.0108384341,0.0072752368,14.4210117785,12.2737690629,1.5000000000,0.0000000000,0.0000000000
2025-08-13,0.0062419610,0.0042109461,14.5110271717,12.3254532424,1.5000000000,0.0000000000,0.0000000000
2025-08-14,-0.0063926544,-0.0042121062,14.4182631896,12.2735371243,1.5000000000,0.0000000000,0.0000000000
2025-08-15,-0.0032959728,-0.0020384460,14.3707409859,12.2485181813,1.5000000000,0.0000000000,0.0000000000
2025-08-18,-0.0014132900,-0.0009289658,14.3504309616,12.2371397267,1.5000000000,0.0000000000,0.0000000000
2025-08-19,-0.0110672572,-0.0072921979,14.1916110519,12.1479040825,1.5000000000,0.0000000000,0.0000000000
2025-08-20,0.0013899816,0.0010125835,14.2113371306,12.1602048495,1.5000000000,0.0000000000,0.0000000000
2025-08-21,-0.0059276811,-0.0039385599,14.1270968565,12.1123111547,1.5000000000,0.0000000000,0.0000000000
2025-08-22,0.0213482012,0.0143545048,14.4286849629,12.2861773827,1.5000000000,0.0000000000,0.0000000000
2025-08-25,-0.0095289574,-0.0063031084,14.2911946388,12.2087362746,1.5000000000,0.0000000000,0.0000000000
2025-08-26,0.0058899945,0.0039762461,14.3753696960,12.2572812147,1.5000000000,0.0000000000,0.0000000000
2025-08-27,0.0015569385,0.0010874809,14.3977512629,12.2706107743,1.5000000000,0.0000000000,0.0000000000
2025-08-28,0.0075184876,0.0050619289,14.5060005774,12.3327237337,1.5000000000,0.0000000000,0.0000000000
2025-08-29,-0.0076837763,-0.0049639151,14.3945397138,12.2715051400,1.5000000000,0.0000000000,0.0000000000
2025-09-02,0.0017194000,0.0012397016,14.4192896855,12.2867181444,1.5000000000,0.0000000000,0.0000000000
2025-09-03,0.0074753214,0.0050332373,14.5270785109,12.3485601122,1.5000000000,0.0000000000,0.0000000000
2025-09-04,0.0055355556,0.0037763999,14.6074939624,12.3951932129,1.5000000000,0.0000000000,0.0000000000
2025-09-05,0.0035849117,0.0025125192,14.6598605381,12.4263363738,1.5000000000,0.0000000000,0.0000000000
2025-09-08,0.0088811482,0.0059703455,14.7900569326,12.5005258952,1.5000000000,0.0000000000,0.0000000000
2025-09-09,0.0004988297,0.0003822435,14.7974346524,12.5053041398,1.5000000000,0.0000000000,0.0000000000
2025-09-10,0.0049996884,0.0033827262,14.8714172147,12.5476061603,1.5000000000,0.0000000000,0.0000000000
2025-09-11,0.0075372874,0.0050745121,14.9835073610,12.6112791397,1.5000000000,0.0000000000,0.0000000000
2025-09-12,0.0015598884,0.0011623630,15.0068799606,12.6259380233,1.5000000000,0.0000000000,0.0000000000
2025-09-15,0.0089351716,0.0060063618,15.1409690075,12.7017739755,1.5000000000,0.0000000000,0.0000000000
2025-09-16,0.0014222863,0.0009979105,15.1625038001,12.7144492085,1.5000000000,0.0000000000,0.0000000000
2025-09-17,-0.0048504521,-0.0031841190,15.0889588017,12.6739648894,1.5000000000,0.0000000000,0.0000000000
2025-09-18,0.0038587024,0.0026220943,15.1471826038,12.7071972202,1.5000000000,0.0000000000,0.0000000000
2025-09-19,0.0048984690,0.0034244230,15.2213806088,12.7507120385,1.5000000000,0.0000000000,0.0000000000
2025-09-22,0.0066533393,0.0044851371,15.3226536180,12.8079007302,1.5000000000,0.0000000000,0.0000000000
2025-09-23,-0.0031017515,-0.0020546068,15.2751265548,12.7815855303,1.5000000000,0.0000000000,0.0000000000
2025-09-24,-0.0049474017,-0.0032124051,15.1995543680,12.7405258998,1.5000000000,0.0000000000,0.0000000000
2025-09-25,-0.0059012136,-0.0039209149,15.1098585515,12.6905713824,1.5000000000,0.0000000000,0.0000000000
2025-09-26,0.0065042717,0.0044584803,15.2081371764,12.7471520446,1.5000000000,0.0000000000,0.0000000000
2025-09-29,0.0107368196,0.0072074336,15.3714242018,12.8390262960,1.5000000000,0.0000000000,0.0000000000
2025-09-30,0.0046138055,0.0030890979,15.4423449637,12.8786873047,1.5000000000,0.0000000000,0.0000000000
2025-10-01,0.0077098878,0.0052297319,15.5614037113,12.9460393865,1.5000000000,0.0000000000,0.0000000000
2025-10-02,0.0020813391,0.0014372150,15.5937922699,12.9646456281,1.5000000000,0.0000000000,0.0000000000
2025-10-03,0.0026559045,0.0018567356,15.6352078934,12.9887175475,1.5000000000,0.0000000000,0.0000000000
2025-10-06,0.0112643132,0.0075956588,15.8113277716,13.0873754140,1.5000000000,0.0000000000,0.0000000000
2025-10-07,-0.0046066870,-0.0030578971,15.7384899340,13.0473555663,1.5000000000,0.0000000000,0.0000000000
2025-10-08,0.0125430731,0.0084480925,15.9358989645,13.1575808333,1.5000000000,0.0000000000,0.0000000000
2025-10-09,-0.0098928400,-0.0065819991,15.7782476662,13.0709776476,1.5000000000,0.0000000000,0.0000000000
2025-10-10,-0.0292401423,-0.0193345146,15.3168894591,12.8182566399,1.5000000000,0.0000000000,0.0000000000
2025-10-13,0.0216882067,0.0165518792,15.6490853239,13.0304228750,1.3197267263,0.0001081640,0.0000000000
2025-10-14,-0.0017985635,-0.0014738793,15.6209394505,13.0112176049,1.1454178391,0.0001045853,0.0000000000
2025-10-15,0.0065757159,0.0057597824,15.7236583108,13.0861593871,1.1454178391,0.0000000000,0.0000000000
2025-10-16,0.0015159544,0.0013423872,15.7474946596,13.1037260798,1.1454178391,0.0000000000,0.0000000000
2025-10-17,-0.0021394374,-0.0018350569,15.7138038801,13.0796799968,1.1454178391,0.0000000000,0.0000000000
2025-10-20,0.0183466641,0.0160502020,16.0020997620,13.2896115031,1.1454178391,0.0000000000,0.0000000000
2025-10-21,-0.0169453361,-0.0147889835,15.7309388030,13.0930716574,1.1454178391,0.0000000000,0.0000000000
2025-10-22,-0.0033705348,-0.0034077075,15.6779171267,13.0484542987,0.9588797883,0.0001119228,0.0000000000
2025-10-23,0.0061316327,0.0063898956,15.7740483565,13.1318325593,0.9588797883,0.0000000000,0.0000000000
2025-10-24,0.0046365012,0.0048212965,15.8471847512,13.1951450174,0.9588797883,0.0000000000,0.0000000000
2025-10-27,0.0036100394,0.0037648508,15.9043937123,13.2448227703,0.9588797883,0.0000000000,0.0000000000
2025-10-28,0.0000420778,0.0000392080,15.9050629346,13.2453420739,0.9588797883,0.0000000000,0.0000000000
2025-10-29,-0.0015353915,-0.0016152631,15.8806424359,13.2239473616,0.9588797883,0.0000000000,0.0000000000
2025-10-30,-0.0041949925,-0.0043748889,15.8140232597,13.1660940614,0.9588797883,0.0000000000,0.0000000000
2025-10-31,0.0016459893,0.0017072235,15.8400529725,13.1885715270,0.9588797883,0.0000000000,0.0000000000
2025-11-03,0.0007152915,0.0007473191,15.8513832280,13.1984275987,1.2130123116,0.0001524795,0.0000000000
2025-11-04,-0.0208334660,-0.0145463545,15.5211439741,13.0064385916,1.4194025385,0.0001238341,0.0000000000
2025-11-05,0.0068412621,0.0057381273,15.6273281883,13.0810711924,1.2188964588,0.0001203036,0.0000000000
2025-11-06,-0.0102818173,-0.0084086069,15.4666508557,12.9710776066,1.2188964588,0.0000000000,0.0000000000
2025-11-07,0.0025377487,0.0021480033,15.5059013292,12.9989395241,1.2188964588,0.0000000000,0.0000000000
2025-11-10,0.0205542068,0.0169093506,15.8246128322,13.2187431505,1.2188964588,0.0000000000,0.0000000000
2025-11-11,0.0006986968,0.0005607137,15.8356694388,13.2261550802,1.2188964588,0.0000000000,0.0000000000
2025-11-12,0.0030459604,0.0023855681,15.8839042603,13.2577069736,1.3232748862,0.0000626271,0.0000000000
2025-11-13,-0.0176982680,-0.0133382355,15.6027866657,13.0808725564,1.3232748862,0.0000000000,0.0000000000
2025-11-14,-0.0072866921,-0.0058756207,15.4890939633,13.0040143111,1.2115920264,0.0000670097,0.0000000000
2025-11-17,-0.0108200707,-0.0089235271,15.3215008711,12.8879726377,1.2115920264,0.0000000000,0.0000000000
2025-11-18,-0.0040179441,-0.0032711716,15.2599399370,12.8458138678,1.2115920264,0.0000000000,0.0000000000
2025-11-19,0.0015799456,0.0013109546,15.2840498127,12.8626541468,1.2115920264,0.0000000000,0.0000000000
2025-11-20,-0.0159131643,-0.0130890525,15.0408322173,12.6942941910,1.2115920264,0.0000000000,0.0000000000
2025-11-21,0.0053528017,0.0044630388,15.1213428096,12.7509493186,1.2115920264,0.0000000000,0.0000000000
2025-11-24,0.0166970115,0.0152554979,15.3738240450,12.9454713991,1.0991709140,0.0000674527,0.0000000000
2025-11-25,0.0041770000,0.0043585849,15.4380405083,13.0018953347,0.9742466786,0.0000749545,0.0000000000
2025-11-26,0.0081389309,0.0083511925,15.5636896526,13.1104766648,0.9742466786,0.0000000000,0.0000000000
2025-11-28,0.0064340165,0.0065954440,15.6638266894,13.1969460795,0.9742466786,0.0000000000,0.0000000000
2025-12-01,-0.0038955150,-0.0040016682,15.6028080182,13.1441362794,0.9742466786,0.0000000000,0.0000000000
2025-12-02,0.0031134924,0.0031871217,15.6513872418,13.1860282414,0.9742466786,0.0000000000,0.0000000000
2025-12-03,0.0036294759,0.0031961459,15.7081935744,13.2281727110,1.1833909385,0.0001254866,0.0000000000
2025-12-04,-0.0005172961,-0.0004140527,15.7000677874,13.2226955501,1.1833909385,0.0000000000,0.0000000000
2025-12-05,0.0001230907,0.0001440435,15.7020003197,13.2246001930,1.1833909385,0.0000000000,0.0000000000
2025-12-08,-0.0031771953,-0.0022948052,15.6521119980,13.1942523119,1.3260511153,0.0000855961,0.0000000000
2025-12-09,0.0019585065,0.0015404389,15.6827667616,13.2145772510,1.3260511153,0.0000000000,0.0000000000
2025-12-10,0.0072935026,0.0050010177,15.7971490620,13.2806635862,1.4807826295,0.0000928389,0.0000000000
2025-12-11,0.0038542126,0.0026511483,15.8580346334,13.3158725955,1.4807826295,0.0000000000,0.0000000000
2025-12-12,-0.0126066101,-0.0083587276,15.6581185734,13.2045688433,1.4807826295,0.0000000000,0.0000000000
2025-12-15,-0.0042451173,-0.0028539224,15.5916480226,13.1668840289,1.4807826295,0.0000000000,0.0000000000
2025-12-16,-0.0006895922,-0.0004173868,15.5808961436,13.1613883458,1.4807826295,0.0000000000,0.0000000000
2025-12-17,-0.0091201100,-0.0061106207,15.4387966573,13.0809640937,1.4807826295,0.0000000000,0.0000000000
2025-12-18,0.0074450898,0.0050940079,15.5537398850,13.1475986287,1.4807826295,0.0000000000,0.0000000000
2025-12-19,0.0108620664,0.0074550197,15.7226856398,13.2456142358,1.4807826295,0.0000000000,0.0000000000
2025-12-22,0.0127672841,0.0086348681,15.9234216338,13.3599883682,1.4807826295,0.0000000000,0.0000000000
2025-12-23,0.0080563337,0.0054534759,16.0517060317,13.4328467425,1.4807826295,0.0000000000,0.0000000000
2025-12-24,0.0016459892,0.0012311141,16.0781269667,13.4493841089,1.4807826295,0.0000000000,0.0000000000
2025-12-26,0.0036395413,0.0025773892,16.1366439730,13.4840484067,1.4807826295,0.0000000000,0.0000000000
2025-12-29,-0.0172030369,-0.0116046460,15.8590446905,13.3275707978,1.4807826295,0.0000000000,0.0000000000
2025-12-30,0.0002406502,0.0002109398,15.8628611724,13.3303821130,1.4807826295,0.0000000000,0.0000000000
2025-12-31,-0.0104150645,-0.0069850936,15.6976484494,13.2372681467,1.4807826295,0.0000000000,0.0000988385
2026-01-02,0.0051208378,0.0036131828,15.7780335613,13.2850968159,1.4807826295,0.0000000000,0.0000000000
2026-01-05,0.0177785167,0.0120190466,16.0585435953,13.4447710136,1.4807826295,0.0000000000,0.0000000000
2026-01-06,0.0082256493,0.0056033346,16.1906355436,13.5201065648,1.4807826295,0.0000000000,0.0000000000
2026-01-07,-0.0066586957,-0.0044128034,16.0828270284,13.4604449927,1.4807826295,0.0000000000,0.0000000000
2026-01-08,0.0000369888,0.0000378634,16.0834219134,13.4609546514,1.4807826295,0.0000000000,0.0000000000
2026-01-09,0.0084754921,0.0058075516,16.2197368286,13.5391298396,1.4807826295,0.0000000000,0.0000000000
2026-01-12,0.0076153321,0.0051911567,16.3432555113,13.6094135839,1.4807826295,0.0000000000,0.0000000000
2026-01-13,0.0016474153,0.0011609078,16.3701796402,13.6252128579,1.4807826295,0.0000000000,0.0000000000
2026-01-14,-0.0007911396,-0.0004859250,16.3572285429,13.6185920270,1.4807826295,0.0000000000,0.0000000000
2026-01-15,-0.0009547758,-0.0006318936,16.3416110571,13.6099865254,1.4807826295,0.0000000000,0.0000000000
2026-01-16,-0.0023481005,-0.0014308889,16.3032393114,13.5905121474,1.4807826295,0.0000000000,0.0000000000
2026-01-20,-0.0142793284,-0.0096302114,16.0704400028,13.4596326425,1.4807826295,0.0000000000,0.0000000000
2026-01-21,0.0166133317,0.0112676731,16.3374235528,13.6112913837,1.4807826295,0.0000000000,0.0000000000
2026-01-22,0.0097198444,0.0066123144,16.4962207668,13.7012935217,1.4807826295,0.0000000000,0.0000000000
2026-01-23,0.0064065644,0.0044457434,16.6019048675,13.7622059573,1.4807826295,0.0000000000,0.0000000000
2026-01-26,0.0072826368,0.0049309840,16.7228105110,13.8300671750,1.4807826295,0.0000000000,0.0000000000
2026-01-27,0.0138122929,0.0093760603,16.9537908673,13.9597387182,1.4807826295,0.0000000000,0.0000000000
2026-01-28,0.0111542430,0.0075809711,17.1428975702,14.0655670937,1.4807826295,0.0000000000,0.0000000000
2026-01-29,-0.0044180500,-0.0028998482,17.0671593914,14.0247790837,1.4807826295,0.0000000000,0.0000000000
2026-01-30,-0.0369881117,-0.0248949761,16.4358773942,13.6756325432,1.4807826295,0.0000000000,0.0000000000
2026-02-02,-0.0090558439,-0.0083483246,16.2870366534,13.5614639239,1.0527690275,0.0002568082,0.0000000000
2026-02-03,0.0044074937,0.0041885614,16.3588216655,13.6182669487,1.0527690275,0.0000000000,0.0000000000
2026-02-04,-0.0069538216,-0.0065923082,16.2450653381,13.5284911356,1.0527690275,0.0000000000,0.0000000000
2026-02-05,-0.0191957333,-0.0182315767,15.9332293965,13.2818454116,1.0527690275,0.0000000000,0.0000000000
2026-02-06,0.0204364397,0.0225032826,16.2588478780,13.5807305329,0.9106398500,0.0000852775,0.0000000000
2026-02-09,0.0067109668,0.0086996148,16.3679604660,13.6988776578,0.7803926094,0.0000781483,0.0000000000
2026-02-10,-0.0029258502,-0.0037799583,16.3200702655,13.6470964718,0.7803926094,0.0000000000,0.0000000000
2026-02-11,0.0016920248,0.0021066197,16.3476842298,13.6758457137,0.7803926094,0.0000000000,0.0000000000
2026-02-12,-0.0130243485,-0.0166894821,16.1347662937,13.4476029317,0.7803926094,0.0000000000,0.0000000000
2026-02-13,0.0058680993,0.0073963668,16.2294467037,13.5470663350,0.7803926094,0.0000000000,0.0000000000
2026-02-17,-0.0051769868,-0.0066645791,16.1454270726,13.4567808403,0.7803926094,0.0000000000,0.0000000000
2026-02-18,0.0060666445,0.0077430841,16.2433756383,13.5609778263,0.7803926094,0.0000000000,0.0000000000
2026-02-19,-0.0003377883,-0.0004328441,16.2378888160,13.5551080377,0.7803926094,0.0000000000,0.0000000000
2026-02-20,0.0072578859,0.0092080777,16.3557415610,13.6799245261,0.7803926094,0.0000000000,0.0000000000
2026-02-23,-0.0021332144,-0.0027335143,16.3208512578,13.6425302564,0.7803926094,0.0000000000,0.0000000000
2026-02-24,0.0017949692,0.0020698894,16.3501466839,13.6707687856,0.8856056768,0.0000631278,0.0000000000
2026-02-25,0.0069097923,0.0077882395,16.4631228022,13.7772400066,0.8856056768,0.0000000000,0.0000000000
2026-02-26,-0.0023391519,-0.0026554178,16.4246130573,13.7406556784,0.8856056768,0.0000000000,0.0000000000
2026-02-27,0.0001418081,0.0001319185,16.4269422012,13.7424683257,0.8856056768,0.0000000000,0.0000000000
2026-03-02,0.0040647842,0.0039581109,16.4937141765,13.7968625395,1.0551954658,0.0001017539,0.0000000000
2026-03-03,-0.0214718716,-0.0158420012,16.1395632629,13.5782926268,1.3413254729,0.0001716780,0.0000000000
2026-03-04,0.0120454123,0.0102224853,16.3339709566,13.7170965240,1.1899787460,0.0000908080,0.0000000000
2026-03-05,-0.0079730317,-0.0066763629,16.2037396891,13.6255162095,1.1899787460,0.0000000000,0.0000000000
2026-03-06,-0.0054204492,-0.0045138127,16.1159081412,13.5640131807,1.1899787460,0.0000000000,0.0000000000
2026-03-09,0.0065098320,0.0054943358,16.2208199954,13.6385384242,1.1899787460,0.0000000000,0.0000000000
2026-03-10,0.0037829157,0.0029830895,16.2821819896,13.6792234050,1.3070009491,0.0000702133,0.0000000000
2026-03-11,-0.0006191053,-0.0004643629,16.2721016038,13.6728712811,1.3070009491,0.0000000000,0.0000000000
2026-03-12,-0.0155709072,-0.0118527682,16.0187302204,13.5108099072,1.3070009491,0.0000000000,0.0000000000
2026-03-13,-0.0080390201,-0.0060644226,15.8899553263,13.4288746457,1.3070009491,0.0000000000,0.0000000000
2026-03-16,0.0111994144,0.0085781093,16.0679135209,13.5440690000,1.3070009491,0.0000000000,0.0000000000
2026-03-17,0.0032176205,0.0024968582,16.1196139683,13.5778866203,1.3070009491,0.0000000000,0.0000000000
2026-03-18,-0.0193527223,-0.0147463277,15.8076555552,13.3776626549,1.3070009491,0.0000000000,0.0000000000
2026-03-19,-0.0117009172,-0.0098628931,15.6226914863,13.2457201977,1.1777812468,0.0000775318,0.0000000000
2026-03-20,-0.0189945295,-0.0160719347,15.3259458116,13.0328358473,1.1777812468,0.0000000000,0.0000000000
2026-03-23,0.0020675375,0.0020369599,15.3576327790,13.0593832114,1.0551612314,0.0000735720,0.0000000000
2026-03-24,-0.0026364989,-0.0024908831,15.3171423971,13.0268538143,1.0551612314,0.0000000000,0.0000000000
2026-03-25,0.0102483239,0.0097089302,15.4741174331,13.1533306293,1.0551612314,0.0000000000,0.0000000000
2026-03-26,-0.0229352269,-0.0196323214,15.1192150388,12.8951002152,1.1628071446,0.0000645875,0.0000000000
2026-03-27,-0.0044131603,-0.0042037892,15.0524915189,12.8408919327,1.0281268293,0.0000808082,0.0000000000
2026-03-30,-0.0014524619,-0.0014086534,15.0306283490,12.8228035663,1.0281268293,0.0000000000,0.0000000000
2026-03-31,0.0253805988,0.0246873384,15.4121146971,13.1393644572,1.0281268293,0.0000000000,0.0000000000
2026-04-01,0.0065309690,0.0080311113,15.5127707407,13.2448881552,0.8227538638,0.0001232238,0.0000000000
2026-04-02,-0.0017074209,-0.0021223723,15.4862839119,13.2167775711,0.8227538638,0.0000000000,0.0000000000
2026-04-06,0.0029859884,0.0035821319,15.5325257767,13.2641218122,0.8227538638,0.0000000000,0.0000000000
2026-04-07,0.0028691662,0.0034637123,15.5770911744,13.3100649136,0.8227538638,0.0000000000,0.0000000000
2026-04-08,0.0131838231,0.0160240184,15.7824567886,13.5233456392,0.8227538638,0.0000000000,0.0000000000
2026-04-09,0.0041131587,0.0049756830,15.8473725383,13.5906335204,0.8227538638,0.0000000000,0.0000000000
2026-04-10,-0.0000487872,-0.0001299419,15.8465993889,13.5888675271,0.8227538638,0.0000000000,0.0000000000
2026-04-13,0.0060536562,0.0073577973,15.9425292533,13.6888516603,0.8227538638,0.0000000000,0.0000000000
2026-04-14,0.0110994353,0.0117493368,16.1194823258,13.8496865895,0.9507652177,0.0000768068,0.0000000000
2026-04-15,0.0033735094,0.0035425451,16.1738615509,13.8987497285,0.9507652177,0.0000000000,0.0000000000
2026-04-16,0.0018909186,0.0019831755,16.2044450061,13.9263133884,0.9507652177,0.0000000000,0.0000000000
2026-04-17,0.0092422151,0.0097038430,16.3542099731,14.0614521470,0.9507652177,0.0000000000,0.0000000000
2026-04-20,-0.0036720424,-0.0027642078,16.2941566204,14.0225833718,1.2500100087,0.0001795469,0.0000000000
2026-04-21,-0.0099832195,-0.0079567310,16.1314884780,13.9110094481,1.2500100087,0.0000000000,0.0000000000
2026-04-22,0.0137990045,0.0110470519,16.3540869594,14.0646850920,1.2500100087,0.0000000000,0.0000000000
2026-04-23,-0.0063545102,-0.0040632557,16.2501647475,14.0075366806,1.4960469497,0.0001476222,0.0000000000
2026-04-24,0.0110186073,0.0074507079,16.4292189313,14.1119027446,1.4960469497,0.0000000000,0.0000000000
2026-04-27,-0.0008991982,-0.0005516986,16.4144458070,14.1041172270,1.4960469497,0.0000000000,0.0000000000
2026-04-28,-0.0106405568,-0.0070631293,16.2397869648,14.0044980230,1.4960469497,0.0000000000,0.0000000000
2026-04-29,-0.0007488805,-0.0004773077,16.2276253049,13.9978135679,1.3138834976,0.0001092981,0.0000000000
2026-04-30,0.0142443743,0.0096738496,16.4587776729,14.1332263117,1.4910002910,0.0001062701,0.0000000000
2026-05-01,0.0046436660,0.0032356933,16.5352067388,14.1789570970,1.4910002910,0.0000000000,0.0000000000
2026-05-04,-0.0057138001,-0.0037470863,16.4407278731,14.1258273212,1.4910002910,0.0000000000,0.0000000000
2026-05-05,0.0121040961,0.0081671973,16.6397280227,14.2411957405,1.4910002910,0.0000000000,0.0000000000
2026-05-06,0.0211926220,0.0141907408,16.9923674893,14.4432888577,1.4910002910,0.0000000000,0.0000000000
2026-05-07,-0.0046520667,-0.0033450424,16.9133178618,14.3949754447,1.3370796080,0.0000923524,0.0000000000
2026-05-08,0.0128418135,0.0096695243,17.1305155349,14.5341680093,1.3370796080,0.0000000000,0.0000000000
2026-05-11,0.0046406183,0.0035358497,17.2100117192,14.5855586422,1.3370796080,0.0000000000,0.0000000000
2026-05-12,-0.0049990849,-0.0037012650,17.1239774100,14.5315736243,1.3370796080,0.0000000000,0.0000000000
2026-05-13,0.0034963691,0.0026249337,17.1838491561,14.5697180416,1.3370796080,0.0000000000,0.0000000000
2026-05-14,0.0045114534,0.0031720229,17.2613732903,14.6159335214,1.4914962045,0.0000926500,0.0000000000
2026-05-15,-0.0210414169,-0.0140224853,16.8981695382,14.4109818087,1.4914962045,0.0000000000,0.0000000000
2026-05-18,-0.0016049149,-0.0011412819,16.8710494148,14.3945348153,1.2904397604,0.0001206339,0.0000000000
2026-05-19,-0.0086224645,-0.0066236875,16.7255793897,14.2991899151,1.2904397604,0.0000000000,0.0000000000
2026-05-20,0.0127600410,0.0099462200,16.9389984687,14.4414128033,1.2904397604,0.0000000000,0.0000000000
2026-05-21,0.0016105048,0.0012569592,16.9662788067,14.4595650703,1.2904397604,0.0000000000,0.0000000000
2026-05-22,-0.0003338907,-0.0002006476,16.9606139242,14.4566637940,1.2904397604,0.0000000000,0.0000000000
2026-05-26,0.0090559819,0.0070758322,17.1142089377,14.5589567210,1.2904397604,0.0000000000,0.0000000000
2026-05-27,-0.0054860813,-0.0042178249,17.0203189954,14.4975495910,1.2904397604,0.0000000000,0.0000000000
2026-05-28,0.0072715809,0.0056684440,17.1440836212,14.5797281392,1.2904397604,0.0000000000,0.0000000000
2026-05-29,0.0035772774,0.0026320076,17.2054127649,14.6181020941,1.4631206121,0.0001036085,0.0000000000
2026-06-01,0.0004751336,0.0003684546,17.2135876347,14.6234882011,1.4631206121,0.0000000000,0.0000000000
2026-06-02,0.0006200554,0.0004017118,17.2242610133,14.6293626284,1.4631206121,0.0000000000,0.0000000000
2026-06-03,-0.0096704656,-0.0065276339,17.0576943895,14.5338675044,1.4631206121,0.0000000000,0.0000000000
2026-06-04,0.0013087114,0.0009070265,17.0800179885,14.5470501076,1.4631206121,0.0000000000,0.0000000000
2026-06-05,-0.0451914643,-0.0307359925,16.3081469646,14.0999320849,1.4631206121,0.0000000000,0.0000000000
2026-06-08,0.0063593126,0.0069306197,16.4118555697,14.1976533518,0.9604601913,0.0003015963,0.0000000000
2026-06-09,-0.0066733678,-0.0069480941,16.3023332219,14.0990067208,0.9604601913,0.0000000000,0.0000000000
2026-06-10,-0.0157942256,-0.0164489376,16.0448504930,13.8670930396,0.9604601913,0.0000000000,0.0000000000
2026-06-11,0.0204614436,0.0212992898,16.3731512970,14.1624522736,0.9604601913,0.0000000000,0.0000000000
2026-06-12,0.0020486463,0.0025558198,16.4066940933,14.1986489500,0.8122639519,0.0000889177,0.0000000000
2026-06-15,0.0147244077,0.0181276143,16.6482729454,14.4560365823,0.8122639519,0.0000000000,0.0000000000
2026-06-16,-0.0055484762,-0.0068561214,16.5559003992,14.3569242400,0.8122639519,0.0000000000,0.0000000000
2026-06-17,-0.0093145586,-0.0114926633,16.4016894948,14.1919249440,0.8122639519,0.0000000000,0.0000000000
2026-06-18,0.0073469531,0.0089440233,16.5221919382,14.3188578514,0.8122639519,0.0000000000,0.0000000000
2026-06-22,-0.0020275481,-0.0024961690,16.4886923995,14.2831155624,0.8122639519,0.0000000000,0.0000000000
2026-06-23,-0.0148364396,-0.0182907858,16.2440589101,14.0218661556,0.8122639519,0.0000000000,0.0000000000
2026-06-24,-0.0047389095,-0.0068206669,16.1670797855,13.9262276777,0.6889134814,0.0000740103,0.0000000000
2026-06-25,0.0031843388,0.0045729493,16.2185612445,13.9899116103,0.6889134814,0.0000000000,0.0000000000
2026-06-26,-0.0031494789,-0.0047195462,16.1674812282,13.9238855766,0.6889134814,0.0000000000,0.0000000000
2026-06-29,0.0066716611,0.0096350321,16.2753451830,14.0580426611,0.6889134814,0.0000000000,0.0000000000
2026-06-30,0.0044457458,0.0056207079,16.3477012303,14.1370588127,0.8031532154,0.0000685438,0.0000000000
