date,SPY,QQQ,VT,GLD,AGG,DBC,BTC
2006-07-03,0.2105263158,0.2105263158,0.2105263158,0.1578947368,0.1578947368,0.0526315789,0.0000000000
2006-07-05,0.2111035663,0.2076888640,0.2097181938,0.1600567624,0.1587622889,0.0526703245,0.0000000000
2006-07-06,0.2109416329,0.2067100477,0.2104019018,0.1607964247,0.1583266936,0.0528232992,0.0000000000
2006-07-07,0.2108239304,0.2056572596,0.2101420711,0.1607591429,0.1598669170,0.0527506790,0.0000000000
2006-07-10,0.2117007864,0.2043173676,0.2115521606,0.1595531197,0.1603762592,0.0525003064,0.0000000000
2006-07-11,0.2106718781,0.2039476194,0.2104273981,0.1626421924,0.1591562394,0.0531546726,0.0000000000
2006-07-12,0.2096053340,0.2012356358,0.2086036425,0.1664099885,0.1601573213,0.0539880779,0.0000000000
2006-07-13,0.2080736960,0.1996585063,0.2065064541,0.1695546527,0.1617477303,0.0544589605,0.0000000000
2006-07-14,0.2077887283,0.1981202213,0.2061188947,0.1707583739,0.1623697066,0.0548440752,0.0000000000
2006-07-17,0.2090952596,0.2001568050,0.2063343613,0.1671175837,0.1632779347,0.0540180558,0.0000000000
2006-07-18,0.2102979431,0.2009522102,0.2072866335,0.1644789904,0.1632654784,0.0537187443,0.0000000000
2006-07-19,0.2103039649,0.2007849065,0.2089304123,0.1651473654,0.1616629287,0.0531704222,0.0000000000
2006-07-20,0.2110661780,0.1999089603,0.2093181202,0.1630042855,0.1635333279,0.0531691282,0.0000000000
2006-07-21,0.2111182101,0.1992570997,0.2095545236,0.1620228402,0.1646341897,0.0534131366,0.0000000000
2006-07-24,0.2125923730,0.2009741895,0.2115656557,0.1587525615,0.1630643148,0.0530509055,0.0000000000
2006-07-25,0.2127371752,0.2015525823,0.2114453711,0.1593578685,0.1624631485,0.0524438546,0.0000000000
2006-07-26,0.2126908929,0.2010737906,0.2116416268,0.1602729227,0.1623093315,0.0520114353,0.0000000000
2006-07-27,0.2119286613,0.1992275950,0.2116466305,0.1621701583,0.1621445729,0.0528823820,0.0000000000
2006-07-28,0.2119351263,0.2013806716,0.2125231992,0.1611017939,0.1608833797,0.0521758292,0.0000000000
2006-07-31,0.2118009963,0.2014036316,0.2120495470,0.1612912832,0.1607491710,0.0527053709,0.0000000000
2006-08-01,0.2112269655,0.1984791642,0.2111060774,0.1646195745,0.1615002910,0.0530679275,0.0000000000
2006-08-02,0.2110987402,0.1992410943,0.2113797878,0.1645073767,0.1603837257,0.0533892753,0.0000000000
2006-08-03,0.2116723989,0.2004960400,0.2116023359,0.1629171101,0.1604264065,0.0528857086,0.0000000000
2006-08-04,0.2114270723,0.1996884550,0.2115944091,0.1634141874,0.1610217117,0.0528541643,0.0000000000
2006-08-07,0.2111872714,0.1986312710,0.2110261029,0.1641717189,0.1612326964,0.0537509394,0.0000000000
2006-08-08,0.2114058045,0.1983509514,0.2113467737,0.1636180323,0.1620202481,0.0532581901,0.0000000000
2006-08-09,0.2103932180,0.1983409200,0.2110085444,0.1650715221,0.1619216456,0.0532641499,0.0000000000
2006-08-10,0.2113549248,0.2000512219,0.2120744113,0.1617883430,0.1620814243,0.0526496748,0.0000000000
2006-08-11,0.2118908503,0.1997054717,0.2120422356,0.1612695796,0.1626722004,0.0524196623,0.0000000000
2006-08-14,0.2120534146,0.2010133451,0.2124366008,0.1600834067,0.1624872096,0.0519260232,0.0000000000
2006-08-15,0.2122741052,0.2038741339,0.2135324165,0.1577458641,0.1611264364,0.0514470439,0.0000000000
2006-08-16,0.2119944624,0.2066928345,0.2133316573,0.1574478049,0.1601207771,0.0504124639,0.0000000000
2006-08-17,0.2131815310,0.2080748928,0.2141013284,0.1542378297,0.1606249443,0.0497794738,0.0000000000
2006-08-18,0.2137246386,0.2078730299,0.2142772561,0.1538750657,0.1603342104,0.0499157993,0.0000000000
2006-08-21,0.2126896914,0.2057750084,0.2132962108,0.1573161394,0.1606329466,0.0502900033,0.0000000000
2006-08-22,0.2129267141,0.2060737023,0.2133535199,0.1565198503,0.1608568032,0.0502694102,0.0000000000
2006-08-23,0.2132452622,0.2053926703,0.2132927063,0.1566315282,0.1614792423,0.0499585907,0.0000000000
2006-08-24,0.2129424526,0.2058672615,0.2128231354,0.1563393091,0.1613704203,0.0506574211,0.0000000000
2006-08-25,0.2129917089,0.2060375258,0.2127796166,0.1562333239,0.1613713159,0.0505865090,0.0000000000
2006-08-28,0.2138348240,0.2074277741,0.2137244160,0.1541602547,0.1610939985,0.0497587327,0.0000000000
2006-08-29,0.2137687001,0.2077692493,0.2141482155,0.1537841496,0.1609240395,0.0496056460,0.0000000000
2006-08-30,0.2131606638,0.2080136260,0.2135787227,0.1544598965,0.1606102237,0.0501768673,0.0000000000
2006-08-31,0.2126876419,0.2073702413,0.2130568519,0.1563240763,0.1604880128,0.0500731758,0.0000000000
2006-09-01,0.2132306729,0.2077824947,0.2138019653,0.1554178812,0.1599637127,0.0498032732,0.0000000000
2006-09-05,0.2123823868,0.2085714150,0.2132430212,0.1575391009,0.1588325001,0.0494315761,0.0000000000
2006-09-06,0.2127086376,0.2065291779,0.2126253449,0.1579273128,0.1605226474,0.0496868794,0.0000000000
2006-09-07,0.2133930122,0.2071818876,0.2126853809,0.1550905235,0.1617338904,0.0499153053,0.0000000000
2006-09-08,0.2138583580,0.2082811043,0.2131001505,0.1534437485,0.1618384637,0.0494781751,0.0000000000
2006-09-11,0.2153406110,0.2108141997,0.2136429955,0.1489059949,0.1626827347,0.0486134641,0.0000000000
2006-09-12,0.2158280989,0.2131045284,0.2143885147,0.1473377818,0.1618573106,0.0474837656,0.0000000000
2006-09-13,0.2158765722,0.2137425970,0.2142876909,0.1475351807,0.1613744316,0.0471835276,0.0000000000
2006-09-14,0.2167505980,0.2148067406,0.2150584576,0.1445079954,0.1617875601,0.0470886483,0.0000000000
2006-09-15,0.2168445138,0.2151637366,0.2149423255,0.1447616706,0.1614299154,0.0468578380,0.0000000000
2006-09-18,0.2163480154,0.2144319388,0.2148441693,0.1463190848,0.1608084037,0.0472483880,0.0000000000
2006-09-19,0.2172970967,0.2144587903,0.2150683923,0.1440144488,0.1622935474,0.0468677244,0.0000000000
2006-09-20,0.2169774707,0.2161125241,0.2153647515,0.1438974189,0.1613770527,0.0462707821,0.0000000000
2006-09-21,0.2159610972,0.2148075953,0.2144009044,0.1456527603,0.1620977013,0.0470799415,0.0000000000
2006-09-22,0.2158138885,0.2136529666,0.2139255827,0.1473819323,0.1625775243,0.0466481056,0.0000000000
2006-09-25,0.2158876574,0.2158204830,0.2138595528,0.1463083542,0.1617158593,0.0464080933,0.0000000000
2006-09-26,0.2165734449,0.2157815727,0.2142351849,0.1461616231,0.1608774547,0.0463707197,0.0000000000
2006-09-27,0.2160110461,0.2147002542,0.2139374076,0.1482600631,0.1602038188,0.0468874102,0.0000000000
2006-09-28,0.2156762639,0.2150268545,0.2139898943,0.1480360791,0.1600632233,0.0472076849,0.0000000000
2006-09-29,0.2160054091,0.2145823053,0.2140734154,0.1475899454,0.1603114031,0.0474375217,0.0000000000
2006-10-02,0.2162771595,0.2129537940,0.2148102753,0.1475326691,0.1612680197,0.0471580824,0.0000000000
2006-10-03,0.2177125995,0.2148230314,0.2158189689,0.1430888440,0.1619650144,0.0465915419,0.0000000000
2006-10-04,0.2181535838,0.2179948179,0.2164408756,0.1398845141,0.1610434116,0.0464827970,0.0000000000
2006-10-05,0.2178738875,0.2183486661,0.2163590763,0.1407968750,0.1600309527,0.0465905423,0.0000000000
2006-10-06,0.2179885148,0.2182644823,0.2159502473,0.1412218905,0.1597230901,0.0468517750,0.0000000000
2006-10-09,0.2174494393,0.2183313629,0.2153320373,0.1413079910,0.1595696682,0.0480095013,0.0000000000
2006-10-10,0.2180224844,0.2189837846,0.2160552607,0.1409971526,0.1591525763,0.0467887415,0.0000000000
2006-10-11,0.2182228706,0.2190227564,0.2161932163,0.1409963137,0.1593107411,0.0462541018,0.0000000000
2006-10-12,0.2179544848,0.2203213218,0.2163950036,0.1411112817,0.1579079399,0.0463099683,0.0000000000
2006-10-13,0.2173000668,0.2202911066,0.2157640072,0.1429632996,0.1566353669,0.0470461528,0.0000000000
2006-10-16,0.2169463055,0.2198018929,0.2155825793,0.1439714293,0.1563925089,0.0473052841,0.0000000000
2006-10-17,0.2173938496,0.2185045222,0.2156121928,0.1434513776,0.1574467135,0.0475913442,0.0000000000
2006-10-18,0.2178832576,0.2176663460,0.2163553505,0.1434380045,0.1577834142,0.0468736272,0.0000000000
2006-10-19,0.2172835331,0.2172367961,0.2162029436,0.1448119183,0.1570172193,0.0474475897,0.0000000000
2006-10-20,0.2176678209,0.2180923666,0.2166700946,0.1434981506,0.1572129608,0.0468586065,0.0000000000
2006-10-23,0.2184473314,0.2201009840,0.2170840935,0.1408644918,0.1565948788,0.0469082205,0.0000000000
2006-10-24,0.2188420573,0.2183403892,0.2173506559,0.1416981669,0.1565849697,0.0471837611,0.0000000000
2006-10-25,0.2182664199,0.2185199119,0.2171902807,0.1422738776,0.1560187931,0.0477307168,0.0000000000
2006-10-26,0.2178268264,0.2194023954,0.2170340359,0.1428241197,0.1557524593,0.0471601632,0.0000000000
2006-10-27,0.2176383393,0.2174526986,0.2165769473,0.1438671214,0.1569129995,0.0475518940,0.0000000000
2006-10-30,0.2171186515,0.2184798095,0.2159101811,0.1448368377,0.1566834539,0.0469710664,0.0000000000
2006-10-31,0.2166480740,0.2185510357,0.2159048778,0.1453643122,0.1569445333,0.0465871670,0.0000000000
2006-11-01,0.2156323891,0.2160214645,0.2151487597,0.1483742468,0.1575410315,0.0472821084,0.0000000000
2006-11-02,0.2152600718,0.2159801298,0.2151334717,0.1495572730,0.1571879610,0.0468810927,0.0000000000
2006-11-03,0.2150265141,0.2155594680,0.2148705071,0.1505760392,0.1564762328,0.0474912389,0.0000000000
2006-11-06,0.2156576267,0.2168910886,0.2159932764,0.1483508648,0.1551851491,0.0479219944,0.0000000000
2006-11-07,0.2157477702,0.2176255296,0.2157339779,0.1482037746,0.1550446144,0.0476443332,0.0000000000
2006-11-08,0.2162196066,0.2186467166,0.2160925312,0.1459853885,0.1554675588,0.0475881983,0.0000000000
2006-11-09,0.2146575241,0.2171994668,0.2147316074,0.1500832145,0.1552062824,0.0481219047,0.0000000000
2006-11-10,0.2148184266,0.2182828014,0.2151401208,0.1490336016,0.1555967415,0.0471283081,0.0000000000
2006-11-13,0.2150245079,0.2201847558,0.2148009446,0.1480961305,0.1551779884,0.0467156728,0.0000000000
2006-11-14,0.2155662819,0.2214137798,0.2157408760,0.1460363454,0.1546258247,0.0466168922,0.0000000000
2006-11-15,0.2156487271,0.2217705882,0.2155985666,0.1461712357,0.1539509467,0.0468599358,0.0000000000
2006-11-16,0.2164350203,0.2229646892,0.2158095141,0.1450738753,0.1539775894,0.0457393118,0.0000000000
2006-11-17,0.2160725665,0.2225279346,0.2152093511,0.1458996430,0.1540753529,0.0462151519,0.0000000000
2006-11-20,0.2161981388,0.2229826283,0.2147110186,0.1458777187,0.1541844438,0.0460460518,0.0000000000
2006-11-21,0.2157402648,0.2225892769,0.2148306313,0.1466009983,0.1539038758,0.0463349529,0.0000000000
2006-11-22,0.2153534831,0.2231456648,0.2150493962,0.1465868165,0.1535362008,0.0463284386,0.0000000000
2006-11-24,0.2142918118,0.2225485878,0.2139911655,0.1487998467,0.1534454571,0.0469231312,0.0000000000
2006-11-27,0.2135140731,0.2197467353,0.2134583927,0.1508004961,0.1549433281,0.0475369747,0.0000000000
2006-11-28,0.2137832589,0.2197268856,0.2140507870,0.1500321318,0.1548835940,0.0475233425,0.0000000000
2006-11-29,0.2148196336,0.2200105532,0.2152698459,0.1482409586,0.1537988025,0.0478602063,0.0000000000
2006-11-30,0.2140205375,0.2189495481,0.2148049410,0.1505014386,0.1536326584,0.0480908764,0.0000000000
2006-12-01,0.2142289618,0.2177519943,0.2150356495,0.1503479684,0.1544100063,0.0482254197,0.0000000000
2006-12-04,0.2144893992,0.2193389780,0.2155067159,0.1493906796,0.1535789977,0.0476952296,0.0000000000
2006-12-05,0.2149097765,0.2196151798,0.2162964667,0.1483194723,0.1531274166,0.0477316882,0.0000000000
2006-12-06,0.2157481896,0.2198637011,0.2169220880,0.1464083849,0.1537329287,0.0473247078,0.0000000000
2006-12-07,0.2157453463,0.2180326920,0.2174466971,0.1471433970,0.1542683887,0.0473634789,0.0000000000
2006-12-08,0.2163402112,0.2192303844,0.2176287936,0.1456812583,0.1540873822,0.0470319703,0.0000000000
2006-12-11,0.2162434853,0.2192954022,0.2175565384,0.1464120376,0.1535427621,0.0469497744,0.0000000000
2006-12-12,0.2163619521,0.2182900589,0.2177475538,0.1464888168,0.1541744628,0.0469371556,0.0000000000
2006-12-13,0.2164647799,0.2185613838,0.2181248289,0.1463098084,0.1536106950,0.0469285039,0.0000000000
2006-12-14,0.2171509004,0.2197660122,0.2186860302,0.1446532539,0.1525388016,0.0472050017,0.0000000000
2006-12-15,0.2176029465,0.2207699013,0.2189648245,0.1423279398,0.1528119650,0.0475224229,0.0000000000
2006-12-18,0.2178885056,0.2194718506,0.2192422821,0.1430000192,0.1535246356,0.0468727070,0.0000000000
2006-12-19,0.2177444869,0.2182137050,0.2190861882,0.1444100809,0.1532386707,0.0473068682,0.0000000000
2006-12-20,0.2178946868,0.2176899379,0.2194141560,0.1441698624,0.1533695751,0.0474617818,0.0000000000
2006-12-21,0.2178885687,0.2169327940,0.2196571791,0.1441316574,0.1542350599,0.0471547409,0.0000000000
2006-12-22,0.2173353264,0.2154610611,0.2195652588,0.1452906691,0.1546558135,0.0476918709,0.0000000000
2006-12-26,0.2179330734,0.2156876672,0.2198289890,0.1456114683,0.1541260598,0.0468127423,0.0000000000
2006-12-27,0.2183722623,0.2158076848,0.2208254826,0.1455140119,0.1530134565,0.0464671020,0.0000000000
2006-12-28,0.2179226956,0.2147717308,0.2205596177,0.1471111331,0.1528213483,0.0468134744,0.0000000000
2006-12-29,0.2105263158,0.2105263158,0.2105263158,0.1578947368,0.1578947368,0.0526315789,0.0000000000
2007-01-03,0.2108792411,0.2116438117,0.2114589183,0.1561080535,0.1587728480,0.0511371274,0.0000000000
2007-01-04,0.2109724572,0.2152957675,0.2109007490,0.1542698560,0.1588396872,0.0497214831,0.0000000000
2007-01-05,0.2112480064,0.2162745910,0.2102745820,0.1519752190,0.1602140739,0.0500135277,0.0000000000
2007-01-08,0.2115718016,0.2157565172,0.2104483491,0.1522880277,0.1598167168,0.0501185877,0.0000000000
2007-01-09,0.2112049897,0.2166462310,0.2097463900,0.1530841215,0.1596753203,0.0496429475,0.0000000000
2007-01-10,0.2115726247,0.2188532845,0.2093067136,0.1521883562,0.1592468293,0.0488321916,0.0000000000
2007-01-11,0.2116247160,0.2201993987,0.2096571882,0.1516619023,0.1582899647,0.0485668302,0.0000000000
2007-01-12,0.2112062195,0.2192196775,0.2097405736,0.1540364098,0.1565661233,0.0492309964,0.0000000000
2007-01-16,0.2112630981,0.2195627052,0.2099589267,0.1538830044,0.1571197282,0.0482125373,0.0000000000
2007-01-17,0.2112907627,0.2177056735,0.2098978223,0.1555018157,0.1569797156,0.0486242101,0.0000000000
2007-01-18,0.2120288173,0.2151508870,0.2104747793,0.1556207523,0.1582805764,0.0484441877,0.0000000000
2007-01-19,0.2114370892,0.2145667857,0.2108677564,0.1567229839,0.1574661168,0.0489392680,0.0000000000
2007-01-22,0.2116937604,0.2131495609,0.2110412777,0.1566986317,0.1582238262,0.0491929431,0.0000000000
2007-01-23,0.2109391618,0.2112318511,0.2110763277,0.1594289089,0.1568970989,0.0504266516,0.0000000000
2007-01-24,0.2112482681,0.2133183312,0.2113005968,0.1586335792,0.1558248885,0.0496743362,0.0000000000
2007-01-25,0.2108144230,0.2126376126,0.2101720372,0.1595161066,0.1571468341,0.0497129865,0.0000000000
2007-01-26,0.2106132019,0.2118509010,0.2102976648,0.1597835173,0.1571247691,0.0503299460,0.0000000000
2007-01-29,0.2110075672,0.2125621706,0.2105284719,0.1591744219,0.1573018116,0.0494255568,0.0000000000
2007-01-30,0.2109799798,0.2115299896,0.2108165904,0.1594461096,0.1567022521,0.0505250785,0.0000000000
2007-01-31,0.2109267231,0.2121826103,0.2106005237,0.1598452650,0.1557415271,0.0507033508,0.0000000000
2007-02-01,0.2114862212,0.2111444519,0.2114398541,0.1602745658,0.1553089722,0.0503459349,0.0000000000
2007-02-02,0.2118620563,0.2119955855,0.2115074514,0.1580267444,0.1555891343,0.0510190282,0.0000000000
2007-02-05,0.2119474740,0.2118304210,0.2113856345,0.1581204963,0.1558590981,0.0508568761,0.0000000000
2007-02-06,0.2116392517,0.2111763444,0.2117563277,0.1590251244,0.1558865311,0.0505164208,0.0000000000
2007-02-07,0.2116947252,0.2126798250,0.2117209983,0.1583243399,0.1557707568,0.0498093547,0.0000000000
2007-02-08,0.2108754854,0.2120864915,0.2106469177,0.1600929121,0.1554646119,0.0508335814,0.0000000000
2007-02-09,0.2102153187,0.2102774749,0.2100940118,0.1622615708,0.1557814339,0.0513701897,0.0000000000
2007-02-12,0.2104627319,0.2104256457,0.2102385006,0.1618981312,0.1563407553,0.0506342353,0.0000000000
2007-02-13,0.2109649918,0.2098812005,0.2111679676,0.1613436325,0.1553874092,0.0512547985,0.0000000000
2007-02-14,0.2106087067,0.2116718939,0.2115632831,0.1613084753,0.1547007413,0.0501468997,0.0000000000
2007-02-15,0.2104467700,0.2124647580,0.2113776550,0.1610713411,0.1545964563,0.0500430197,0.0000000000
2007-02-16,0.2103434006,0.2117520184,0.2113379608,0.1609482342,0.1547027349,0.0509156511,0.0000000000
2007-02-20,0.2109081620,0.2134811013,0.2118724278,0.1584898050,0.1548661452,0.0503823587,0.0000000000
2007-02-21,0.2095057982,0.2128082028,0.2102384767,0.1624203257,0.1538843181,0.0511428787,0.0000000000
2007-02-22,0.2091445559,0.2136834615,0.2101677142,0.1617807181,0.1534281819,0.0517953684,0.0000000000
2007-02-23,0.2083156484,0.2129188701,0.2097102495,0.1631448890,0.1537874437,0.0521228992,0.0000000000
2007-02-26,0.2081110678,0.2118653859,0.2096032410,0.1640460002,0.1541114210,0.0522628841,0.0000000000
2007-02-27,0.2067693659,0.2100574892,0.2072569421,0.1629131594,0.1599913827,0.0530116607,0.0000000000
2007-02-28,0.2071491328,0.2089833881,0.2077446667,0.1641991687,0.1585489436,0.0533747001,0.0000000000
2007-03-01,0.2075544974,0.2090488589,0.2074579837,0.1633740473,0.1593085883,0.0532560244,0.0000000000
2007-03-02,0.2077290464,0.2088056623,0.2076880804,0.1603696746,0.1618958091,0.0535117272,0.0000000000
2007-03-05,0.2077182231,0.2091638054,0.2066346431,0.1599203036,0.1633458187,0.0532172060,0.0000000000
2007-03-06,0.2080541900,0.2093986637,0.2083638020,0.1605375573,0.1607457810,0.0529000060,0.0000000000
2007-03-07,0.2078543100,0.2085767426,0.2081372094,0.1609196980,0.1608804158,0.0536316242,0.0000000000
2007-03-08,0.2083833453,0.2087632840,0.2092317026,0.1604244910,0.1597945483,0.0534026289,0.0000000000
2007-03-09,0.2087937425,0.2089201352,0.2097593141,0.1601214558,0.1596177701,0.0527875824,0.0000000000
2007-03-12,0.2085475230,0.2097220786,0.2098962559,0.1599927513,0.1596845929,0.0521567983,0.0000000000
2007-03-13,0.2074609558,0.2086281448,0.2083138313,0.1606745429,0.1624198431,0.0525026821,0.0000000000
2007-03-14,0.2077195085,0.2103774238,0.2081523112,0.1602364434,0.1612275296,0.0522867836,0.0000000000
2007-03-15,0.2079989296,0.2098841824,0.2087714065,0.1603336595,0.1610482476,0.0519635743,0.0000000000
2007-03-16,0.2073019444,0.2096065763,0.2082044106,0.1618480602,0.1609753194,0.0520636891,0.0000000000
2007-03-19,0.2081307850,0.2100741955,0.2094498473,0.1608577411,0.1595826325,0.0519047986,0.0000000000
2007-03-20,0.2081193724,0.2104119294,0.2096467272,0.1612798841,0.1588601108,0.0516819760,0.0000000000
2007-03-21,0.2087947054,0.2116798750,0.2109089416,0.1605248763,0.1569977795,0.0510938222,0.0000000000
2007-03-22,0.2088339369,0.2111192952,0.2106833871,0.1605319901,0.1568516566,0.0519797339,0.0000000000
2007-03-23,0.2094787981,0.2107920686,0.2114573550,0.1593002819,0.1568866739,0.0520848225,0.0000000000
2007-03-26,0.2087314897,0.2111766596,0.2108270169,0.1606259324,0.1564409907,0.0521979107,0.0000000000
2007-03-27,0.2088231909,0.2102903983,0.2107445446,0.1607364316,0.1569135066,0.0524919280,0.0000000000
2007-03-28,0.2081736655,0.2089174619,0.2097686053,0.1622714312,0.1576510037,0.0532178324,0.0000000000
2007-03-29,0.2081112333,0.2088737725,0.2105825042,0.1610699854,0.1571863182,0.0541761863,0.0000000000
2007-03-30,0.2082809252,0.2088080647,0.2108323522,0.1613881866,0.1572812381,0.0534092332,0.0000000000
2007-04-02,0.2083234327,0.2089031571,0.2110907064,0.1615091926,0.1573391296,0.0528343816,0.0000000000
2007-04-03,0.2091441876,0.2102063348,0.2118892225,0.1603703474,0.1561209604,0.0522689474,0.0000000000
2007-04-04,0.2083827039,0.2100606967,0.2114188625,0.1619847047,0.1555504116,0.0526026206,0.0000000000
2007-04-05,0.2084712348,0.2106216803,0.2115280642,0.1617363920,0.1550562399,0.0525863888,0.0000000000
2007-04-09,0.2091597265,0.2105036694,0.2121817807,0.1612459670,0.1547620455,0.0521468109,0.0000000000
2007-04-10,0.2084577663,0.2106349458,0.2119431003,0.1620359930,0.1542935974,0.0526345973,0.0000000000
2007-04-11,0.2085370036,0.2093525512,0.2118644267,0.1625676818,0.1548911525,0.0527871843,0.0000000000
2007-04-12,0.2085860077,0.2101257903,0.2123145611,0.1616693250,0.1544279987,0.0528763172,0.0000000000
2007-04-13,0.2086268965,0.2096349572,0.2122844274,0.1630089544,0.1535099411,0.0529348234,0.0000000000
2007-04-16,0.2090854291,0.2100305490,0.2128681458,0.1631663968,0.1527063025,0.0521431769,0.0000000000
2007-04-17,0.2095967137,0.2104518666,0.2130556908,0.1621777331,0.1531174421,0.0516005536,0.0000000000
2007-04-18,0.2097090042,0.2096087614,0.2128830569,0.1629719450,0.1532417090,0.0515855235,0.0000000000
2007-04-19,0.2100896379,0.2106994472,0.2128788776,0.1612819660,0.1535002057,0.0515498657,0.0000000000
2007-04-20,0.2102277386,0.2100225563,0.2132009752,0.1626485747,0.1520885521,0.0518116032,0.0000000000
2007-04-23,0.2098979478,0.2108108376,0.2124792122,0.1619636588,0.1525765859,0.0522717577,0.0000000000
2007-04-24,0.2101372277,0.2120328406,0.2126432640,0.1608241577,0.1527647456,0.0515977643,0.0000000000
2007-04-25,0.2103316615,0.2131050979,0.2129176095,0.1598852008,0.1515754273,0.0521850029,0.0000000000
2007-04-26,0.2109750800,0.2146206513,0.2131191662,0.1577853077,0.1515787082,0.0519210864,0.0000000000
2007-04-27,0.2105031522,0.2144045733,0.2124678471,0.1591845008,0.1513308374,0.0521090892,0.0000000000
2007-04-30,0.2102952622,0.2131548499,0.2123202248,0.1592415124,0.1529631693,0.0520249814,0.0000000000
2007-05-01,0.2108840487,0.2130196073,0.2127169387,0.1583295532,0.1529108037,0.0521390483,0.0000000000
2007-05-02,0.2111100709,0.2143158475,0.2133518348,0.1575062998,0.1522297446,0.0514862024,0.0000000000
2007-05-03,0.2112131770,0.2140461843,0.2132623639,0.1586856666,0.1513169484,0.0514756599,0.0000000000
2007-05-04,0.2112099553,0.2134177182,0.2135292542,0.1597236451,0.1509393420,0.0511800853,0.0000000000
2007-05-07,0.2111775916,0.2133426528,0.2137136165,0.1598079503,0.1510369560,0.0509212328,0.0000000000
2007-05-08,0.2113517693,0.2142603418,0.2131995355,0.1592836502,0.1511957190,0.0507089841,0.0000000000
2007-05-09,0.2117941379,0.2145846452,0.2141094228,0.1581757105,0.1509201221,0.0504159615,0.0000000000
2007-05-10,0.2120457874,0.2141418166,0.2134550823,0.1565961170,0.1529555356,0.0508056610,0.0000000000
2007-05-11,0.2119984805,0.2149889928,0.2142913743,0.1562911576,0.1513206705,0.0511093242,0.0000000000
2007-05-14,0.2122180133,0.2142080462,0.2142467391,0.1563949127,0.1518399009,0.0510923877,0.0000000000
2007-05-15,0.2123534700,0.2126274285,0.2144992009,0.1570669215,0.1518357039,0.0516172752,0.0000000000
2007-05-16,0.2133534559,0.2142484508,0.2153301859,0.1545201891,0.1515445129,0.0510032053,0.0000000000
2007-05-17,0.2136159092,0.2139214510,0.2153560696,0.1537409492,0.1517730538,0.0515925672,0.0000000000
2007-05-18,0.2142123986,0.2144077812,0.2158119407,0.1539174861,0.1504417719,0.0512086215,0.0000000000
2007-05-21,0.2136522916,0.2153333876,0.2150342937,0.1539471159,0.1504290395,0.0516038717,0.0000000000
2007-05-22,0.2139491812,0.2159862708,0.2154609461,0.1531783210,0.1504541162,0.0509711647,0.0000000000
2007-05-23,0.2139234660,0.2149221114,0.2157208142,0.1539383258,0.1502953598,0.0511999227,0.0000000000
2007-05-24,0.2139980546,0.2138569937,0.2154358870,0.1535256309,0.1517823062,0.0514011276,0.0000000000
2007-05-25,0.2139228031,0.2142314892,0.2157432500,0.1532827936,0.1510227688,0.0517968953,0.0000000000
2007-05-29,0.2142840207,0.2154750601,0.2158021414,0.1532931114,0.1505796370,0.0505660294,0.0000000000
2007-05-30,0.2149789927,0.2161681336,0.2162945240,0.1517272610,0.1500286081,0.0508024805,0.0000000000
2007-05-31,0.2140945824,0.2165080616,0.2158768581,0.1531772295,0.1492362067,0.0511070617,0.0000000000
2007-06-01,0.2140571216,0.2155387547,0.2163709115,0.1544876781,0.1483207628,0.0512247714,0.0000000000
2007-06-04,0.2137362863,0.2158229933,0.2161139376,0.1544682755,0.1482594496,0.0515990577,0.0000000000
2007-06-05,0.2134840354,0.2164249618,0.2157928537,0.1545033744,0.1482513562,0.0515434184,0.0000000000
2007-06-06,0.2127522896,0.2156897997,0.2145028590,0.1557408306,0.1494093752,0.0519048459,0.0000000000
2007-06-07,0.2119662069,0.2154480655,0.2138302592,0.1552804851,0.1505464545,0.0529285288,0.0000000000
2007-06-08,0.2137500060,0.2171086022,0.2155948496,0.1521126222,0.1496795005,0.0517544195,0.0000000000
2007-06-11,0.2135164869,0.2160832786,0.2156139813,0.1528190856,0.1493660267,0.0526011410,0.0000000000
2007-06-12,0.2131059296,0.2167417690,0.2146110863,0.1527768717,0.1498285164,0.0529358270,0.0000000000
2007-06-13,0.2140083048,0.2167997525,0.2155007058,0.1521752495,0.1484728902,0.0530430972,0.0000000000
2007-06-14,0.2142185655,0.2170562677,0.2159781229,0.1515223339,0.1479637798,0.0532609302,0.0000000000
2007-06-15,0.2140636705,0.2176638113,0.2163447196,0.1511388213,0.1475480127,0.0532409646,0.0000000000
2007-06-18,0.2137347705,0.2176310042,0.2164950460,0.1513173035,0.1476001059,0.0532217699,0.0000000000
2007-06-19,0.2138214082,0.2171337009,0.2164562511,0.1522354372,0.1477600580,0.0525931445,0.0000000000
2007-06-20,0.2129699747,0.2172505015,0.2158491735,0.1519579499,0.1487900479,0.0531823524,0.0000000000
2007-06-21,0.2133090241,0.2183606309,0.2165688065,0.1510078508,0.1480216635,0.0527320241,0.0000000000
2007-06-22,0.2125196115,0.2175487747,0.2153967316,0.1523955046,0.1492245080,0.0529148696,0.0000000000
2007-06-25,0.2122722526,0.2174162714,0.2153788555,0.1521232128,0.1499045421,0.0529048656,0.0000000000
2007-06-26,0.2117785020,0.2179066174,0.2152549003,0.1514177663,0.1509242782,0.0527179358,0.0000000000
2007-06-27,0.2128125013,0.2192186525,0.2158539865,0.1501403028,0.1498233003,0.0521512567,0.0000000000
2007-06-28,0.2125634187,0.2188991343,0.2156662043,0.1513743797,0.1495612469,0.0519356162,0.0000000000
2007-06-29,0.2123567054,0.2189814886,0.2159788025,0.1512003692,0.1496551179,0.0518275163,0.0000000000
2007-07-02,0.2123795140,0.2190035647,0.2165923694,0.1516106003,0.1487254575,0.0516884941,0.0000000000
2007-07-03,0.2126727614,0.2197880777,0.2170589669,0.1506203690,0.1482270166,0.0516328085,0.0000000000
2007-07-05,0.2124241996,0.2213541114,0.2166683935,0.1498580864,0.1475899538,0.0521052554,0.0000000000
2007-07-06,0.2124811632,0.2211608915,0.2171084274,0.1503643627,0.1466019553,0.0522832001,0.0000000000
2007-07-09,0.2122484662,0.2208810752,0.2171702185,0.1510523224,0.1465817260,0.0520661917,0.0000000000
2007-07-10,0.2105771535,0.2204430038,0.2154738742,0.1525624511,0.1481624356,0.0527810819,0.0000000000
2007-07-11,0.2112064831,0.2210395348,0.2162931490,0.1515474251,0.1472281806,0.0526852273,0.0000000000
2007-07-12,0.2121039747,0.2218861189,0.2172256537,0.1511535522,0.1454066632,0.0522240374,0.0000000000
2007-07-13,0.2120900924,0.2227301034,0.2171753945,0.1507174967,0.1451431658,0.0521437472,0.0000000000
2007-07-16,0.2124303543,0.2228927735,0.2171734125,0.1504986559,0.1456918433,0.0513129606,0.0000000000
2007-07-17,0.2122049589,0.2244693828,0.2167521905,0.1502566895,0.1453452047,0.0509715736,0.0000000000
2007-07-18,0.2114895687,0.2238503859,0.2156865437,0.1520066389,0.1454882955,0.0514785673,0.0000000000
2007-07-19,0.2115407460,0.2237051076,0.2159848118,0.1523417388,0.1449604146,0.0514671812,0.0000000000
2007-07-20,0.2102094805,0.2233661005,0.2146827015,0.1542323056,0.1458625721,0.0516468398,0.0000000000
2007-07-23,0.2105238227,0.2231063266,0.2157515000,0.1537407503,0.1455458247,0.0513317757,0.0000000000
2007-07-24,0.2091744107,0.2222541688,0.2141483613,0.1554509893,0.1474642603,0.0515078096,0.0000000000
2007-07-25,0.2096011902,0.2225676428,0.2143598826,0.1541364248,0.1473732461,0.0519616134,0.0000000000
2007-07-26,0.2079744865,0.2242732929,0.2114745952,0.1537225420,0.1503082869,0.0522467965,0.0000000000
2007-07-27,0.2064626471,0.2225173993,0.2104544346,0.1550962865,0.1520539862,0.0534152463,0.0000000000
2007-07-30,0.2076615640,0.2229337697,0.2121659593,0.1544394687,0.1505051847,0.0522940535,0.0000000000
2007-07-31,0.2069843774,0.2200165575,0.2119188199,0.1557368905,0.1521999001,0.0531434546,0.0000000000
2007-08-01,0.2073172915,0.2210090400,0.2118694938,0.1555613141,0.1513529433,0.0528899173,0.0000000000
2007-08-02,0.2079260016,0.2219208926,0.2122428995,0.1546874290,0.1505175496,0.0527052277,0.0000000000
2007-08-03,0.2052339900,0.2205570261,0.2096182839,0.1586222862,0.1531620895,0.0528063243,0.0000000000
2007-08-06,0.2070627202,0.2213928482,0.2111441418,0.1569965523,0.1517333720,0.0516703655,0.0000000000
2007-08-07,0.2081094153,0.2217235290,0.2116880829,0.1560305757,0.1507833996,0.0516649975,0.0000000000
2007-08-08,0.2090745049,0.2220990775,0.2132243874,0.1552732197,0.1492176279,0.0511111827,0.0000000000
2007-08-09,0.2072507979,0.2216359810,0.2111811109,0.1555073426,0.1526194055,0.0518053621,0.0000000000
2007-08-10,0.2068412155,0.2202341734,0.2097010279,0.1585733022,0.1525206078,0.0521296731,0.0000000000
2007-08-13,0.2071308123,0.2212403580,0.2100234964,0.1574899948,0.1524663026,0.0516490359,0.0000000000
2007-08-14,0.2058906200,0.2195291420,0.2089012085,0.1590491260,0.1543286314,0.0523012720,0.0000000000
2007-08-15,0.2052746043,0.2177081569,0.2071270253,0.1604000699,0.1562219590,0.0532681845,0.0000000000
2007-08-16,0.2078158349,0.2166144731,0.2084425250,0.1576404526,0.1568806113,0.0526061030,0.0000000000
2007-08-17,0.2090077704,0.2179755222,0.2093450174,0.1564793548,0.1552800458,0.0519122895,0.0000000000
2007-08-20,0.2086174688,0.2187077773,0.2092390045,0.1565271277,0.1549239671,0.0519846545,0.0000000000
2007-08-21,0.2083330279,0.2202678866,0.2086680722,0.1558811448,0.1551221117,0.0517277569,0.0000000000
2007-08-22,0.2086926485,0.2210284239,0.2104025375,0.1551014901,0.1534435975,0.0513313025,0.0000000000
2007-08-23,0.2085863545,0.2205087461,0.2107578348,0.1549464850,0.1536872100,0.0515133696,0.0000000000
2007-08-24,0.2088712947,0.2211901947,0.2116020691,0.1551422316,0.1516364365,0.0515577734,0.0000000000
2007-08-27,0.2079583489,0.2208158151,0.2108893810,0.1556081262,0.1528531887,0.0518751401,0.0000000000
2007-08-28,0.2066088631,0.2189724420,0.2092386364,0.1571384531,0.1558993000,0.0521423054,0.0000000000
2007-08-29,0.2072650231,0.2216171437,0.2105190684,0.1557353487,0.1530772004,0.0517862156,0.0000000000
2007-08-30,0.2068156843,0.2228797698,0.2097397655,0.1551757295,0.1534761120,0.0519129389,0.0000000000
2007-08-31,0.2069450509,0.2233106130,0.2106803122,0.1554402288,0.1521651935,0.0514586016,0.0000000000
2007-09-04,0.2068492109,0.2246390859,0.2106668763,0.1559427753,0.1504065243,0.0514955273,0.0000000000
2007-09-05,0.2061975749,0.2236125360,0.2094925727,0.1570873950,0.1517288945,0.0518810268,0.0000000000
2007-09-06,0.2058953132,0.2225909699,0.2093895861,0.1595083984,0.1511282321,0.0514875003,0.0000000000
2007-09-07,0.2045582364,0.2201111616,0.2079593276,0.1619443825,0.1532122649,0.0522146270,0.0000000000
2007-09-10,0.2041143933,0.2199186496,0.2074251674,0.1624400439,0.1535403279,0.0525614178,0.0000000000
2007-09-11,0.2043285930,0.2209076560,0.2081632922,0.1628140426,0.1516575801,0.0521288361,0.0000000000
2007-09-12,0.2046022909,0.2206802025,0.2083655368,0.1624748603,0.1512591242,0.0526179853,0.0000000000
2007-09-13,0.2055921712,0.2212790124,0.2092815088,0.1612463507,0.1504921295,0.0521088275,0.0000000000
2007-09-14,0.2056256271,0.2215099267,0.2089956653,0.1610762694,0.1506322552,0.0521602562,0.0000000000
2007-09-17,0.2048711789,0.2200409682,0.2076635226,0.1636114362,0.1509506800,0.0528622142,0.0000000000
2007-09-18,0.2066711951,0.2210600802,0.2100622625,0.1619780846,0.1482330813,0.0519952963,0.0000000000
2007-09-19,0.2072675636,0.2209694180,0.2108367328,0.1608840114,0.1477589013,0.0522833729,0.0000000000
2007-09-20,0.2058942520,0.2204454036,0.2099127582,0.1638582759,0.1467727561,0.0531165542,0.0000000000
2007-09-21,0.2058412830,0.2213602299,0.2101842191,0.1625214758,0.1467669237,0.0533258685,0.0000000000
2007-09-24,0.2053419731,0.2222413873,0.2102305232,0.1622918275,0.1466958048,0.0531984843,0.0000000000
2007-09-25,0.2046702947,0.2240593857,0.2097081893,0.1621936710,0.1466233452,0.0527451142,0.0000000000
2007-09-26,0.2052134833,0.2245669804,0.2104114441,0.1610312036,0.1460931067,0.0526837820,0.0000000000
2007-09-27,0.2049019678,0.2240372438,0.2107395711,0.1613955222,0.1452609749,0.0536647202,0.0000000000
2007-09-28,0.2042256188,0.2233056135,0.2102913032,0.1631987188,0.1454836641,0.0534950817,0.0000000000
2007-10-01,0.2049737824,0.2241688685,0.2115805903,0.1628300850,0.1439018454,0.0525448284,0.0000000000
2007-10-02,0.2055883418,0.2251906010,0.2123153149,0.1601106049,0.1450832791,0.0517118583,0.0000000000
2007-10-03,0.2060044564,0.2245362665,0.2119797889,0.1597582549,0.1457430998,0.0519781335,0.0000000000
2007-10-04,0.2054434938,0.2240953310,0.2117022382,0.1612210348,0.1450614141,0.0524764880,0.0000000000
2007-10-05,0.2058214161,0.2263713659,0.2124359099,0.1607820275,0.1424833588,0.0521059218,0.0000000000
2007-10-08,0.2053511024,0.2284819760,0.2115856730,0.1593619355,0.1440465020,0.0511728112,0.0000000000
2007-10-09,0.2059586854,0.2280023167,0.2124502200,0.1595647112,0.1428231513,0.0512009155,0.0000000000
2007-10-10,0.2053528646,0.2282645810,0.2118738124,0.1599488490,0.1428265484,0.0517333445,0.0000000000
2007-10-11,0.2050303136,0.2253677803,0.2120576504,0.1616710928,0.1433906420,0.0524825210,0.0000000000
2007-10-12,0.2045922298,0.2273440040,0.2117993311,0.1619142686,0.1420259683,0.0523241982,0.0000000000
2007-10-15,0.2035132631,0.2263240736,0.2106225069,0.1636296607,0.1425229992,0.0533874965,0.0000000000
2007-10-16,0.2028735680,0.2263467691,0.2092603549,0.1643761693,0.1434415334,0.0537016052,0.0000000000
2007-10-17,0.2026998958,0.2283637804,0.2099709537,0.1623836986,0.1433697722,0.0532118995,0.0000000000
2007-10-18,0.2010227879,0.2282757574,0.2087924027,0.1648811067,0.1431156017,0.0539123436,0.0000000000
2007-10-19,0.1990769011,0.2263539249,0.2066825204,0.1670089054,0.1462045382,0.0546732100,0.0000000000
2007-10-22,0.1998244734,0.2286047931,0.2070528736,0.1642454270,0.1458620423,0.0544103907,0.0000000000
2007-10-23,0.1994838620,0.2311153739,0.2074729147,0.1640208774,0.1443997927,0.0535071793,0.0000000000
2007-10-24,0.1993483515,0.2296343158,0.2072147446,0.1648454599,0.1452003353,0.0537567929,0.0000000000
2007-10-25,0.1997750282,0.2265060908,0.2080090251,0.1659196229,0.1447927481,0.0549974848,0.0000000000
2007-10-26,0.1994018791,0.2271702526,0.2083535332,0.1672647654,0.1427203776,0.0550891920,0.0000000000
2007-10-29,0.1991142071,0.2270143059,0.2087086219,0.1673922116,0.1420429400,0.0557277135,0.0000000000
2007-10-30,0.1988051904,0.2287099123,0.2080707409,0.1666417771,0.1429980103,0.0547743691,0.0000000000
2007-10-31,0.1985203819,0.2292421446,0.2082414389,0.1673963867,0.1409329391,0.0556667087,0.0000000000
2007-11-01,0.1969958589,0.2285741896,0.2064347246,0.1685995423,0.1435557156,0.0558399691,0.0000000000
2007-11-02,0.1956379086,0.2285068339,0.2053782166,0.1713267127,0.1425618539,0.0565884743,0.0000000000
2007-11-05,0.1953724958,0.2284668935,0.2040222437,0.1722327779,0.1433310394,0.0565745497,0.0000000000
2007-11-06,0.1953693942,0.2279717304,0.2046111873,0.1735222209,0.1412419859,0.0572834813,0.0000000000
2007-11-07,0.1928214547,0.2257001411,0.2024717909,0.1778274379,0.1433492055,0.0578299700,0.0000000000
2007-11-08,0.1934418517,0.2206696340,0.2037520509,0.1792869141,0.1446873818,0.0581621675,0.0000000000
2007-11-09,0.1933002437,0.2160999660,0.2030471204,0.1815386715,0.1471044477,0.0589095506,0.0000000000
2007-11-12,0.1954479260,0.2150849868,0.2039585536,0.1766418905,0.1500206988,0.0588459443,0.0000000000
2007-11-13,0.1969950166,0.2190528941,0.2061580974,0.1745833698,0.1467502611,0.0564603610,0.0000000000
2007-11-14,0.1964501737,0.2162473908,0.2057387500,0.1771435207,0.1466923509,0.0577278138,0.0000000000
2007-11-15,0.1960384376,0.2177719962,0.2049986284,0.1741536633,0.1491619196,0.0578753549,0.0000000000
2007-11-16,0.1958558923,0.2192016090,0.2051170480,0.1732475743,0.1486645347,0.0579133417,0.0000000000
2007-11-19,0.1950628675,0.2188429078,0.2028421322,0.1738347437,0.1504803218,0.0589370269,0.0000000000
2007-11-20,0.1941389014,0.2173521798,0.2032869641,0.1769232637,0.1485473747,0.0597513163,0.0000000000
2007-11-21,0.1921794437,0.2170564835,0.2004889926,0.1785491220,0.1512648232,0.0604611351,0.0000000000
2007-11-23,0.1928261617,0.2163859741,0.2018724842,0.1802987478,0.1484316101,0.0601850222,0.0000000000
2007-11-26,0.1908027615,0.2151679921,0.1997864370,0.1825441002,0.1515522655,0.0601464437,0.0000000000
2007-11-27,0.1919107686,0.2182393266,0.2016004108,0.1788386722,0.1500809590,0.0593298628,0.0000000000
2007-11-28,0.1947017869,0.2210785577,0.2047725977,0.1746528775,0.1471820133,0.0576121670,0.0000000000
2007-11-29,0.1951542768,0.2224637862,0.2044660542,0.1721621532,0.1478953162,0.0578584134,0.0000000000
2007-11-30,0.1972146299,0.2208952512,0.2063102634,0.1701354028,0.1482740230,0.0571704297,0.0000000000
2007-12-03,0.1961237630,0.2192779734,0.2053029320,0.1724316480,0.1492168266,0.0576468570,0.0000000000
2007-12-04,0.1947678197,0.2188189437,0.2041770657,0.1752559785,0.1489506949,0.0580294975,0.0000000000
2007-12-05,0.1963701031,0.2208839380,0.2061027351,0.1721033264,0.1474277701,0.0571121274,0.0000000000
2007-12-06,0.1969837140,0.2215813436,0.2064819248,0.1718066966,0.1456436570,0.0575026638,0.0000000000
2007-12-07,0.1975758090,0.2223340332,0.2066289939,0.1706852302,0.1452751224,0.0575008114,0.0000000000
2007-12-10,0.1977737035,0.2217307385,0.2068396215,0.1725616239,0.1440156790,0.0570786336,0.0000000000
2007-12-11,0.1958305424,0.2205002618,0.2045788163,0.1731359874,0.1473349034,0.0586194887,0.0000000000
2007-12-12,0.1954100159,0.2198289577,0.2051649047,0.1746558260,0.1454374072,0.0595028885,0.0000000000
2007-12-13,0.1968112876,0.2206659939,0.2049723291,0.1719159931,0.1462184474,0.0594159489,0.0000000000
2007-12-14,0.1961304227,0.2204344815,0.2031423368,0.1735655492,0.1471732954,0.0595539143,0.0000000000
2007-12-17,0.1958774232,0.2179036316,0.2018646075,0.1749774950,0.1493338654,0.0600429773,0.0000000000
2007-12-18,0.1956361022,0.2171232100,0.2024719900,0.1762829116,0.1491037764,0.0593820097,0.0000000000
2007-12-19,0.1955492340,0.2169833159,0.2020156822,0.1761823980,0.1493473227,0.0599220473,0.0000000000
2007-12-20,0.1957405618,0.2202480293,0.2022457811,0.1739889387,0.1484244631,0.0593522261,0.0000000000
2007-12-21,0.1958963768,0.2215773033,0.2027127648,0.1747731441,0.1457950375,0.0592453736,0.0000000000
2007-12-24,0.1963326222,0.2220917400,0.2031536336,0.1739580134,0.1450857975,0.0593781933,0.0000000000
2007-12-26,0.1957127729,0.2220163422,0.2026133903,0.1760174187,0.1438742144,0.0597658615,0.0000000000
2007-12-27,0.1944984043,0.2207663833,0.2015383931,0.1772391987,0.1455964305,0.0603611901,0.0000000000
2007-12-28,0.1933710480,0.2198260107,0.2011626092,0.1797734727,0.1458950727,0.0599717867,0.0000000000
2007-12-31,0.2105263158,0.2105263158,0.2105263158,0.1578947368,0.1578947368,0.0526315789,0.0000000000
2008-01-02,0.2086948982,0.2072084942,0.2088594393,0.1624992560,0.1586524678,0.0540854445,0.0000000000
2008-01-03,0.2079303349,0.2074096615,0.2084256729,0.1633375095,0.1585678438,0.0543289773,0.0000000000
2008-01-04,0.2070020849,0.2023880125,0.2074916605,0.1658362706,0.1621591074,0.0551228642,0.0000000000
2008-01-07,0.2073492676,0.2019355801,0.2081279039,0.1655524755,0.1627760876,0.0542586852,0.0000000000
2008-01-08,0.2052910267,0.1979392234,0.2068999141,0.1705497119,0.1642219244,0.0550981995,0.0000000000
2008-01-09,0.2059201908,0.2006682896,0.2077884039,0.1688443452,0.1626302531,0.0541485174,0.0000000000
2008-01-10,0.2061631386,0.1998884955,0.2076707070,0.1712416278,0.1614300921,0.0536059389,0.0000000000
2008-01-11,0.2058552389,0.1972723150,0.2061960731,0.1730212878,0.1632004812,0.0544546040,0.0000000000
2008-01-14,0.2054463485,0.1987094732,0.2064061993,0.1731529348,0.1616995994,0.0545854447,0.0000000000
2008-01-15,0.2047654107,0.1969245753,0.2045732470,0.1734087814,0.1653854715,0.0549425141,0.0000000000
2008-01-16,0.2051725835,0.1968924640,0.2035810173,0.1726935885,0.1666507502,0.0550095966,0.0000000000
2008-01-17,0.2024537192,0.1966805186,0.2014890757,0.1745352944,0.1698370992,0.0550042929,0.0000000000
2008-01-18,0.2005230527,0.1965657216,0.2012035799,0.1765219700,0.1699297030,0.0552559727,0.0000000000
2008-01-22,0.2002778371,0.1932210364,0.1995731216,0.1796415458,0.1717274972,0.0555589618,0.0000000000
2008-01-23,0.2041524102,0.1915987516,0.2013011094,0.1782535352,0.1704310472,0.0542631464,0.0000000000
2008-01-24,0.2029285267,0.1927178058,0.2018969351,0.1800796927,0.1675674973,0.0548095425,0.0000000000
2008-01-25,0.2015820636,0.1902659960,0.2005384684,0.1819500847,0.1691910659,0.0564723212,0.0000000000
2008-01-28,0.2025906468,0.1895611743,0.2013857527,0.1827743637,0.1675961749,0.0560918876,0.0000000000
2008-01-29,0.2033984861,0.1897206382,0.2020545231,0.1814044255,0.1669160213,0.0565059058,0.0000000000
2008-01-30,0.2022089502,0.1898379956,0.2009234653,0.1834941062,0.1674297013,0.0561057814,0.0000000000
2008-01-31,0.2038831037,0.1912019663,0.2021683843,0.1803975253,0.1665167249,0.0558322955,0.0000000000
2008-02-01,0.2064607135,0.1924957742,0.2048405575,0.1757533826,0.1657830951,0.0546664772,0.0000000000
2008-02-04,0.2053043710,0.1911405944,0.2041662223,0.1765056171,0.1668625334,0.0560206619,0.0000000000
2008-02-05,0.2040703481,0.1896595421,0.2011795468,0.1773982704,0.1709522314,0.0567400611,0.0000000000
2008-02-06,0.2033542332,0.1867758994,0.2007411876,0.1807920017,0.1716022882,0.0567343899,0.0000000000
2008-02-07,0.2037835914,0.1872435769,0.2006728075,0.1818043839,0.1693277443,0.0571678960,0.0000000000
2008-02-08,0.2016207191,0.1885727319,0.1984020988,0.1833544008,0.1694211779,0.0586288714,0.0000000000
2008-02-11,0.2015135584,0.1895356956,0.1984497461,0.1829864199,0.1688309020,0.0586836779,0.0000000000
2008-02-12,0.2037403336,0.1887927524,0.2015108240,0.1792947645,0.1690628803,0.0575984452,0.0000000000
2008-02-13,0.2041871800,0.1913951577,0.2019949582,0.1780886731,0.1667251867,0.0576088443,0.0000000000
2008-02-14,0.2035468230,0.1890069593,0.2015392364,0.1796469469,0.1671534771,0.0591065573,0.0000000000
2008-02-15,0.2038751193,0.1887080010,0.2022501550,0.1788531594,0.1673781075,0.0589354579,0.0000000000
2008-02-19,0.2029425622,0.1869760942,0.2019504975,0.1823749783,0.1653466496,0.0604092183,0.0000000000
2008-02-20,0.2025242626,0.1868922546,0.2011519036,0.1847527729,0.1642608675,0.0604179388,0.0000000000
2008-02-21,0.2016123531,0.1858171961,0.2005237141,0.1854826682,0.1662430964,0.0603209720,0.0000000000
2008-02-22,0.2020596799,0.1857701651,0.2015065071,0.1850338491,0.1647167118,0.0609130870,0.0000000000
2008-02-25,0.2035773557,0.1857659486,0.2033387207,0.1828210449,0.1633067279,0.0611902021,0.0000000000
2008-02-26,0.2034074643,0.1849425315,0.2037274542,0.1832049114,0.1627396300,0.0619780086,0.0000000000
2008-02-27,0.2025318340,0.1852531617,0.2033018424,0.1846860434,0.1625382493,0.0616888693,0.0000000000
2008-02-28,0.2007060384,0.1846821871,0.2014607932,0.1871858438,0.1636349820,0.0623301556,0.0000000000
2008-02-29,0.1991015121,0.1824123559,0.1993232740,0.1902975467,0.1666580952,0.0622072160,0.0000000000
2008-03-03,0.1983644421,0.1809850616,0.1990593228,0.1921420815,0.1664115145,0.0630375775,0.0000000000
2008-03-04,0.1989141423,0.1832072622,0.1985393289,0.1893159741,0.1667938202,0.0632294723,0.0000000000
2008-03-05,0.1983036273,0.1823867907,0.1985553772,0.1925553773,0.1641861343,0.0640126932,0.0000000000
2008-03-06,0.1970134123,0.1809533339,0.1973793749,0.1929069616,0.1663190822,0.0654278351,0.0000000000
2008-03-07,0.1960860540,0.1815446213,0.1962930138,0.1931730029,0.1677710366,0.0651322714,0.0000000000
2008-03-10,0.1947862459,0.1792318461,0.1953894478,0.1940108402,0.1697829943,0.0667986257,0.0000000000
2008-03-11,0.1975490044,0.1821448451,0.1985092013,0.1901744267,0.1652085961,0.0664139264,0.0000000000
2008-03-12,0.1955845030,0.1815257704,0.1969097261,0.1920802566,0.1668012831,0.0670984608,0.0000000000
2008-03-13,0.1952350464,0.1821992609,0.1963046859,0.1939375857,0.1654237011,0.0668997200,0.0000000000
2008-03-14,0.1939498214,0.1804741317,0.1941037338,0.1964295962,0.1676239998,0.0674187171,0.0000000000
2008-03-17,0.1937052102,0.1787685438,0.1932765403,0.1991085527,0.1698477904,0.0652933625,0.0000000000
2008-03-18,0.1979296977,0.1832032555,0.1970689470,0.1900768305,0.1662411993,0.0654800700,0.0000000000
2008-03-19,0.1979404765,0.1832274586,0.1956739162,0.1879265826,0.1709872997,0.0642442665,0.0000000000
2008-03-20,0.2011065682,0.1865080431,0.1985676809,0.1811537631,0.1711586608,0.0615052838,0.0000000000
2008-03-24,0.2021050355,0.1901153209,0.1998125018,0.1788628007,0.1673984088,0.0617059323,0.0000000000
2008-03-25,0.2005532515,0.1895307200,0.1993713765,0.1824942879,0.1662602037,0.0617901604,0.0000000000
2008-03-26,0.1983288307,0.1892000147,0.1979750352,0.1848139098,0.1659671841,0.0637150255,0.0000000000
2008-03-27,0.1987443352,0.1859836995,0.1984946694,0.1851134804,0.1669060891,0.0647577265,0.0000000000
2008-03-28,0.1984947760,0.1866000295,0.1989250868,0.1835107583,0.1687164925,0.0637528569,0.0000000000
2008-03-31,0.1996475306,0.1880186528,0.2001363586,0.1809903507,0.1688418241,0.0623652832,0.0000000000
2008-04-01,0.2039454714,0.1934787345,0.2042962320,0.1715938119,0.1654858494,0.0611999007,0.0000000000
2008-04-02,0.2027409305,0.1917877696,0.2031820521,0.1751978573,0.1644811697,0.0626102209,0.0000000000
2008-04-03,0.2026754766,0.1916706077,0.2033414309,0.1750002754,0.1645366033,0.0627756061,0.0000000000
2008-04-04,0.2016853982,0.1920740347,0.2025588794,0.1759544255,0.1647483798,0.0629788824,0.0000000000
2008-04-07,0.2012159352,0.1911113536,0.2026870060,0.1772436017,0.1642646924,0.0634774112,0.0000000000
2008-04-08,0.2017966433,0.1903915893,0.2026031089,0.1763366558,0.1648912763,0.0639807264,0.0000000000
2008-04-09,0.2002783399,0.1881987340,0.2008517538,0.1800707617,0.1655676647,0.0650327458,0.0000000000
2008-04-10,0.2002755650,0.1906120329,0.2008365916,0.1788035260,0.1648197741,0.0646525104,0.0000000000
2008-04-11,0.1990666849,0.1878657011,0.2000516605,0.1803137734,0.1674259575,0.0652762226,0.0000000000
2008-04-14,0.1987854109,0.1873851620,0.2001244669,0.1802925610,0.1675596546,0.0658527447,0.0000000000
2008-04-15,0.1987249242,0.1871465718,0.2005308955,0.1809038135,0.1662235911,0.0664702040,0.0000000000
2008-04-16,0.2001935908,0.1886713339,0.2023223525,0.1805499396,0.1624439314,0.0658188519,0.0000000000
2008-04-17,0.2009839060,0.1887228750,0.2021795047,0.1796203632,0.1628153147,0.0656780364,0.0000000000
2008-04-18,0.2017089000,0.1934103715,0.2028008139,0.1746675585,0.1621444732,0.0652678830,0.0000000000
2008-04-21,0.2015093915,0.1944858749,0.2031379258,0.1736945242,0.1619180866,0.0652541969,0.0000000000
2008-04-22,0.2015212839,0.1924503326,0.2026829202,0.1745116068,0.1628831256,0.0659507310,0.0000000000
2008-04-23,0.2013211400,0.1946857292,0.2032186411,0.1725856944,0.1628216633,0.0653671320,0.0000000000
2008-04-24,0.2028215101,0.1970364292,0.2037195997,0.1692369719,0.1627153224,0.0644701665,0.0000000000
2008-04-25,0.2038254217,0.1956981316,0.2046292899,0.1686118605,0.1618621701,0.0653731262,0.0000000000
2008-04-28,0.2034373527,0.1956562585,0.2045395165,0.1690644352,0.1619166644,0.0653857725,0.0000000000
2008-04-29,0.2037895997,0.1982696548,0.2043100555,0.1663816474,0.1630784262,0.0641706164,0.0000000000
2008-04-30,0.2026473771,0.1967027754,0.2044012374,0.1680595617,0.1641178859,0.0640711625,0.0000000000
2008-05-01,0.2054827383,0.2015802019,0.2061666313,0.1618320801,0.1627641262,0.0621742221,0.0000000000
2008-05-02,0.2052275628,0.2010634696,0.2060499187,0.1623179164,0.1618441387,0.0634969939,0.0000000000
2008-05-05,0.2037199479,0.1999744662,0.2050209828,0.1651384958,0.1614941965,0.0646519109,0.0000000000
2008-05-06,0.2043064191,0.2000543541,0.2055875110,0.1648766561,0.1600485227,0.0651265369,0.0000000000
2008-05-07,0.2031324431,0.1988281553,0.2041773876,0.1653413353,0.1624767183,0.0660439604,0.0000000000
2008-05-08,0.2014765683,0.1991991881,0.2034617174,0.1671383423,0.1619812210,0.0667429630,0.0000000000
2008-05-09,0.2012202507,0.1985356521,0.2027017195,0.1675831447,0.1621413069,0.0678179262,0.0000000000
2008-05-12,0.2022951416,0.2009822947,0.2037438295,0.1657876774,0.1609133713,0.0662776855,0.0000000000
2008-05-13,0.2029593045,0.2021472756,0.2042905500,0.1632494385,0.1605012875,0.0668521440,0.0000000000
2008-05-14,0.2035694017,0.2018851401,0.2047850039,0.1630392586,0.1608895297,0.0658316660,0.0000000000
2008-05-15,0.2032392975,0.2025547885,0.2049036715,0.1641612772,0.1594881485,0.0656528168,0.0000000000
2008-05-16,0.2022293411,0.2015258206,0.2047312902,0.1671359351,0.1581630036,0.0662146093,0.0000000000
2008-05-19,0.2027624184,0.2000556598,0.2048007967,0.1676635550,0.1584114130,0.0663061572,0.0000000000
2008-05-20,0.2013203709,0.1987240948,0.2030874982,0.1706671643,0.1589123412,0.0672885305,0.0000000000
2008-05-21,0.1993156182,0.1957026792,0.2015440347,0.1738790538,0.1598178399,0.0697407742,0.0000000000
2008-05-22,0.1998064339,0.1968488250,0.2027918898,0.1724251096,0.1592320513,0.0688956904,0.0000000000
2008-05-23,0.1980685666,0.1971741465,0.2010708170,0.1737236046,0.1606058695,0.0693569959,0.0000000000
2008-05-27,0.1995127747,0.2006275828,0.2017904181,0.1701425127,0.1596889707,0.0682377410,0.0000000000
2008-05-28,0.2000667881,0.2010768977,0.2022423651,0.1694129983,0.1586577404,0.0685432105,0.0000000000
2008-05-29,0.2018772789,0.2036855858,0.2035734649,0.1650729361,0.1588509877,0.0669397466,0.0000000000
2008-05-30,0.2013056020,0.2039070288,0.2032067603,0.1659791116,0.1585714480,0.0670300493,0.0000000000
2008-06-02,0.2000769517,0.2022803894,0.2019285730,0.1676602599,0.1598409769,0.0682128491,0.0000000000
2008-06-03,0.2002799335,0.2025601029,0.2021119538,0.1667420632,0.1612447450,0.0670612016,0.0000000000
2008-06-04,0.2002009079,0.2051806552,0.2015446869,0.1663193485,0.1606886791,0.0660657224,0.0000000000
2008-06-05,0.2016121090,0.2057921056,0.2029976472,0.1638289572,0.1580664136,0.0677027674,0.0000000000
2008-06-06,0.1974381464,0.2019114315,0.1989005123,0.1707261099,0.1607853665,0.0702384333,0.0000000000
2008-06-09,0.1984281794,0.2013602289,0.1995733265,0.1691112890,0.1603870652,0.0711399109,0.0000000000
2008-06-10,0.1994006507,0.2024002062,0.1994617005,0.1660540135,0.1611246807,0.0715587484,0.0000000000
2008-06-11,0.1974410239,0.1985009384,0.1976150877,0.1697447406,0.1621344334,0.0745637761,0.0000000000
2008-06-12,0.1986834125,0.1992022239,0.1984662086,0.1673881804,0.1615286403,0.0747313344,0.0000000000
2008-06-13,0.1995321218,0.2015129614,0.1990738560,0.1664502257,0.1597903315,0.0736405036,0.0000000000
2008-06-16,0.1987055510,0.2023434110,0.1985734142,0.1679409369,0.1592115203,0.0732251666,0.0000000000
2008-06-17,0.1978627850,0.2013874219,0.1983803954,0.1685063125,0.1598534036,0.0740096815,0.0000000000
2008-06-18,0.1963594888,0.1996603507,0.1970613399,0.1708638567,0.1608740072,0.0751809566,0.0000000000
2008-06-19,0.1963860548,0.2025495876,0.1969047943,0.1709414807,0.1598731801,0.0733449025,0.0000000000
2008-06-20,0.1952477780,0.1991708043,0.1951018055,0.1737902814,0.1620559189,0.0746334118,0.0000000000
2008-06-23,0.1960609580,0.1986361265,0.1960407617,0.1710338774,0.1626796944,0.0755485821,0.0000000000
2008-06-24,0.1958488064,0.1978002046,0.1956305948,0.1719343776,0.1631524814,0.0756335353,0.0000000000
2008-06-25,0.1957170342,0.1999316779,0.1961441116,0.1709127328,0.1623567927,0.0749376508,0.0000000000
2008-06-26,0.1922880385,0.1937632991,0.1926741563,0.1789048247,0.1641788198,0.0781908615,0.0000000000
2008-06-27,0.1910592471,0.1935818266,0.1921832188,0.1804337052,0.1644182215,0.0783237808,0.0000000000
2008-06-30,0.1922435829,0.1920559199,0.1928503323,0.1807753534,0.1649379100,0.0771369015,0.0000000000
2008-07-01,0.1919057322,0.1938290327,0.1902069774,0.1823753616,0.1635672587,0.0781156375,0.0000000000
2008-07-02,0.1902214014,0.1907837373,0.1890119954,0.1849389234,0.1647598454,0.0802840972,0.0000000000
2008-07-03,0.1907656890,0.1907908019,0.1898664214,0.1830698205,0.1651109868,0.0803962804,0.0000000000
2008-07-07,0.1894513881,0.1925895207,0.1901112977,0.1820284936,0.1662478200,0.0795714798,0.0000000000
2008-07-08,0.1917927449,0.1961330999,0.1894543569,0.1803285327,0.1660112455,0.0762800202,0.0000000000
2008-07-09,0.1898505470,0.1927050425,0.1890098944,0.1832890496,0.1682077745,0.0769376920,0.0000000000
2008-07-10,0.1889161763,0.1932379332,0.1870016315,0.1856745286,0.1668475768,0.0783221536,0.0000000000
2008-07-11,0.1872228206,0.1906826054,0.1866875044,0.1894242659,0.1663553787,0.0796274251,0.0000000000
2008-07-14,0.1858931107,0.1896412746,0.1864252126,0.1912913263,0.1669308616,0.0798182141,0.0000000000
2008-07-15,0.1845297025,0.1909852741,0.1848185590,0.1931255193,0.1687287568,0.0778121882,0.0000000000
2008-07-16,0.1877227382,0.1943502006,0.1872795515,0.1883105681,0.1662557960,0.0760811456,0.0000000000
2008-07-17,0.1891091338,0.1951290117,0.1891818660,0.1873849221,0.1650952021,0.0740998643,0.0000000000
2008-07-18,0.1914036508,0.1917581686,0.1900947993,0.1883842351,0.1650964136,0.0732627326,0.0000000000
2008-07-21,0.1905249351,0.1915847497,0.1897045866,0.1893058828,0.1651099852,0.0737698606,0.0000000000
2008-07-22,0.1932771587,0.1921721528,0.1913471504,0.1857739486,0.1650504688,0.0723791208,0.0000000000
2008-07-23,0.1945829445,0.1949642872,0.1930977975,0.1810447894,0.1654708511,0.0708393303,0.0000000000
2008-07-24,0.1921758255,0.1936862611,0.1904654152,0.1841268743,0.1680471707,0.0714984532,0.0000000000
2008-07-25,0.1916939334,0.1957547897,0.1908646741,0.1844332485,0.1668105960,0.0704427583,0.0000000000
2008-07-28,0.1904733165,0.1936964751,0.1893975753,0.1860672228,0.1689762197,0.0713891905,0.0000000000
2008-07-29,0.1932672278,0.1964143975,0.1899826929,0.1825522845,0.1676687224,0.0701146749,0.0000000000
2008-07-30,0.1953379628,0.1960330440,0.1918075683,0.1791371139,0.1666821414,0.0710021696,0.0000000000
2008-07-31,0.1934522991,0.1962678876,0.1905651401,0.1809103947,0.1681397226,0.0706645559,0.0000000000
2008-08-01,0.1937171449,0.1950595303,0.1907253253,0.1810890833,0.1690641822,0.0703447340,0.0000000000
2008-08-04,0.1942995748,0.1954974503,0.1902694327,0.1804068497,0.1706630803,0.0688636123,0.0000000000
2008-08-05,0.1972652946,0.1997952955,0.1927219122,0.1741833057,0.1684308873,0.0676033047,0.0000000000
2008-08-06,0.1970731722,0.2017468657,0.1929505878,0.1743714205,0.1673377196,0.0665202342,0.0000000000
2008-08-07,0.1958525053,0.2019568798,0.1902184718,0.1747942666,0.1696989819,0.0674788946,0.0000000000
2008-08-08,0.1984552767,0.2054668179,0.1917347518,0.1705332723,0.1685638198,0.0652460614,0.0000000000
2008-08-11,0.2009293293,0.2077667185,0.1932902044,0.1642098946,0.1684921250,0.0653117282,0.0000000000
2008-08-12,0.1999643954,0.2091617171,0.1917002473,0.1638978775,0.1701615741,0.0651141886,0.0000000000
2008-08-13,0.1987107131,0.2086738685,0.1895311456,0.1659747893,0.1698309940,0.0672784894,0.0000000000
2008-08-14,0.2001952890,0.2110644450,0.1903585267,0.1614656287,0.1702273721,0.0666887386,0.0000000000
2008-08-15,0.2018735254,0.2114086399,0.1908643899,0.1585189558,0.1713191777,0.0660153112,0.0000000000
2008-08-18,0.2001820296,0.2100722861,0.1886970835,0.1617720292,0.1725313286,0.0667452430,0.0000000000
2008-08-19,0.1984271732,0.2079169679,0.1874853126,0.1654752517,0.1727665076,0.0679287869,0.0000000000
2008-08-20,0.1987472371,0.2076419738,0.1886148333,0.1642167202,0.1725196066,0.0682596291,0.0000000000
2008-08-21,0.1974344966,0.2049534385,0.1884877646,0.1674077033,0.1711191409,0.0705974561,0.0000000000
2008-08-22,0.1999906166,0.2073515732,0.1892031233,0.1646774592,0.1706742336,0.0681029940,0.0000000000
2008-08-25,0.1983270690,0.2054648572,0.1879938938,0.1663806340,0.1732925717,0.0685409742,0.0000000000
2008-08-26,0.1985613400,0.2048453637,0.1886386635,0.1667090563,0.1727872039,0.0684583725,0.0000000000
2008-08-27,0.1995731225,0.2052217271,0.1880132987,0.1662087906,0.1721986571,0.0687844041,0.0000000000
2008-08-28,0.2002817224,0.2051373180,0.1903669657,0.1664612431,0.1708919975,0.0668607534,0.0000000000
2008-08-29,0.2000138940,0.2027381001,0.1904482420,0.1670846326,0.1724673022,0.0672478291,0.0000000000
2008-09-02,0.2018731352,0.2033569002,0.1880246763,0.1644791892,0.1757414534,0.0665246458,0.0000000000
2008-09-03,0.2022046719,0.2019415263,0.1891511772,0.1642456678,0.1761465054,0.0663104513,0.0000000000
2008-09-04,0.2003085153,0.1995833358,0.1860786563,0.1666926727,0.1805722320,0.0667645878,0.0000000000
2008-09-05,0.2012385575,0.1989201561,0.1851411248,0.1681982838,0.1803052162,0.0661966616,0.0000000000
2008-09-08,0.2034113102,0.1966360265,0.1885416175,0.1663204717,0.1796802959,0.0654102782,0.0000000000
2008-09-09,0.2017071561,0.1966915599,0.1878885212,0.1648648490,0.1844414894,0.0644064244,0.0000000000
2008-09-10,0.2027198804,0.1985035616,0.1895974484,0.1601256071,0.1844913383,0.0645621642,0.0000000000
2008-09-11,0.2049813860,0.2015535657,0.1888514331,0.1571512841,0.1836541196,0.0638082115,0.0000000000
2008-09-12,0.2044405108,0.1993169355,0.1895876477,0.1612888014,0.1815913361,0.0637747685,0.0000000000
2008-09-15,0.1989293021,0.1973038801,0.1857518757,0.1691659438,0.1862574573,0.0625915411,0.0000000000
2008-09-16,0.2016282389,0.1982311974,0.1882539747,0.1669643486,0.1837945905,0.0611276499,0.0000000000
2008-09-17,0.1941915425,0.1895381245,0.1795753798,0.1873875946,0.1858101494,0.0634972091,0.0000000000
2008-09-18,0.1969228522,0.1929788527,0.1861616274,0.1788031651,0.1824858794,0.0626476232,0.0000000000
2008-09-19,0.1978245827,0.1925527885,0.1905890998,0.1793959393,0.1771081020,0.0625294877,0.0000000000
2008-09-22,0.1961659279,0.1861623873,0.1863690698,0.1887866400,0.1768804729,0.0656355022,0.0000000000
2008-09-23,0.1931319223,0.1861279157,0.1889756551,0.1883598341,0.1779299841,0.0654746888,0.0000000000
2008-09-24,0.1952769719,0.1888884789,0.1844564334,0.1863826007,0.1795480683,0.0654474469,0.0000000000
2008-09-25,0.1960636831,0.1897004635,0.1875339514,0.1836995172,0.1771741885,0.0658281964,0.0000000000
2008-09-26,0.1964145722,0.1880232293,0.1895770058,0.1843411443,0.1765090688,0.0651349795,0.0000000000
2008-09-29,0.1887509212,0.1804918443,0.1851380420,0.1987107026,0.1832050642,0.0637034257,0.0000000000
2008-09-30,0.1949863839,0.1842039509,0.1862949643,0.1872134085,0.1823456032,0.0649556891,0.0000000000
2008-10-01,0.1961604264,0.1832498806,0.1845600897,0.1902184532,0.1820261071,0.0637850430,0.0000000000
2008-10-02,0.1961545363,0.1814988228,0.1811985701,0.1890154006,0.1896079040,0.0625247662,0.0000000000
2008-10-03,0.1947672986,0.1798480834,0.1807874681,0.1908478622,0.1922862553,0.0614630324,0.0000000000
2008-10-06,0.1893491237,0.1775068780,0.1763386200,0.1994962869,0.1970291647,0.0602799267,0.0000000000
2008-10-07,0.1853344560,0.1703582422,0.1723857586,0.2116740499,0.1977187835,0.0625287098,0.0000000000
2008-10-08,0.1818558346,0.1701152017,0.1708306249,0.2183180409,0.1950252292,0.0638550687,0.0000000000
2008-10-09,0.1738117932,0.1701031414,0.1671393616,0.2255321728,0.2008595118,0.0625540192,0.0000000000
2008-10-10,0.1773735916,0.1767752603,0.1692788299,0.2183484529,0.1957031915,0.0625206737,0.0000000000
2008-10-13,0.1884565316,0.1839583975,0.1781811661,0.1995837419,0.1885926552,0.0612275077,0.0000000000
2008-10-14,0.1863404516,0.1766368932,0.1826257458,0.2008203006,0.1932548530,0.0603217558,0.0000000000
2008-10-15,0.1774486353,0.1698670817,0.1694875926,0.2149847214,0.2073952024,0.0608167665,0.0000000000
2008-10-16,0.1837686935,0.1780434385,0.1724938038,0.2034242857,0.2029452888,0.0593244897,0.0000000000
2008-10-17,0.1838613136,0.1794257025,0.1719404120,0.1993784643,0.2050084106,0.0603856970,0.0000000000
2008-10-20,0.1880807961,0.1779654364,0.1775415903,0.1956095298,0.2013600883,0.0594425591,0.0000000000
2008-10-21,0.1885631175,0.1743845952,0.1721214547,0.1957857639,0.2099139961,0.0592310727,0.0000000000
2008-10-22,0.1855697508,0.1764837281,0.1660091361,0.1921957576,0.2210116563,0.0587299712,0.0000000000
2008-10-23,0.1887402171,0.1767478927,0.1665406689,0.1903845265,0.2183026420,0.0592840528,0.0000000000
2008-10-24,0.1821708913,0.1739334783,0.1680910637,0.1978490989,0.2200881192,0.0578673487,0.0000000000
2008-10-27,0.1799119683,0.1731506266,0.1625091135,0.2025037562,0.2231109914,0.0588135440,0.0000000000
2008-10-28,0.1901287445,0.1819407792,0.1630169406,0.1958865162,0.2118506996,0.0571763199,0.0000000000
2008-10-29,0.1853857643,0.1782494030,0.1719146497,0.1929427621,0.2120347606,0.0594726603,0.0000000000
2008-10-30,0.1903208139,0.1827751421,0.1720663629,0.1881181913,0.2101387658,0.0565807241,0.0000000000
2008-10-31,0.1917983650,0.1834649159,0.1724531379,0.1849885550,0.2099547825,0.0573402437,0.0000000000
2008-11-03,0.1931892047,0.1838702413,0.1733053308,0.1851676315,0.2075131859,0.0569544059,0.0000000000
2008-11-04,0.1923619021,0.1820831485,0.1758756178,0.1893000028,0.2030425698,0.0573367590,0.0000000000
2008-11-05,0.1903564997,0.1782814753,0.1721425552,0.1886018855,0.2129236145,0.0576939699,0.0000000000
2008-11-06,0.1860549163,0.1762283105,0.1676229206,0.1935987501,0.2194118098,0.0570832926,0.0000000000
2008-11-07,0.1884501863,0.1763540556,0.1723728842,0.1905595668,0.2162244469,0.0560388602,0.0000000000
2008-11-10,0.1868446135,0.1747874912,0.1715624487,0.1942966281,0.2158416901,0.0566671284,0.0000000000
2008-11-11,0.1847467565,0.1744479823,0.1680942566,0.1941137570,0.2218840606,0.0567131871,0.0000000000
2008-11-12,0.1826412359,0.1720669866,0.1658760570,0.1950226812,0.2274684160,0.0569246233,0.0000000000
2008-11-13,0.1861879294,0.1751795182,0.1710662866,0.1928912440,0.2190257901,0.0556492317,0.0000000000
2008-11-14,0.1813627832,0.1708765371,0.1649199924,0.2009142135,0.2252300884,0.0566963854,0.0000000000
2008-11-17,0.1807396531,0.1689479686,0.1651480745,0.2011184809,0.2280859762,0.0559598467,0.0000000000
2008-11-18,0.1836181997,0.1682871665,0.1658715383,0.2001574582,0.2271071078,0.0549585296,0.0000000000
2008-11-19,0.1775679879,0.1648037013,0.1600486776,0.2061017468,0.2353372691,0.0561406173,0.0000000000
2008-11-20,0.1696773540,0.1618750156,0.1542484082,0.2162386561,0.2429616695,0.0549988966,0.0000000000
2008-11-21,0.1714257029,0.1619111875,0.1594706723,0.2225246690,0.2310367142,0.0536310540,0.0000000000
2008-11-24,0.1763341139,0.1652739717,0.1613686129,0.2196559891,0.2222288704,0.0551384420,0.0000000000
2008-11-25,0.1766171742,0.1635670188,0.1620858302,0.2182825839,0.2264602335,0.0529871594,0.0000000000
2008-11-26,0.1803562472,0.1675520281,0.1632246080,0.2133105329,0.2217966024,0.0537599813,0.0000000000
2008-11-28,0.1827612656,0.1663615936,0.1645993435,0.2132818640,0.2215324222,0.0514635112,0.0000000000
2008-12-01,0.1759108121,0.1624751506,0.1595299759,0.2121690947,0.2372517930,0.0526631738,0.0000000000
2008-12-02,0.1784467425,0.1640136109,0.1632737520,0.2108132558,0.2319861536,0.0514664853,0.0000000000
2008-12-03,0.1810077954,0.1670734604,0.1649869181,0.2067289868,0.2298141918,0.0503886475,0.0000000000
2008-12-04,0.1802063327,0.1654535159,0.1618862186,0.2088068070,0.2349913721,0.0486557537,0.0000000000
2008-12-05,0.1835160259,0.1700941843,0.1650371721,0.2036040931,0.2308709676,0.0468775569,0.0000000000
2008-12-08,0.1850400717,0.1722487897,0.1674476899,0.2028411170,0.2246403610,0.0477819707,0.0000000000
2008-12-09,0.1828037223,0.1726164688,0.1657755786,0.2040958391,0.2277606737,0.0469477175,0.0000000000
2008-12-10,0.1814737637,0.1696333986,0.1667764415,0.2102559673,0.2241691204,0.0476913085,0.0000000000
2008-12-11,0.1782545458,0.1660549842,0.1653533682,0.2140105981,0.2267999532,0.0495265505,0.0000000000
2008-12-12,0.1788466505,0.1679801439,0.1654469253,0.2126090051,0.2249355305,0.0501817446,0.0000000000
2008-12-15,0.1768680354,0.1655174595,0.1646302144,0.2179510773,0.2261293178,0.0489038956,0.0000000000
2008-12-16,0.1794915204,0.1681241725,0.1682701835,0.2159984389,0.2200385059,0.0480771788,0.0000000000
2008-12-17,0.1780341296,0.1663515345,0.1677298889,0.2188249741,0.2215633478,0.0474961250,0.0000000000
2008-12-18,0.1773262870,0.1658805177,0.1649730774,0.2180486964,0.2262994849,0.0474719365,0.0000000000
2008-12-19,0.1773243545,0.1679623168,0.1650674652,0.2157507984,0.2265419099,0.0473531552,0.0000000000
2008-12-22,0.1760518818,0.1652442897,0.1642010232,0.2191623200,0.2290643306,0.0462761547,0.0000000000
2008-12-23,0.1749188051,0.1650438754,0.1633436794,0.2178382341,0.2322102209,0.0466451850,0.0000000000
2008-12-24,0.1750422865,0.1646594691,0.1635706341,0.2189112453,0.2321269250,0.0456894400,0.0000000000
2008-12-26,0.1746709433,0.1633115501,0.1636791953,0.2227628089,0.2295308308,0.0460446715,0.0000000000
2008-12-29,0.1737742470,0.1615979147,0.1632044178,0.2242039841,0.2307740515,0.0464453851,0.0000000000
2008-12-30,0.1759680180,0.1631690055,0.1656612339,0.2206219837,0.2283643215,0.0462154374,0.0000000000
2008-12-31,0.2105263158,0.2105263158,0.2105263158,0.1578947368,0.1578947368,0.0526315789,0.0000000000
2009-01-02,0.2123108511,0.2150385711,0.2116606081,0.1540560166,0.1536098976,0.0533240555,0.0000000000
2009-01-05,0.2120204898,0.2149295217,0.2122463160,0.1509016030,0.1560287279,0.0538733417,0.0000000000
2009-01-06,0.2124779728,0.2161027914,0.2105469575,0.1513799591,0.1544571293,0.0550351900,0.0000000000
2009-01-07,0.2115337724,0.2154858840,0.2112966645,0.1510177480,0.1570645866,0.0536013445,0.0000000000
2009-01-08,0.2114350837,0.2167652415,0.2096409328,0.1534405429,0.1551617527,0.0535564463,0.0000000000
2009-01-09,0.2103994918,0.2154802306,0.2080105534,0.1550333922,0.1572443084,0.0538320236,0.0000000000
2009-01-12,0.2099094192,0.2162406608,0.2072171426,0.1525115890,0.1615858325,0.0525353560,0.0000000000
2009-01-13,0.2102866617,0.2163045367,0.2054247401,0.1527316152,0.1618455149,0.0534069315,0.0000000000
2009-01-14,0.2085587085,0.2147434671,0.2029807916,0.1542882271,0.1655037496,0.0539250561,0.0000000000
2009-01-15,0.2071706097,0.2167390259,0.2039088378,0.1543589440,0.1643277536,0.0534948290,0.0000000000
2009-01-16,0.2063101282,0.2165190229,0.2039418147,0.1569268331,0.1632105051,0.0530916961,0.0000000000
2009-01-20,0.2026552690,0.2133928430,0.1959388785,0.1662983643,0.1683710753,0.0533435700,0.0000000000
2009-01-21,0.2058566260,0.2166326403,0.2010466501,0.1612223604,0.1630903897,0.0521513335,0.0000000000
2009-01-22,0.2048280761,0.2160074163,0.1992566350,0.1637695840,0.1641174960,0.0520207926,0.0000000000
2009-01-23,0.2032739493,0.2144789778,0.1971559525,0.1693803442,0.1619126556,0.0537981206,0.0000000000
2009-01-26,0.2036417752,0.2149540394,0.1974990347,0.1693304804,0.1609426851,0.0536319852,0.0000000000
2009-01-27,0.2045442852,0.2152775477,0.2001535679,0.1672917107,0.1608476090,0.0518852795,0.0000000000
2009-01-28,0.2072870134,0.2184377016,0.2022351096,0.1622054314,0.1577623439,0.0520724000,0.0000000000
2009-01-29,0.2044525163,0.2170377362,0.1973697778,0.1692956583,0.1594024485,0.0524418629,0.0000000000
2009-01-30,0.2016442355,0.2146605025,0.1958367344,0.1738843615,0.1614896151,0.0524845510,0.0000000000
2009-02-02,0.2019133656,0.2181943273,0.1963572002,0.1699192887,0.1619173545,0.0516984638,0.0000000000
2009-02-03,0.2031031859,0.2198252845,0.1986275519,0.1678510870,0.1599040130,0.0506888777,0.0000000000
2009-02-04,0.2022472222,0.2202703370,0.1973688147,0.1693139444,0.1597918729,0.0510078088,0.0000000000
2009-02-05,0.2014456750,0.2209507018,0.2021772303,0.1679217266,0.1563280987,0.0511765677,0.0000000000
2009-02-06,0.2046268608,0.2239319343,0.2008382801,0.1648719473,0.1548109262,0.0509200514,0.0000000000
2009-02-09,0.2053128670,0.2253030399,0.2006534598,0.1628550282,0.1551312767,0.0507443284,0.0000000000
2009-02-10,0.2005748041,0.2221759313,0.1958587502,0.1703028371,0.1598024867,0.0512851905,0.0000000000
2009-02-11,0.2007274340,0.2200218386,0.1962385246,0.1733401688,0.1589553875,0.0507166465,0.0000000000
2009-02-12,0.1998812053,0.2216194183,0.1948134398,0.1741302434,0.1590127760,0.0505429172,0.0000000000
2009-02-13,0.1990128362,0.2220348051,0.1953527661,0.1740929461,0.1595577066,0.0499489399,0.0000000000
2009-02-17,0.1953875377,0.2186757283,0.1896343891,0.1841543499,0.1637797941,0.0483682008,0.0000000000
2009-02-18,0.1947777930,0.2186670524,0.1883506826,0.1868359131,0.1633239842,0.0480445747,0.0000000000
2009-02-19,0.1940947871,0.2168793588,0.1891872733,0.1859909009,0.1642616505,0.0495860294,0.0000000000
2009-02-20,0.1930792090,0.2184678660,0.1842445580,0.1907942374,0.1641609243,0.0492532052,0.0000000000
2009-02-23,0.1894397761,0.2145264520,0.1844936637,0.1940051362,0.1679033150,0.0496316571,0.0000000000
2009-02-24,0.1934971275,0.2180890654,0.1886687348,0.1850616532,0.1649098212,0.0497735978,0.0000000000
2009-02-25,0.1935891919,0.2184724345,0.1875000487,0.1835063439,0.1661496697,0.0507823114,0.0000000000
2009-02-26,0.1924708566,0.2146224397,0.1881751186,0.1852829062,0.1670412258,0.0524074531,0.0000000000
2009-02-27,0.1902040728,0.2149134937,0.1872532578,0.1864209501,0.1688640845,0.0523441412,0.0000000000
2009-03-02,0.1873650461,0.2145242904,0.1832828361,0.1887709076,0.1747744675,0.0512824524,0.0000000000
2009-03-03,0.1868603762,0.2154028506,0.1826394139,0.1878298620,0.1753956172,0.0518718801,0.0000000000
2009-03-04,0.1881427161,0.2175126184,0.1872446257,0.1825877784,0.1717058946,0.0528063668,0.0000000000
2009-03-05,0.1833202699,0.2143335382,0.1824138760,0.1917372777,0.1750048539,0.0531901843,0.0000000000
2009-03-06,0.1835779529,0.2125637238,0.1816962958,0.1922976088,0.1754160590,0.0544483596,0.0000000000
2009-03-09,0.1841672616,0.2111876134,0.1812660002,0.1915711027,0.1768519434,0.0549560786,0.0000000000
2009-03-10,0.1890907366,0.2172758248,0.1881161078,0.1806468954,0.1717589176,0.0531115178,0.0000000000
2009-03-11,0.1892500185,0.2193721239,0.1871990554,0.1818304176,0.1712002826,0.0511481020,0.0000000000
2009-03-12,0.1913419316,0.2204698145,0.1888249575,0.1806032532,0.1666851029,0.0520749403,0.0000000000
2009-03-13,0.1914061397,0.2193679725,0.1927236341,0.1796565339,0.1656125218,0.0512331980,0.0000000000
2009-03-16,0.1925236891,0.2176214791,0.1902006927,0.1802607771,0.1665699621,0.0528233999,0.0000000000
2009-03-17,0.1947348667,0.2216759001,0.1921966262,0.1754395734,0.1629946963,0.0529583374,0.0000000000
2009-03-18,0.1950276788,0.2198878115,0.1926775899,0.1776778711,0.1622028799,0.0525261688,0.0000000000
2009-03-19,0.1925485368,0.2196673150,0.1916129822,0.1800234398,0.1625481832,0.0535995432,0.0000000000
2009-03-20,0.1908428158,0.2190724077,0.1905329415,0.1808422394,0.1636926569,0.0550169386,0.0000000000
2009-03-23,0.1967601610,0.2231499007,0.1974493050,0.1711479259,0.1574581241,0.0540345834,0.0000000000
2009-03-24,0.1963603603,0.2229819392,0.1952504593,0.1720949590,0.1592049935,0.0541072887,0.0000000000
2009-03-25,0.1972000635,0.2226214841,0.1967360035,0.1729641667,0.1575256611,0.0529526212,0.0000000000
2009-03-26,0.1981707079,0.2260125754,0.1970591616,0.1702511640,0.1554485978,0.0530577932,0.0000000000
2009-03-27,0.1978424084,0.2254691720,0.1948163646,0.1707584297,0.1581695594,0.0529440659,0.0000000000
2009-03-30,0.1954925807,0.2250748329,0.1911687253,0.1734011613,0.1626421406,0.0522205593,0.0000000000
2009-03-31,0.1954689408,0.2249103474,0.1933309690,0.1723613176,0.1619596440,0.0519687811,0.0000000000
2009-04-01,0.1968100865,0.2254481147,0.1949827540,0.1716610786,0.1598950782,0.0512028880,0.0000000000
2009-04-02,0.1988814232,0.2284709097,0.1995331448,0.1644112872,0.1564909589,0.0522122762,0.0000000000
2009-04-03,0.1998243186,0.2315152068,0.1994062673,0.1613347555,0.1551741914,0.0527452605,0.0000000000
2009-04-06,0.2000910772,0.2330767131,0.1991679738,0.1585127874,0.1565766198,0.0525748287,0.0000000000
2009-04-07,0.1981605848,0.2301154952,0.1973418575,0.1635035753,0.1585166179,0.0523618694,0.0000000000
2009-04-08,0.1983567372,0.2317313033,0.1984998391,0.1616776838,0.1574984932,0.0522359434,0.0000000000
2009-04-09,0.2018099305,0.2337797276,0.2010086048,0.1576566851,0.1538853761,0.0518596760,0.0000000000
2009-04-13,0.2008294386,0.2322366161,0.2011932044,0.1597073931,0.1542150335,0.0518183143,0.0000000000
2009-04-14,0.1995450712,0.2319445578,0.2006504706,0.1605332816,0.1558865734,0.0514400455,0.0000000000
2009-04-15,0.2008159151,0.2303176806,0.2022283506,0.1600878955,0.1556527583,0.0508974000,0.0000000000
2009-04-16,0.2022052150,0.2344853237,0.2030346516,0.1557976447,0.1541906300,0.0502865350,0.0000000000
2009-04-17,0.2037294417,0.2351734731,0.2028211992,0.1548543471,0.1534644031,0.0499571358,0.0000000000
2009-04-20,0.1998311237,0.2330313788,0.1981433817,0.1617547829,0.1580186002,0.0492207326,0.0000000000
2009-04-21,0.2014891699,0.2336789940,0.2003348952,0.1598610483,0.1557825370,0.0488533557,0.0000000000
2009-04-22,0.2003139023,0.2344598893,0.1992327012,0.1608078602,0.1562433785,0.0489422685,0.0000000000
2009-04-23,0.1999009004,0.2339628957,0.2010238569,0.1614986828,0.1546035802,0.0490100840,0.0000000000
2009-04-24,0.2005293672,0.2352549112,0.2008543401,0.1612482882,0.1529469535,0.0491661398,0.0000000000
2009-04-27,0.1998588223,0.2369891147,0.1998179323,0.1609604285,0.1541344398,0.0482392626,0.0000000000
2009-04-28,0.2005737302,0.2368189296,0.1995097452,0.1597519463,0.1551279899,0.0482176587,0.0000000000
2009-04-29,0.2019575910,0.2366947813,0.2018508914,0.1585452656,0.1523129273,0.0486385434,0.0000000000
2009-04-30,0.2013690081,0.2382874048,0.2030082696,0.1561324828,0.1525522496,0.0486505851,0.0000000000
2009-05-01,0.2015675313,0.2378697229,0.2044894354,0.1548806955,0.1512998774,0.0498927376,0.0000000000
2009-05-04,0.2036363831,0.2370030221,0.2074617786,0.1542636574,0.1479411885,0.0496939703,0.0000000000
2009-05-05,0.2035926615,0.2375595342,0.2069056859,0.1540775055,0.1487241392,0.0491404737,0.0000000000
2009-05-06,0.2049104563,0.2350902772,0.2079591571,0.1546606298,0.1474707051,0.0499087744,0.0000000000
2009-05-07,0.2044020381,0.2322437546,0.2079819537,0.1562755103,0.1485153386,0.0505814046,0.0000000000
2009-05-08,0.2061239826,0.2289941984,0.2122395643,0.1549286728,0.1466270387,0.0510865432,0.0000000000
2009-05-11,0.2043133868,0.2321222709,0.2081817551,0.1559919490,0.1482132482,0.0511773900,0.0000000000
2009-05-12,0.2035438625,0.2290984469,0.2091682386,0.1576208701,0.1489122701,0.0516563118,0.0000000000
2009-05-13,0.2018779038,0.2268395556,0.2066288763,0.1610573382,0.1516413976,0.0519549285,0.0000000000
2009-05-14,0.2023660034,0.2279819362,0.2069049380,0.1599693256,0.1508049912,0.0519728057,0.0000000000
2009-05-15,0.2013093438,0.2285210297,0.2064086630,0.1613601468,0.1515932807,0.0508075360,0.0000000000
2009-05-18,0.2032690705,0.2302214657,0.2105303006,0.1563711238,0.1484040137,0.0512040257,0.0000000000
2009-05-19,0.2024475324,0.2306405399,0.2107774520,0.1569624912,0.1481133484,0.0510586362,0.0000000000
2009-05-20,0.2008477083,0.2295565286,0.2104004804,0.1589949178,0.1483828187,0.0518175461,0.0000000000
2009-05-21,0.1993908396,0.2269630664,0.2099751510,0.1629192893,0.1489856194,0.0517660343,0.0000000000
2009-05-22,0.1988777501,0.2261207031,0.2106102237,0.1633674975,0.1485250728,0.0524987528,0.0000000000
2009-05-26,0.2005626232,0.2306281156,0.2113872777,0.1599717906,0.1457127165,0.0517374764,0.0000000000
2009-05-27,0.1989422225,0.2313164295,0.2098744962,0.1610296102,0.1463503644,0.0524868772,0.0000000000
2009-05-28,0.1994797364,0.2314009380,0.2108863617,0.1605910474,0.1447858732,0.0528560433,0.0000000000
2009-05-29,0.1999589548,0.2307249591,0.2106502087,0.1614655733,0.1441340611,0.0530662431,0.0000000000
2009-06-01,0.2014681910,0.2334513404,0.2133456483,0.1580630778,0.1400304738,0.0536412686,0.0000000000
2009-06-02,0.2011613884,0.2332190900,0.2124952588,0.1587269451,0.1406587424,0.0537385752,0.0000000000
2009-06-03,0.2010901592,0.2354111245,0.2106500886,0.1574517894,0.1428048098,0.0525920284,0.0000000000
2009-06-04,0.2008964499,0.2356243509,0.2105089021,0.1588399460,0.1401685425,0.0539618086,0.0000000000
2009-06-05,0.2021347768,0.2372848752,0.2107163189,0.1556009338,0.1402739225,0.0539891728,0.0000000000
2009-06-08,0.2019663063,0.2373569558,0.2104220660,0.1558652937,0.1403578156,0.0540315627,0.0000000000
2009-06-09,0.2017229422,0.2376694308,0.2109554503,0.1553348015,0.1401064419,0.0542109333,0.0000000000
2009-06-10,0.2017215410,0.2374336955,0.2108518014,0.1557784495,0.1400694191,0.0541450935,0.0000000000
2009-06-11,0.2016486374,0.2362965913,0.2130196544,0.1547681195,0.1398866343,0.0543803631,0.0000000000
2009-06-12,0.2029573088,0.2360848510,0.2132359970,0.1528100283,0.1410953800,0.0538164348,0.0000000000
2009-06-15,0.2019922859,0.2355548051,0.2105861793,0.1538452340,0.1442613825,0.0537601131,0.0000000000
2009-06-16,0.2005516405,0.2347790617,0.2091052449,0.1562590068,0.1454026610,0.0539023852,0.0000000000
2009-06-17,0.1998909916,0.2364759326,0.2077315416,0.1566096851,0.1453526227,0.0539392264,0.0000000000
2009-06-18,0.2014858174,0.2361693475,0.2083423252,0.1554564636,0.1445022300,0.0540438162,0.0000000000
2009-06-19,0.2013363292,0.2376510039,0.2080141617,0.1552605546,0.1443924452,0.0533455054,0.0000000000
2009-06-22,0.1999772057,0.2360761064,0.2064620608,0.1566271851,0.1480705008,0.0527869412,0.0000000000
2009-06-23,0.1993535666,0.2346192137,0.2078871033,0.1566712383,0.1479731132,0.0534957649,0.0000000000
2009-06-24,0.1994561702,0.2366575008,0.2081303332,0.1563184767,0.1463948090,0.0530427100,0.0000000000
2009-06-25,0.2005786877,0.2375048756,0.2092011932,0.1552990148,0.1447524454,0.0526637833,0.0000000000
2009-06-26,0.2000406854,0.2380105432,0.2093029594,0.1552535661,0.1451674829,0.0522247631,0.0000000000
2009-06-29,0.2010977846,0.2375697405,0.2101564574,0.1542071706,0.1444535034,0.0525153435,0.0000000000
2009-06-30,0.2010686881,0.2390129773,0.2082955208,0.1539900350,0.1456391684,0.0519936104,0.0000000000
2009-07-01,0.2006024891,0.2376079591,0.2106550675,0.1550310951,0.1446493612,0.0514540280,0.0000000000
2009-07-02,0.1990350126,0.2370393883,0.2085273196,0.1561844712,0.1478941464,0.0513196619,0.0000000000
2009-07-06,0.1998277932,0.2367399356,0.2090808278,0.1559819803,0.1483834252,0.0499860379,0.0000000000
2009-07-07,0.1988117314,0.2342209383,0.2078584725,0.1581680194,0.1510331920,0.0499076465,0.0000000000
2009-07-08,0.1990273835,0.2358580132,0.2076759748,0.1559322391,0.1521286521,0.0493777372,0.0000000000
2009-07-09,0.1988303799,0.2355768454,0.2088980042,0.1558955784,0.1512572798,0.0495419124,0.0000000000
2009-07-10,0.1983911575,0.2366341111,0.2079592214,0.1560445218,0.1517998302,0.0491711580,0.0000000000
2009-07-13,0.2002860634,0.2376949125,0.2089225322,0.1548405233,0.1495371645,0.0487188040,0.0000000000
2009-07-14,0.2006179518,0.2376134111,0.2094665356,0.1552843161,0.1484929225,0.0485248628,0.0000000000
2009-07-15,0.2016886291,0.2398907862,0.2116115689,0.1540655560,0.1440955346,0.0486479253,0.0000000000
2009-07-16,0.2006299508,0.2418645893,0.2118294471,0.1530711055,0.1440211176,0.0485837898,0.0000000000
2009-07-17,0.2018991167,0.2420459376,0.2113231202,0.1522873694,0.1433616538,0.0490828024,0.0000000000
2009-07-20,0.2016884339,0.2415448052,0.2128354228,0.1527398152,0.1418730754,0.0493184475,0.0000000000
2009-07-21,0.2019849813,0.2424373924,0.2121671287,0.1520153724,0.1424092608,0.0489858643,0.0000000000
2009-07-22,0.2013575099,0.2437608167,0.2121784677,0.1520793780,0.1415141060,0.0491097217,0.0000000000
2009-07-23,0.2027783876,0.2454797119,0.2137149551,0.1495548662,0.1390803856,0.0493916937,0.0000000000
2009-07-24,0.2036487975,0.2436559094,0.2143178183,0.1498247832,0.1391076543,0.0494450374,0.0000000000
2009-07-27,0.2035353293,0.2446675425,0.2143496213,0.1497793067,0.1382006288,0.0494675713,0.0000000000
2009-07-28,0.2038820573,0.2445463725,0.2148232384,0.1481656879,0.1393453058,0.0492373381,0.0000000000
2009-07-29,0.2041310023,0.2470795915,0.2132987894,0.1472420164,0.1401044429,0.0481441575,0.0000000000
2009-07-30,0.2041652943,0.2459964389,0.2154336351,0.1464156305,0.1388555112,0.0491334901,0.0000000000
2009-07-31,0.2033140309,0.2438817988,0.2158433643,0.1483477529,0.1387804668,0.0498325863,0.0000000000
2009-08-03,0.2038926420,0.2442052317,0.2175515030,0.1471709856,0.1366292245,0.0505504132,0.0000000000
2009-08-04,0.2042789165,0.2440360618,0.2166884289,0.1483380830,0.1361217984,0.0505367113,0.0000000000
2009-08-05,0.2041247907,0.2426628296,0.2169306198,0.1488112545,0.1362918479,0.0511786575,0.0000000000
2009-08-06,0.2042963069,0.2419803395,0.2168065566,0.1494273097,0.1371835832,0.0503059041,0.0000000000
2009-08-07,0.2059661256,0.2438576963,0.2172886680,0.1473624751,0.1356997943,0.0498252408,0.0000000000
2009-08-10,0.2063163305,0.2430618173,0.2167310072,0.1466261901,0.1372723851,0.0499922697,0.0000000000
2009-08-11,0.2052753719,0.2427880497,0.2160266272,0.1475069966,0.1387917537,0.0496112010,0.0000000000
2009-08-12,0.2056655346,0.2444066297,0.2165096675,0.1464706283,0.1375123318,0.0494352082,0.0000000000
2009-08-13,0.2056230275,0.2438419630,0.2175038115,0.1465341565,0.1367870462,0.0497099952,0.0000000000
2009-08-14,0.2058784715,0.2432111619,0.2171966627,0.1467156887,0.1382582134,0.0487398018,0.0000000000
2009-08-17,0.2051046304,0.2412008710,0.2152447375,0.1476118015,0.1418020444,0.0490359152,0.0000000000
2009-08-18,0.2048413466,0.2424108557,0.2161801518,0.1469802210,0.1400438863,0.0495435386,0.0000000000
2009-08-19,0.2054580040,0.2426919038,0.2158321651,0.1468857591,0.1395262739,0.0496058941,0.0000000000
2009-08-20,0.2061602444,0.2438591123,0.2168429121,0.1454746872,0.1388029538,0.0488600902,0.0000000000
2009-08-21,0.2074143355,0.2438323016,0.2183202526,0.1456921735,0.1361689227,0.0485720141,0.0000000000
2009-08-24,0.2076825352,0.2439288960,0.2188961279,0.1438538768,0.1369142153,0.0487243489,0.0000000000
2009-08-25,0.2076892781,0.2441897633,0.2190771559,0.1442327241,0.1368779808,0.0479330978,0.0000000000
2009-08-26,0.2079157599,0.2440085191,0.2185870901,0.1444227231,0.1372122850,0.0478536229,0.0000000000
2009-08-27,0.2078302839,0.2439696453,0.2186627023,0.1446631569,0.1367452407,0.0481289709,0.0000000000
2009-08-28,0.2075814802,0.2439660787,0.2183889781,0.1455724967,0.1365158363,0.0479751301,0.0000000000
2009-08-31,0.2073739480,0.2434172818,0.2179972696,0.1459980445,0.1381749897,0.0470384665,0.0000000000
2009-09-01,0.2056941351,0.2422655142,0.2162835376,0.1488743701,0.1399063314,0.0469761116,0.0000000000
2009-09-02,0.2041168819,0.2411387467,0.2158289673,0.1519118709,0.1401026745,0.0469008586,0.0000000000
2009-09-03,0.2043462309,0.2410048141,0.2166481251,0.1528197764,0.1388494643,0.0463315892,0.0000000000
2009-09-04,0.2050679158,0.2436459936,0.2171236936,0.1513493970,0.1371502081,0.0456627919,0.0000000000
2009-09-08,0.2050896890,0.2438633094,0.2192192644,0.1499175365,0.1357952983,0.0461149024,0.0000000000
2009-09-09,0.2055182093,0.2445953238,0.2199848065,0.1485511731,0.1353037027,0.0460467846,0.0000000000
2009-09-10,0.2058453911,0.2448082184,0.2203880961,0.1482232089,0.1348337500,0.0459013355,0.0000000000
2009-09-11,0.2056090602,0.2448097875,0.2199120840,0.1497182018,0.1346917090,0.0452591574,0.0000000000
2009-09-14,0.2064139520,0.2455200728,0.2203920759,0.1483345844,0.1343703736,0.0449689413,0.0000000000
2009-09-15,0.2062762982,0.2450971731,0.2202771127,0.1490351893,0.1335163358,0.0457978909,0.0000000000
2009-09-16,0.2067696406,0.2455514351,0.2212595797,0.1486672636,0.1319417615,0.0458103194,0.0000000000
2009-09-17,0.2066549349,0.2457238861,0.2211023145,0.1479577043,0.1326876222,0.0458735379,0.0000000000
2009-09-18,0.2070114664,0.2464031260,0.2214469262,0.1471195323,0.1325014078,0.0455175412,0.0000000000
2009-09-21,0.2071407708,0.2479395368,0.2203161394,0.1471210838,0.1328185046,0.0446639647,0.0000000000
2009-09-22,0.2068137486,0.2465773378,0.2218106569,0.1479832841,0.1317522647,0.0450627079,0.0000000000
2009-09-23,0.2066670896,0.2473025624,0.2206852489,0.1478611121,0.1330939112,0.0443900758,0.0000000000
2009-09-24,0.2064658874,0.2475781762,0.2196491493,0.1474284767,0.1346132949,0.0442650155,0.0000000000
2009-09-25,0.2063115023,0.2465319308,0.2201307406,0.1472730202,0.1356350311,0.0441177749,0.0000000000
2009-09-28,0.2075889544,0.2478447707,0.2208526909,0.1456536189,0.1340616865,0.0439982786,0.0000000000
2009-09-29,0.2073180089,0.2471563758,0.2209149296,0.1464739737,0.1342268827,0.0439098292,0.0000000000
2009-09-30,0.2059566182,0.2466618067,0.2200541468,0.1482061472,0.1341060691,0.0450152119,0.0000000000
2009-10-01,0.2048487254,0.2441342795,0.2186092237,0.1496916513,0.1370951977,0.0456209223,0.0000000000
2009-10-02,0.2044509107,0.2440848219,0.2181337383,0.1508366584,0.1372074249,0.0452864459,0.0000000000
2009-10-05,0.2050826009,0.2431850811,0.2185579527,0.1512746660,0.1356976814,0.0462020179,0.0000000000
2009-10-06,0.2053657435,0.2443346404,0.2184379224,0.1530247562,0.1337742955,0.0450626419,0.0000000000
2009-10-07,0.2053042851,0.2442890035,0.2188174423,0.1526789685,0.1339034187,0.0450068817,0.0000000000
2009-10-08,0.2051617068,0.2433013588,0.2200051019,0.1533070917,0.1327050097,0.0455197312,0.0000000000
2009-10-09,0.2062026215,0.2444350300,0.2200914232,0.1519690175,0.1316474538,0.0456544541,0.0000000000
2009-10-12,0.2060304348,0.2437935549,0.2201816603,0.1523087517,0.1313264316,0.0463591667,0.0000000000
2009-10-13,0.2053936982,0.2435949583,0.2194881580,0.1531773762,0.1315153909,0.0468304184,0.0000000000
2009-10-14,0.2064683076,0.2440042772,0.2219808339,0.1512566753,0.1296554978,0.0466344082,0.0000000000
2009-10-15,0.2074722016,0.2437305398,0.2225011504,0.1495191300,0.1296118810,0.0471650972,0.0000000000
2009-10-16,0.2069783911,0.2433885282,0.2210878256,0.1507541306,0.1302646200,0.0475265046,0.0000000000
2009-10-19,0.2066746014,0.2434618696,0.2220410573,0.1508181748,0.1292670043,0.0477372925,0.0000000000
2009-10-20,0.2065060594,0.2446119477,0.2207503779,0.1503182214,0.1301584303,0.0476549632,0.0000000000
2009-10-21,0.2050155943,0.2445915885,0.2202757780,0.1510650599,0.1303019021,0.0487500773,0.0000000000
2009-10-22,0.2059187781,0.2441558096,0.2212481675,0.1504500094,0.1293609838,0.0488662516,0.0000000000
2009-10-23,0.2050754062,0.2449459501,0.2198295243,0.1509396771,0.1301591057,0.0490503366,0.0000000000
2009-10-26,0.2048205216,0.2465157895,0.2189714033,0.1500014184,0.1310673012,0.0486235659,0.0000000000
2009-10-27,0.2051865793,0.2443424960,0.2185066513,0.1509466258,0.1324257994,0.0485918483,0.0000000000
2009-10-28,0.2050419631,0.2432867026,0.2163256300,0.1520534179,0.1350736803,0.0482186061,0.0000000000
2009-10-29,0.2052836714,0.2424905803,0.2194322909,0.1519351685,0.1321267914,0.0487314975,0.0000000000
2009-10-30,0.2036491765,0.2410864266,0.2162494589,0.1549809073,0.1355030037,0.0485310269,0.0000000000
2009-11-02,0.2037789443,0.2404766047,0.2162288670,0.1560820013,0.1343875535,0.0490460292,0.0000000000
2009-11-03,0.2031718781,0.2397595655,0.2153747681,0.1588720192,0.1333854918,0.0494362773,0.0000000000
2009-11-04,0.2030793557,0.2394390951,0.2161277182,0.1593431730,0.1327645632,0.0492460949,0.0000000000
2009-11-05,0.2041434283,0.2421790061,0.2168290154,0.1571086175,0.1313898107,0.0483501220,0.0000000000
2009-11-06,0.2042943952,0.2431517070,0.2164222873,0.1574735295,0.1312565122,0.0474015688,0.0000000000
2009-11-09,0.2051771990,0.2438645749,0.2188609159,0.1557260003,0.1290610468,0.0473102631,0.0000000000
2009-11-10,0.2051447154,0.2443978049,0.2183835956,0.1559606726,0.1290540765,0.0470591350,0.0000000000
2009-11-11,0.2049571307,0.2444924389,0.2183756046,0.1567565808,0.1283296852,0.0470885598,0.0000000000
2009-11-12,0.2047278687,0.2453226126,0.2171913325,0.1561833897,0.1297629515,0.0468118450,0.0000000000
2009-11-13,0.2042714731,0.2454660944,0.2177452962,0.1571880134,0.1289120082,0.0464171147,0.0000000000
2009-11-16,0.2045265591,0.2447359182,0.2182625940,0.1578059519,0.1275307979,0.0471381789,0.0000000000
2009-11-17,0.2044924161,0.2451789272,0.2174777412,0.1580754269,0.1274696172,0.0473058713,0.0000000000
2009-11-18,0.2042634845,0.2436848729,0.2191970202,0.1583928528,0.1271407417,0.0473210279,0.0000000000
2009-11-19,0.2041125260,0.2428814177,0.2164800590,0.1604370648,0.1288590671,0.0472298655,0.0000000000
2009-11-20,0.2038959717,0.2422615348,0.2155682534,0.1617546259,0.1292301894,0.0472894248,0.0000000000
2009-11-23,0.2039922787,0.2431925542,0.2165283883,0.1617113277,0.1276452970,0.0469301542,0.0000000000
2009-11-24,0.2045592408,0.2426673764,0.2156082970,0.1625357017,0.1281807657,0.0464486184,0.0000000000
2009-11-25,0.2035959682,0.2417187259,0.2163973982,0.1638595702,0.1272511328,0.0471772047,0.0000000000
2009-11-27,0.2033780434,0.2417261778,0.2140472479,0.1641622619,0.1293248125,0.0473614566,0.0000000000
2009-11-30,0.2033560922,0.2411636443,0.2142487481,0.1644167861,0.1290952803,0.0477194489,0.0000000000
2009-12-01,0.2034223530,0.2407561350,0.2161717219,0.1649052274,0.1272486615,0.0474959012,0.0000000000
2009-12-02,0.2028053639,0.2404611270,0.2160050156,0.1670011673,0.1266784163,0.0470489099,0.0000000000
2009-12-03,0.2021771552,0.2406189249,0.2155557429,0.1671202751,0.1272933747,0.0472345271,0.0000000000
2009-12-04,0.2043114285,0.2430459760,0.2169907997,0.1609231601,0.1276514723,0.0470771634,0.0000000000
2009-12-07,0.2047798581,0.2428154559,0.2166793042,0.1606306085,0.1282625329,0.0468322404,0.0000000000
2009-12-08,0.2045542354,0.2437617461,0.2159592569,0.1591557572,0.1297319523,0.0468370522,0.0000000000
2009-12-09,0.2047574160,0.2455454260,0.2157684022,0.1585627272,0.1292412869,0.0461247416,0.0000000000
2009-12-10,0.2052954585,0.2460328376,0.2161208099,0.1580599256,0.1287565555,0.0457344128,0.0000000000
2009-12-11,0.2065674295,0.2455642269,0.2168899939,0.1562230137,0.1286987917,0.0460565444,0.0000000000
2009-12-14,0.2065160229,0.2461558242,0.2170504502,0.1564284954,0.1278658862,0.0459833212,0.0000000000
2009-12-15,0.2065035926,0.2459027616,0.2164054868,0.1571067910,0.1280995091,0.0459818588,0.0000000000
2009-12-16,0.2058020164,0.2450254077,0.2166316939,0.1582919347,0.1277015921,0.0465473551,0.0000000000
2009-12-17,0.2066896624,0.2460427621,0.2158741880,0.1547796920,0.1300231999,0.0465904956,0.0000000000
2009-12-18,0.2060649204,0.2478946934,0.2150110686,0.1557453546,0.1289010122,0.0463829508,0.0000000000
2009-12-21,0.2077054266,0.2501361877,0.2156901131,0.1525531344,0.1280797836,0.0458353546,0.0000000000
2009-12-22,0.2079640868,0.2510496819,0.2164299167,0.1510862805,0.1274126445,0.0460573897,0.0000000000
2009-12-23,0.2073701116,0.2516634425,0.2165765959,0.1508968508,0.1268478679,0.0466451313,0.0000000000
2009-12-24,0.2068555926,0.2521595935,0.2163295908,0.1523581237,0.1257190369,0.0465780625,0.0000000000
2009-12-28,0.2067625562,0.2528223510,0.2162701007,0.1522318463,0.1246344027,0.0472787431,0.0000000000
2009-12-29,0.2070684395,0.2525140524,0.2167980222,0.1511547635,0.1251444455,0.0473202769,0.0000000000
2009-12-30,0.2070479697,0.2533469899,0.2164039100,0.1504338424,0.1254923031,0.0472749849,0.0000000000
2009-12-31,0.2105263158,0.2105263158,0.2105263158,0.1578947368,0.1578947368,0.0526315789,0.0000000000
2010-01-04,0.2105675124,0.2100881667,0.2119090865,0.1588952516,0.1554724655,0.0530675172,0.0000000000
2010-01-05,0.2107439062,0.2097090837,0.2121502833,0.1584640801,0.1558979255,0.0530347211,0.0000000000
2010-01-06,0.2101761369,0.2077362038,0.2124814373,0.1605316660,0.1552787162,0.0537958398,0.0000000000
2010-01-07,0.2114084696,0.2082112732,0.2120149121,0.1597992029,0.1553527415,0.0532134008,0.0000000000
2010-01-08,0.2111309172,0.2089538615,0.2124164199,0.1598494714,0.1547237741,0.0529255559,0.0000000000
2010-01-11,0.2110148701,0.2076966005,0.2126695361,0.1616589520,0.1543038350,0.0526562065,0.0000000000
2010-01-12,0.2112579275,0.2072675239,0.2125154079,0.1599523369,0.1569294234,0.0520773804,0.0000000000
2010-01-13,0.2115825039,0.2084102753,0.2126825763,0.1603659637,0.1551963671,0.0517623137,0.0000000000
2010-01-14,0.2116972208,0.2081402309,0.2127954228,0.1607230810,0.1552643378,0.0513797067,0.0000000000
2010-01-15,0.2112427461,0.2076059847,0.2123932830,0.1605046230,0.1569909546,0.0512624086,0.0000000000
2010-01-19,0.2118640656,0.2089659504,0.2128653364,0.1599365748,0.1552560036,0.0511120692,0.0000000000
2010-01-20,0.2126125766,0.2088119716,0.2115150120,0.1583991837,0.1578134180,0.0508478381,0.0000000000
2010-01-21,0.2113988310,0.2097082306,0.2096831242,0.1582685688,0.1600349272,0.0509063183,0.0000000000
2010-01-22,0.2100235427,0.2068638262,0.2086918756,0.1605243680,0.1627121937,0.0511841937,0.0000000000
2010-01-25,0.2102470028,0.2067273070,0.2094332372,0.1603378098,0.1620389839,0.0512156593,0.0000000000
2010-01-26,0.2097806832,0.2073238208,0.2088060004,0.1607750286,0.1625619757,0.0507524914,0.0000000000
2010-01-27,0.2108868059,0.2090671656,0.2081681266,0.1593171323,0.1625209910,0.0500397785,0.0000000000
2010-01-28,0.2108425978,0.2060093350,0.2074260030,0.1610567220,0.1642312349,0.0504341074,0.0000000000
2010-01-29,0.2104294293,0.2042372540,0.2072165636,0.1617137040,0.1660912077,0.0503118414,0.0000000000
2010-02-01,0.2106762197,0.2035572363,0.2084294355,0.1630200982,0.1635151985,0.0508018117,0.0000000000
2010-02-02,0.2111071150,0.2033513151,0.2095236629,0.1625619671,0.1620768633,0.0513790766,0.0000000000
2010-02-03,0.2107460790,0.2051417930,0.2084262305,0.1624539160,0.1623136254,0.0509183561,0.0000000000
2010-02-04,0.2100404325,0.2048620837,0.2067401940,0.1604116853,0.1673232069,0.0506223976,0.0000000000
2010-02-05,0.2104175433,0.2065364328,0.2048984160,0.1608444771,0.1673418818,0.0499612490,0.0000000000
2010-02-08,0.2099430402,0.2060721234,0.2045898824,0.1606605186,0.1685008953,0.0502335401,0.0000000000
2010-02-09,0.2100844995,0.2057530425,0.2065460453,0.1608652302,0.1662204600,0.0505307225,0.0000000000
2010-02-10,0.2102155088,0.2058548242,0.2059628434,0.1608377934,0.1662674842,0.0508615459,0.0000000000
2010-02-11,0.2100200501,0.2066082312,0.2063021467,0.1620644280,0.1641238173,0.0508813268,0.0000000000
2010-02-12,0.2101383736,0.2073232963,0.2053328316,0.1621544822,0.1643847393,0.0506662770,0.0000000000
2010-02-16,0.2100742019,0.2066605445,0.2062489183,0.1634405593,0.1621932349,0.0513825412,0.0000000000
2010-02-17,0.2107232188,0.2074852207,0.2067011818,0.1626215426,0.1614301520,0.0510386842,0.0000000000
2010-02-18,0.2108667916,0.2077063255,0.2068098836,0.1628595777,0.1605314973,0.0512259243,0.0000000000
2010-02-19,0.2114049779,0.2077129634,0.2064166678,0.1621817899,0.1607318594,0.0515517415,0.0000000000
2010-02-22,0.2117251785,0.2075725383,0.2068892168,0.1618048168,0.1606679141,0.0513403355,0.0000000000
2010-02-23,0.2114853929,0.2071654892,0.2054100040,0.1618384807,0.1630379439,0.0510626893,0.0000000000
2010-02-24,0.2122439515,0.2081130453,0.2060016835,0.1601481121,0.1623026233,0.0511905843,0.0000000000
2010-02-25,0.2119361677,0.2080461673,0.2055358360,0.1615495444,0.1626134880,0.0503187965,0.0000000000
2010-02-26,0.2110866288,0.2078242393,0.2057657808,0.1624630956,0.1618904688,0.0509697866,0.0000000000
2010-03-01,0.2118478672,0.2094278088,0.2061970731,0.1613731640,0.1610404439,0.0501136430,0.0000000000
2010-03-02,0.2111809128,0.2088335106,0.2067324109,0.1627515848,0.1601512510,0.0503503299,0.0000000000
2010-03-03,0.2108456254,0.2085449325,0.2069001125,0.1632404870,0.1597545686,0.0507142739,0.0000000000
2010-03-04,0.2114020172,0.2091498889,0.2072083294,0.1620078495,0.1599832781,0.0502486370,0.0000000000
2010-03-05,0.2122745142,0.2101762866,0.2087834851,0.1603551056,0.1580769066,0.0503337018,0.0000000000
2010-03-08,0.2124430159,0.2107139224,0.2091529919,0.1591076162,0.1582807463,0.0503017074,0.0000000000
2010-03-09,0.2125977185,0.2116936495,0.2089578899,0.1587277374,0.1583146972,0.0497083075,0.0000000000
2010-03-10,0.2131484652,0.2130167542,0.2095287946,0.1566280569,0.1579150541,0.0497628750,0.0000000000
2010-03-11,0.2135795569,0.2133712003,0.2094624574,0.1564796303,0.1575765582,0.0495305969,0.0000000000
2010-03-12,0.2137623101,0.2135803659,0.2100065597,0.1556626409,0.1577127548,0.0492753685,0.0000000000
2010-03-15,0.2140632984,0.2132837590,0.2093847399,0.1564332230,0.1580903299,0.0487446498,0.0000000000
2010-03-16,0.2137823920,0.2126623592,0.2097845948,0.1579111522,0.1569193340,0.0489401679,0.0000000000
2010-03-17,0.2145884076,0.2127867127,0.2102352744,0.1564164845,0.1567024014,0.0492707194,0.0000000000
2010-03-18,0.2143432307,0.2133663028,0.2092975668,0.1573876138,0.1564692696,0.0491360162,0.0000000000
2010-03-19,0.2148908338,0.2136993061,0.2093248539,0.1556316559,0.1575467582,0.0489065922,0.0000000000
2010-03-22,0.2153902921,0.2149859528,0.2092666486,0.1544043449,0.1571931829,0.0487595787,0.0000000000
2010-03-23,0.2157209897,0.2152846297,0.2099695283,0.1543737003,0.1563648400,0.0482863121,0.0000000000
2010-03-24,0.2164015491,0.2159830496,0.2099423546,0.1527142383,0.1568265401,0.0481322683,0.0000000000
2010-03-25,0.2163357487,0.2159537929,0.2095515301,0.1536069442,0.1566276815,0.0479243026,0.0000000000
2010-03-26,0.2153765253,0.2153496632,0.2095567173,0.1556114604,0.1562818864,0.0478237473,0.0000000000
2010-03-29,0.2155620204,0.2152018592,0.2103544403,0.1549911292,0.1552507958,0.0486397551,0.0000000000
2010-03-30,0.2156156220,0.2158222575,0.2107837620,0.1538128734,0.1552432861,0.0487221989,0.0000000000
2010-03-31,0.2149896540,0.2149051019,0.2107011045,0.1552874302,0.1554112997,0.0487054098,0.0000000000
2010-04-01,0.2149903265,0.2134463448,0.2118561260,0.1560878409,0.1542984462,0.0493209155,0.0000000000
2010-04-05,0.2154353344,0.2141415239,0.2121671197,0.1560330327,0.1524226521,0.0498003372,0.0000000000
2010-04-06,0.2156156327,0.2144324679,0.2118918569,0.1559929802,0.1523831157,0.0496839467,0.0000000000
2010-04-07,0.2145719022,0.2140921551,0.2104433451,0.1581827623,0.1531662064,0.0495436288,0.0000000000
2010-04-08,0.2149819594,0.2142442603,0.2104440480,0.1581626218,0.1527817451,0.0493853653,0.0000000000
2010-04-09,0.2150193838,0.2141502493,0.2111456618,0.1585392128,0.1519724416,0.0491730508,0.0000000000
2010-04-12,0.2152824333,0.2142466821,0.2114852957,0.1576027072,0.1522683270,0.0491145546,0.0000000000
2010-04-13,0.2152175893,0.2151116746,0.2110778908,0.1569910900,0.1523567055,0.0492450497,0.0000000000
2010-04-14,0.2158417564,0.2158662258,0.2118373074,0.1561492089,0.1509098700,0.0493956315,0.0000000000
2010-04-15,0.2155428272,0.2163390867,0.2111407371,0.1566590637,0.1508514796,0.0494668057,0.0000000000
2010-04-16,0.2151532402,0.2168133525,0.2099885513,0.1555347552,0.1532484406,0.0492616602,0.0000000000
2010-04-19,0.2160912343,0.2168092131,0.2098795041,0.1555001868,0.1530593729,0.0486604888,0.0000000000
2010-04-20,0.2167910389,0.2166748375,0.2102659292,0.1550541289,0.1524441035,0.0487699621,0.0000000000
2010-04-21,0.2160133831,0.2175085161,0.2091559234,0.1559599587,0.1524364948,0.0489257239,0.0000000000
2010-04-22,0.2165758337,0.2186431449,0.2084315067,0.1552484893,0.1520728136,0.0490282119,0.0000000000
2010-04-23,0.2166810697,0.2182378406,0.2088754938,0.1561792874,0.1509716592,0.0490546493,0.0000000000
2010-04-26,0.2164086820,0.2183131635,0.2090361472,0.1559655599,0.1513389253,0.0489375221,0.0000000000
2010-04-27,0.2142670877,0.2166896180,0.2054134363,0.1608000270,0.1539569559,0.0488728751,0.0000000000
2010-04-28,0.2155575741,0.2164828151,0.2054182366,0.1601007410,0.1534812957,0.0489593376,0.0000000000
2010-04-29,0.2160075787,0.2180108659,0.2067327860,0.1584287642,0.1519765506,0.0488434547,0.0000000000
2010-04-30,0.2140868126,0.2154683523,0.2056915534,0.1612388146,0.1538842230,0.0496302440,0.0000000000
2010-05-03,0.2151050515,0.2167178057,0.2059127757,0.1604456650,0.1523487838,0.0494699183,0.0000000000
2010-05-04,0.2144173097,0.2145809454,0.2031482389,0.1625669308,0.1561444065,0.0491421687,0.0000000000
2010-05-05,0.2144126765,0.2147476917,0.2017137793,0.1638506529,0.1569566040,0.0483185956,0.0000000000
2010-05-06,0.2110772164,0.2113627209,0.1975035616,0.1717721062,0.1600521734,0.0482322215,0.0000000000
2010-05-07,0.2102761457,0.2084160139,0.1982646060,0.1733815885,0.1611425255,0.0485191204,0.0000000000
2010-05-10,0.2128779028,0.2125972871,0.2032014608,0.1671274609,0.1562397338,0.0479561547,0.0000000000
2010-05-11,0.2119315552,0.2120329776,0.2004239994,0.1712439689,0.1565709845,0.0477965143,0.0000000000
2010-05-12,0.2126224354,0.2137467375,0.2007284534,0.1704716258,0.1547522059,0.0476785419,0.0000000000
2010-05-13,0.2120215417,0.2124075765,0.2004208138,0.1709386027,0.1564812033,0.0477302620,0.0000000000
2010-05-14,0.2110421479,0.2111847497,0.1984008400,0.1730132215,0.1592053395,0.0471537015,0.0000000000
2010-05-17,0.2115215361,0.2122295146,0.1991293852,0.1718607483,0.1593617070,0.0458971089,0.0000000000
2010-05-18,0.2104296834,0.2110901091,0.1974578775,0.1735200317,0.1612757689,0.0462265294,0.0000000000
2010-05-19,0.2110637947,0.2112417421,0.1978736827,0.1708499521,0.1627651659,0.0462056624,0.0000000000
2010-05-20,0.2084206882,0.2087338437,0.1953760410,0.1741432407,0.1668915330,0.0464346534,0.0000000000
2010-05-21,0.2093899922,0.2089706550,0.1977111228,0.1715127973,0.1659602935,0.0464551391,0.0000000000
2010-05-24,0.2075889355,0.2090235779,0.1955302480,0.1746694835,0.1665770089,0.0466107461,0.0000000000
2010-05-25,0.2078691404,0.2092795871,0.1942537660,0.1755045024,0.1668363032,0.0462567009,0.0000000000
2010-05-26,0.2071993182,0.2075228238,0.1936070158,0.1776645789,0.1671178482,0.0468884151,0.0000000000
2010-05-27,0.2088860410,0.2100796161,0.1976973793,0.1736273941,0.1626325830,0.0470769865,0.0000000000
2010-05-28,0.2078246315,0.2104224401,0.1954729694,0.1752205324,0.1640332833,0.0470261433,0.0000000000
2010-06-01,0.2057523708,0.2099375530,0.1944205124,0.1779705192,0.1654492528,0.0464697918,0.0000000000
2010-06-02,0.2077864510,0.2115261150,0.1967438508,0.1749787083,0.1626748486,0.0462900262,0.0000000000
2010-06-03,0.2084102405,0.2134443181,0.1968512267,0.1722441010,0.1625258967,0.0465242169,0.0000000000
2010-06-04,0.2054607687,0.2106129134,0.1935527793,0.1778252618,0.1664862072,0.0460620697,0.0000000000
2010-06-07,0.2038728857,0.2077716716,0.1920892292,0.1821235810,0.1677731604,0.0463694722,0.0000000000
2010-06-08,0.2052374948,0.2065716426,0.1940522882,0.1806678683,0.1669168025,0.0465539036,0.0000000000
2010-06-09,0.2048918755,0.2055961391,0.1942690080,0.1806735697,0.1676263933,0.0469430144,0.0000000000
2010-06-10,0.2075767229,0.2081473583,0.1972987429,0.1754970188,0.1645011699,0.0469789872,0.0000000000
2010-06-11,0.2074399259,0.2089799762,0.1970440525,0.1760596150,0.1636913139,0.0467851164,0.0000000000
2010-06-14,0.2072647449,0.2090817021,0.1970857400,0.1755820995,0.1640395681,0.0469461454,0.0000000000
2010-06-15,0.2080051592,0.2106659547,0.1992282726,0.1742942146,0.1609655938,0.0468408051,0.0000000000
2010-06-16,0.2080028629,0.2115962157,0.1987709180,0.1734034797,0.1612648000,0.0469617236,0.0000000000
2010-06-17,0.2075546752,0.2114755708,0.1981195416,0.1750060501,0.1610380028,0.0468061594,0.0000000000
2010-06-18,0.2074409727,0.2113061671,0.1980345318,0.1760537439,0.1605180186,0.0466465659,0.0000000000
2010-06-21,0.2079491117,0.2106242049,0.1995204306,0.1734759791,0.1617235562,0.0467067174,0.0000000000
2010-06-22,0.2058894285,0.2104020306,0.1976343821,0.1761797648,0.1629790887,0.0469153053,0.0000000000
2010-06-23,0.2057249521,0.2100217251,0.1983808801,0.1758599932,0.1637703226,0.0462421268,0.0000000000
2010-06-24,0.2042872298,0.2088445087,0.1967550440,0.1780873360,0.1652265479,0.0467993336,0.0000000000
2010-06-25,0.2040325250,0.2077552292,0.1969989678,0.1792552232,0.1645634392,0.0473946154,0.0000000000
2010-06-28,0.2044087072,0.2080584943,0.1970116692,0.1777027211,0.1656980171,0.0471203910,0.0000000000
2010-06-29,0.2024108422,0.2043884752,0.1947289573,0.1818417970,0.1698124980,0.0468174304,0.0000000000
2010-06-30,0.2016315662,0.2024262864,0.1943876257,0.1834974305,0.1707973077,0.0472597836,0.0000000000
2010-07-01,0.2025001584,0.2036344860,0.1966544942,0.1780539143,0.1722105207,0.0469464264,0.0000000000
2010-07-02,0.2014074724,0.2030717889,0.1964125755,0.1802695395,0.1719780731,0.0468605506,0.0000000000
2010-07-06,0.2022989729,0.2032624119,0.1985176154,0.1768822311,0.1721450020,0.0468937667,0.0000000000
2010-07-07,0.2042897130,0.2053480008,0.2001240917,0.1749819935,0.1683104227,0.0469457783,0.0000000000
2010-07-08,0.2053975825,0.2055546861,0.2009084820,0.1734376364,0.1675337580,0.0471678550,0.0000000000
2010-07-09,0.2056151215,0.2061885257,0.2009978995,0.1740256647,0.1662194054,0.0469533832,0.0000000000
2010-07-12,0.2061590678,0.2072019381,0.2005185135,0.1728702231,0.1667382941,0.0465119633,0.0000000000
2010-07-13,0.2070123794,0.2076234576,0.2015977948,0.1724920516,0.1645229786,0.0467513380,0.0000000000
2010-07-14,0.2066904005,0.2083712401,0.2013509016,0.1721521472,0.1648370044,0.0465983062,0.0000000000
2010-07-15,0.2065191871,0.2083244779,0.2014187238,0.1718607694,0.1648863583,0.0469904835,0.0000000000
2010-07-16,0.2048650504,0.2066351984,0.1994558474,0.1729981071,0.1687150876,0.0473307091,0.0000000000
2010-07-19,0.2055167000,0.2078415850,0.2002413449,0.1711394495,0.1681013791,0.0471595416,0.0000000000
2010-07-20,0.2059901042,0.2085228985,0.2008373278,0.1710005462,0.1665161344,0.0471329889,0.0000000000
2010-07-21,0.2051542797,0.2075293872,0.1997585981,0.1713660991,0.1687606626,0.0474309734,0.0000000000
2010-07-22,0.2061028326,0.2090990809,0.2017061701,0.1698675480,0.1656852852,0.0475390831,0.0000000000
2010-07-23,0.2071995950,0.2097234135,0.2028147681,0.1681865681,0.1648421510,0.0472335042,0.0000000000
2010-07-26,0.2084136730,0.2105003763,0.2034328046,0.1666061864,0.1640683273,0.0469786324,0.0000000000
2010-07-27,0.2091120593,0.2111334517,0.2042768025,0.1642705148,0.1645715401,0.0466356316,0.0000000000
2010-07-28,0.2083997838,0.2100933201,0.2039878047,0.1651665045,0.1653840361,0.0469685507,0.0000000000
2010-07-29,0.2076015778,0.2087604991,0.2041530632,0.1660805363,0.1657110053,0.0476933183,0.0000000000
2010-07-30,0.2068483690,0.2084959411,0.2038340261,0.1672457526,0.1654158120,0.0481600993,0.0000000000
2010-08-02,0.2084063213,0.2092841862,0.2063300198,0.1648558111,0.1627601886,0.0483634729,0.0000000000
2010-08-03,0.2078288361,0.2088097341,0.2057039704,0.1658333923,0.1631963708,0.0486276963,0.0000000000
2010-08-04,0.2080482989,0.2097427085,0.2054982932,0.1659443339,0.1619973547,0.0487690107,0.0000000000
2010-08-05,0.2079344928,0.2093590930,0.2054625552,0.1663997089,0.1622773329,0.0485668171,0.0000000000
2010-08-06,0.2072057264,0.2091661287,0.2050605649,0.1677192495,0.1626878812,0.0481604493,0.0000000000
2010-08-09,0.2077038780,0.2099827652,0.2053102581,0.1666052783,0.1622130040,0.0481848164,0.0000000000
2010-08-10,0.2074411988,0.2090194289,0.2047441379,0.1677680642,0.1631596624,0.0478675079,0.0000000000
2010-08-11,0.2059030609,0.2075110085,0.2015159725,0.1706493958,0.1666678601,0.0477527021,0.0000000000
2010-08-12,0.2050768004,0.2063041062,0.2012678145,0.1730970328,0.1667597787,0.0474944675,0.0000000000
2010-08-13,0.2049642875,0.2053306865,0.2011209637,0.1734692957,0.1675485879,0.0475661787,0.0000000000
2010-08-16,0.2042662572,0.2050923372,0.2013508545,0.1744004667,0.1676121254,0.0472779590,0.0000000000
2010-08-17,0.2050375077,0.2059556822,0.2024879163,0.1729632637,0.1660035986,0.0475520315,0.0000000000
2010-08-18,0.2050456987,0.2064044057,0.2024143448,0.1733327731,0.1655239907,0.0472787870,0.0000000000
2010-08-19,0.2034122325,0.2052287486,0.2012153358,0.1752437998,0.1676537446,0.0472461387,0.0000000000
2010-08-20,0.2033178670,0.2060763384,0.2005164070,0.1751195484,0.1678888243,0.0470810149,0.0000000000
2010-08-23,0.2033647586,0.2048860869,0.2005030407,0.1755518587,0.1687415575,0.0469526977,0.0000000000
2010-08-24,0.2021594382,0.2028826679,0.1991747920,0.1779984777,0.1709441381,0.0468404861,0.0000000000
2010-08-25,0.2020550166,0.2039367218,0.1986436743,0.1786904288,0.1698037277,0.0468704307,0.0000000000
2010-08-26,0.2016125223,0.2023993732,0.1986621417,0.1789105133,0.1707948744,0.0476205751,0.0000000000
2010-08-27,0.2028061971,0.2029326249,0.2007307215,0.1772978334,0.1682518871,0.0479807361,0.0000000000
2010-08-30,0.2012984370,0.2022551540,0.1991818367,0.1784222697,0.1706030930,0.0482392096,0.0000000000
2010-08-31,0.2011459895,0.2014067249,0.1992758199,0.1800123609,0.1705991261,0.0475599787,0.0000000000
2010-09-01,0.2034079606,0.2036719355,0.2019619625,0.1761851750,0.1671494227,0.0476235436,0.0000000000
2010-09-02,0.2039851064,0.2046258227,0.2019560018,0.1759180419,0.1658625937,0.0476524335,0.0000000000
2010-09-03,0.2050768702,0.2064519503,0.2027124668,0.1739808354,0.1642349807,0.0475428966,0.0000000000
2010-09-07,0.2036011419,0.2059064179,0.2012157206,0.1759023963,0.1653854516,0.0479888717,0.0000000000
2010-09-08,0.2039145628,0.2072498778,0.2016823362,0.1749588053,0.1643632905,0.0478311274,0.0000000000
2010-09-09,0.2047794847,0.2079782978,0.2029317416,0.1732540803,0.1635124195,0.0475439762,0.0000000000
2010-09-10,0.2051901599,0.2081076572,0.2031665353,0.1729709990,0.1626691781,0.0478954705,0.0000000000
2010-09-13,0.2056414373,0.2091482884,0.2045067027,0.1712895030,0.1615934386,0.0478206301,0.0000000000
2010-09-14,0.2043949319,0.2088900729,0.2039980193,0.1737186978,0.1612955396,0.0477027386,0.0000000000
2010-09-15,0.2048074826,0.2098340834,0.2038181270,0.1732955863,0.1607087161,0.0475360046,0.0000000000
2010-09-16,0.2046051750,0.2105168853,0.2031606121,0.1741344836,0.1603247715,0.0472580725,0.0000000000
2010-09-17,0.2045838803,0.2111290962,0.2025071403,0.1739256539,0.1604563968,0.0473978326,0.0000000000
2010-09-20,0.2054852727,0.2125215459,0.2034098709,0.1725170421,0.1587951786,0.0472710898,0.0000000000
2010-09-21,0.2048349086,0.2122329348,0.2030376800,0.1738911709,0.1592879927,0.0467153130,0.0000000000
2010-09-22,0.2040762274,0.2119250008,0.2030550297,0.1743649679,0.1595256623,0.0470531120,0.0000000000
2010-09-23,0.2031313952,0.2125815316,0.2016499899,0.1751157081,0.1602628023,0.0472585730,0.0000000000
2010-09-24,0.2044627465,0.2139158522,0.2035925551,0.1732352176,0.1574712671,0.0473223615,0.0000000000
2010-09-27,0.2040244880,0.2133185973,0.2033600649,0.1737370632,0.1584302818,0.0471295048,0.0000000000
2010-09-28,0.2039572411,0.2124183472,0.2038537471,0.1746173075,0.1582037319,0.0469496252,0.0000000000
2010-09-29,0.2036515890,0.2121264047,0.2037224328,0.1747968427,0.1581262678,0.0475764630,0.0000000000
2010-09-30,0.2034394982,0.2115881026,0.2035711559,0.1750803090,0.1583740003,0.0479469341,0.0000000000
2010-10-01,0.2035695804,0.2105789085,0.2045238344,0.1758224573,0.1576294784,0.0478757409,0.0000000000
2010-10-04,0.2032967799,0.2095952063,0.2039256245,0.1762967321,0.1588721239,0.0480135333,0.0000000000
2010-10-05,0.2036369044,0.2108118428,0.2049338320,0.1765159837,0.1559973628,0.0481040742,0.0000000000
2010-10-06,0.2036422397,0.2090099930,0.2054044788,0.1776410186,0.1561731869,0.0481290831,0.0000000000
2010-10-07,0.2038720405,0.2102645407,0.2053911405,0.1761110136,0.1566103351,0.0477509296,0.0000000000
2010-10-08,0.2034991923,0.2101455635,0.2050743092,0.1765382268,0.1557669696,0.0489757386,0.0000000000
2010-10-11,0.2035643162,0.2100990904,0.2047684835,0.1772724297,0.1555840858,0.0487115944,0.0000000000
2010-10-12,0.2037921842,0.2111195988,0.2046334804,0.1764835007,0.1551219885,0.0488492475,0.0000000000
2010-10-13,0.2036312958,0.2110376905,0.2050955003,0.1777811952,0.1537891369,0.0486651813,0.0000000000
2010-10-14,0.2030127121,0.2108023951,0.2053612906,0.1788377402,0.1533556350,0.0486302270,0.0000000000
2010-10-15,0.2029321605,0.2147519360,0.2046855306,0.1769857046,0.1526714261,0.0479732422,0.0000000000
2010-10-18,0.2034229158,0.2134251960,0.2046567802,0.1773361287,0.1528258515,0.0483331278,0.0000000000
2010-10-19,0.2039809291,0.2148233168,0.2035319637,0.1745882583,0.1554089450,0.0476665871,0.0000000000
2010-10-20,0.2039573207,0.2142697338,0.2048933340,0.1744874515,0.1540723734,0.0483197865,0.0000000000
2010-10-21,0.2049594398,0.2152681992,0.2051813982,0.1724939874,0.1542467413,0.0478502341,0.0000000000
2010-10-22,0.2047030040,0.2160637576,0.2049848683,0.1723032984,0.1538382913,0.0481067805,0.0000000000
2010-10-25,0.2044232145,0.2161736448,0.2050231860,0.1730415703,0.1531892414,0.0481491429,0.0000000000
2010-10-26,0.2045149237,0.2168176321,0.2042460987,0.1731297541,0.1528791021,0.0484124894,0.0000000000
2010-10-27,0.2046967475,0.2183029044,0.2034275906,0.1719755219,0.1531568774,0.0484403582,0.0000000000
2010-10-28,0.2037665555,0.2177321240,0.2037853847,0.1734381951,0.1528160337,0.0484617071,0.0000000000
2010-10-29,0.2035331466,0.2168189959,0.2036163547,0.1749281665,0.1528488960,0.0482544402,0.0000000000
2010-11-01,0.2037190444,0.2171100817,0.2036021216,0.1741050219,0.1528747221,0.0485890084,0.0000000000
2010-11-02,0.2037333680,0.2177270412,0.2044493926,0.1734937069,0.1519488113,0.0486476800,0.0000000000
2010-11-03,0.2041658041,0.2183042048,0.2051483998,0.1719637491,0.1516341200,0.0487837221,0.0000000000
2010-11-04,0.2042850951,0.2169318828,0.2056502512,0.1745356614,0.1495700275,0.0490270820,0.0000000000
2010-11-05,0.2048553692,0.2167220542,0.2054087806,0.1748154878,0.1490137892,0.0491845190,0.0000000000
2010-11-08,0.2042520695,0.2167719831,0.2045080398,0.1764205630,0.1487853714,0.0492619733,0.0000000000
2010-11-09,0.2044882030,0.2174134214,0.2043824411,0.1750749041,0.1493028859,0.0493381444,0.0000000000
2010-11-10,0.2043058897,0.2174407908,0.2038500530,0.1763368922,0.1484473460,0.0496190284,0.0000000000
2010-11-11,0.2041335896,0.2166987191,0.2035499222,0.1773957044,0.1488692942,0.0493527705,0.0000000000
2010-11-12,0.2050829732,0.2167238853,0.2042056764,0.1751544871,0.1507505385,0.0480824395,0.0000000000
2010-11-15,0.2055544112,0.2167012758,0.2047903658,0.1741357109,0.1504805753,0.0483376611,0.0000000000
2010-11-16,0.2052016203,0.2161400783,0.2034677801,0.1746543586,0.1529708976,0.0475652652,0.0000000000
2010-11-17,0.2052651861,0.2167273475,0.2040029972,0.1738331624,0.1529835043,0.0471878025,0.0000000000
2010-11-18,0.2053732231,0.2171336274,0.2052531886,0.1736499347,0.1508015879,0.0477884383,0.0000000000
2010-11-19,0.2058648432,0.2172218806,0.2051800345,0.1737326032,0.1509165907,0.0470840478,0.0000000000
2010-11-22,0.2050561752,0.2183644611,0.2038044595,0.1748710697,0.1508134424,0.0470903921,0.0000000000
2010-11-23,0.2041300179,0.2170696475,0.2009868544,0.1778691642,0.1524933496,0.0474509664,0.0000000000
2010-11-24,0.2050225695,0.2191769161,0.2020144664,0.1757446719,0.1502014500,0.0478399262,0.0000000000
2010-11-26,0.2040545030,0.2192584383,0.2011526063,0.1755648579,0.1515645012,0.0484050933,0.0000000000
2010-11-29,0.2046566384,0.2190749206,0.2000417991,0.1760784719,0.1516511011,0.0484970689,0.0000000000
2010-11-30,0.2042592429,0.2172172118,0.1989363237,0.1792586458,0.1521135487,0.0482150270,0.0000000000
2010-12-01,0.2056001743,0.2186109911,0.2010976981,0.1766257550,0.1491417870,0.0489235946,0.0000000000
2010-12-02,0.2064944963,0.2189858955,0.2030696693,0.1749176426,0.1476037892,0.0489285071,0.0000000000
2010-12-03,0.2056641882,0.2180864949,0.2026915512,0.1774347944,0.1469059128,0.0492170586,0.0000000000
2010-12-06,0.2052483424,0.2177951131,0.2019416230,0.1785987114,0.1473026225,0.0491135875,0.0000000000
2010-12-07,0.2063575079,0.2189691780,0.2027029760,0.1760944662,0.1468623935,0.0490134785,0.0000000000
2010-12-08,0.2072435195,0.2199199765,0.2031731739,0.1739976136,0.1462463596,0.0494193568,0.0000000000
2010-12-09,0.2075422744,0.2195856110,0.2032326086,0.1743194307,0.1461524125,0.0491676628,0.0000000000
2010-12-10,0.2080790873,0.2203358572,0.2034323701,0.1738108389,0.1454067152,0.0489351313,0.0000000000
2010-12-13,0.2077785790,0.2191097038,0.2043266328,0.1742681394,0.1452000025,0.0493169426,0.0000000000
2010-12-14,0.2079485860,0.2194989369,0.2045683586,0.1744232635,0.1443773941,0.0491834609,0.0000000000
2010-12-15,0.2082785707,0.2198826723,0.2038656635,0.1735951475,0.1450212352,0.0493567109,0.0000000000
2010-12-16,0.2088539600,0.2209182738,0.2044016556,0.1719270919,0.1448594474,0.0490395713,0.0000000000
2010-12-17,0.2087679390,0.2207854276,0.2035024247,0.1721727665,0.1454317189,0.0493397233,0.0000000000
2010-12-20,0.2087222640,0.2203672343,0.2032229897,0.1728850614,0.1451461125,0.0496563381,0.0000000000
2010-12-21,0.2089469800,0.2205403920,0.2038929033,0.1722480659,0.1446606619,0.0497109968,0.0000000000
2010-12-22,0.2094057775,0.2202992781,0.2042580758,0.1717477287,0.1443647690,0.0499243708,0.0000000000
2010-12-23,0.2094903117,0.2201410806,0.2042452077,0.1715664205,0.1443557724,0.0502012070,0.0000000000
2010-12-27,0.2093412058,0.2200172849,0.2041478182,0.1718341866,0.1446064554,0.0500530491,0.0000000000
2010-12-28,0.2091686228,0.2191205900,0.2035587835,0.1742404800,0.1434362611,0.0504752625,0.0000000000
2010-12-29,0.2085457992,0.2187912564,0.2042208018,0.1742173671,0.1439174095,0.0503073659,0.0000000000
2010-12-30,0.2087569810,0.2188405931,0.2045808623,0.1738086012,0.1441827030,0.0498302594,0.0000000000
2010-12-31,0.2105263158,0.2105263158,0.2105263158,0.1578947368,0.1578947368,0.0526315789,0.0000000000
2011-01-03,0.2113109869,0.2124130666,0.2110302686,0.1560473678,0.1566833785,0.0525149317,0.0000000000
2011-01-04,0.2122457299,0.2133159334,0.2117289382,0.1531307731,0.1575080213,0.0520706042,0.0000000000
2011-01-05,0.2128452730,0.2146221153,0.2113168554,0.1523384920,0.1563777472,0.0524995171,0.0000000000
2011-01-06,0.2129611634,0.2158552151,0.2103516344,0.1521068115,0.1567998084,0.0519253672,0.0000000000
2011-01-07,0.2128161393,0.2159392202,0.2099170877,0.1520176603,0.1575088459,0.0518010466,0.0000000000
2011-01-10,0.2122709847,0.2164679104,0.2087636689,0.1524329670,0.1577206016,0.0523438674,0.0000000000
2011-01-11,0.2121566848,0.2158949400,0.2097540484,0.1527071428,0.1567673023,0.0527198817,0.0000000000
2011-01-12,0.2124567597,0.2157927187,0.2113453299,0.1521732931,0.1555702389,0.0526616596,0.0000000000
2011-01-13,0.2124285150,0.2161935489,0.2115322398,0.1508156128,0.1563648253,0.0526652582,0.0000000000
2011-01-14,0.2133707575,0.2171908294,0.2122012319,0.1488691265,0.1556048855,0.0527631691,0.0000000000
2011-01-18,0.2132444465,0.2173019391,0.2123651422,0.1493566436,0.1551458124,0.0525860162,0.0000000000
2011-01-19,0.2124551845,0.2161552086,0.2118002938,0.1506040008,0.1561318335,0.0528534789,0.0000000000
2011-01-20,0.2136484036,0.2161170562,0.2121316190,0.1487929466,0.1566220767,0.0526878979,0.0000000000
2011-01-21,0.2140925140,0.2144210951,0.2126188751,0.1485726538,0.1570838419,0.0532110201,0.0000000000
2011-01-24,0.2143921976,0.2164596526,0.2131105017,0.1471828315,0.1563254307,0.0525293859,0.0000000000
2011-01-25,0.2146493753,0.2169088707,0.2126385393,0.1469858108,0.1569171871,0.0519002168,0.0000000000
2011-01-26,0.2143807026,0.2169472421,0.2128582713,0.1474272233,0.1556003789,0.0527861817,0.0000000000
2011-01-27,0.2151895486,0.2185676395,0.2137886523,0.1439838477,0.1560687668,0.0524015450,0.0000000000
2011-01-28,0.2136608105,0.2152709039,0.2113335484,0.1481746412,0.1579379541,0.0536221418,0.0000000000
2011-01-31,0.2142588002,0.2153009503,0.2123151582,0.1470166715,0.1569013702,0.0542070496,0.0000000000
2011-02-01,0.2149582283,0.2165866646,0.2137179564,0.1462121900,0.1546038419,0.0539211187,0.0000000000
2011-02-02,0.2148202402,0.2165200896,0.2135134534,0.1460064958,0.1546239965,0.0545157245,0.0000000000
2011-02-03,0.2148368418,0.2164359779,0.2133158445,0.1476485068,0.1537199473,0.0540428818,0.0000000000
2011-02-04,0.2153017687,0.2175055186,0.2134335020,0.1469478971,0.1531039916,0.0537073220,0.0000000000
2011-02-07,0.2160296202,0.2179053457,0.2133841351,0.1465507482,0.1527255465,0.0534046043,0.0000000000
2011-02-08,0.2159245398,0.2182426209,0.2133861726,0.1474332205,0.1515232870,0.0534901591,0.0000000000
2011-02-09,0.2158192249,0.2182542105,0.2123923253,0.1476179195,0.1520703208,0.0538459991,0.0000000000
2011-02-10,0.2162763990,0.2189736099,0.2116008968,0.1476302673,0.1518962198,0.0536226073,0.0000000000
2011-02-11,0.2167122551,0.2196915571,0.2120109772,0.1464631841,0.1518960209,0.0532260056,0.0000000000
2011-02-14,0.2166717198,0.2196486354,0.2119756702,0.1467801183,0.1515760155,0.0533478409,0.0000000000
2011-02-15,0.2161675386,0.2195292393,0.2116798509,0.1480279810,0.1518898108,0.0527055795,0.0000000000
2011-02-16,0.2164707116,0.2198764793,0.2122205189,0.1474482255,0.1511482556,0.0528358091,0.0000000000
2011-02-17,0.2163980375,0.2190734270,0.2127046538,0.1479897172,0.1510079076,0.0528262568,0.0000000000
2011-02-18,0.2166460175,0.2183845589,0.2131830282,0.1482560629,0.1508087404,0.0527215921,0.0000000000
2011-02-22,0.2154554557,0.2152171236,0.2108502679,0.1514388685,0.1536071608,0.0534311235,0.0000000000
2011-02-23,0.2143531259,0.2136642378,0.2104658227,0.1529525291,0.1538830803,0.0546812042,0.0000000000
2011-02-24,0.2142732194,0.2148651864,0.2108334011,0.1518545980,0.1539607492,0.0542128459,0.0000000000
2011-02-25,0.2143943774,0.2156675583,0.2109370747,0.1513243129,0.1528238523,0.0548528244,0.0000000000
2011-02-28,0.2148264701,0.2152183210,0.2117582609,0.1510026101,0.1524774074,0.0547169306,0.0000000000
2011-03-01,0.2126449002,0.2131573144,0.2102992907,0.1546205124,0.1533643656,0.0559136168,0.0000000000
2011-03-02,0.2125498550,0.2137294970,0.2109073766,0.1541004208,0.1527216714,0.0559911792,0.0000000000
2011-03-03,0.2143859428,0.2161165209,0.2122965129,0.1508012953,0.1508994683,0.0555002598,0.0000000000
2011-03-04,0.2132639322,0.2154930896,0.2111700864,0.1525235339,0.1516472632,0.0559020946,0.0000000000
2011-03-07,0.2128316799,0.2138416264,0.2109187773,0.1538262876,0.1526100499,0.0559715789,0.0000000000
2011-03-08,0.2140774800,0.2140852058,0.2114601153,0.1529894231,0.1520559674,0.0553318085,0.0000000000
2011-03-09,0.2140838593,0.2129425228,0.2114295346,0.1532684964,0.1526412954,0.0556342915,0.0000000000
2011-03-10,0.2131623384,0.2126523534,0.2096119733,0.1536569926,0.1553943443,0.0555219980,0.0000000000
2011-03-11,0.2138278617,0.2131697882,0.2095939788,0.1535765417,0.1548365924,0.0549952371,0.0000000000
2011-03-14,0.2131556665,0.2130335637,0.2083932329,0.1547368475,0.1553757169,0.0553049725,0.0000000000
2011-03-15,0.2137295318,0.2130118043,0.2075273121,0.1540242348,0.1576593800,0.0540477370,0.0000000000
2011-03-16,0.2125736318,0.2106432943,0.2054229631,0.1560463671,0.1602175659,0.0550961778,0.0000000000
2011-03-17,0.2128825776,0.2101162765,0.2075462396,0.1550582797,0.1582500566,0.0561465700,0.0000000000
2011-03-18,0.2128451522,0.2088463245,0.2084159993,0.1560480595,0.1575894168,0.0562550476,0.0000000000
2011-03-21,0.2135316951,0.2103010425,0.2099927818,0.1550201022,0.1553173766,0.0558370017,0.0000000000
2011-03-22,0.2130519579,0.2101795580,0.2098186902,0.1551097879,0.1555226473,0.0563173587,0.0000000000
2011-03-23,0.2129025334,0.2106046818,0.2093743417,0.1559925699,0.1548966644,0.0562292087,0.0000000000
2011-03-24,0.2134435581,0.2128562860,0.2106086590,0.1536712510,0.1533969000,0.0560233459,0.0000000000
2011-03-25,0.2139129073,0.2131996796,0.2100447071,0.1535841262,0.1531349900,0.0561235898,0.0000000000
2011-03-28,0.2142286334,0.2128687044,0.2102688336,0.1533893745,0.1536626290,0.0555818251,0.0000000000
2011-03-29,0.2146439869,0.2139192349,0.2107628694,0.1522974852,0.1527440846,0.0556323391,0.0000000000
2011-03-30,0.2149908087,0.2138028465,0.2117348251,0.1520022386,0.1522025579,0.0552667232,0.0000000000
2011-03-31,0.2143247457,0.2137275328,0.2111113626,0.1530391708,0.1517637069,0.0560334812,0.0000000000
2011-04-01,0.2146667717,0.2132796235,0.2122903829,0.1519184102,0.1515732878,0.0562715239,0.0000000000
2011-04-04,0.2145723511,0.2123054253,0.2123592227,0.1524238230,0.1516265905,0.0567125875,0.0000000000
2011-04-05,0.2142062904,0.2114199725,0.2120288316,0.1545918116,0.1510739494,0.0566791446,0.0000000000
2011-04-06,0.2143835221,0.2114468692,0.2125877311,0.1545917753,0.1502783260,0.0567117762,0.0000000000
2011-04-07,0.2140365386,0.2114951589,0.2120700733,0.1548764712,0.1506479238,0.0568738341,0.0000000000
2011-04-08,0.2131304946,0.2103320012,0.2121136615,0.1560037131,0.1502422059,0.0581779237,0.0000000000
2011-04-11,0.2133450242,0.2104748936,0.2123354566,0.1555201539,0.1509918251,0.0573326466,0.0000000000
2011-04-12,0.2132236724,0.2104830513,0.2116461888,0.1554713680,0.1526235000,0.0565522195,0.0000000000
2011-04-13,0.2125621622,0.2116327298,0.2113443103,0.1553181322,0.1523207351,0.0568219304,0.0000000000
2011-04-14,0.2121716836,0.2107121045,0.2115139763,0.1570002086,0.1517809812,0.0568210458,0.0000000000
2011-04-15,0.2123759886,0.2097779614,0.2110322179,0.1579301817,0.1519222766,0.0569613738,0.0000000000
2011-04-18,0.2114028115,0.2096926634,0.2087564793,0.1599531288,0.1532013481,0.0569935689,0.0000000000
2011-04-19,0.2116208237,0.2100086239,0.2096356328,0.1592035369,0.1527865915,0.0567447913,0.0000000000
2011-04-20,0.2117638431,0.2120130464,0.2109152744,0.1577825663,0.1506200121,0.0569052577,0.0000000000
2011-04-21,0.2117869494,0.2126349507,0.2113173731,0.1572548658,0.1499699938,0.0570358670,0.0000000000
2011-04-25,0.2115271319,0.2131431952,0.2110720545,0.1573657960,0.1500280816,0.0568637408,0.0000000000
2011-04-26,0.2123950178,0.2133889045,0.2115745062,0.1561407100,0.1499088446,0.0565920169,0.0000000000
2011-04-27,0.2121200032,0.2131701826,0.2116908750,0.1579116953,0.1486175978,0.0564896461,0.0000000000
2011-04-28,0.2124992228,0.2125372761,0.2118744714,0.1583378047,0.1487515284,0.0559996967,0.0000000000
2011-04-29,0.2120180980,0.2113797760,0.2117944704,0.1602913112,0.1481918303,0.0563245142,0.0000000000
2011-05-02,0.2125160964,0.2118079586,0.2120062771,0.1588456046,0.1488474168,0.0559766465,0.0000000000
2011-05-03,0.2127016673,0.2117479780,0.2113566097,0.1589960407,0.1495574743,0.0556402301,0.0000000000
2011-05-04,0.2127115304,0.2128444291,0.2107110663,0.1577686918,0.1508462730,0.0551180094,0.0000000000
2011-05-05,0.2137720092,0.2146798913,0.2106776641,0.1553890664,0.1533275448,0.0521538243,0.0000000000
2011-05-06,0.2137728181,0.2144338139,0.2107119727,0.1566798578,0.1526396792,0.0517618584,0.0000000000
2011-05-09,0.2130931827,0.2137281146,0.2103499719,0.1578060177,0.1517375918,0.0532851213,0.0000000000
2011-05-10,0.2134838268,0.2141163385,0.2112155905,0.1573103135,0.1504609328,0.0534129979,0.0000000000
2011-05-11,0.2134566314,0.2147943655,0.2096919551,0.1575015899,0.1523129986,0.0522424594,0.0000000000
2011-05-12,0.2139717583,0.2155690855,0.2093680574,0.1571872406,0.1517294578,0.0521744004,0.0000000000
2011-05-13,0.2138955605,0.2145925850,0.2084512892,0.1573134199,0.1530959995,0.0526511460,0.0000000000
2011-05-16,0.2139119381,0.2122440432,0.2090825647,0.1580468699,0.1544167643,0.0522978199,0.0000000000
2011-05-17,0.2137074729,0.2126641785,0.2095446070,0.1572351234,0.1544653093,0.0523833088,0.0000000000
2011-05-18,0.2140679211,0.2128967641,0.2098335055,0.1570329012,0.1531120683,0.0530568398,0.0000000000
2011-05-19,0.2143386291,0.2132824816,0.2100581669,0.1569117461,0.1528271470,0.0525818292,0.0000000000
2011-05-20,0.2132566250,0.2122882143,0.2084556058,0.1593579153,0.1534166667,0.0532249729,0.0000000000
2011-05-23,0.2128147790,0.2111812414,0.2068351763,0.1612651840,0.1550260506,0.0528775687,0.0000000000
2011-05-24,0.2124674427,0.2097148478,0.2073445681,0.1619645904,0.1549597773,0.0535487738,0.0000000000
2011-05-25,0.2124038247,0.2097679228,0.2077703116,0.1613671347,0.1543698681,0.0543209382,0.0000000000
2011-05-26,0.2125481402,0.2102355205,0.2084648160,0.1603467299,0.1540965215,0.0543082719,0.0000000000
2011-05-27,0.2122348246,0.2101850298,0.2087364372,0.1610913340,0.1534242811,0.0543280932,0.0000000000
2011-05-31,0.2125533431,0.2117052074,0.2098673121,0.1596067789,0.1521140171,0.0541533415,0.0000000000
2011-06-01,0.2106295452,0.2099390844,0.2082696382,0.1620881928,0.1548669228,0.0542066166,0.0000000000
2011-06-02,0.2104315164,0.2104060102,0.2085459847,0.1616645482,0.1542668434,0.0546850972,0.0000000000
2011-06-03,0.2093283147,0.2082274115,0.2088638913,0.1632146720,0.1552020521,0.0551636583,0.0000000000
2011-06-06,0.2085945104,0.2080045891,0.2074782392,0.1646663872,0.1563409393,0.0549153348,0.0000000000
2011-06-07,0.2082156197,0.2073836994,0.2081601072,0.1644035901,0.1564737746,0.0553632089,0.0000000000
2011-06-08,0.2081146540,0.2066624638,0.2076607278,0.1643457147,0.1571870616,0.0560293780,0.0000000000
2011-06-09,0.2087506516,0.2060954438,0.2084080704,0.1644185209,0.1562407462,0.0560865671,0.0000000000
2011-06-10,0.2084075141,0.2054628889,0.2067651437,0.1650044108,0.1581695991,0.0561904434,0.0000000000
2011-06-13,0.2089074992,0.2057944850,0.2075273562,0.1636428088,0.1582184658,0.0559093851,0.0000000000
2011-06-14,0.2095839763,0.2064865131,0.2087325377,0.1631034805,0.1563190197,0.0557744726,0.0000000000
2011-06-15,0.2086672617,0.2053345959,0.2062898969,0.1658309577,0.1588531210,0.0550241666,0.0000000000
2011-06-16,0.2094104963,0.2048174710,0.2058369313,0.1658885970,0.1591720679,0.0548744366,0.0000000000
2011-06-17,0.2095615974,0.2037152256,0.2066622196,0.1665920237,0.1589607331,0.0545082006,0.0000000000
2011-06-20,0.2102344235,0.2043875191,0.2064421424,0.1663760487,0.1584528002,0.0541070662,0.0000000000
2011-06-21,0.2105897551,0.2062982143,0.2076844466,0.1652042157,0.1567207478,0.0535026205,0.0000000000
2011-06-22,0.2101136420,0.2055797840,0.2070664768,0.1660829192,0.1572119205,0.0539452575,0.0000000000
2011-06-23,0.2102127937,0.2081885156,0.2066512833,0.1637157562,0.1582537768,0.0529778744,0.0000000000
2011-06-24,0.2101286818,0.2068979376,0.2068794299,0.1632514788,0.1599005128,0.0529419591,0.0000000000
2011-06-27,0.2107420447,0.2089595417,0.2073252661,0.1616938946,0.1586703331,0.0526089199,0.0000000000
2011-06-28,0.2114737716,0.2100552957,0.2081712447,0.1607252193,0.1565407682,0.0530337005,0.0000000000
2011-06-29,0.2118283045,0.2094765744,0.2094105833,0.1606536145,0.1550067327,0.0536241905,0.0000000000
2011-06-30,0.2127003832,0.2111221900,0.2107595291,0.1585059917,0.1541418365,0.0527700696,0.0000000000
2011-07-01,0.2141981498,0.2126713024,0.2115294828,0.1561450923,0.1530157721,0.0524402006,0.0000000000
2011-07-05,0.2130349436,0.2127503860,0.2100971525,0.1583203166,0.1528969389,0.0529002624,0.0000000000
2011-07-06,0.2129045629,0.2130595438,0.2091379929,0.1594046783,0.1527064359,0.0527867863,0.0000000000
2011-07-07,0.2133938910,0.2142520353,0.2094384070,0.1583852056,0.1510606217,0.0534698393,0.0000000000
2011-07-08,0.2123588482,0.2141554421,0.2078521066,0.1599135924,0.1521830292,0.0535369814,0.0000000000
2011-07-11,0.2108713530,0.2126453164,0.2052821658,0.1631596191,0.1543161841,0.0537253616,0.0000000000
2011-07-12,0.2104228018,0.2114957035,0.2041897956,0.1647917026,0.1547856252,0.0543143713,0.0000000000
2011-07-13,0.2098359416,0.2110790093,0.2049734942,0.1652524370,0.1541392294,0.0547198885,0.0000000000
2011-07-14,0.2095812060,0.2098255492,0.2046038326,0.1666302641,0.1546334836,0.0547256644,0.0000000000
2011-07-15,0.2093994975,0.2112084110,0.2044899413,0.1662318620,0.1538222514,0.0548480368,0.0000000000
2011-07-18,0.2086179506,0.2110232094,0.2028301381,0.1684549204,0.1542855908,0.0547881907,0.0000000000
2011-07-19,0.2098599807,0.2136446373,0.2041168422,0.1647169601,0.1530521340,0.0546094457,0.0000000000
2011-07-20,0.2093923758,0.2123911356,0.2050603479,0.1658951705,0.1525618665,0.0546991038,0.0000000000
2011-07-21,0.2110566341,0.2125556245,0.2071755256,0.1636680409,0.1514307682,0.0541134067,0.0000000000
2011-07-22,0.2102492242,0.2137889629,0.2062857323,0.1642904407,0.1510737206,0.0543119194,0.0000000000
2011-07-25,0.2096239914,0.2139161918,0.2052326709,0.1660070354,0.1510318663,0.0541882442,0.0000000000
2011-07-26,0.2085668956,0.2141742526,0.2052895648,0.1662423351,0.1511853567,0.0545415952,0.0000000000
2011-07-27,0.2075089030,0.2119239781,0.2040037328,0.1682357312,0.1533056270,0.0550220278,0.0000000000
2011-07-28,0.2069694185,0.2123547245,0.2037357440,0.1684271992,0.1536534753,0.0548594385,0.0000000000
2011-07-29,0.2057559039,0.2118683746,0.2035617236,0.1696314228,0.1547191428,0.0544634322,0.0000000000
2011-08-01,0.2056279878,0.2116511235,0.2027641029,0.1696369614,0.1556577794,0.0546620450,0.0000000000
2011-08-02,0.2025899150,0.2085789932,0.1998721887,0.1756445563,0.1580480278,0.0552663190,0.0000000000
2011-08-03,0.2030369607,0.2099078894,0.2000305619,0.1750508949,0.1577026475,0.0542710457,0.0000000000
2011-08-04,0.2001780895,0.2070328157,0.1946710622,0.1801145726,0.1639935658,0.0540098942,0.0000000000
2011-08-05,0.1999553842,0.2058126144,0.1955707567,0.1814289335,0.1629757169,0.0542565943,0.0000000000
2011-08-08,0.1938612821,0.2005930628,0.1878748285,0.1943991363,0.1690934187,0.0541782716,0.0000000000
2011-08-09,0.1964853162,0.2036446154,0.1922012474,0.1899543565,0.1647322187,0.0529822458,0.0000000000
2011-08-10,0.1912652660,0.1989099548,0.1861973478,0.2003038257,0.1691341111,0.0541894946,0.0000000000
2011-08-11,0.1957329375,0.2033922899,0.1911882831,0.1918736524,0.1635891895,0.0542236477,0.0000000000
2011-08-12,0.1961431900,0.2042473547,0.1920388445,0.1901174128,0.1635544019,0.0538987961,0.0000000000
2011-08-15,0.1974499681,0.2043158861,0.1935355226,0.1894351278,0.1614824512,0.0537810442,0.0000000000
2011-08-16,0.1963023066,0.2031442096,0.1920571011,0.1923003164,0.1622670674,0.0539289989,0.0000000000
2011-08-17,0.1962248240,0.2017235302,0.1927077505,0.1926481251,0.1623606507,0.0543351195,0.0000000000
2011-08-18,0.1924612478,0.1966205965,0.1887232572,0.2012036333,0.1666649854,0.0543262799,0.0000000000
2011-08-19,0.1904555266,0.1942300014,0.1869924420,0.2049521870,0.1677422924,0.0556275505,0.0000000000
2011-08-22,0.1894426162,0.1937374416,0.1859808248,0.2089518028,0.1665047834,0.0553825312,0.0000000000
2011-08-23,0.1931654533,0.1991351712,0.1899495959,0.1985368090,0.1639787083,0.0552342622,0.0000000000
2011-08-24,0.1964892669,0.2013148119,0.1914020959,0.1924004295,0.1635534414,0.0548399543,0.0000000000
2011-08-25,0.1952488139,0.1998249685,0.1890239486,0.1949484068,0.1653697645,0.0555840978,0.0000000000
2011-08-26,0.1946874719,0.2013221202,0.1887052965,0.1972837409,0.1627553475,0.0552460231,0.0000000000
2011-08-29,0.1978388192,0.2044057775,0.1914597279,0.1909459210,0.1605933789,0.0547563755,0.0000000000
2011-08-30,0.1965834351,0.2039100082,0.1899549880,0.1949050667,0.1596500625,0.0549964396,0.0000000000
2011-08-31,0.1971760967,0.2039545715,0.1914518689,0.1931292807,0.1592784636,0.0550097185,0.0000000000
2011-09-01,0.1960855839,0.2031118321,0.1910558353,0.1942576754,0.1605895474,0.0548995258,0.0000000000
2011-09-02,0.1926881690,0.2000206612,0.1879804050,0.2018113337,0.1624323513,0.0550670799,0.0000000000
2011-09-06,0.1922256607,0.2010450119,0.1854816201,0.2024305593,0.1636641855,0.0551529625,0.0000000000
2011-09-07,0.1958211133,0.2042328721,0.1888590084,0.1941776733,0.1617691960,0.0551401368,0.0000000000
2011-09-08,0.1939951309,0.2035176912,0.1860892181,0.1995792831,0.1619875845,0.0548310923,0.0000000000
2011-09-09,0.1921521796,0.2024046852,0.1837953857,0.2017646228,0.1649919492,0.0548911775,0.0000000000
2011-09-12,0.1936558950,0.2052689028,0.1838266357,0.1975305133,0.1648843105,0.0548337427,0.0000000000
2011-09-13,0.1938361307,0.2063144300,0.1840420357,0.1979913608,0.1635975435,0.0542184994,0.0000000000
2011-09-14,0.1953503361,0.2080177140,0.1849943616,0.1953471446,0.1626535848,0.0536368589,0.0000000000
2011-09-15,0.1974936849,0.2097944591,0.1869458383,0.1910616147,0.1611783236,0.0535260794,0.0000000000
2011-09-16,0.1976156684,0.2106018069,0.1863823723,0.1918310839,0.1605628379,0.0530062306,0.0000000000
2011-09-19,0.1974222418,0.2125867739,0.1844558417,0.1905797137,0.1623728626,0.0525825663,0.0000000000
2011-09-20,0.1968505243,0.2112808623,0.1840935397,0.1929606199,0.1624152024,0.0523992515,0.0000000000
2011-09-21,0.1945605479,0.2114200001,0.1817214397,0.1940563578,0.1656680666,0.0525735879,0.0000000000
2011-09-22,0.1935324115,0.2102640303,0.1790178282,0.1942618197,0.1707906808,0.0521332295,0.0000000000
2011-09-23,0.1961472306,0.2140821111,0.1820072571,0.1849986777,0.1711762568,0.0515884667,0.0000000000
2011-09-26,0.1991735235,0.2148061239,0.1843437059,0.1809404948,0.1693950535,0.0513410984,0.0000000000
2011-09-27,0.1989823067,0.2144347921,0.1856416371,0.1822275911,0.1671323147,0.0515813583,0.0000000000
2011-09-28,0.1984534529,0.2150882755,0.1848957855,0.1804379291,0.1700231501,0.0511014069,0.0000000000
2011-09-29,0.1992557045,0.2117103422,0.1867698774,0.1814496098,0.1693101472,0.0515043188,0.0000000000
2011-09-30,0.1976280050,0.2098066258,0.1841040367,0.1850012194,0.1728746051,0.0505855079,0.0000000000
2011-10-03,0.1942954826,0.2068503013,0.1816266537,0.1906440357,0.1756527076,0.0509308192,0.0000000000
2011-10-04,0.1970753803,0.2095240124,0.1838212525,0.1853202796,0.1738064820,0.0504525931,0.0000000000
2011-10-05,0.1978152733,0.2117892328,0.1845195031,0.1847431480,0.1707113895,0.0504214532,0.0000000000
2011-10-06,0.1986945883,0.2124635953,0.1864691767,0.1834442691,0.1681467730,0.0507815976,0.0000000000
2011-10-07,0.1986341234,0.2124163948,0.1860665138,0.1831176117,0.1688887038,0.0508766525,0.0000000000
2011-10-10,0.1999989325,0.2141116269,0.1880040593,0.1829929130,0.1642142005,0.0506782679,0.0000000000
2011-10-11,0.2001246944,0.2154853909,0.1871967175,0.1816135548,0.1645442620,0.0510353804,0.0000000000
2011-10-12,0.2003595265,0.2149256481,0.1894439825,0.1815354751,0.1629910758,0.0507442920,0.0000000000
2011-10-13,0.2000257843,0.2169700630,0.1884719800,0.1805261533,0.1631333735,0.0508726459,0.0000000000
2011-10-14,0.2008852309,0.2182159007,0.1892454695,0.1794628832,0.1608150378,0.0513754778,0.0000000000
2011-10-17,0.1995969734,0.2176169994,0.1870423673,0.1809146670,0.1635363913,0.0512926015,0.0000000000
2011-10-18,0.2015850573,0.2182431610,0.1889085220,0.1783541928,0.1618212423,0.0510878246,0.0000000000
2011-10-19,0.2016907820,0.2167037025,0.1884204624,0.1783856850,0.1640841859,0.0507151821,0.0000000000
2011-10-20,0.2031729809,0.2162751247,0.1887183880,0.1765636142,0.1644797118,0.0507901804,0.0000000000
2011-10-21,0.2042958444,0.2160958808,0.1906695941,0.1761638872,0.1623960345,0.0503787590,0.0000000000
2011-10-24,0.2043284733,0.2179465555,0.1912612064,0.1756945188,0.1602052903,0.0505639556,0.0000000000
2011-10-25,0.2015052104,0.2148874574,0.1889191363,0.1817177915,0.1619505298,0.0510198746,0.0000000000
2011-10-26,0.2023966944,0.2134067991,0.1905068035,0.1826612313,0.1605912454,0.0504372263,0.0000000000
2011-10-27,0.2044569789,0.2140694995,0.1941698426,0.1805993478,0.1561637211,0.0505406101,0.0000000000
2011-10-28,0.2043812983,0.2143675624,0.1935250466,0.1806491324,0.1567577860,0.0503191743,0.0000000000
2011-10-31,0.2031331086,0.2146541140,0.1898333970,0.1815078521,0.1604071199,0.0504644084,0.0000000000
2011-11-01,0.2007812963,0.2125685835,0.1874707345,0.1845974182,0.1638816919,0.0507002756,0.0000000000
2011-11-02,0.2019202033,0.2121322338,0.1888020709,0.1844984252,0.1621661467,0.0504809200,0.0000000000
2011-11-03,0.2025434577,0.2133103187,0.1897803616,0.1846148453,0.1594071862,0.0503438305,0.0000000000
2011-11-04,0.2022657726,0.2132182499,0.1890946678,0.1845531506,0.1601217107,0.0507464484,0.0000000000
2011-11-07,0.2017110143,0.2128189553,0.1882811160,0.1873315944,0.1588259451,0.0510313748,0.0000000000
2011-11-08,0.2031129059,0.2140185387,0.1894942592,0.1847005128,0.1576886184,0.0509851649,0.0000000000
2011-11-09,0.2008707059,0.2120412956,0.1856185686,0.1880662033,0.1622042031,0.0511990235,0.0000000000
2011-11-10,0.2022883652,0.2114335388,0.1871252544,0.1866122051,0.1615162801,0.0510243564,0.0000000000
2011-11-11,0.2029891472,0.2121707174,0.1883770610,0.1868277950,0.1588933771,0.0507419023,0.0000000000
2011-11-14,0.2025437830,0.2124001534,0.1869148920,0.1873786614,0.1601924129,0.0505700973,0.0000000000
2011-11-15,0.2027779529,0.2139555142,0.1862942518,0.1868452762,0.1593856177,0.0507413872,0.0000000000
2011-11-16,0.2019368919,0.2129271446,0.1856423891,0.1870519406,0.1612243235,0.0512173103,0.0000000000
2011-11-17,0.2022341982,0.2116019269,0.1858228843,0.1854549602,0.1639766435,0.0509093869,0.0000000000
2011-11-18,0.2022616680,0.2102245784,0.1862182574,0.1862557055,0.1641437986,0.0508959921,0.0000000000
2011-11-21,0.2018681759,0.2097911054,0.1851285941,0.1848397003,0.1669700936,0.0514023307,0.0000000000
2011-11-22,0.2006439853,0.2100346233,0.1844696010,0.1864850846,0.1667338186,0.0516328871,0.0000000000
2011-11-23,0.1992404835,0.2084598915,0.1823925039,0.1888091877,0.1694575873,0.0516403462,0.0000000000
2011-11-25,0.1998333614,0.2078639181,0.1827021879,0.1880830575,0.1700505616,0.0514669134,0.0000000000
2011-11-28,0.2007594147,0.2100101997,0.1850785835,0.1872653806,0.1660141127,0.0508723088,0.0000000000
2011-11-29,0.2011447127,0.2085136289,0.1855602380,0.1873740810,0.1659221624,0.0514851769,0.0000000000
2011-11-30,0.2036526361,0.2102643067,0.1887294480,0.1857609195,0.1609393894,0.0506533003,0.0000000000
2011-12-01,0.2036396516,0.2117388802,0.1879025464,0.1852328149,0.1610112027,0.0504749042,0.0000000000
2011-12-02,0.2034194859,0.2110998285,0.1877802449,0.1854030286,0.1613928740,0.0509045382,0.0000000000
2011-12-05,0.2048282241,0.2125739360,0.1892737159,0.1819568088,0.1609363116,0.0504310036,0.0000000000
2011-12-06,0.2048788912,0.2119650318,0.1887976004,0.1828793034,0.1607779118,0.0507012613,0.0000000000
2011-12-07,0.2051130367,0.2114202105,0.1889418606,0.1837324644,0.1606583811,0.0501340468,0.0000000000
2011-12-08,0.2041578069,0.2115367214,0.1870692656,0.1832035474,0.1636613077,0.0503713510,0.0000000000
2011-12-09,0.2053755211,0.2126090179,0.1885142577,0.1816844667,0.1618058774,0.0500108592,0.0000000000
2011-12-12,0.2054991100,0.2134652671,0.1869603958,0.1795975442,0.1643467173,0.0501309656,0.0000000000
2011-12-13,0.2055594564,0.2131706474,0.1867856707,0.1773808652,0.1662782836,0.0508250767,0.0000000000
2011-12-14,0.2065579759,0.2131330341,0.1873808979,0.1738387268,0.1692998618,0.0497895036,0.0000000000
2011-12-15,0.2073814907,0.2126294449,0.1881547018,0.1732662683,0.1690082970,0.0495597973,0.0000000000
2011-12-16,0.2064543769,0.2124537316,0.1873424426,0.1755152880,0.1685704325,0.0496637285,0.0000000000
2011-12-19,0.2056951128,0.2118539657,0.1863794879,0.1763497341,0.1699352083,0.0497864913,0.0000000000
2011-12-20,0.2073953842,0.2134764112,0.1882650590,0.1749363505,0.1660809222,0.0498458729,0.0000000000
2011-12-21,0.2084157850,0.2110494704,0.1883740190,0.1756584696,0.1661515249,0.0503507312,0.0000000000
2011-12-22,0.2092415810,0.2118156609,0.1896190105,0.1735601382,0.1656012420,0.0501623674,0.0000000000
2011-12-23,0.2100218852,0.2125407248,0.1897793270,0.1729623625,0.1645510188,0.0501446817,0.0000000000
2011-12-27,0.2102581839,0.2134046845,0.1895794745,0.1714704294,0.1649028723,0.0503843554,0.0000000000
2011-12-28,0.2101638838,0.2136474300,0.1891272355,0.1693227343,0.1673093985,0.0504293180,0.0000000000
2011-12-29,0.2111317925,0.2139647362,0.1902632071,0.1675935499,0.1667536219,0.0502930924,0.0000000000
2011-12-30,0.2105263158,0.2105263158,0.2105263158,0.1578947368,0.1578947368,0.0526315789,0.0000000000
2012-01-03,0.2103732711,0.2110419392,0.2109576828,0.1593206976,0.1549950512,0.0533113581,0.0000000000
2012-01-04,0.2102363166,0.2114623700,0.2104901418,0.1597730485,0.1544407643,0.0535973588,0.0000000000
2012-01-05,0.2104238176,0.2128252500,0.2090198846,0.1605799039,0.1543784581,0.0527726858,0.0000000000
2012-01-06,0.2102206690,0.2139091861,0.2077787279,0.1602481423,0.1547544040,0.0530888707,0.0000000000
2012-01-09,0.2107851668,0.2132610715,0.2085501443,0.1595756267,0.1546677154,0.0531602754,0.0000000000
2012-01-10,0.2106927813,0.2128755001,0.2098439894,0.1602968753,0.1532291986,0.0530616553,0.0000000000
2012-01-11,0.2104488887,0.2129533944,0.2092036477,0.1610636125,0.1535112480,0.0528192088,0.0000000000
2012-01-12,0.2105625022,0.2133989785,0.2094771588,0.1614797156,0.1531016228,0.0519800221,0.0000000000
2012-01-13,0.2104400774,0.2136128893,0.2085925410,0.1610921605,0.1541569490,0.0521053829,0.0000000000
2012-01-17,0.2099596760,0.2142352879,0.2090575116,0.1613496337,0.1532518969,0.0521459939,0.0000000000
2012-01-18,0.2104121299,0.2151703958,0.2099761389,0.1610252193,0.1517103915,0.0517057245,0.0000000000
2012-01-19,0.2106966735,0.2156635571,0.2110197646,0.1600194683,0.1508718294,0.0517287071,0.0000000000
2012-01-20,0.2112679904,0.2151213979,0.2112716386,0.1607003906,0.1503365407,0.0513020418,0.0000000000
2012-01-23,0.2104464940,0.2149103453,0.2112261244,0.1615684238,0.1500158980,0.0518327145,0.0000000000
2012-01-24,0.2107013624,0.2150197186,0.2109312407,0.1608071575,0.1504921476,0.0520483732,0.0000000000
2012-01-25,0.2099336705,0.2151286936,0.2109505628,0.1632169429,0.1489159012,0.0518542289,0.0000000000
2012-01-26,0.2091345238,0.2146661388,0.2104474655,0.1642686904,0.1494117157,0.0520714659,0.0000000000
2012-01-27,0.2084304161,0.2146805147,0.2101101422,0.1654547972,0.1492195186,0.0521046113,0.0000000000
2012-01-30,0.2083115227,0.2154713371,0.2094191686,0.1650038206,0.1500784098,0.0517157412,0.0000000000
2012-01-31,0.2078060483,0.2153148109,0.2094503894,0.1659204354,0.1500279283,0.0514803878,0.0000000000
2012-02-01,0.2082497903,0.2156328764,0.2109540718,0.1650746202,0.1487808102,0.0513078310,0.0000000000
2012-02-02,0.2078640211,0.2155620920,0.2110497153,0.1659537483,0.1483104677,0.0512599556,0.0000000000
2012-02-03,0.2095083277,0.2172038459,0.2127201456,0.1616655328,0.1473502844,0.0515518635,0.0000000000
2012-02-06,0.2095652366,0.2172331383,0.2123767446,0.1613736526,0.1475957617,0.0518554661,0.0000000000
2012-02-07,0.2092664885,0.2168301107,0.2122612191,0.1631601106,0.1468674113,0.0516146599,0.0000000000
2012-02-08,0.2095632784,0.2176448853,0.2127441311,0.1617560383,0.1465211943,0.0517704725,0.0000000000
2012-02-09,0.2094761175,0.2188466680,0.2126584291,0.1610256623,0.1460378218,0.0519553012,0.0000000000
2012-02-10,0.2094037785,0.2188578091,0.2113135364,0.1613188066,0.1472740400,0.0518320293,0.0000000000
2012-02-13,0.2097071021,0.2195755036,0.2119022649,0.1607139036,0.1464508371,0.0516503888,0.0000000000
2012-02-14,0.2096186680,0.2203165677,0.2112230809,0.1604736696,0.1466926012,0.0516754126,0.0000000000
2012-02-15,0.2090258447,0.2191856599,0.2112055540,0.1617214497,0.1469093739,0.0519521178,0.0000000000
2012-02-16,0.2095985824,0.2203573451,0.2123303203,0.1602835500,0.1456721654,0.0517580369,0.0000000000
2012-02-17,0.2102478751,0.2197638333,0.2130085272,0.1597353713,0.1455531203,0.0516912728,0.0000000000
2012-02-21,0.2093157205,0.2193138481,0.2120600103,0.1624431951,0.1446209332,0.0522462929,0.0000000000
2012-02-22,0.2085541116,0.2182232343,0.2113479705,0.1641986190,0.1449675985,0.0527084662,0.0000000000
2012-02-23,0.2087474846,0.2189088575,0.2113699324,0.1637048411,0.1445824822,0.0526864023,0.0000000000
2012-02-24,0.2087828888,0.2192202700,0.2121390124,0.1626278689,0.1443292601,0.0529006997,0.0000000000
2012-02-27,0.2092054575,0.2196043276,0.2116800519,0.1621832152,0.1448359592,0.0524909887,0.0000000000
2012-02-28,0.2086463101,0.2205966372,0.2116906595,0.1629607755,0.1439248781,0.0521807396,0.0000000000
2012-02-29,0.2103842778,0.2223097505,0.2129118310,0.1562177488,0.1455510978,0.0526252941,0.0000000000
2012-03-01,0.2098707361,0.2223709183,0.2133344444,0.1572224281,0.1441558620,0.0530456111,0.0000000000
2012-03-02,0.2098260488,0.2228317508,0.2123869282,0.1574141672,0.1448804893,0.0526606157,0.0000000000
2012-03-05,0.2101476190,0.2217726570,0.2122436583,0.1576444004,0.1454858456,0.0527058197,0.0000000000
2012-03-06,0.2099834518,0.2226817458,0.2099264485,0.1570123857,0.1478240234,0.0525719449,0.0000000000
2012-03-07,0.2100845549,0.2229507965,0.2108673777,0.1568913800,0.1467377460,0.0524681449,0.0000000000
2012-03-08,0.2101392285,0.2231905039,0.2123208195,0.1569531773,0.1450012491,0.0523950217,0.0000000000
2012-03-09,0.2103783519,0.2235116660,0.2115656809,0.1575681183,0.1445806343,0.0523955486,0.0000000000
2012-03-12,0.2106923774,0.2239323762,0.2115100763,0.1565494819,0.1449173459,0.0523983423,0.0000000000
2012-03-13,0.2126147283,0.2261031289,0.2133665825,0.1525765149,0.1431682059,0.0521708395,0.0000000000
2012-03-14,0.2132271287,0.2277854323,0.2134132539,0.1506034362,0.1429498541,0.0520208948,0.0000000000
2012-03-15,0.2134868942,0.2273981554,0.2137221059,0.1513376532,0.1422352484,0.0518199429,0.0000000000
2012-03-16,0.2134200793,0.2268522848,0.2140639579,0.1512873740,0.1420068764,0.0523694276,0.0000000000
2012-03-19,0.2136617240,0.2278208045,0.2140841114,0.1511385239,0.1411591065,0.0521357297,0.0000000000
2012-03-20,0.2138256910,0.2290708819,0.2131997566,0.1503255234,0.1418880032,0.0516901438,0.0000000000
2012-03-21,0.2135659845,0.2292020349,0.2128933495,0.1504643398,0.1422863465,0.0515879449,0.0000000000
2012-03-22,0.2131803139,0.2299675513,0.2115247545,0.1506780542,0.1431908499,0.0514584762,0.0000000000
2012-03-23,0.2128332818,0.2287166772,0.2121317225,0.1517898520,0.1428226448,0.0517058219,0.0000000000
2012-03-26,0.2130635768,0.2297415250,0.2125132052,0.1525133549,0.1408953658,0.0512729722,0.0000000000
2012-03-27,0.2129806539,0.2307062790,0.2118266572,0.1518501845,0.1414341461,0.0512020793,0.0000000000
2012-03-28,0.2131326210,0.2311028700,0.2114533223,0.1510972674,0.1422144437,0.0509994756,0.0000000000
2012-03-29,0.2132231347,0.2307104527,0.2115533294,0.1512045085,0.1429079949,0.0504005797,0.0000000000
2012-03-30,0.2135908146,0.2297141683,0.2118791237,0.1516269571,0.1423444756,0.0508444608,0.0000000000
2012-04-02,0.2135356620,0.2303498158,0.2124645228,0.1512482678,0.1412911970,0.0511105346,0.0000000000
2012-04-03,0.2140774337,0.2318145017,0.2118608591,0.1494045598,0.1416213537,0.0512212921,0.0000000000
2012-04-04,0.2144273174,0.2313210054,0.2110482017,0.1486132987,0.1435745764,0.0510156003,0.0000000000
2012-04-05,0.2137946776,0.2321941969,0.2100883593,0.1492863404,0.1435500661,0.0510863597,0.0000000000
2012-04-09,0.2123635729,0.2315029401,0.2092294713,0.1509755234,0.1448401847,0.0510883077,0.0000000000
2012-04-10,0.2110128421,0.2301979934,0.2072242768,0.1542325006,0.1463891255,0.0509432616,0.0000000000
2012-04-11,0.2115963442,0.2300891217,0.2084976656,0.1533886274,0.1456284438,0.0507997973,0.0000000000
2012-04-12,0.2120100924,0.2301684797,0.2097916279,0.1532416669,0.1438876397,0.0509004933,0.0000000000
2012-04-13,0.2118785305,0.2292602902,0.2086966814,0.1532268491,0.1459781713,0.0509594775,0.0000000000
2012-04-16,0.2123416283,0.2273417288,0.2100074182,0.1532899685,0.1464197919,0.0505994643,0.0000000000
2012-04-17,0.2131310005,0.2294256043,0.2109043323,0.1514156453,0.1448452875,0.0502781301,0.0000000000
2012-04-18,0.2132159289,0.2297089589,0.2104130260,0.1510980819,0.1455786619,0.0499853424,0.0000000000
2012-04-19,0.2128823087,0.2282327211,0.2105020077,0.1519509415,0.1461843863,0.0502476347,0.0000000000
2012-04-20,0.2130818348,0.2274424389,0.2110185532,0.1519445855,0.1461039421,0.0504086456,0.0000000000
2012-04-23,0.2127769971,0.2269507081,0.2097577933,0.1525631209,0.1472785099,0.0506728708,0.0000000000
2012-04-24,0.2135088334,0.2256486480,0.2104470399,0.1527285650,0.1470123321,0.0506545817,0.0000000000
2012-04-25,0.2137776440,0.2288034910,0.2106659816,0.1511584173,0.1452751450,0.0503193212,0.0000000000
2012-04-26,0.2139247563,0.2287108304,0.2111186157,0.1515425643,0.1445911733,0.0501120598,0.0000000000
2012-04-27,0.2137121581,0.2294742796,0.2110037756,0.1514724030,0.1441977073,0.0501396764,0.0000000000
2012-04-30,0.2134966831,0.2284527569,0.2106913703,0.1523528341,0.1445355888,0.0504707669,0.0000000000
2012-05-01,0.2143562316,0.2283302263,0.2112897665,0.1514948013,0.1441682379,0.0503607364,0.0000000000
2012-05-02,0.2141409689,0.2294336710,0.2109144626,0.1511087165,0.1445986197,0.0498035612,0.0000000000
2012-05-03,0.2141670432,0.2287767432,0.2107808289,0.1507521726,0.1458857492,0.0496374628,0.0000000000
2012-05-04,0.2135134149,0.2260592872,0.2098003641,0.1532408270,0.1479762124,0.0494098944,0.0000000000
2012-05-07,0.2134905240,0.2260797011,0.2105260092,0.1527381724,0.1479057763,0.0492598170,0.0000000000
2012-05-08,0.2140992855,0.2267938685,0.2098443090,0.1508130742,0.1490326873,0.0494167755,0.0000000000
2012-05-09,0.2140690583,0.2274078572,0.2090587084,0.1502038187,0.1499413778,0.0493191796,0.0000000000
2012-05-10,0.2143625240,0.2267916374,0.2094616041,0.1503916695,0.1496890798,0.0493034852,0.0000000000
2012-05-11,0.2143164619,0.2273929597,0.2093637097,0.1496348666,0.1502179540,0.0490740480,0.0000000000
2012-05-14,0.2141742118,0.2276354914,0.2080989166,0.1490122107,0.1521397274,0.0489394421,0.0000000000
2012-05-15,0.2140774634,0.2280907966,0.2074407015,0.1482310879,0.1528666850,0.0492932656,0.0000000000
2012-05-16,0.2141911402,0.2275336497,0.2067145009,0.1486008233,0.1535073951,0.0494524908,0.0000000000
2012-05-17,0.2126147021,0.2244144789,0.2054140665,0.1530736652,0.1547690532,0.0497140341,0.0000000000
2012-05-18,0.2118116092,0.2225688011,0.2046567781,0.1555735378,0.1554734637,0.0499158101,0.0000000000
2012-05-21,0.2123880666,0.2255370511,0.2055185196,0.1534601703,0.1532347150,0.0498614774,0.0000000000
2012-05-22,0.2135891046,0.2261643121,0.2059469391,0.1514992769,0.1534587243,0.0493416430,0.0000000000
2012-05-23,0.2139111590,0.2268204647,0.2054463287,0.1511887318,0.1537892683,0.0488440475,0.0000000000
2012-05-24,0.2147589215,0.2257832812,0.2052464147,0.1512803615,0.1539707303,0.0489602908,0.0000000000
2012-05-25,0.2140053607,0.2254328182,0.2047699459,0.1525087568,0.1541661328,0.0491169855,0.0000000000
2012-05-29,0.2152360050,0.2268670650,0.2062779846,0.1499024936,0.1531142765,0.0486021753,0.0000000000
2012-05-30,0.2139515177,0.2269041634,0.2039780428,0.1520929383,0.1549570174,0.0481163203,0.0000000000
2012-05-31,0.2138139919,0.2262740735,0.2044377775,0.1520396525,0.1556594605,0.0477750441,0.0000000000
2012-06-01,0.2106974448,0.2226533154,0.2019512314,0.1596534252,0.1577449859,0.0472995973,0.0000000000
2012-06-04,0.2102124512,0.2239371249,0.2021030160,0.1591783946,0.1570888017,0.0474802115,0.0000000000
2012-06-05,0.2111964599,0.2242116044,0.2025647624,0.1585400157,0.1563145954,0.0471725622,0.0000000000
2012-06-06,0.2125612590,0.2257571013,0.2048470153,0.1561276982,0.1534104966,0.0472964298,0.0000000000
2012-06-07,0.2134475318,0.2256550317,0.2055765076,0.1539827594,0.1541931329,0.0471450367,0.0000000000
2012-06-08,0.2141889536,0.2268171920,0.2049426773,0.1535269014,0.1534388423,0.0470854334,0.0000000000
2012-06-11,0.2134536621,0.2250854553,0.2041864244,0.1555984683,0.1550183682,0.0466576217,0.0000000000
2012-06-12,0.2138968169,0.2256961762,0.2052663062,0.1552416520,0.1534509526,0.0464480962,0.0000000000
2012-06-13,0.2133601045,0.2250214471,0.2043860228,0.1565061338,0.1544538000,0.0462724917,0.0000000000
2012-06-14,0.2144198787,0.2245954493,0.2046878660,0.1562577449,0.1534822865,0.0465567746,0.0000000000
2012-06-15,0.2149120353,0.2256005515,0.2056174500,0.1551193447,0.1526335831,0.0461170355,0.0000000000
2012-06-18,0.2147277003,0.2270781640,0.2052275426,0.1547746485,0.1521666113,0.0460253334,0.0000000000
2012-06-19,0.2153330603,0.2278780380,0.2067582097,0.1529746014,0.1509573232,0.0460987675,0.0000000000
2012-06-20,0.2154135391,0.2285110870,0.2074918120,0.1521196630,0.1510278275,0.0454360714,0.0000000000
2012-06-21,0.2149973445,0.2274983255,0.2063298007,0.1513773943,0.1544041527,0.0453929824,0.0000000000
2012-06-22,0.2151769976,0.2283270692,0.2068734435,0.1509591665,0.1531315793,0.0455317440,0.0000000000
2012-06-25,0.2138383694,0.2261632943,0.2048114208,0.1535834655,0.1551462409,0.0464572090,0.0000000000
2012-06-26,0.2143384191,0.2269744099,0.2054325994,0.1520371542,0.1545647580,0.0466526594,0.0000000000
2012-06-27,0.2150100121,0.2270226702,0.2062334352,0.1513587461,0.1537327438,0.0466423927,0.0000000000
2012-06-28,0.2156543209,0.2258131569,0.2068356243,0.1504734874,0.1548151017,0.0464083088,0.0000000000
2012-06-29,0.2156168073,0.2272244172,0.2082921968,0.1508115952,0.1508204590,0.0472345245,0.0000000000
2012-07-02,0.2157920850,0.2273974671,0.2086090211,0.1503838599,0.1507781564,0.0470394106,0.0000000000
2012-07-03,0.2152626546,0.2272449743,0.2089441616,0.1513098019,0.1493157475,0.0479226601,0.0000000000
2012-07-05,0.2151423044,0.2282880239,0.2077815901,0.1501933941,0.1502996044,0.0482950833,0.0000000000
2012-07-06,0.2152632921,0.2277310287,0.2076061932,0.1497997972,0.1519359835,0.0476637053,0.0000000000
2012-07-09,0.2149454783,0.2272543662,0.2070113573,0.1500880192,0.1522016438,0.0484991353,0.0000000000
2012-07-10,0.2148232267,0.2268677552,0.2070539207,0.1494656300,0.1535219533,0.0482675141,0.0000000000
2012-07-11,0.2147386264,0.2254922751,0.2073562691,0.1502092407,0.1534248204,0.0487787683,0.0000000000
2012-07-12,0.2148222164,0.2245560321,0.2063624625,0.1506044775,0.1545077043,0.0491471072,0.0000000000
2012-07-13,0.2157316827,0.2251606466,0.2070646993,0.1502574298,0.1526559471,0.0491295945,0.0000000000
2012-07-16,0.2153083791,0.2246100135,0.2071009569,0.1503851462,0.1528390063,0.0497564979,0.0000000000
2012-07-17,0.2160928609,0.2250599702,0.2077152654,0.1491843339,0.1522953354,0.0496522341,0.0000000000
2012-07-18,0.2163793639,0.2267296339,0.2075496563,0.1478779989,0.1516731096,0.0497902374,0.0000000000
2012-07-19,0.2158378481,0.2280584003,0.2077523869,0.1474396005,0.1507771554,0.0501346088,0.0000000000
2012-07-20,0.2154731142,0.2267396576,0.2063162978,0.1488303150,0.1521286174,0.0505119980,0.0000000000
2012-07-23,0.2153150713,0.2261088447,0.2053344741,0.1496147323,0.1537066735,0.0499202041,0.0000000000
2012-07-24,0.2146575810,0.2255791953,0.2041732406,0.1509314063,0.1547567136,0.0499018632,0.0000000000
2012-07-25,0.2143251549,0.2236772713,0.2045024144,0.1527739297,0.1545372961,0.0501839337,0.0000000000
2012-07-26,0.2152771692,0.2239578629,0.2064462680,0.1520288144,0.1526095951,0.0496802903,0.0000000000
2012-07-27,0.2161638349,0.2260369201,0.2076729976,0.1506282919,0.1500105717,0.0494873837,0.0000000000
2012-07-30,0.2162136552,0.2259147129,0.2072272285,0.1505578092,0.1502989653,0.0497876289,0.0000000000
2012-07-31,0.2154971885,0.2266820515,0.2072293556,0.1502135482,0.1510036320,0.0493742241,0.0000000000
2012-08-01,0.2159314951,0.2266705311,0.2071956041,0.1493480060,0.1512647728,0.0495895909,0.0000000000
2012-08-02,0.2156784415,0.2271673989,0.2063014429,0.1492321986,0.1521650386,0.0494554795,0.0000000000
2012-08-03,0.2165748297,0.2279139847,0.2082306867,0.1482918983,0.1494655748,0.0495230257,0.0000000000
2012-08-06,0.2160404890,0.2286415374,0.2083398190,0.1483518392,0.1490343456,0.0495919698,0.0000000000
2012-08-07,0.2161694425,0.2295308044,0.2088877465,0.1476809549,0.1479824482,0.0497486035,0.0000000000
2012-08-08,0.2164036510,0.2293982282,0.2086837073,0.1478510782,0.1477783957,0.0498849396,0.0000000000
2012-08-09,0.2161196971,0.2295887499,0.2086744630,0.1480118632,0.1474189503,0.0501862764,0.0000000000
2012-08-10,0.2162484701,0.2294878126,0.2088557090,0.1480371646,0.1475033357,0.0498675080,0.0000000000
2012-08-13,0.2164808528,0.2303985642,0.2086970955,0.1471473930,0.1477219100,0.0495541845,0.0000000000
2012-08-14,0.2167020040,0.2307045459,0.2089692368,0.1464648392,0.1475081423,0.0496512319,0.0000000000
2012-08-15,0.2166475188,0.2309687557,0.2088123503,0.1467332257,0.1468286153,0.0500095340,0.0000000000
2012-08-16,0.2166612607,0.2320203661,0.2093605859,0.1465381214,0.1455789554,0.0498407106,0.0000000000
2012-08-17,0.2165440674,0.2326064228,0.2091432063,0.1464127066,0.1454758459,0.0498177509,0.0000000000
2012-08-20,0.2163919026,0.2327667507,0.2087185645,0.1468035522,0.1453109375,0.0500082925,0.0000000000
2012-08-21,0.2156100714,0.2317114523,0.2086390681,0.1481816300,0.1454211388,0.0504366395,0.0000000000
2012-08-22,0.2149802558,0.2318855095,0.2077670241,0.1492762097,0.1455597135,0.0505312874,0.0000000000
2012-08-23,0.2140648749,0.2308973751,0.2071865919,0.1511267669,0.1462399737,0.0504844174,0.0000000000
2012-08-24,0.2147541812,0.2316742370,0.2069547737,0.1507771943,0.1457252823,0.0501143315,0.0000000000
2012-08-27,0.2148576301,0.2321099917,0.2069231069,0.1502498024,0.1459601417,0.0498993272,0.0000000000
2012-08-28,0.2145926316,0.2320533042,0.2069162739,0.1504737636,0.1460417344,0.0499222923,0.0000000000
2012-08-29,0.2150209277,0.2323357219,0.2068181618,0.1496782384,0.1460759357,0.0500710144,0.0000000000
2012-08-30,0.2147317282,0.2313501015,0.2059714255,0.1504965238,0.1470304244,0.0504197966,0.0000000000
2012-08-31,0.2139430870,0.2309310178,0.2056807191,0.1526718707,0.1462506720,0.0505226335,0.0000000000
2012-09-04,0.2138359724,0.2307908913,0.2055489593,0.1529779162,0.1462848174,0.0505614434,0.0000000000
2012-09-05,0.2138953966,0.2308141191,0.2054753984,0.1529924737,0.1464501014,0.0503725107,0.0000000000
2012-09-06,0.2151456144,0.2325961979,0.2072176662,0.1513578757,0.1440409412,0.0496417046,0.0000000000
2012-09-07,0.2146262764,0.2308020537,0.2078846456,0.1536448650,0.1431614529,0.0498807064,0.0000000000
2012-09-10,0.2148314946,0.2293643133,0.2077639607,0.1536145053,0.1441427071,0.0502830189,0.0000000000
2012-09-11,0.2149958857,0.2285345756,0.2086353370,0.1538637609,0.1436850294,0.0502854114,0.0000000000
2012-09-12,0.2152281172,0.2286871848,0.2090246096,0.1535361730,0.1430926517,0.0504312637,0.0000000000
2012-09-13,0.2155321968,0.2286301344,0.2097763926,0.1545030058,0.1414732076,0.0500850628,0.0000000000
2012-09-14,0.2154129817,0.2295227505,0.2103353523,0.1541756441,0.1401917473,0.0503615241,0.0000000000
2012-09-17,0.2155665061,0.2305673741,0.2101450042,0.1535496262,0.1409971416,0.0491743478,0.0000000000
2012-09-18,0.2153331508,0.2307032688,0.2094129184,0.1546981116,0.1410483326,0.0488042178,0.0000000000
2012-09-19,0.2153324776,0.2310032900,0.2097206174,0.1546312541,0.1412487330,0.0480636278,0.0000000000
2012-09-20,0.2156341803,0.2310811647,0.2089422563,0.1545939035,0.1413485215,0.0483999737,0.0000000000
2012-09-21,0.2153354584,0.2309233944,0.2087401177,0.1548856952,0.1414391502,0.0486761840,0.0000000000
2012-09-24,0.2157330684,0.2303450827,0.2089435237,0.1545837234,0.1420666264,0.0483279754,0.0000000000
2012-09-25,0.2149902815,0.2287606324,0.2087344151,0.1554535355,0.1433299958,0.0487311398,0.0000000000
2012-09-26,0.2150177291,0.2282094073,0.2083323551,0.1554733467,0.1442999248,0.0486672370,0.0000000000
2012-09-27,0.2147644609,0.2289255710,0.2087265416,0.1561329083,0.1426957659,0.0487547522,0.0000000000
2012-09-28,0.2148139327,0.2281472184,0.2076706493,0.1564859503,0.1435971933,0.0492850561,0.0000000000
2012-10-01,0.2150261516,0.2274393982,0.2083645598,0.1565917261,0.1433056730,0.0492724913,0.0000000000
2012-10-02,0.2149501953,0.2277863512,0.2088938300,0.1562015074,0.1432211399,0.0489469762,0.0000000000
2012-10-03,0.2155111873,0.2289095429,0.2083290780,0.1562532442,0.1429600438,0.0480369037,0.0000000000
2012-10-04,0.2157361397,0.2283076652,0.2089019079,0.1563840297,0.1418882663,0.0487819912,0.0000000000
2012-10-05,0.2163035849,0.2276715579,0.2095229305,0.1558906935,0.1419599345,0.0486512988,0.0000000000
2012-10-08,0.2164724029,0.2265433019,0.2094586947,0.1560310323,0.1427751030,0.0487194652,0.0000000000
2012-10-09,0.2162517265,0.2249271344,0.2089445209,0.1564585480,0.1438995551,0.0495185151,0.0000000000
2012-10-10,0.2156473585,0.2245976636,0.2086080681,0.1568853357,0.1446510595,0.0496105146,0.0000000000
2012-10-11,0.2154204438,0.2235325009,0.2092738211,0.1570729074,0.1445985503,0.0501017764,0.0000000000
2012-10-12,0.2154487213,0.2241962390,0.2091158127,0.1564510782,0.1452096013,0.0495785474,0.0000000000
2012-10-15,0.2164676339,0.2250376979,0.2102414874,0.1543251216,0.1447687167,0.0491593426,0.0000000000
2012-10-16,0.2167409696,0.2262164167,0.2110709789,0.1539421916,0.1432674789,0.0487619642,0.0000000000
2012-10-17,0.2173368523,0.2256816615,0.2119449876,0.1537773766,0.1425667199,0.0486924021,0.0000000000
2012-10-18,0.2177218220,0.2240402808,0.2124411100,0.1537679509,0.1431402668,0.0488885696,0.0000000000
2012-10-19,0.2172425843,0.2218962270,0.2122291365,0.1543472097,0.1454275205,0.0488573219,0.0000000000
2012-10-22,0.2167961137,0.2225554913,0.2126395051,0.1545711785,0.1449139280,0.0485237834,0.0000000000
2012-10-23,0.2161889294,0.2229074606,0.2112623667,0.1543018541,0.1468692320,0.0484701571,0.0000000000
2012-10-24,0.2160948957,0.2226566156,0.2115473055,0.1541392658,0.1471166115,0.0484453060,0.0000000000
2012-10-25,0.2161065384,0.2220231112,0.2122738581,0.1547821911,0.1463836464,0.0484306547,0.0000000000
2012-10-26,0.2159247608,0.2226091280,0.2115513898,0.1546556761,0.1467361617,0.0485228836,0.0000000000
2012-10-31,0.2160480471,0.2213729291,0.2114506598,0.1555833156,0.1470296746,0.0485153739,0.0000000000
2012-11-01,0.2166358667,0.2227866939,0.2129496117,0.1536867388,0.1457104615,0.0482306274,0.0000000000
2012-11-02,0.2169827885,0.2227528164,0.2129388881,0.1520686168,0.1473453398,0.0479115504,0.0000000000
2012-11-05,0.2166753104,0.2234470735,0.2125122505,0.1521298092,0.1470850913,0.0481504651,0.0000000000
2012-11-06,0.2168145147,0.2222604097,0.2127556077,0.1538864385,0.1456198427,0.0486631868,0.0000000000
2012-11-07,0.2150194830,0.2202125673,0.2118734521,0.1563298078,0.1481069198,0.0484577700,0.0000000000
2012-11-08,0.2138299337,0.2181706280,0.2111108792,0.1587746637,0.1492663753,0.0488475201,0.0000000000
2012-11-09,0.2137250494,0.2188057128,0.2109137174,0.1583985242,0.1489838710,0.0491731252,0.0000000000
2012-11-12,0.2139606478,0.2188380634,0.2111575915,0.1580976292,0.1489895903,0.0489564779,0.0000000000
2012-11-13,0.2140129810,0.2181301726,0.2106397865,0.1583554847,0.1498119820,0.0490495932,0.0000000000
2012-11-14,0.2127636516,0.2172413594,0.2097809591,0.1596234980,0.1510157897,0.0495747422,0.0000000000
2012-11-15,0.2129914649,0.2171074522,0.2100429881,0.1590596336,0.1512853934,0.0495130677,0.0000000000
2012-11-16,0.2134563328,0.2174547146,0.2101477415,0.1584230730,0.1509244572,0.0495936810,0.0000000000
2012-11-19,0.2141621453,0.2189258664,0.2110313896,0.1576627940,0.1485253349,0.0496924698,0.0000000000
2012-11-20,0.2145058813,0.2192514542,0.2110110359,0.1573964407,0.1484216510,0.0494135368,0.0000000000
2012-11-21,0.2145454318,0.2193290614,0.2113697641,0.1572915257,0.1479210826,0.0495431344,0.0000000000
2012-11-23,0.2149252879,0.2200529577,0.2122464251,0.1573538943,0.1462825804,0.0491388547,0.0000000000
2012-11-26,0.2145164322,0.2210509829,0.2117643703,0.1572215156,0.1463670804,0.0490796186,0.0000000000
2012-11-27,0.2142056081,0.2211145142,0.2112598592,0.1571287083,0.1471016596,0.0491896507,0.0000000000
2012-11-28,0.2152201370,0.2222869223,0.2123722895,0.1546066428,0.1466438997,0.0488701088,0.0000000000
2012-11-29,0.2152397195,0.2225917729,0.2125463694,0.1544847836,0.1461583640,0.0489789907,0.0000000000
2012-11-30,0.2155518888,0.2224957705,0.2129856850,0.1536307828,0.1462612434,0.0490746295,0.0000000000
2012-12-03,0.2148797076,0.2224590750,0.2128437371,0.1539836957,0.1465476410,0.0492861436,0.0000000000
2012-12-04,0.2150285844,0.2227926934,0.2135576029,0.1527202942,0.1469490028,0.0489518223,0.0000000000
2012-12-05,0.2157715898,0.2206852389,0.2145355111,0.1526980919,0.1473280869,0.0489814814,0.0000000000
2012-12-06,0.2158772399,0.2214709241,0.2147521166,0.1526089527,0.1468887479,0.0484020190,0.0000000000
2012-12-07,0.2164877560,0.2201044632,0.2151495760,0.1531905069,0.1467279156,0.0483397823,0.0000000000
2012-12-10,0.2162894813,0.2204535240,0.2149500311,0.1535786291,0.1465580579,0.0481702766,0.0000000000
2012-12-11,0.2165186039,0.2220557809,0.2153848887,0.1525634945,0.1456689387,0.0478082933,0.0000000000
2012-12-12,0.2166328840,0.2215933856,0.2157871191,0.1526801177,0.1452702797,0.0480362139,0.0000000000
2012-12-13,0.2166900012,0.2212576426,0.2158109171,0.1523648486,0.1459687048,0.0479078858,0.0000000000
2012-12-14,0.2164119311,0.2196923233,0.2164703086,0.1525138723,0.1465885242,0.0483230406,0.0000000000
2012-12-17,0.2173963424,0.2210280301,0.2167256025,0.1517140323,0.1451918220,0.0479441706,0.0000000000
2012-12-18,0.2186039915,0.2231629695,0.2176661312,0.1487123285,0.1440534723,0.0478011072,0.0000000000
2012-12-19,0.2176261955,0.2228523123,0.2178775253,0.1487964361,0.1447303191,0.0481172118,0.0000000000
2012-12-20,0.2187408156,0.2227125504,0.2191321739,0.1469005387,0.1446525622,0.0478613592,0.0000000000
2012-12-21,0.2179732810,0.2216085001,0.2184979208,0.1482808695,0.1455964310,0.0480429976,0.0000000000
2012-12-24,0.2175941294,0.2214645292,0.2184362932,0.1487491126,0.1458055709,0.0479503647,0.0000000000
2012-12-26,0.2171935100,0.2200478040,0.2186003254,0.1492522125,0.1463508501,0.0485552979,0.0000000000
2012-12-27,0.2168975222,0.2197017562,0.2188183348,0.1496016149,0.1464265634,0.0485542085,0.0000000000
2012-12-28,0.2159110161,0.2189635992,0.2188571748,0.1499691800,0.1475786116,0.0487204184,0.0000000000
2012-12-31,0.2105263158,0.2105263158,0.2105263158,0.1578947368,0.1578947368,0.0526315789,0.0000000000
2013-01-02,0.2121431351,0.2134158607,0.2113620204,0.1562324981,0.1549498822,0.0518966036,0.0000000000
2013-01-03,0.2128276966,0.2134716101,0.2113457488,0.1551948828,0.1554085976,0.0517514642,0.0000000000
2013-01-04,0.2136652166,0.2126724812,0.2122594054,0.1543930370,0.1555064033,0.0515034565,0.0000000000
2013-01-07,0.2136316888,0.2132858082,0.2117110689,0.1538173711,0.1558237884,0.0517302746,0.0000000000
2013-01-08,0.2131170994,0.2129698874,0.2110089056,0.1549804055,0.1560377592,0.0518859430,0.0000000000
2013-01-09,0.2132292149,0.2133403238,0.2115109135,0.1546013055,0.1556115594,0.0517066830,0.0000000000
2013-01-10,0.2134698116,0.2131659395,0.2122963170,0.1549806975,0.1545444488,0.0515427856,0.0000000000
2013-01-11,0.2136271264,0.2136234033,0.2123416395,0.1542244829,0.1548224693,0.0513608786,0.0000000000
2013-01-14,0.2134900680,0.2126786524,0.2124752606,0.1546899857,0.1549681044,0.0516979289,0.0000000000
2013-01-15,0.2137030007,0.2116976827,0.2123332513,0.1557161080,0.1550590990,0.0514908582,0.0000000000
2013-01-16,0.2135381491,0.2124204173,0.2117798528,0.1557032742,0.1550443513,0.0515139554,0.0000000000
2013-01-17,0.2139900422,0.2125152369,0.2122407104,0.1556984646,0.1540415694,0.0515139766,0.0000000000
2013-01-18,0.2143648400,0.2119397604,0.2123475991,0.1553764015,0.1541486352,0.0518227637,0.0000000000
2013-01-22,0.2148861919,0.2116621528,0.2125526133,0.1554697276,0.1536114461,0.0518178683,0.0000000000
2013-01-23,0.2149620649,0.2126867407,0.2121200045,0.1548382629,0.1535847421,0.0518081849,0.0000000000
2013-01-24,0.2159691190,0.2106866488,0.2134734143,0.1538163965,0.1540544859,0.0519999355,0.0000000000
2013-01-25,0.2166990630,0.2112889976,0.2141610090,0.1527412896,0.1533365626,0.0517730782,0.0000000000
2013-01-28,0.2166995265,0.2120165840,0.2135862153,0.1525821584,0.1532987310,0.0518167847,0.0000000000
2013-01-29,0.2169194655,0.2114320224,0.2141273352,0.1528032759,0.1527564175,0.0519614834,0.0000000000
2013-01-30,0.2160527647,0.2109744689,0.2138198892,0.1539300071,0.1526750985,0.0525477717,0.0000000000
2013-01-31,0.2160397381,0.2110098728,0.2137532071,0.1533592727,0.1531819407,0.0526559686,0.0000000000
2013-02-01,0.2167836378,0.2120564353,0.2142877813,0.1525566142,0.1518141949,0.0525013365,0.0000000000
2013-02-04,0.2161596376,0.2101202011,0.2130593725,0.1543709363,0.1535297515,0.0527601010,0.0000000000
2013-02-05,0.2169142589,0.2118231305,0.2131141798,0.1533234070,0.1522075515,0.0526174723,0.0000000000
2013-02-06,0.2170136298,0.2110752114,0.2132634732,0.1536889243,0.1524291134,0.0525296479,0.0000000000
2013-02-07,0.2171354027,0.2116622405,0.2125468170,0.1534574266,0.1527721091,0.0524260041,0.0000000000
2013-02-08,0.2173327142,0.2128422938,0.2128415972,0.1524920704,0.1521062319,0.0523850925,0.0000000000
2013-02-11,0.2178058039,0.2134105542,0.2130576268,0.1510850923,0.1523153360,0.0523255868,0.0000000000
2013-02-12,0.2180803351,0.2124499507,0.2136369075,0.1512065156,0.1522289593,0.0523973319,0.0000000000
2013-02-13,0.2181742435,0.2131121937,0.2139593796,0.1503482783,0.1520124360,0.0523934689,0.0000000000
2013-02-14,0.2185173351,0.2131883839,0.2137681113,0.1497841617,0.1523879435,0.0523540645,0.0000000000
2013-02-15,0.2191532141,0.2134317693,0.2141041369,0.1479378472,0.1530260594,0.0523469731,0.0000000000
2013-02-19,0.2198585364,0.2140629481,0.2150557341,0.1469032502,0.1521969968,0.0519225344,0.0000000000
2013-02-20,0.2198987651,0.2134682344,0.2153392025,0.1450583760,0.1542438743,0.0519915478,0.0000000000
2013-02-21,0.2197099236,0.2122899253,0.2142395856,0.1469565107,0.1551384398,0.0516656151,0.0000000000
2013-02-22,0.2203373700,0.2129608998,0.2149457321,0.1462845699,0.1541597220,0.0513117063,0.0000000000
2013-02-25,0.2181481652,0.2122775207,0.2128876624,0.1489625457,0.1561807912,0.0515433147,0.0000000000
2013-02-26,0.2184788363,0.2119497744,0.2131034642,0.1499788775,0.1553119066,0.0511771410,0.0000000000
2013-02-27,0.2200411455,0.2129632864,0.2142945796,0.1475964886,0.1545182627,0.0505862371,0.0000000000
2013-02-28,0.2202403502,0.2131332856,0.2144944419,0.1465189380,0.1551041618,0.0505088225,0.0000000000
2013-03-01,0.2206744038,0.2137395681,0.2147541317,0.1457895636,0.1549535778,0.0500887549,0.0000000000
2013-03-04,0.2213633265,0.2142205860,0.2147840410,0.1453364187,0.1545021900,0.0497934377,0.0000000000
2013-03-05,0.2216695267,0.2157536356,0.2151586217,0.1443209667,0.1532173451,0.0498799041,0.0000000000
2013-03-06,0.2218689358,0.2151203738,0.2153904848,0.1450590921,0.1529802697,0.0495808437,0.0000000000
2013-03-07,0.2219924390,0.2154152520,0.2159057745,0.1443667589,0.1524702085,0.0498495671,0.0000000000
2013-03-08,0.2225410417,0.2152811251,0.2163867312,0.1441278884,0.1517558618,0.0499073518,0.0000000000
2013-03-11,0.2228345500,0.2153745038,0.2164700881,0.1440359048,0.1514641239,0.0498208294,0.0000000000
2013-03-12,0.2225297013,0.2147820829,0.2155478446,0.1452930032,0.1518729237,0.0499744443,0.0000000000
2013-03-13,0.2230606355,0.2147090500,0.2156336256,0.1449342247,0.1518961941,0.0497662700,0.0000000000
2013-03-14,0.2233584262,0.2145737458,0.2162973561,0.1443778827,0.1514585236,0.0499340656,0.0000000000
2013-03-15,0.2232776746,0.2141828179,0.2158885843,0.1448175013,0.1517416912,0.0500917307,0.0000000000
2013-03-18,0.2224806346,0.2141327216,0.2149112445,0.1464015715,0.1521770115,0.0498968164,0.0000000000
2013-03-19,0.2223847873,0.2141307974,0.2138333390,0.1473399929,0.1526866895,0.0496243940,0.0000000000
2013-03-20,0.2229506767,0.2146863278,0.2147390118,0.1460229806,0.1518482814,0.0497527216,0.0000000000
2013-03-21,0.2222442515,0.2133994623,0.2142094971,0.1476459773,0.1526988793,0.0498019325,0.0000000000
2013-03-22,0.2229567829,0.2144412126,0.2146435933,0.1462807079,0.1520228242,0.0496548791,0.0000000000
2013-03-25,0.2227608749,0.2143672969,0.2140719613,0.1464727541,0.1524710725,0.0498560403,0.0000000000
2013-03-26,0.2234921150,0.2145187353,0.2146756080,0.1452985758,0.1519359449,0.0500790209,0.0000000000
2013-03-27,0.2232227383,0.2145408320,0.2141700821,0.1457237496,0.1520686449,0.0502739531,0.0000000000
2013-03-28,0.2237404515,0.2149092270,0.2148722656,0.1447613002,0.1519543454,0.0497624103,0.0000000000
2013-04-01,0.2237175626,0.2142708560,0.2138472541,0.1455286155,0.1526806898,0.0499550219,0.0000000000
2013-04-02,0.2244710428,0.2156234613,0.2147909556,0.1431974770,0.1522773207,0.0496397427,0.0000000000
2013-04-03,0.2241821695,0.2155664755,0.2143426547,0.1428667171,0.1538059634,0.0492360198,0.0000000000
2013-04-04,0.2246120507,0.2151697289,0.2150882865,0.1421458947,0.1539081708,0.0490758685,0.0000000000
2013-04-05,0.2237633332,0.2135300964,0.2145367027,0.1446327983,0.1544628765,0.0490741928,0.0000000000
2013-04-08,0.2246143275,0.2140309480,0.2149395930,0.1435935716,0.1537450811,0.0490764788,0.0000000000
2013-04-09,0.2244117482,0.2145381679,0.2146653089,0.1440785997,0.1531323258,0.0491738495,0.0000000000
2013-04-10,0.2255814633,0.2172036437,0.2160782770,0.1406604600,0.1517529509,0.0487232051,0.0000000000
2013-04-11,0.2259101980,0.2167165407,0.2167479777,0.1406846364,0.1515050297,0.0484356175,0.0000000000
2013-04-12,0.2272579096,0.2183887695,0.2176293416,0.1352029561,0.1532793413,0.0482416818,0.0000000000
2013-04-15,0.2284372403,0.2202956997,0.2183961979,0.1269120074,0.1578008315,0.0481580232,0.0000000000
2013-04-16,0.2291052314,0.2206155958,0.2193669410,0.1268547285,0.1559598979,0.0480976054,0.0000000000
2013-04-17,0.2285461348,0.2189681979,0.2181328581,0.1284892673,0.1578862468,0.0479772952,0.0000000000
2013-04-18,0.2279390071,0.2167279438,0.2179010553,0.1303422563,0.1584293388,0.0486603987,0.0000000000
2013-04-19,0.2280024894,0.2178636210,0.2184889701,0.1303809500,0.1571217723,0.0481421972,0.0000000000
2013-04-22,0.2275003108,0.2186482466,0.2177570944,0.1318422560,0.1562794622,0.0479726299,0.0000000000
2013-04-23,0.2285810369,0.2195315855,0.2189774302,0.1301470719,0.1553499400,0.0474129354,0.0000000000
2013-04-24,0.2280706307,0.2188079616,0.2192645710,0.1311867841,0.1548768857,0.0477931669,0.0000000000
2013-04-25,0.2274065972,0.2184481271,0.2189820187,0.1333460340,0.1537332838,0.0480839392,0.0000000000
2013-04-26,0.2275288217,0.2182622018,0.2189081355,0.1329743778,0.1544067201,0.0479197431,0.0000000000
2013-04-29,0.2272949209,0.2185793912,0.2193632748,0.1332554167,0.1533178740,0.0481891223,0.0000000000
2013-04-30,0.2270999092,0.2194547460,0.2197177157,0.1332629337,0.1527944264,0.0476702691,0.0000000000
2013-05-01,0.2268039958,0.2200756210,0.2192279693,0.1327054130,0.1540170226,0.0471699783,0.0000000000
2013-05-02,0.2271029947,0.2210985928,0.2191744125,0.1324132961,0.1528146134,0.0473960905,0.0000000000
2013-05-03,0.2277200621,0.2220600325,0.2199191642,0.1315976193,0.1511331996,0.0475699223,0.0000000000
2013-05-06,0.2279456880,0.2225773779,0.2198223572,0.1314495774,0.1506547087,0.0475502908,0.0000000000
2013-05-07,0.2290815305,0.2224355587,0.2207362303,0.1298018048,0.1505604098,0.0473844659,0.0000000000
2013-05-08,0.2287665441,0.2221928430,0.2209658645,0.1309479780,0.1498074052,0.0473193653,0.0000000000
2013-05-09,0.2289867683,0.2227282707,0.2207108002,0.1299218166,0.1501715858,0.0474807584,0.0000000000
2013-05-10,0.2296066891,0.2239557187,0.2206712255,0.1287351479,0.1497914847,0.0472397340,0.0000000000
2013-05-13,0.2300499515,0.2244859963,0.2207596152,0.1278009818,0.1498255224,0.0470779329,0.0000000000
2013-05-14,0.2315303105,0.2247815693,0.2213191920,0.1267376478,0.1488959164,0.0467353640,0.0000000000
2013-05-15,0.2328386442,0.2252993959,0.2222245254,0.1238456838,0.1491514076,0.0466403430,0.0000000000
2013-05-16,0.2323616474,0.2256532999,0.2216425602,0.1236769823,0.1499549208,0.0467105894,0.0000000000
2013-05-17,0.2338322446,0.2270748179,0.2227215873,0.1204906309,0.1490926935,0.0467880258,0.0000000000
2013-05-20,0.2329400213,0.2258870794,0.2221260467,0.1237471812,0.1483847019,0.0469149696,0.0000000000
2013-05-21,0.2335780019,0.2264244129,0.2227364121,0.1218538562,0.1486988025,0.0467085145,0.0000000000
2013-05-22,0.2336070622,0.2261481928,0.2221597747,0.1219111532,0.1493259661,0.0468478510,0.0000000000
2013-05-23,0.2328341366,0.2255318449,0.2210545285,0.1243263453,0.1492093599,0.0470437848,0.0000000000
2013-05-24,0.2332484561,0.2260013849,0.2202954163,0.1238659154,0.1496014490,0.0469873783,0.0000000000
2013-05-28,0.2339472500,0.2268024181,0.2204903182,0.1232481787,0.1482334495,0.0472783855,0.0000000000
2013-05-29,0.2331550165,0.2264341084,0.2195147249,0.1248747161,0.1489012651,0.0471201691,0.0000000000
2013-05-30,0.2328958455,0.2265455809,0.2195151403,0.1260007295,0.1481480405,0.0468946632,0.0000000000
2013-05-31,0.2324797365,0.2273233473,0.2185066871,0.1250119597,0.1497483500,0.0469299193,0.0000000000
2013-06-03,0.2323405730,0.2263441535,0.2185226768,0.1266560073,0.1489144009,0.0472221885,0.0000000000
2013-06-04,0.2322544020,0.2261758533,0.2186794529,0.1260276849,0.1492487460,0.0476138609,0.0000000000
2013-06-05,0.2312931351,0.2254650825,0.2171518156,0.1275611605,0.1506583110,0.0478704953,0.0000000000
2013-06-06,0.2318734588,0.2250910801,0.2175480842,0.1276784785,0.1500670216,0.0477418767,0.0000000000
2013-06-07,0.2337484560,0.2271248944,0.2185118342,0.1240687746,0.1489140707,0.0476319701,0.0000000000
2013-06-10,0.2336673593,0.2271388917,0.2185584264,0.1246399066,0.1485608881,0.0474345279,0.0000000000
2013-06-11,0.2332655108,0.2268336182,0.2175342595,0.1250747797,0.1498650156,0.0474268162,0.0000000000
2013-06-12,0.2324975427,0.2253393267,0.2174279380,0.1266467960,0.1503681866,0.0477202100,0.0000000000
2013-06-13,0.2336539310,0.2258929989,0.2184302572,0.1248937880,0.1495812562,0.0475477687,0.0000000000
2013-06-14,0.2331102043,0.2252934860,0.2174061302,0.1260365322,0.1502166165,0.0479370308,0.0000000000
2013-06-17,0.2335966130,0.2262034426,0.2184390065,0.1247164251,0.1492667924,0.0477777204,0.0000000000
2013-06-18,0.2345406645,0.2271887627,0.2192307365,0.1227151937,0.1486397942,0.0476848484,0.0000000000
2013-06-19,0.2341089365,0.2273852480,0.2179769298,0.1227577516,0.1494341172,0.0483370168,0.0000000000
2013-06-20,0.2346394706,0.2281343902,0.2172011439,0.1194090546,0.1525536741,0.0480622666,0.0000000000
2013-06-21,0.2353427740,0.2268749548,0.2175786559,0.1207842682,0.1516677244,0.0477516227,0.0000000000
2013-06-24,0.2348467405,0.2270152018,0.2164404198,0.1209789081,0.1526666697,0.0480520601,0.0000000000
2013-06-25,0.2355564508,0.2271823639,0.2179010814,0.1197428111,0.1518413059,0.0477759870,0.0000000000
2013-06-26,0.2375276734,0.2288720629,0.2192405954,0.1145353697,0.1522525979,0.0475717007,0.0000000000
2013-06-27,0.2382096399,0.2291557662,0.2208501117,0.1119347644,0.1524386062,0.0474111116,0.0000000000
2013-06-28,0.2369303828,0.2291843969,0.2196722202,0.1148482374,0.1522579523,0.0471068103,0.0000000000
2013-07-01,0.2366395929,0.2289746969,0.2199454753,0.1159731232,0.1513943628,0.0470727488,0.0000000000
2013-07-02,0.2369409840,0.2295755258,0.2191996883,0.1151925398,0.1517281761,0.0473630860,0.0000000000
2013-07-03,0.2365118683,0.2299862950,0.2190465331,0.1155946398,0.1511757718,0.0476848920,0.0000000000
2013-07-05,0.2386881261,0.2313784289,0.2202668727,0.1128800182,0.1492880549,0.0474984991,0.0000000000
2013-07-08,0.2389018613,0.2304941120,0.2200550052,0.1136910626,0.1493461796,0.0475117793,0.0000000000
2013-07-09,0.2391637583,0.2304853034,0.2201858686,0.1140519649,0.1485949942,0.0475181105,0.0000000000
2013-07-10,0.2388273735,0.2313996377,0.2200884364,0.1141615929,0.1479421521,0.0475808073,0.0000000000
2013-07-11,0.2380281118,0.2320451666,0.2211658702,0.1153039984,0.1464379554,0.0470188977,0.0000000000
2013-07-12,0.2380082960,0.2329497823,0.2205216518,0.1151442045,0.1462003816,0.0471756838,0.0000000000
2013-07-15,0.2382460071,0.2328194449,0.2210473052,0.1148667416,0.1461033277,0.0469171734,0.0000000000
2013-07-16,0.2375703777,0.2327233679,0.2205940494,0.1156290742,0.1464690742,0.0470140566,0.0000000000
2013-07-17,0.2379607005,0.2330951482,0.2212909307,0.1140703301,0.1466481065,0.0469347840,0.0000000000
2013-07-18,0.2386851581,0.2319462853,0.2218981577,0.1144309565,0.1460209163,0.0470185261,0.0000000000
2013-07-19,0.2392393307,0.2296709403,0.2220190089,0.1155088613,0.1464818358,0.0470800231,0.0000000000
2013-07-22,0.2383324560,0.2290282523,0.2217616563,0.1182709588,0.1458321274,0.0467745493,0.0000000000
2013-07-23,0.2381308886,0.2276356755,0.2221677817,0.1192221380,0.1459375737,0.0469059425,0.0000000000
2013-07-24,0.2381555569,0.2292353993,0.2222736140,0.1176156619,0.1460130651,0.0467067028,0.0000000000
2013-07-25,0.2378848764,0.2298602107,0.2219296211,0.1182909450,0.1455475475,0.0464867992,0.0000000000
2013-07-26,0.2379753755,0.2309283902,0.2212087700,0.1183110031,0.1454072511,0.0461692102,0.0000000000
2013-07-29,0.2378719549,0.2311099995,0.2206132376,0.1183388275,0.1457923976,0.0462735829,0.0000000000
2013-07-30,0.2377464723,0.2322161810,0.2203339941,0.1179541667,0.1456610949,0.0460880910,0.0000000000
2013-07-31,0.2376479998,0.2323841261,0.2203299466,0.1176742510,0.1456056582,0.0463580183,0.0000000000
2013-08-01,0.2389419315,0.2333270867,0.2219092289,0.1157291202,0.1439081501,0.0461844826,0.0000000000
2013-08-02,0.2387644530,0.2340658588,0.2220135195,0.1152190178,0.1440425395,0.0458946115,0.0000000000
2013-08-05,0.2387604926,0.2345570402,0.2218502842,0.1147831742,0.1443187191,0.0457302897,0.0000000000
2013-08-06,0.2388148333,0.2345420157,0.2221126557,0.1138762824,0.1450271290,0.0456270840,0.0000000000
2013-08-07,0.2386161641,0.2346787962,0.2213868080,0.1143171908,0.1455680251,0.0454330157,0.0000000000
2013-08-08,0.2378330627,0.2342134885,0.2218362917,0.1160040830,0.1447634049,0.0453496693,0.0000000000
2013-08-09,0.2374741723,0.2335902434,0.2219805993,0.1161642525,0.1450580141,0.0457327183,0.0000000000
2013-08-12,0.2365589052,0.2335131853,0.2212654232,0.1179264345,0.1445753405,0.0461607112,0.0000000000
2013-08-13,0.2369759729,0.2345434808,0.2220510307,0.1165181652,0.1438233171,0.0460880332,0.0000000000
2013-08-14,0.2360551767,0.2339535208,0.2218438926,0.1178146630,0.1438142100,0.0465185370,0.0000000000
2013-08-15,0.2345028538,0.2317221521,0.2209064381,0.1211752411,0.1443779804,0.0473153345,0.0000000000
2013-08-16,0.2338969082,0.2317977243,0.2207812620,0.1220824995,0.1440741169,0.0473674891,0.0000000000
2013-08-19,0.2335025472,0.2324946045,0.2200265132,0.1221333684,0.1443050875,0.0475378791,0.0000000000
2013-08-20,0.2338080908,0.2326744997,0.2199297097,0.1221005461,0.1442095359,0.0472776178,0.0000000000
2013-08-21,0.2336431245,0.2331477299,0.2188409881,0.1224184598,0.1444666646,0.0474830332,0.0000000000
2013-08-22,0.2340717520,0.2337367616,0.2192157652,0.1222161966,0.1436011849,0.0471583397,0.0000000000
2013-08-23,0.2333318025,0.2337697038,0.2192035780,0.1233311409,0.1431392591,0.0472245157,0.0000000000
2013-08-26,0.2326336122,0.2340628009,0.2183523233,0.1239245469,0.1435008659,0.0475258507,0.0000000000
2013-08-27,0.2312847371,0.2316691516,0.2167505388,0.1264218685,0.1453837403,0.0484899636,0.0000000000
2013-08-28,0.2316880034,0.2321443860,0.2166867640,0.1261573347,0.1448490840,0.0484744280,0.0000000000
2013-08-29,0.2317934847,0.2335117507,0.2165644345,0.1252406268,0.1449717548,0.0479179484,0.0000000000
2013-08-30,0.2321993568,0.2331500253,0.2164857208,0.1247005684,0.1454540618,0.0480102668,0.0000000000
2013-09-03,0.2318800178,0.2331019028,0.2171699105,0.1256261352,0.1442429609,0.0479790729,0.0000000000
2013-09-04,0.2327721308,0.2345553815,0.2184468327,0.1234610499,0.1434060942,0.0473585108,0.0000000000
2013-09-05,0.2335781301,0.2354680711,0.2193729730,0.1214714466,0.1427541879,0.0473551912,0.0000000000
2013-09-06,0.2328644860,0.2349104529,0.2191644172,0.1228274291,0.1427784352,0.0474547796,0.0000000000
2013-09-09,0.2332893950,0.2358339720,0.2204552918,0.1216662926,0.1419649111,0.0467901375,0.0000000000
2013-09-10,0.2344628220,0.2364284183,0.2220619967,0.1194133999,0.1413761111,0.0462572521,0.0000000000
2013-09-11,0.2348601122,0.2356353259,0.2223829286,0.1192053319,0.1416552396,0.0462610618,0.0000000000
2013-09-12,0.2355353050,0.2367904743,0.2224488747,0.1161985560,0.1422791392,0.0467476508,0.0000000000
2013-09-13,0.2356872414,0.2365629193,0.2228162124,0.1161488730,0.1422532524,0.0465315014,0.0000000000
2013-09-16,0.2368704116,0.2357466248,0.2242125540,0.1148162925,0.1424406454,0.0459134718,0.0000000000
2013-09-17,0.2372496779,0.2366451323,0.2240943301,0.1145344694,0.1421689677,0.0453074227,0.0000000000
2013-09-18,0.2359473341,0.2354439595,0.2246450095,0.1175071401,0.1409443069,0.0455122497,0.0000000000
2013-09-19,0.2358150846,0.2362716375,0.2241865056,0.1174067479,0.1409301639,0.0453898605,0.0000000000
2013-09-20,0.2361173752,0.2374226830,0.2240274584,0.1149793873,0.1421043212,0.0453487750,0.0000000000
2013-09-23,0.2356153995,0.2375370871,0.2242503977,0.1148990097,0.1425681012,0.0451300048,0.0000000000
2013-09-24,0.2351876700,0.2376653450,0.2239710633,0.1150601930,0.1429788799,0.0451368487,0.0000000000
2013-09-25,0.2346028915,0.2369473265,0.2238615850,0.1161257203,0.1432372104,0.0452252663,0.0000000000
2013-09-26,0.2348275084,0.2381002960,0.2239364492,0.1148925519,0.1427984681,0.0454447265,0.0000000000
2013-09-27,0.2340255668,0.2380816715,0.2234824815,0.1160910969,0.1430480111,0.0452711722,0.0000000000
2013-09-30,0.2337608695,0.2385119685,0.2230602875,0.1158668682,0.1435310986,0.0452689077,0.0000000000
2013-10-01,0.2350503806,0.2403572990,0.2242919339,0.1123536121,0.1430836702,0.0448631042,0.0000000000
2013-10-02,0.2343082238,0.2397346022,0.2234752530,0.1143272209,0.1429536631,0.0452010369,0.0000000000
2013-10-03,0.2335805462,0.2383977628,0.2235272714,0.1151414572,0.1439433566,0.0454096058,0.0000000000
2013-10-04,0.2343692381,0.2394548344,0.2235168099,0.1140755396,0.1432230169,0.0453605611,0.0000000000
2013-10-07,0.2334002940,0.2385448701,0.2227233039,0.1155998413,0.1438478297,0.0458838609,0.0000000000
2013-10-08,0.2329703478,0.2362608124,0.2225356072,0.1165271240,0.1452070288,0.0464990798,0.0000000000
2013-10-09,0.2335469100,0.2359381143,0.2233722903,0.1155488261,0.1453519447,0.0462419146,0.0000000000
2013-10-10,0.2353584293,0.2376789090,0.2248916714,0.1123246264,0.1435492997,0.0461970641,0.0000000000
2013-10-11,0.2361063627,0.2387762785,0.2257228254,0.1104556096,0.1431369624,0.0458019614,0.0000000000
2013-10-14,0.2363136239,0.2397175665,0.2255808645,0.1103193614,0.1424262342,0.0456423495,0.0000000000
2013-10-15,0.2354510108,0.2396530925,0.2248381322,0.1115310985,0.1428763487,0.0456503174,0.0000000000
2013-10-16,0.2365442828,0.2401385479,0.2252308654,0.1103360258,0.1421723918,0.0455778863,0.0000000000
2013-10-17,0.2360488321,0.2394067633,0.2254691546,0.1128089754,0.1413267906,0.0449394841,0.0000000000
2013-10-18,0.2360378154,0.2416430003,0.2252742463,0.1115457052,0.1406068909,0.0448923419,0.0000000000
2013-10-21,0.2358960920,0.2420129805,0.2253601821,0.1115865234,0.1403839389,0.0447602832,0.0000000000
2013-10-22,0.2358851076,0.2409591878,0.2256435025,0.1130007752,0.1400618691,0.0444495578,0.0000000000
2013-10-23,0.2361384644,0.2409088042,0.2249817258,0.1130952319,0.1408477640,0.0440280097,0.0000000000
2013-10-24,0.2359599897,0.2409835467,0.2252725425,0.1136945378,0.1402233351,0.0438660482,0.0000000000
2013-10-25,0.2361600867,0.2418121888,0.2246707783,0.1137618897,0.1397558100,0.0438392464,0.0000000000
2013-10-28,0.2363970110,0.2417284412,0.2245001948,0.1137822511,0.1396091690,0.0439829329,0.0000000000
2013-10-29,0.2372849361,0.2417564946,0.2246889130,0.1129162627,0.1395579101,0.0437954835,0.0000000000
2013-10-30,0.2367057334,0.2421369757,0.2244069293,0.1130546534,0.1396533567,0.0440423514,0.0000000000
2013-10-31,0.2370707372,0.2426431247,0.2242244071,0.1119213116,0.1402794494,0.0438609701,0.0000000000
2013-11-01,0.2378911066,0.2429610563,0.2243472552,0.1113480314,0.1400903496,0.0433622009,0.0000000000
2013-11-04,0.2381784041,0.2427529320,0.2251134829,0.1109691244,0.1399108402,0.0430752164,0.0000000000
2013-11-05,0.2381185843,0.2437272446,0.2240954117,0.1110742948,0.1399026869,0.0430817778,0.0000000000
2013-11-06,0.2386120442,0.2429331126,0.2244685756,0.1112990534,0.1397014415,0.0429857726,0.0000000000
2013-11-07,0.2384188126,0.2412240092,0.2239727775,0.1117121091,0.1414811815,0.0431911100,0.0000000000
2013-11-08,0.2401617401,0.2429911768,0.2245616201,0.1093762830,0.1397419382,0.0431672418,0.0000000000
2013-11-11,0.2403073929,0.2427145745,0.2248161841,0.1090631059,0.1397243520,0.0433743905,0.0000000000
2013-11-12,0.2403782955,0.2436637484,0.2247126549,0.1080640190,0.1399974950,0.0431837872,0.0000000000
2013-11-13,0.2406122066,0.2448906535,0.2243865233,0.1076586102,0.1393829034,0.0430691030,0.0000000000
2013-11-14,0.2406394022,0.2444610261,0.2243438606,0.1083746315,0.1391344494,0.0430466303,0.0000000000
2013-11-15,0.2409262782,0.2441573054,0.2252601188,0.1080772161,0.1387354545,0.0428436270,0.0000000000
2013-11-18,0.2411911913,0.2428885971,0.2261832833,0.1073358196,0.1396484004,0.0427527082,0.0000000000
2013-11-19,0.2412369533,0.2427611366,0.2259802537,0.1076338555,0.1396018914,0.0427859095,0.0000000000
2013-11-20,0.2417548169,0.2434566871,0.2260811706,0.1057127465,0.1399480856,0.0430464932,0.0000000000
2013-11-21,0.2421360826,0.2443459112,0.2261403022,0.1048746521,0.1391897804,0.0433132714,0.0000000000
2013-11-22,0.2424514058,0.2447576178,0.2261589963,0.1044710884,0.1388716049,0.0432892868,0.0000000000
2013-11-25,0.2422068638,0.2453372251,0.2253046373,0.1049401058,0.1389732680,0.0432379000,0.0000000000
2013-11-26,0.2420581502,0.2463998671,0.2251813940,0.1042896533,0.1388884400,0.0431824954,0.0000000000
2013-11-27,0.2419436995,0.2473979542,0.2253763151,0.1036747120,0.1385500823,0.0430572369,0.0000000000
2013-11-29,0.2411599556,0.2482367236,0.2249490067,0.1044807209,0.1382442287,0.0429293645,0.0000000000
2013-12-02,0.2420256255,0.2490479671,0.2247965355,0.1024112779,0.1385737572,0.0431448368,0.0000000000
2013-12-03,0.2413892591,0.2492666429,0.2239768072,0.1029167364,0.1389780183,0.0434725361,0.0000000000
2013-12-04,0.2411552735,0.2492860607,0.2229715159,0.1045718830,0.1384952923,0.0435199746,0.0000000000
2013-12-05,0.2410572307,0.2499628106,0.2230483056,0.1035379846,0.1387503862,0.0436432823,0.0000000000
2013-12-06,0.2418653010,0.2498295379,0.2239842297,0.1029539116,0.1379094980,0.0434575219,0.0000000000
2013-12-09,0.2417894361,0.2501318335,0.2235385483,0.1036738011,0.1376841810,0.0431821999,0.0000000000
2013-12-10,0.2407338274,0.2497616556,0.2230169460,0.1054094808,0.1377952270,0.0432828631,0.0000000000
2013-12-11,0.2403232316,0.2489239470,0.2225652945,0.1055862831,0.1389014074,0.0436998364,0.0000000000
2013-12-12,0.2408170815,0.2496152714,0.2227078385,0.1038963770,0.1394385754,0.0435248561,0.0000000000
2013-12-13,0.2406880375,0.2491864590,0.2225354686,0.1048093429,0.1394449491,0.0433357430,0.0000000000
2013-12-16,0.2409661822,0.2493025871,0.2230813976,0.1045513642,0.1388455045,0.0432529643,0.0000000000
2013-12-17,0.2409307416,0.2495629907,0.2228650236,0.1039582804,0.1395027865,0.0431801771,0.0000000000
2013-12-18,0.2428104566,0.2501635334,0.2238804374,0.1021078230,0.1381667497,0.0428709998,0.0000000000
2013-12-19,0.2433799921,0.2503408318,0.2247038447,0.1000349790,0.1384174615,0.0431228909,0.0000000000
2013-12-20,0.2431482201,0.2511883633,0.2244452850,0.1003309995,0.1377179692,0.0431691629,0.0000000000
2013-12-23,0.2431497272,0.2524834908,0.2250241018,0.0994799107,0.1369227667,0.0429400028,0.0000000000
2013-12-24,0.2432969529,0.2521993244,0.2252059846,0.0997779602,0.1365140717,0.0430057061,0.0000000000
2013-12-26,0.2437003292,0.2521731981,0.2252425830,0.0999860490,0.1359721030,0.0429257378,0.0000000000
2013-12-27,0.2435563414,0.2514059001,0.2258105713,0.1002576823,0.1359503067,0.0430191982,0.0000000000
2013-12-30,0.2438589427,0.2513852140,0.2267412880,0.0989156004,0.1362692737,0.0428296813,0.0000000000
2013-12-31,0.2105263158,0.2105263158,0.2105263158,0.1578947368,0.1578947368,0.0526315789,0.0000000000
2014-01-02,0.2095325934,0.2099007051,0.2084259402,0.1612390167,0.1587743478,0.0521273968,0.0000000000
2014-01-03,0.2094654930,0.2083527198,0.2086069333,0.1629761802,0.1588091792,0.0517894946,0.0000000000
2014-01-06,0.2091488734,0.2078719629,0.2083265363,0.1634901524,0.1592390374,0.0519234376,0.0000000000
2014-01-07,0.2097461482,0.2091131721,0.2086057351,0.1620289039,0.1587933268,0.0517127139,0.0000000000
2014-01-08,0.2100832693,0.2098603593,0.2089310528,0.1612980450,0.1585371037,0.0512901700,0.0000000000
2014-01-09,0.2102877647,0.2092301348,0.2089622365,0.1618140530,0.1588113427,0.0508944684,0.0000000000
2014-01-10,0.2095479416,0.2085968745,0.2090769685,0.1632503351,0.1586225641,0.0509053161,0.0000000000
2014-01-13,0.2082271438,0.2069728945,0.2082087836,0.1654478201,0.1598974269,0.0512459311,0.0000000000
2014-01-14,0.2091741549,0.2095945967,0.2087777523,0.1628735082,0.1586559341,0.0509240538,0.0000000000
2014-01-15,0.2096340859,0.2106456083,0.2087504250,0.1620450543,0.1580194209,0.0509054055,0.0000000000
2014-01-16,0.2093018871,0.2106092097,0.2087614194,0.1621747751,0.1583435211,0.0508091875,0.0000000000
2014-01-17,0.2086616859,0.2096639552,0.2082297063,0.1639106876,0.1586036899,0.0509302750,0.0000000000
2014-01-21,0.2090021869,0.2109867883,0.2085224090,0.1620317777,0.1584705087,0.0509863294,0.0000000000
2014-01-22,0.2090488370,0.2114441854,0.2089621618,0.1612723042,0.1580631032,0.0512094084,0.0000000000
2014-01-23,0.2074275332,0.2108227503,0.2071490753,0.1648630121,0.1585464670,0.0511911621,0.0000000000
2014-01-24,0.2056543761,0.2093773013,0.2044225466,0.1677028461,0.1609621934,0.0518807366,0.0000000000
2014-01-27,0.2060087742,0.2087338203,0.2047077561,0.1669862834,0.1616903109,0.0518730551,0.0000000000
2014-01-28,0.2065531442,0.2079253960,0.2057193052,0.1664226899,0.1614281352,0.0519513295,0.0000000000
2014-01-29,0.2053416171,0.2064739520,0.2044081624,0.1691505003,0.1625199331,0.0521058351,0.0000000000
2014-01-30,0.2066632038,0.2094241797,0.2056092612,0.1647396235,0.1618801225,0.0516836093,0.0000000000
2014-01-31,0.2061130168,0.2095387532,0.2041482826,0.1657108254,0.1627017871,0.0517873350,0.0000000000
2014-02-03,0.2037694008,0.2070617275,0.2023632127,0.1693150588,0.1651133494,0.0523772508,0.0000000000
2014-02-04,0.2043452653,0.2077193340,0.2031899462,0.1681538802,0.1640333339,0.0525582404,0.0000000000
2014-02-05,0.2042580959,0.2073528242,0.2032132950,0.1687105035,0.1637585762,0.0527067053,0.0000000000
2014-02-06,0.2051960012,0.2082154983,0.2046167180,0.1672102586,0.1622939260,0.0524675979,0.0000000000
2014-02-07,0.2055400814,0.2096859336,0.2047267341,0.1667089600,0.1608292697,0.0525090212,0.0000000000
2014-02-10,0.2054377115,0.2103955388,0.2041076597,0.1673415878,0.1606183148,0.0520991875,0.0000000000
2014-02-11,0.2057812416,0.2108402215,0.2049079040,0.1677492231,0.1588355365,0.0518858733,0.0000000000
2014-02-12,0.2057137719,0.2110701280,0.2051258650,0.1677056681,0.1584396967,0.0519448703,0.0000000000
2014-02-13,0.2056616305,0.2114900946,0.2047542563,0.1682229495,0.1579230079,0.0519480613,0.0000000000
2014-02-14,0.2057718752,0.2108646952,0.2047478370,0.1696035196,0.1571403682,0.0518717048,0.0000000000
2014-02-18,0.2053273659,0.2111875115,0.2049625057,0.1693674121,0.1567153872,0.0524398176,0.0000000000
2014-02-19,0.2051174514,0.2109189458,0.2047936995,0.1688114347,0.1574818771,0.0528765914,0.0000000000
2014-02-20,0.2052727855,0.2108237493,0.2048904872,0.1697171728,0.1565892885,0.0527065167,0.0000000000
2014-02-21,0.2051415841,0.2106485063,0.2050280889,0.1697757919,0.1568135594,0.0525924695,0.0000000000
2014-02-24,0.2051516948,0.2106150709,0.2051835772,0.1707137039,0.1558114092,0.0525245440,0.0000000000
2014-02-25,0.2051472536,0.2104571721,0.2047391840,0.1710659297,0.1562868099,0.0523036507,0.0000000000
2014-02-26,0.2054467884,0.2105664445,0.2050616343,0.1698480821,0.1568398443,0.0522372065,0.0000000000
2014-02-27,0.2058407722,0.2112307127,0.2051401604,0.1694043984,0.1564792455,0.0519047108,0.0000000000
2014-02-28,0.2063275854,0.2109623853,0.2056573969,0.1686102819,0.1563668065,0.0520755439,0.0000000000
2014-03-03,0.2051135328,0.2096398900,0.2031024950,0.1723368180,0.1569532391,0.0528540251,0.0000000000
2014-03-04,0.2067379865,0.2110205049,0.2053005172,0.1691774099,0.1554276637,0.0523359178,0.0000000000
2014-03-05,0.2067605295,0.2114329108,0.2052396282,0.1693185079,0.1553901486,0.0518582751,0.0000000000
2014-03-06,0.2066092203,0.2106102640,0.2055425681,0.1704844431,0.1545774344,0.0521760702,0.0000000000
2014-03-07,0.2074614534,0.2103435129,0.2056516513,0.1696951663,0.1547171566,0.0521310596,0.0000000000
2014-03-10,0.2076072338,0.2107893172,0.2049792836,0.1699573406,0.1549081800,0.0517586448,0.0000000000
2014-03-11,0.2070013566,0.2103091543,0.2043307093,0.1712659151,0.1552090081,0.0518838566,0.0000000000
2014-03-12,0.2063644092,0.2103958851,0.2034419648,0.1731907172,0.1550354397,0.0515715839,0.0000000000
2014-03-13,0.2055451545,0.2089414705,0.2021712611,0.1750552346,0.1565771919,0.0517096874,0.0000000000
2014-03-14,0.2051374088,0.2076855581,0.2021312076,0.1763793796,0.1566341426,0.0520323033,0.0000000000
2014-03-17,0.2064131030,0.2089258673,0.2032874652,0.1739562284,0.1561087821,0.0513085541,0.0000000000
2014-03-18,0.2069252091,0.2104706977,0.2038903017,0.1718102479,0.1555742935,0.0513292501,0.0000000000
2014-03-19,0.2075388460,0.2110769931,0.2035853599,0.1698873044,0.1561742419,0.0517372547,0.0000000000
2014-03-20,0.2084346088,0.2113424676,0.2036566545,0.1693253995,0.1558216984,0.0514191711,0.0000000000
2014-03-21,0.2081738534,0.2093502692,0.2038479295,0.1705821259,0.1564509222,0.0515948998,0.0000000000
2014-03-24,0.2085008385,0.2087044296,0.2048418049,0.1685013497,0.1575812253,0.0518703520,0.0000000000
2014-03-25,0.2087725124,0.2086728774,0.2054097167,0.1682300410,0.1568809728,0.0520338795,0.0000000000
2014-03-26,0.2085014593,0.2072082103,0.2057869861,0.1678900968,0.1583108295,0.0523024181,0.0000000000
2014-03-27,0.2083935144,0.2063744553,0.2066422923,0.1670581795,0.1586805741,0.0528509844,0.0000000000
2014-03-28,0.2089034486,0.2062673955,0.2074289902,0.1666052904,0.1580542958,0.0527405795,0.0000000000
2014-03-31,0.2098446385,0.2069763367,0.2084516012,0.1647296091,0.1574904295,0.0525073849,0.0000000000
2014-04-01,0.2101042585,0.2094837592,0.2088636197,0.1635554445,0.1564066791,0.0515862389,0.0000000000
2014-04-02,0.2103012556,0.2095194975,0.2086741890,0.1643925111,0.1557698480,0.0513426988,0.0000000000
2014-04-03,0.2105252633,0.2083534590,0.2087215355,0.1642554838,0.1562588833,0.0518853751,0.0000000000
2014-04-04,0.2094851498,0.2042241497,0.2083556738,0.1676016883,0.1578450233,0.0524883152,0.0000000000
2014-04-07,0.2085161297,0.2035997273,0.2082656990,0.1678040796,0.1591065849,0.0527077796,0.0000000000
2014-04-08,0.2081479929,0.2042747112,0.2078144624,0.1683958744,0.1583639187,0.0530030403,0.0000000000
2014-04-09,0.2085808663,0.2059939104,0.2084613135,0.1672558100,0.1570199415,0.0526881583,0.0000000000
2014-04-10,0.2069556477,0.2023078990,0.2073703011,0.1704392523,0.1595073533,0.0534195466,0.0000000000
2014-04-11,0.2063372897,0.2011692990,0.2070023341,0.1713667738,0.1606245801,0.0534997232,0.0000000000
2014-04-14,0.2066965474,0.2015131994,0.2068674116,0.1715577660,0.1597053458,0.0536597297,0.0000000000
2014-04-15,0.2083405440,0.2023928710,0.2070511244,0.1685692341,0.1598891572,0.0537570693,0.0000000000
2014-04-16,0.2089952268,0.2035932750,0.2077155027,0.1674122812,0.1588162888,0.0534674255,0.0000000000
2014-04-17,0.2093430883,0.2036947128,0.2086101598,0.1664031514,0.1583464778,0.0536024100,0.0000000000
2014-04-21,0.2097204887,0.2048627726,0.2085742063,0.1654447313,0.1580661383,0.0533316629,0.0000000000
2014-04-22,0.2101090055,0.2059372301,0.2087811952,0.1643904915,0.1576133521,0.0531687257,0.0000000000
2014-04-23,0.2101693367,0.2046633518,0.2089123390,0.1647969625,0.1581893752,0.0532686348,0.0000000000
2014-04-24,0.2097518265,0.2057937851,0.2081799264,0.1651978677,0.1577012355,0.0533753588,0.0000000000
2014-04-25,0.2092204825,0.2036612553,0.2077258015,0.1673020531,0.1586314445,0.0534589631,0.0000000000
2014-04-28,0.2096867569,0.2041317218,0.2081602288,0.1664125820,0.1583806868,0.0532280237,0.0000000000
2014-04-29,0.2098570638,0.2049734134,0.2084079161,0.1657494352,0.1578475968,0.0531645747,0.0000000000
2014-04-30,0.2102469490,0.2052837483,0.2089388075,0.1647148990,0.1579906743,0.0528249220,0.0000000000
2014-05-01,0.2102012711,0.2058280147,0.2092881636,0.1641048839,0.1581697329,0.0524079338,0.0000000000
2014-05-02,0.2096080883,0.2051666641,0.2090667071,0.1655446377,0.1581390576,0.0524748452,0.0000000000
2014-05-05,0.2094079129,0.2056547222,0.2085025765,0.1666016584,0.1576280339,0.0522050961,0.0000000000
2014-05-06,0.2087507554,0.2041287236,0.2087337686,0.1672185293,0.1586299586,0.0525382644,0.0000000000
2014-05-07,0.2101379297,0.2036938896,0.2097611242,0.1649398866,0.1587491629,0.0527180070,0.0000000000
2014-05-08,0.2100788058,0.2036651980,0.2096120394,0.1650691959,0.1589758513,0.0525989096,0.0000000000
2014-05-09,0.2102583253,0.2042887442,0.2095482637,0.1648711544,0.1587285936,0.0523049188,0.0000000000
2014-05-12,0.2105446269,0.2059319653,0.2096407619,0.1646104596,0.1572818325,0.0519903538,0.0000000000
2014-05-13,0.2106749948,0.2060151338,0.2094792665,0.1641171460,0.1574990481,0.0522144109,0.0000000000
2014-05-14,0.2097414975,0.2050050414,0.2090258527,0.1657620170,0.1579965794,0.0524690120,0.0000000000
2014-05-15,0.2092164332,0.2046824324,0.2088549070,0.1654327404,0.1593322288,0.0524812582,0.0000000000
2014-05-16,0.2094122682,0.2055013939,0.2092638729,0.1646581448,0.1587556595,0.0524086608,0.0000000000
2014-05-19,0.2096746457,0.2064323600,0.2089675625,0.1643672856,0.1583154620,0.0522426842,0.0000000000
2014-05-20,0.2090081190,0.2063315105,0.2082372056,0.1650299771,0.1588863269,0.0525068610,0.0000000000
2014-05-21,0.2097626235,0.2073064792,0.2086586466,0.1638468991,0.1580698295,0.0523555221,0.0000000000
2014-05-22,0.2097305736,0.2076797679,0.2089472244,0.1637922821,0.1575899934,0.0522601586,0.0000000000
2014-05-23,0.2098752381,0.2085010680,0.2091490162,0.1630413535,0.1572273985,0.0522059257,0.0000000000
2014-05-27,0.2109384276,0.2108724663,0.2098843973,0.1593867470,0.1572022071,0.0517157546,0.0000000000
2014-05-28,0.2111177029,0.2105561504,0.2098385851,0.1587872846,0.1578829660,0.0518173110,0.0000000000
2014-05-29,0.2115113878,0.2112049480,0.2104146441,0.1579252485,0.1572772794,0.0516664921,0.0000000000
2014-05-30,0.2120637569,0.2114389400,0.2101792833,0.1574162864,0.1575779938,0.0513237395,0.0000000000
2014-06-02,0.2124411528,0.2113650782,0.2111360368,0.1565617503,0.1571987408,0.0512972412,0.0000000000
2014-06-03,0.2124506400,0.2113915136,0.2109462457,0.1570556645,0.1568692821,0.0512866541,0.0000000000
2014-06-04,0.2126887931,0.2119888129,0.2109620441,0.1565874316,0.1566704822,0.0511024361,0.0000000000
2014-06-05,0.2127601297,0.2124582850,0.2112322102,0.1567944414,0.1559078044,0.0508471293,0.0000000000
2014-06-06,0.2130404638,0.2129414915,0.2116579368,0.1561889379,0.1552845286,0.0508866414,0.0000000000
2014-06-09,0.2131691473,0.2126917025,0.2118067520,0.1561752614,0.1550770337,0.0510801031,0.0000000000
2014-06-10,0.2130178861,0.2128857487,0.2114653416,0.1570056658,0.1547232696,0.0509020882,0.0000000000
2014-06-11,0.2126024550,0.2131658514,0.2110421306,0.1572720067,0.1550742975,0.0508432588,0.0000000000
2014-06-12,0.2114423366,0.2115835177,0.2105708134,0.1591249919,0.1556278137,0.0516505268,0.0000000000
2014-06-13,0.2116180511,0.2117349202,0.2106822270,0.1591874945,0.1552409644,0.0515363428,0.0000000000
2014-06-16,0.2118785170,0.2120045566,0.2106320617,0.1585527868,0.1552185039,0.0517135741,0.0000000000
2014-06-17,0.2123181114,0.2119702303,0.2108912275,0.1582601928,0.1548244277,0.0517358104,0.0000000000
2014-06-18,0.2127901771,0.2120799442,0.2110352362,0.1579586228,0.1544492990,0.0516867207,0.0000000000
2014-06-19,0.2117057875,0.2106267130,0.2100935137,0.1624417947,0.1532646001,0.0518675910,0.0000000000
2014-06-20,0.2119629093,0.2107029239,0.2102578467,0.1617470572,0.1534074284,0.0519218346,0.0000000000
2014-06-23,0.2119490769,0.2107990952,0.2099731910,0.1622336528,0.1533035559,0.0517414282,0.0000000000
2014-06-24,0.2110959453,0.2110182051,0.2093565037,0.1627265070,0.1538800402,0.0519227987,0.0000000000
2014-06-25,0.2114218532,0.2117321250,0.2091074988,0.1622572256,0.1536352177,0.0518460797,0.0000000000
2014-06-26,0.2113381738,0.2119134576,0.2091407629,0.1619768832,0.1539801133,0.0516506092,0.0000000000
2014-06-27,0.2113550229,0.2124481038,0.2094589851,0.1615861085,0.1536935242,0.0514582554,0.0000000000
2014-06-30,0.2108414971,0.2124022394,0.2092586731,0.1630330238,0.1534124176,0.0510521489,0.0000000000
2014-07-01,0.2112497099,0.2137170399,0.2100434711,0.1618317049,0.1525001122,0.0506579620,0.0000000000
2014-07-02,0.2114397609,0.2140526210,0.2101866785,0.1618130936,0.1519512771,0.0505565688,0.0000000000
2014-07-03,0.2119604041,0.2148766742,0.2106078097,0.1607350853,0.1514823496,0.0503376771,0.0000000000
2014-07-07,0.2119133706,0.2149261766,0.2099569063,0.1610832479,0.1520197005,0.0501005981,0.0000000000
2014-07-08,0.2116918196,0.2134864365,0.2094110864,0.1620199948,0.1531531748,0.0502374879,0.0000000000
2014-07-09,0.2117575854,0.2141781899,0.2094128666,0.1623244968,0.1526428758,0.0496839855,0.0000000000
2014-07-10,0.2113114132,0.2138981239,0.2084244444,0.1635164570,0.1529965497,0.0498530119,0.0000000000
2014-07-11,0.2112196175,0.2148873569,0.2081147976,0.1635256854,0.1529301771,0.0493223655,0.0000000000
2014-07-14,0.2123320061,0.2162227732,0.2094038049,0.1596768289,0.1528392730,0.0495253139,0.0000000000
2014-07-15,0.2127741861,0.2163320930,0.2095937154,0.1587921529,0.1532479274,0.0492599252,0.0000000000
2014-07-16,0.2128545916,0.2164736787,0.2098059234,0.1588255733,0.1528667352,0.0491734978,0.0000000000
2014-07-17,0.2114105055,0.2145965171,0.2081818810,0.1622683778,0.1540257887,0.0495169299,0.0000000000
2014-07-18,0.2122903748,0.2166914528,0.2091121474,0.1600770652,0.1529343750,0.0488945849,0.0000000000
2014-07-21,0.2120171443,0.2165474928,0.2087650569,0.1604374169,0.1530798264,0.0491530627,0.0000000000
2014-07-22,0.2123847812,0.2173542137,0.2092566303,0.1592583663,0.1529315096,0.0488144989,0.0000000000
2014-07-23,0.2123442667,0.2182229021,0.2092871849,0.1587236373,0.1525915205,0.0488304885,0.0000000000
2014-07-24,0.2128241903,0.2184577907,0.2099168781,0.1574662262,0.1524538025,0.0488811121,0.0000000000
2014-07-25,0.2119153548,0.2176928324,0.2091337126,0.1593555083,0.1528102024,0.0490923896,0.0000000000
2014-07-28,0.2120394178,0.2177996685,0.2091714127,0.1591181522,0.1528656716,0.0490056772,0.0000000000
2014-07-29,0.2117021670,0.2180080933,0.2088006712,0.1590679494,0.1534355364,0.0489855827,0.0000000000
2014-07-30,0.2117846784,0.2189175659,0.2089508210,0.1586354802,0.1529251065,0.0487863481,0.0000000000
2014-07-31,0.2106869289,0.2176803073,0.2082408768,0.1591354245,0.1549981311,0.0492583314,0.0000000000
2014-08-01,0.2101879249,0.2170279410,0.2076686667,0.1605227823,0.1556897548,0.0489029302,0.0000000000
2014-08-04,0.2108254159,0.2176095245,0.2081288957,0.1593541034,0.1550141128,0.0490679476,0.0000000000
2014-08-05,0.2100841639,0.2172905519,0.2073102601,0.1601934210,0.1559815276,0.0491400755,0.0000000000
2014-08-06,0.2096633669,0.2166271911,0.2065919169,0.1621450655,0.1556347257,0.0493377338,0.0000000000
2014-08-07,0.2089520286,0.2163786604,0.2057485615,0.1631340392,0.1562511703,0.0495355401,0.0000000000
2014-08-08,0.2102442443,0.2167801843,0.2061816342,0.1622785371,0.1554763174,0.0490390827,0.0000000000
2014-08-11,0.2102921396,0.2174788469,0.2066149806,0.1615515064,0.1550766194,0.0489859071,0.0000000000
2014-08-12,0.2102016975,0.2175972325,0.2065768845,0.1617457778,0.1551551151,0.0487232925,0.0000000000
2014-08-13,0.2104690993,0.2186999419,0.2066629177,0.1611308274,0.1546184523,0.0484187614,0.0000000000
2014-08-14,0.2108823824,0.2192303719,0.2070707012,0.1608285033,0.1542784221,0.0477096190,0.0000000000
2014-08-15,0.2107477312,0.2201977820,0.2068799457,0.1597023398,0.1545912976,0.0478809036,0.0000000000
2014-08-18,0.2116977075,0.2210413177,0.2078601621,0.1584298630,0.1536755125,0.0472954373,0.0000000000
2014-08-19,0.2122909832,0.2217456694,0.2078950039,0.1576948984,0.1530962981,0.0472771470,0.0000000000
2014-08-20,0.2128329654,0.2217194556,0.2080374127,0.1570945197,0.1529105560,0.0474050906,0.0000000000
2014-08-21,0.2134130889,0.2221267462,0.2084321249,0.1553704558,0.1531470349,0.0475105491,0.0000000000
2014-08-22,0.2130617306,0.2224430085,0.2082124977,0.1557480049,0.1531048884,0.0474298699,0.0000000000
2014-08-25,0.2136149512,0.2226794159,0.2086658030,0.1547970303,0.1528536063,0.0473891934,0.0000000000
2014-08-26,0.2134623060,0.2225996350,0.2085809514,0.1553543372,0.1526591608,0.0473436096,0.0000000000
2014-08-27,0.2132579295,0.2225201456,0.2088302110,0.1552298696,0.1527687080,0.0473931362,0.0000000000
2014-08-28,0.2131112454,0.2222433353,0.2081032312,0.1560641572,0.1530535039,0.0474245270,0.0000000000
2014-08-29,0.2133350701,0.2226706445,0.2082278253,0.1556085218,0.1527236609,0.0474342775,0.0000000000
2014-09-02,0.2138815134,0.2240014291,0.2091982166,0.1532999247,0.1527237462,0.0468951700,0.0000000000
2014-09-03,0.2137680708,0.2226847124,0.2096345049,0.1539327367,0.1528938870,0.0470860882,0.0000000000
2014-09-04,0.2139737234,0.2230198261,0.2094728593,0.1534576165,0.1530668738,0.0470091009,0.0000000000
2014-09-05,0.2142663547,0.2234439140,0.2092862693,0.1537102052,0.1525065084,0.0467867484,0.0000000000
2014-09-08,0.2144519629,0.2246436750,0.2087424352,0.1525615042,0.1528804973,0.0467199254,0.0000000000
2014-09-09,0.2141083200,0.2238408225,0.2086292531,0.1534652566,0.1533971340,0.0465592139,0.0000000000
2014-09-10,0.2144746690,0.2252288263,0.2089055864,0.1523786827,0.1528731085,0.0461391271,0.0000000000
2014-09-11,0.2150982373,0.2254441006,0.2088367009,0.1516435480,0.1529870133,0.0459903999,0.0000000000
2014-09-12,0.2150249871,0.2255350611,0.2089471699,0.1510913154,0.1535224251,0.0458790414,0.0000000000
2014-09-15,0.2153832267,0.2238993701,0.2090137833,0.1517897946,0.1538657959,0.0460480295,0.0000000000
2014-09-16,0.2157917184,0.2245891911,0.2092209556,0.1511815547,0.1530042004,0.0462123798,0.0000000000
2014-09-17,0.2000000000,0.2000000000,0.2000000000,0.1500000000,0.1500000000,0.0500000000,0.0500000000
2014-09-18,0.2011028506,0.2015440498,0.2010361881,0.1503338215,0.1500413597,0.0495295050,0.0464122253
2014-09-19,0.2019579965,0.2024580581,0.2012628656,0.1502240011,0.1510654796,0.0496382474,0.0433933517
2014-09-22,0.2013332451,0.2015106242,0.2007041302,0.1506155199,0.1519797425,0.0494486386,0.0444080995
2014-09-23,0.1998307151,0.2006099251,0.1989879842,0.1513171958,0.1518534264,0.0493621756,0.0480385778
2014-09-24,0.2007262409,0.2020894009,0.1999189357,0.1501094368,0.1512518906,0.0494078081,0.0464962870
2014-09-25,0.1997646008,0.2001198961,0.1989316739,0.1522813293,0.1532911477,0.0498715347,0.0457398175
2014-09-26,0.2006399926,0.2015343727,0.1993767815,0.1513164665,0.1527351831,0.0496107583,0.0447864452
2014-09-29,0.2011594442,0.2021578634,0.1992685996,0.1519457028,0.1535783603,0.0501268133,0.0417632163
2014-09-30,0.2008901349,0.2027073649,0.1992300398,0.1510767379,0.1536791392,0.0493209618,0.0430956216
2014-10-01,0.1997431594,0.2010511828,0.1978207404,0.1530116549,0.1557669287,0.0495418006,0.0430645333
2014-10-02,0.2001772667,0.2014570761,0.1976202404,0.1532811746,0.1558249925,0.0494487466,0.0421905031
2014-10-03,0.2022727428,0.2033375170,0.1989466025,0.1504038096,0.1556702524,0.0489505343,0.0404185413
2014-10-06,0.2022692243,0.2031368641,0.1993763941,0.1524431043,0.1559924839,0.0496295753,0.0371523540
2014-10-07,0.2006072150,0.2017228101,0.1980166724,0.1539976195,0.1577395101,0.0497988708,0.0381173021
2014-10-08,0.2012687299,0.2027815071,0.1983019910,0.1532982599,0.1559784870,0.0489123892,0.0394586359
2014-10-09,0.1994950615,0.2017496733,0.1959428962,0.1552462180,0.1574172744,0.0488801805,0.0412686961
2014-10-10,0.1993402610,0.1988259618,0.1952077013,0.1568502001,0.1592270637,0.0492318459,0.0413169663
2014-10-13,0.1966051653,0.1962485872,0.1943868646,0.1585256656,0.1601296839,0.0493672999,0.0447367335
2014-10-14,0.1966127857,0.1959740741,0.1943652547,0.1583803866,0.1602507744,0.0485510457,0.0458656788
2014-10-15,0.1961391627,0.1955634373,0.1939241636,0.1596117042,0.1612449482,0.0481503569,0.0453662271
2014-10-16,0.1964380968,0.1947988625,0.1941477339,0.1603015713,0.1614981334,0.0487484883,0.0440671137
2014-10-17,0.1973576051,0.1959758792,0.1951854111,0.1588648533,0.1601427133,0.0485794796,0.0438940585
2014-10-20,0.1978186698,0.1974525077,0.1954420830,0.1587783071,0.1591603198,0.0478782517,0.0434698609
2014-10-21,0.1991718402,0.2000631705,0.1957460918,0.1570467692,0.1569940630,0.0476541459,0.0433239195
2014-10-22,0.1989607284,0.2002434306,0.1952015092,0.1571086213,0.1578650554,0.0474068197,0.0432138355
2014-10-23,0.2005286027,0.2025039152,0.1965429073,0.1554515706,0.1569106558,0.0477885116,0.0402738368
2014-10-24,0.2013153109,0.2033959556,0.1968354072,0.1546475598,0.1563799983,0.0473107405,0.0401150277
2014-10-27,0.2013300205,0.2038354166,0.1968550127,0.1544922606,0.1566635090,0.0472510446,0.0395727360
2014-10-28,0.2018911957,0.2051365460,0.1977006500,0.1532179148,0.1550792136,0.0472269660,0.0397475140
2014-10-29,0.2028398247,0.2056502414,0.1982345775,0.1519648158,0.1557039223,0.0480752856,0.0375313327
2014-10-30,0.2036982023,0.2056366982,0.1988963687,0.1500466277,0.1556211727,0.0475668286,0.0385341018
2014-10-31,0.2052804304,0.2077178992,0.2007774658,0.1462188617,0.1550568189,0.0473307109,0.0376178130
2014-11-03,0.2059226611,0.2088702907,0.2005691224,0.1459326817,0.1551629052,0.0470276926,0.0365146463
2014-11-04,0.2056992170,0.2086700340,0.2003207406,0.1463731369,0.1555483148,0.0464582428,0.0369303139
2014-11-05,0.2070391295,0.2087316805,0.2008237371,0.1432317699,0.1556356030,0.0465952814,0.0379427986
2014-11-06,0.2073274955,0.2088462914,0.2004336975,0.1429765247,0.1549622619,0.0465166659,0.0389370631
2014-11-07,0.2066676238,0.2078028361,0.1997405321,0.1463924035,0.1548459981,0.0465369951,0.0380136114
2014-11-10,0.2071862640,0.2084065881,0.2002052589,0.1430487941,0.1543814232,0.0460630659,0.0407086059
2014-11-11,0.2066006551,0.2082655142,0.1999676604,0.1445431131,0.1538643288,0.0461197328,0.0406389955
2014-11-12,0.2053518659,0.2075946947,0.1984846548,0.1431312032,0.1531132422,0.0457436022,0.0465807370
2014-11-13,0.2055431246,0.2084452586,0.1983806290,0.1433213118,0.1531529598,0.0448958433,0.0462608729
2014-11-14,0.2049957989,0.2084856830,0.1983236041,0.1464878551,0.1528468940,0.0452462284,0.0436139364
2014-11-17,0.2057230045,0.2084641926,0.1985422618,0.1463750093,0.1531101625,0.0451891416,0.0425962276
2014-11-18,0.2061069382,0.2092080079,0.1990688093,0.1470847234,0.1526542933,0.0447837993,0.0410934286
2014-11-19,0.2064428170,0.2089344588,0.1995185146,0.1458041755,0.1527864289,0.0446983984,0.0418152069
2014-11-20,0.2066589374,0.2097175170,0.1991173705,0.1472136062,0.1529572630,0.0450437751,0.0392915308
2014-11-21,0.2069831076,0.2093315959,0.2000534857,0.1473365282,0.1525622674,0.0453541448,0.0383788703
2014-11-24,0.2065819382,0.2099658784,0.1994940550,0.1462836423,0.1518956947,0.0447450674,0.0410337238
2014-11-25,0.2062956492,0.2101474450,0.1995553092,0.1465295990,0.1521265023,0.0445079278,0.0408375675
2014-11-26,0.2065367571,0.2112172225,0.1997936047,0.1460474208,0.1520395943,0.0443426067,0.0400227938
2014-11-28,0.2071630214,0.2132935792,0.1996925821,0.1429133261,0.1532956280,0.0425303811,0.0411114821
2014-12-01,0.2054785703,0.2106281310,0.1979683672,0.1484346706,0.1527689790,0.0433535144,0.0413677676
2014-12-02,0.2067953328,0.2114605981,0.1986684446,0.1465931362,0.1524553738,0.0424358393,0.0415912753
2014-12-03,0.2070982037,0.2113361337,0.1989674483,0.1477543259,0.1519526402,0.0420854140,0.0408058342
2014-12-04,0.2072156280,0.2115898230,0.1987841446,0.1474293439,0.1526648887,0.0420312010,0.0402849710
2014-12-05,0.2077960496,0.2118557222,0.1993060287,0.1457536871,0.1521896457,0.0419759683,0.0411228983
2014-12-08,0.2074117859,0.2113714315,0.1985865574,0.1481908349,0.1533068482,0.0414482979,0.0396842443
2014-12-09,0.2067623693,0.2115176246,0.1974833050,0.1509041102,0.1531671013,0.0416385926,0.0385268969
2014-12-10,0.2056705451,0.2104671655,0.1967580499,0.1522559854,0.1551079736,0.0414397726,0.0383005079
2014-12-11,0.2063526933,0.2110965796,0.1964476356,0.1516425311,0.1547811907,0.0409885566,0.0386908130
2014-12-12,0.2048376537,0.2106702734,0.1949089721,0.1526379005,0.1566646595,0.0410161316,0.0392644092
2014-12-15,0.2057983135,0.2109219739,0.1950411765,0.1504426435,0.1580579815,0.0408273939,0.0389105172
2014-12-16,0.2054919100,0.2089047070,0.1959893020,0.1521744200,0.1594882518,0.0408582583,0.0370931509
2014-12-17,0.2074657352,0.2106215221,0.1977935887,0.1497907082,0.1577241235,0.0406931604,0.0359111620
2014-12-18,0.2097996752,0.2128533810,0.1986064564,0.1489587521,0.1552405733,0.0400310767,0.0345100853
2014-12-19,0.2099461463,0.2130327397,0.1985572953,0.1479413495,0.1549436591,0.0404789995,0.0350998105
2014-12-22,0.2107362667,0.2133858993,0.1995367881,0.1449589564,0.1550532141,0.0397087870,0.0366200884
2014-12-23,0.2110933407,0.2127041761,0.1995067753,0.1452536413,0.1543904758,0.0401224234,0.0369291676
2014-12-24,0.2113007364,0.2130765088,0.2002434242,0.1454210221,0.1546950852,0.0396312351,0.0356319881
2014-12-26,0.2106419159,0.2132315669,0.1998609622,0.1471412700,0.1537870746,0.0393388038,0.0359984066
2014-12-29,0.2116650075,0.2139389894,0.2000368468,0.1461659416,0.1546502369,0.0390986670,0.0344443108
2014-12-30,0.2108943630,0.2128816340,0.1993310539,0.1483903014,0.1550875083,0.0391243923,0.0342907472
2014-12-31,0.2000000000,0.2000000000,0.2000000000,0.1500000000,0.1500000000,0.0500000000,0.0500000000
2015-01-02,0.2002051873,0.1997109053,0.1997792430,0.1508956281,0.1506571659,0.0494809564,0.0492709140
2015-01-05,0.1995542197,0.1997489908,0.1988687804,0.1554806185,0.1532615480,0.0495108129,0.0435750297
2015-01-06,0.1982697930,0.1976640550,0.1974660741,0.1577264078,0.1541119025,0.0491900853,0.0455716823
2015-01-07,0.1992264636,0.1987020973,0.1985018083,0.1556145711,0.1529220255,0.0485173918,0.0465156422
2015-01-08,0.2011722986,0.2009177933,0.1999186227,0.1537449312,0.1514906884,0.0483275417,0.0444281242
2015-01-09,0.1997850732,0.1998201466,0.1988064003,0.1556706288,0.1520311802,0.0483002928,0.0455862780
2015-01-12,0.1997074391,0.1992204695,0.1992537913,0.1585775402,0.1532962037,0.0475923190,0.0423522373
2015-01-13,0.2007120511,0.2007280221,0.2009566696,0.1592855530,0.1545435979,0.0477729942,0.0360011121
2015-01-14,0.2015568614,0.2016785506,0.2021019624,0.1606687777,0.1565160121,0.0487964636,0.0286813722
2015-01-15,0.1988975811,0.1982514005,0.2006301591,0.1640432851,0.1565924216,0.0479298251,0.0336553275
2015-01-16,0.1995946556,0.1986765889,0.2011638889,0.1646100801,0.1545112119,0.0483850048,0.0330585699
2015-01-20,0.1990757927,0.1993075068,0.2005844364,0.1660793202,0.1540436744,0.0474979908,0.0334112787
2015-01-21,0.1988801399,0.1991252735,0.2008540966,0.1651226301,0.1528451494,0.0475130131,0.0356596974
2015-01-22,0.1996085708,0.2005700493,0.2009203870,0.1646134225,0.1510757410,0.0469343026,0.0362775268
2015-01-23,0.1992022920,0.2017102439,0.2001217093,0.1638650238,0.1519803703,0.0467992697,0.0363210910
2015-01-26,0.1984657383,0.2002640921,0.2002700187,0.1612519209,0.1509970085,0.0463558605,0.0423953610
2015-01-27,0.1975478082,0.1967652389,0.2007424589,0.1645162880,0.1522257877,0.0470024643,0.0411999541
2015-01-28,0.1973889032,0.1981401017,0.2006241327,0.1652076159,0.1547282004,0.0468880653,0.0370229807
2015-01-29,0.1989257415,0.1997554882,0.2020178122,0.1614134963,0.1543805857,0.0466009090,0.0369059670
2015-01-30,0.1969746160,0.1987621398,0.1996802555,0.1654714638,0.1553663010,0.0478592118,0.0358860122
2015-02-02,0.1978349680,0.1989046976,0.2007453073,0.1627915318,0.1541304957,0.0481351477,0.0374578519
2015-02-03,0.1997197747,0.1998393101,0.2026689270,0.1601868094,0.1527929746,0.0492316076,0.0355605967
2015-02-04,0.1993684622,0.2000753380,0.2021839343,0.1612190947,0.1533400544,0.0482444449,0.0355686716
2015-02-05,0.2003318820,0.2007548589,0.2035228546,0.1606560845,0.1522277575,0.0486427268,0.0338638358
2015-02-06,0.2013419959,0.2010980879,0.2032075129,0.1577261644,0.1525269446,0.0491599746,0.0349393198
2015-02-09,0.2006919427,0.2007058298,0.2029255696,0.1586292131,0.1526904773,0.0497132248,0.0346437427
2015-02-10,0.2017798526,0.2027743622,0.2035761668,0.1568810006,0.1517358107,0.0488308547,0.0344219524
2015-02-11,0.2023050178,0.2039236458,0.2035196767,0.1553404315,0.1519739555,0.0485483550,0.0343889177
2015-02-12,0.2025452298,0.2045757619,0.2043727286,0.1543987838,0.1507323716,0.0488720607,0.0345030636
2015-02-13,0.2019223954,0.2048542758,0.2041923476,0.1541290615,0.1494772594,0.0490581863,0.0363664740
2015-02-17,0.2024728913,0.2052820450,0.2046581274,0.1517300056,0.1490415586,0.0491415273,0.0376738448
2015-02-18,0.2024720797,0.2055492749,0.2052967152,0.1521464695,0.1494454570,0.0485462514,0.0365437522
2015-02-19,0.2022436649,0.2064802904,0.2049481306,0.1515604935,0.1492620242,0.0483651695,0.0371402269
2015-02-20,0.2026956276,0.2070827386,0.2058212147,0.1501336163,0.1487302036,0.0479970478,0.0375395514
2015-02-23,0.2028600567,0.2074904784,0.2054920185,0.1504722875,0.1491412711,0.0477218158,0.0368220720
2015-02-24,0.2030521259,0.2072511929,0.2058249212,0.1499668669,0.1495181577,0.0476583715,0.0367283639
2015-02-25,0.2027810908,0.2066355891,0.2056922432,0.1504662666,0.1495530329,0.0483557651,0.0365160123
2015-02-26,0.2025688612,0.2077127231,0.2053924383,0.1509678429,0.1490357982,0.0479619503,0.0363603859
2015-02-27,0.2014760443,0.2063843980,0.2048844445,0.1507834435,0.1491139060,0.0483989821,0.0389587815
2015-03-02,0.2017119611,0.2071860427,0.2045531695,0.1493930265,0.1475981733,0.0474626413,0.0420949855
2015-03-03,0.2013095343,0.2066566683,0.2039105105,0.1494375652,0.1477233127,0.0478552573,0.0431071518
2015-03-04,0.2014576058,0.2068829611,0.2037449882,0.1497123825,0.1485384721,0.0476661857,0.0419974047
2015-03-05,0.2014584643,0.2070198283,0.2038176961,0.1494065188,0.1484440430,0.0474276931,0.0424257563
2015-03-06,0.2014170721,0.2075530319,0.2041273563,0.1473698808,0.1495491484,0.0474996024,0.0424839081
2015-03-09,0.2012749438,0.2071466691,0.2035377132,0.1468022604,0.1492066379,0.0471356464,0.0448961292
2015-03-10,0.2003060602,0.2056581885,0.2021562479,0.1477751673,0.1512936524,0.0470562832,0.0457544006
2015-03-11,0.2000716416,0.2047116281,0.2024939786,0.1470590327,0.1517736226,0.0473567605,0.0465333360
2015-03-12,0.2014248232,0.2048447028,0.2037646780,0.1461553294,0.1510048245,0.0468617995,0.0459438425
2015-03-13,0.2013683718,0.2051550699,0.2036600619,0.1472283903,0.1516053348,0.0461840880,0.0447986833
2015-03-16,0.2022743872,0.2059865601,0.2043326338,0.1458487957,0.1506065009,0.0457262007,0.0452249217
2015-03-17,0.2021861461,0.2068396207,0.2045200554,0.1454281159,0.1509623388,0.0455176015,0.0445461215
2015-03-18,0.2028858473,0.2071048825,0.2061846921,0.1470240330,0.1507820004,0.0463675886,0.0396509561
2015-03-19,0.2025468728,0.2080143063,0.2051967780,0.1473459979,0.1506903653,0.0457213688,0.0404843110
2015-03-20,0.2025392778,0.2075211029,0.2062114103,0.1477161218,0.1498237594,0.0459334897,0.0402548381
2015-03-23,0.2018019336,0.2067685004,0.2060907966,0.1484006408,0.1495967238,0.0463885236,0.0409528814
2015-03-24,0.2017545628,0.2071394961,0.2065490209,0.1495696763,0.1508119751,0.0462646426,0.0379106262
2015-03-25,0.2008551656,0.2044934780,0.2059615158,0.1513284198,0.1520859144,0.0468787047,0.0383968017
2015-03-26,0.2005176219,0.2039386101,0.2052040136,0.1524246803,0.1516464428,0.0474804329,0.0387881984
2015-03-27,0.2008983165,0.2046736354,0.2057585427,0.1518110345,0.1518056007,0.0465142888,0.0385385814
2015-03-30,0.2023585953,0.2060121889,0.2061854669,0.1493514827,0.1511340921,0.0465301769,0.0384279973
2015-03-31,0.2018666601,0.2051281089,0.2060258337,0.1501830308,0.1523556979,0.0462840106,0.0381566580
2015-04-01,0.2006058648,0.2035049846,0.2055991156,0.1523311276,0.1524346483,0.0469964274,0.0385278317
2015-04-02,0.2008759233,0.2031837679,0.2065025633,0.1515686706,0.1518882202,0.0466481888,0.0393326659
2015-04-06,0.2006748494,0.2032723825,0.2066997923,0.1522438992,0.1508160889,0.0468788204,0.0394141673
2015-04-07,0.2005686620,0.2033578563,0.2067413423,0.1518087327,0.1511632148,0.0472197880,0.0391404039
2015-04-08,0.2011480536,0.2048726320,0.2078317097,0.1508984810,0.1511032875,0.0462850546,0.0378607817
2015-04-09,0.2018211598,0.2059387541,0.2081376174,0.1496923030,0.1505623384,0.0462354136,0.0376124138
2015-04-10,0.2021255856,0.2059710797,0.2083077301,0.1507948179,0.1499710535,0.0465341283,0.0362956049
2015-04-13,0.2022998544,0.2065664038,0.2083755167,0.1505254682,0.1509449247,0.0465712325,0.0347165997
2015-04-14,0.2028271988,0.2061132409,0.2094140887,0.1497139574,0.1512122539,0.0468182589,0.0339010015
2015-04-15,0.2024111660,0.2060516814,0.2092354226,0.1500261081,0.1504300348,0.0474469654,0.0343986216
2015-04-16,0.2022547776,0.2056648663,0.2093307649,0.1494333872,0.1502759182,0.0479303332,0.0351099526
2015-04-17,0.2015783773,0.2041275649,0.2085053581,0.1514134008,0.1516384785,0.0482184502,0.0345183702
2015-04-20,0.2024501698,0.2062011307,0.2086000845,0.1495442440,0.1508072783,0.0477745158,0.0346225769
2015-04-21,0.2015721772,0.2064304739,0.2084695263,0.1499309140,0.1501706792,0.0472774066,0.0361488227
2015-04-22,0.2024601837,0.2074525689,0.2092189162,0.1478419194,0.1496503297,0.0474134049,0.0359626773
2015-04-23,0.2020755597,0.2073181009,0.2091812063,0.1482639518,0.1492190883,0.0477883071,0.0361537859
2015-04-24,0.2023035224,0.2098815641,0.2094882219,0.1460081937,0.1492959664,0.0477049466,0.0353175848
2015-04-27,0.2012028750,0.2090801975,0.2091856288,0.1487609970,0.1491570176,0.0476434877,0.0349697964
2015-04-28,0.2016375321,0.2084512708,0.2094953485,0.1498985672,0.1484312740,0.0476744570,0.0344115504
2015-04-29,0.2017201022,0.2080851734,0.2091362082,0.1495180909,0.1487699750,0.0482097713,0.0345606789
2015-04-30,0.2013385056,0.2064937657,0.2086727050,0.1480834526,0.1499914870,0.0489805323,0.0364395518
2015-05-01,0.2024335155,0.2081000319,0.2096278268,0.1467857797,0.1487666356,0.0486654814,0.0356207291
2015-05-04,0.2023697808,0.2077861799,0.2091305356,0.1476427565,0.1480152060,0.0484854607,0.0365700805
2015-05-05,0.2016505015,0.2060330572,0.2083248402,0.1492396458,0.1490622191,0.0492742860,0.0364154502
2015-05-06,0.2016811957,0.2054912673,0.2087535915,0.1498008255,0.1491978586,0.0494855185,0.0355897429
2015-05-07,0.2021229545,0.2063531679,0.2086111433,0.1483032541,0.1492972064,0.0486187184,0.0366935555
2015-05-08,0.2025891911,0.2066896407,0.2094534822,0.1474251383,0.1481806291,0.0483630458,0.0372988728
2015-05-11,0.2026339729,0.2069241108,0.2092538679,0.1475928686,0.1479789380,0.0483922998,0.0372239420
2015-05-12,0.2020574555,0.2060178163,0.2090870019,0.1488757249,0.1479870819,0.0489063335,0.0370685860
2015-05-13,0.2014988785,0.2058284814,0.2089944149,0.1510934929,0.1475364036,0.0488150631,0.0362332657
2015-05-14,0.2018634280,0.2070584003,0.2092618077,0.1506144841,0.1465049655,0.0486888098,0.0360081044
2015-05-15,0.2017292750,0.2066967758,0.2092861154,0.1508005145,0.1468620959,0.0485774494,0.0360477740
2015-05-18,0.2023456325,0.2075914539,0.2091779313,0.1507799514,0.1462949699,0.0484433177,0.0353667433
2015-05-19,0.2031641778,0.2082724040,0.2098322186,0.1493392055,0.1464264530,0.0476240035,0.0353415376
2015-05-20,0.2028981066,0.2082787496,0.2096397897,0.1494934060,0.1465650267,0.0474894346,0.0356354869
2015-05-21,0.2028422586,0.2086924816,0.2097535063,0.1485175830,0.1465526394,0.0479180349,0.0357234961
2015-05-22,0.2026713465,0.2088080650,0.2092648760,0.1486320527,0.1466194180,0.0474646269,0.0365396149
2015-05-26,0.2026015494,0.2085789415,0.2088349569,0.1479999447,0.1485262897,0.0470308205,0.0364274973
2015-05-27,0.2031831962,0.2105505852,0.2092624855,0.1470034081,0.1476995930,0.0460866701,0.0362140618
2015-05-28,0.2031674769,0.2102971539,0.2087629987,0.1473260252,0.1478013074,0.0463737816,0.0362712564
2015-05-29,0.2025727178,0.2097346469,0.2079763036,0.1479168257,0.1483438088,0.0471123480,0.0363433492
2015-06-01,0.2033311203,0.2107981869,0.2083305553,0.1480389198,0.1481857134,0.0470860037,0.0342295005
2015-06-02,0.2030324995,0.2100300364,0.2085599592,0.1485654793,0.1475343740,0.0476229106,0.0346547411
2015-06-03,0.2036296000,0.2107209659,0.2094094637,0.1475440415,0.1469962201,0.0470239899,0.0346757190
2015-06-04,0.2032824876,0.2105394683,0.2087815318,0.1475014735,0.1483085942,0.0469145289,0.0346719157
2015-06-05,0.2035987770,0.2107276864,0.2081703889,0.1471976317,0.1481392194,0.0472834582,0.0348828384
2015-06-08,0.2029682163,0.2092282941,0.2079106290,0.1480838592,0.1488131808,0.0474556797,0.0355401409
2015-06-09,0.2029652466,0.2089072236,0.2074379489,0.1484319534,0.1484081604,0.0482177614,0.0356317057
2015-06-10,0.2034252903,0.2097342891,0.2087757684,0.1482561496,0.1466155575,0.0479414706,0.0352514745
2015-06-11,0.2038476330,0.2098005458,0.2088994398,0.1474097856,0.1472333147,0.0474593156,0.0353499655
2015-06-12,0.2033622220,0.2091843429,0.2086515817,0.1481539810,0.1478389204,0.0472282564,0.0355806956
2015-06-15,0.2027735370,0.2084364196,0.2077820186,0.1490160607,0.1482225795,0.0470791326,0.0366902519
2015-06-16,0.2028992609,0.2085657842,0.2073447758,0.1477653236,0.1477545837,0.0469866818,0.0386835900
2015-06-17,0.2029244168,0.2088290193,0.2070356008,0.1482350579,0.1475478048,0.0470502108,0.0383778896
2015-06-18,0.2031802602,0.2099561747,0.2072861596,0.1487910405,0.1461731579,0.0466246757,0.0379885313
2015-06-19,0.2030532384,0.2097186401,0.2070966166,0.1491020522,0.1471913189,0.0463780510,0.0374600828
2015-06-22,0.2035248488,0.2106757975,0.2088411760,0.1467750641,0.1460554734,0.0464078535,0.0377197867
2015-06-23,0.2037743377,0.2109561508,0.2092763877,0.1458818299,0.1457948943,0.0469887288,0.0373276707
2015-06-24,0.2033164527,0.2109311680,0.2089199080,0.1462292523,0.1467612776,0.0469063198,0.0369356216
2015-06-25,0.2030199051,0.2108441024,0.2086585990,0.1462661058,0.1468316463,0.0470341196,0.0373455218
2015-06-26,0.2032091839,0.2096801828,0.2090689966,0.1465867081,0.1466442706,0.0473007598,0.0375098982
2015-06-29,0.2011877149,0.2070343600,0.2060500532,0.1489087574,0.1491722550,0.0476171080,0.0400297515
2015-06-30,0.2010779846,0.2072245511,0.2060432060,0.1475971361,0.1486837782,0.0485159236,0.0408574204
2015-07-01,0.2022466763,0.2084132122,0.2066956675,0.1467634094,0.1479844631,0.0478182156,0.0400783560
2015-07-02,0.2022141938,0.2086286819,0.2068853709,0.1465857878,0.1483013717,0.0477736165,0.0396109774
2015-07-06,0.2019999243,0.2085183734,0.2050447020,0.1472425676,0.1491013960,0.0462953472,0.0417976895
2015-07-07,0.2033483396,0.2091215239,0.2051570862,0.1455903726,0.1493642707,0.0460434108,0.0413749962
2015-07-08,0.2019748484,0.2075748026,0.2028806052,0.1475126447,0.1512467867,0.0462947724,0.0425155399
2015-07-09,0.2019475362,0.2070548042,0.2040750750,0.1475841907,0.1504005238,0.0467488319,0.0421890383
2015-07-10,0.2020444101,0.2077039190,0.2057743815,0.1459891620,0.1479735251,0.0464046262,0.0441099761
2015-07-13,0.2027387748,0.2097616767,0.2056523326,0.1442418597,0.1466443027,0.0460824431,0.0448786103
2015-07-14,0.2031027413,0.2106058810,0.2063547180,0.1435526116,0.1465164274,0.0458061664,0.0440614544
2015-07-15,0.2033557308,0.2111678109,0.2060844745,0.1430261386,0.1471402318,0.0453456184,0.0438799950
2015-07-16,0.2040747441,0.2131987249,0.2068147475,0.1418722512,0.1466063516,0.0449315161,0.0425016646
2015-07-17,0.2039342335,0.2160091678,0.2061682221,0.1402219432,0.1463947613,0.0446241976,0.0426474743
2015-07-20,0.2048739947,0.2176369084,0.2069449472,0.1369723942,0.1467365103,0.0440886555,0.0427465897
2015-07-21,0.2044771917,0.2179432439,0.2067675577,0.1368209296,0.1472770168,0.0443643373,0.0423497229
2015-07-22,0.2051209393,0.2165419711,0.2067931540,0.1367545928,0.1480742569,0.0439413596,0.0427737264
2015-07-23,0.2047047262,0.2165156507,0.2066403968,0.1366343007,0.1490336899,0.0437242485,0.0427469873
2015-07-24,0.2033673323,0.2152246011,0.2049612631,0.1385053297,0.1495844817,0.0435431408,0.0448138512
2015-07-27,0.2032205818,0.2145362924,0.2043269161,0.1385676820,0.1505440020,0.0429256857,0.0458788400
2015-07-28,0.2042580162,0.2148517198,0.2051196885,0.1377950481,0.1493260994,0.0429713272,0.0456781009
2015-07-29,0.2050520954,0.2150230346,0.2058112330,0.1375819239,0.1487596139,0.0429778915,0.0447942077
2015-07-30,0.2051643511,0.2161116467,0.2061085992,0.1364468247,0.1488194342,0.0428300915,0.0445190527
2015-07-31,0.2048483394,0.2158560593,0.2063042066,0.1373074343,0.1494028292,0.0422383892,0.0440427420
2015-08-03,0.2050580949,0.2161306611,0.2063430470,0.1368223580,0.1502172157,0.0417235213,0.0437051020
2015-08-04,0.2046726208,0.2157400214,0.2063919294,0.1371085507,0.1497888754,0.0419693724,0.0443286299
2015-08-05,0.2050623581,0.2171042634,0.2066077964,0.1364196658,0.1493069333,0.0417495761,0.0437494071
2015-08-06,0.2046570822,0.2149606497,0.2065882416,0.1378815705,0.1504213109,0.0419839215,0.0435072236
2015-08-07,0.2043187549,0.2147454884,0.2064412770,0.1382619390,0.1507237379,0.0418324817,0.0436763212
2015-08-10,0.2053783310,0.2156083368,0.2075049000,0.1386530350,0.1494284487,0.0424143364,0.0410126121
2015-08-11,0.2046928712,0.2140660594,0.2060383806,0.1401608357,0.1507819682,0.0420892802,0.0421706048
2015-08-12,0.2046132526,0.2144641449,0.2052081839,0.1419009204,0.1504467062,0.0418874527,0.0414793394
2015-08-13,0.2049546353,0.2147392601,0.2055371913,0.1411392415,0.1505680556,0.0418198849,0.0412417313
2015-08-14,0.2053766448,0.2147307539,0.2058181716,0.1409033815,0.1502616008,0.0414833007,0.0414261467
2015-08-17,0.2060079795,0.2159773842,0.2056057365,0.1409196014,0.1501472226,0.0412176867,0.0401243890
2015-08-18,0.2076019599,0.2171642851,0.2067476808,0.1423959446,0.1514707118,0.0414390337,0.0331803841
2015-08-19,0.2060691230,0.2158477266,0.2050249040,0.1443862515,0.1520230223,0.0409968269,0.0356521457
2015-08-20,0.2039144993,0.2121045364,0.2026833242,0.1484643414,0.1538803874,0.0415436825,0.0374092288
2015-08-21,0.2020046692,0.2071711369,0.2013100897,0.1525860038,0.1574429965,0.0417275357,0.0377575681
2015-08-24,0.1994693779,0.2053462620,0.1993290074,0.1564448415,0.1622418182,0.0419403961,0.0352282970
2015-08-25,0.1977962279,0.2052742626,0.2000106922,0.1550341358,0.1624108214,0.0422586937,0.0372151664
2015-08-26,0.2010924996,0.2111003806,0.2015693327,0.1497180903,0.1582714932,0.0411176084,0.0371305952
2015-08-27,0.2027486537,0.2129631413,0.2026845905,0.1473895991,0.1559375937,0.0419154597,0.0363609620
2015-08-28,0.2020877397,0.2122180453,0.2020136994,0.1482244290,0.1552789685,0.0428680084,0.0373091098
2015-08-31,0.2013980805,0.2105719271,0.2016714759,0.1490861601,0.1558949262,0.0441098697,0.0372675605
2015-09-01,0.1993149142,0.2080919978,0.1992759108,0.1526145095,0.1595002403,0.0435053864,0.0376970411
2015-09-02,0.2005805427,0.2113087518,0.2001139282,0.1499221629,0.1573207673,0.0433342966,0.0374195504
2015-09-03,0.2010292079,0.2105909636,0.2006999287,0.1490717126,0.1577913946,0.0436837961,0.0371329965
2015-09-04,0.1999065936,0.2101040258,0.1987318118,0.1500291388,0.1596578416,0.0435633314,0.0380072571
2015-09-08,0.2012162721,0.2121117634,0.2003715785,0.1473510852,0.1563911347,0.0430831203,0.0394750458
2015-09-09,0.2005819889,0.2119012434,0.2005404783,0.1469526615,0.1580690959,0.0429610961,0.0389934359
2015-09-10,0.2006182149,0.2130858574,0.2007555137,0.1465280576,0.1570688963,0.0431037376,0.0388397226
2015-09-11,0.2010065206,0.2137066539,0.2006545419,0.1458453176,0.1568479008,0.0429354225,0.0390036428
2015-09-14,0.2011299161,0.2139836054,0.2005403580,0.1465611257,0.1575721137,0.0425838151,0.0376290660
2015-09-15,0.2024197423,0.2152031796,0.2013981618,0.1452412260,0.1559214057,0.0424685543,0.0373477304
2015-09-16,0.2025875242,0.2147341463,0.2023662936,0.1460314335,0.1545815744,0.0428366803,0.0368623476
2015-09-17,0.2017433956,0.2144011428,0.2019771107,0.1472446419,0.1552512023,0.0424755827,0.0369069241
2015-09-18,0.2002847960,0.2133095396,0.1998981886,0.1497051897,0.1568184352,0.0422220605,0.0377617904
2015-09-21,0.2012950241,0.2139513419,0.2001183169,0.1487547227,0.1563830185,0.0426949999,0.0368025760
2015-09-22,0.2006067666,0.2127939408,0.1985631595,0.1491715097,0.1582744755,0.0428529720,0.0377371759
2015-09-23,0.2004805438,0.2131643391,0.1978730031,0.1499120412,0.1582976413,0.0425534756,0.0377189560
2015-09-24,0.1993179758,0.2119214491,0.1968402272,0.1527211844,0.1581534049,0.0427155065,0.0383302521
2015-09-25,0.1997795831,0.2106660632,0.1974857538,0.1521722322,0.1582851548,0.0430814604,0.0385297524
2015-09-28,0.1981509173,0.2082258775,0.1962573825,0.1528573422,0.1614198982,0.0432226841,0.0398658983
2015-09-29,0.1985271468,0.2074150841,0.1966599336,0.1524370026,0.1618832035,0.0435691554,0.0395084740
2015-09-30,0.2001085759,0.2099629087,0.1979964418,0.1492723610,0.1602423876,0.0434271288,0.0389901962
2015-10-01,0.2001837500,0.2104422169,0.1984125521,0.1487586491,0.1600097185,0.0430443818,0.0391487315
2015-10-02,0.2004010015,0.2112047560,0.1989456499,0.1498352497,0.1583015629,0.0427389884,0.0385727915
2015-10-05,0.2017986752,0.2119527895,0.2007692705,0.1479430383,0.1560337501,0.0428428231,0.0386596532
2015-10-06,0.2007772193,0.2106020806,0.2001614512,0.1491804222,0.1561621515,0.0436084657,0.0395082095
2015-10-07,0.2015144620,0.2109161803,0.2017586210,0.1482954865,0.1553488815,0.0433297898,0.0388365789
2015-10-08,0.2026226737,0.2110145753,0.2027793944,0.1470227331,0.1545938969,0.0433718265,0.0385949002
2015-10-09,0.2019271537,0.2111162046,0.2022723873,0.1487518805,0.1538448381,0.0433899212,0.0386976146
2015-10-12,0.2019407391,0.2114461446,0.2017517481,0.1492114115,0.1541037466,0.0426642305,0.0388819796
2015-10-13,0.2013777103,0.2108227677,0.2004312065,0.1504789533,0.1546627632,0.0425390567,0.0396875422
2015-10-14,0.1999523670,0.2100019545,0.1998680761,0.1527508141,0.1548849987,0.0425515974,0.0399901923
2015-10-15,0.2012047157,0.2115402200,0.2012144508,0.1506914443,0.1532890075,0.0420614195,0.0399987422
2015-10-16,0.2016706062,0.2119525757,0.2010396840,0.1492950223,0.1527953894,0.0419952396,0.0412514829
2015-10-19,0.2018314676,0.2132331424,0.2006248415,0.1487166867,0.1529953189,0.0412452850,0.0413532579
2015-10-20,0.2015594753,0.2121202678,0.2003727056,0.1496488916,0.1526782633,0.0413241392,0.0422962572
2015-10-21,0.2014350166,0.2120112143,0.2002674278,0.1491551107,0.1539006150,0.0412003025,0.0420303131
2015-10-22,0.2024573397,0.2138152494,0.2006111497,0.1473688107,0.1521395254,0.0408568439,0.0427510813
2015-10-23,0.2027121566,0.2176888833,0.2005276207,0.1457061362,0.1504189405,0.0402233726,0.0427228900
2015-10-26,0.2021605593,0.2177664366,0.1998719685,0.1455761892,0.1504477343,0.0401055179,0.0440715942
2015-10-27,0.2016723100,0.2181047395,0.1985372001,0.1458322279,0.1505941517,0.0398985461,0.0453608246
2015-10-28,0.2026501083,0.2184986494,0.1989183687,0.1437235094,0.1491732549,0.0403066422,0.0467294671
2015-10-29,0.2029863012,0.2186411426,0.1984298193,0.1426664053,0.1488657039,0.0401565771,0.0482540505
2015-10-30,0.2021372236,0.2176894345,0.1977553559,0.1421383844,0.1492801099,0.0405619725,0.0504375192
2015-11-02,0.2022993581,0.2177485159,0.1980719967,0.1396758328,0.1473624223,0.0399086927,0.0549331816
2015-11-03,0.2015156683,0.2170327958,0.1973890001,0.1366756129,0.1460986573,0.0403470094,0.0609412562
2015-11-04,0.2013575971,0.2175411624,0.1969154915,0.1356906382,0.1464282081,0.0397548511,0.0623120516
2015-11-05,0.2023039941,0.2181924006,0.1977746798,0.1360396375,0.1471958066,0.0396645058,0.0588289756
2015-11-06,0.2032852416,0.2195185545,0.1981745489,0.1347772852,0.1472796755,0.0396386724,0.0573260220
2015-11-09,0.2024588183,0.2183399034,0.1973266962,0.1358841822,0.1479668801,0.0395021616,0.0585213582
2015-11-10,0.2043498348,0.2193106993,0.1986107087,0.1365493649,0.1492806989,0.0396986691,0.0522000243
2015-11-11,0.2048270856,0.2204177628,0.1997250237,0.1369468610,0.1500258397,0.0395424636,0.0485149635
2015-11-12,0.2026873211,0.2190524881,0.1980622593,0.1374612690,0.1506994711,0.0391129530,0.0529242385
2015-11-13,0.2023114608,0.2167871791,0.1977142387,0.1383769898,0.1524230155,0.0391821584,0.0532049576
2015-11-16,0.2036835837,0.2180806754,0.1986544042,0.1374274470,0.1512835090,0.0390473491,0.0518230317
2015-11-17,0.2038818821,0.2185895348,0.1989248286,0.1358431323,0.1516529969,0.0385146516,0.0525929736
2015-11-18,0.2050441347,0.2205559342,0.1994936050,0.1346020496,0.1500248634,0.0382910381,0.0519883751
2015-11-19,0.2046842015,0.2205139843,0.1999882114,0.1359653387,0.1499599240,0.0382568158,0.0506315245
2015-11-20,0.2051837235,0.2217408859,0.2001179477,0.1351859454,0.1496834881,0.0381571137,0.0499308959
2015-11-23,0.2054154013,0.2216055016,0.1997655705,0.1344030675,0.1500659400,0.0385407261,0.0502037930
2015-11-24,0.2053335736,0.2210270760,0.1998896571,0.1350619914,0.1499433746,0.0390930806,0.0496512467
2015-11-25,0.2051230243,0.2210257638,0.1997805045,0.1343136320,0.1498800168,0.0390047970,0.0508722617
2015-11-27,0.2047815818,0.2207140123,0.1990854987,0.1323547546,0.1494179856,0.0383051326,0.0553410344
2015-11-30,0.2035669984,0.2197607329,0.1982615857,0.1329925159,0.1492057670,0.0379957005,0.0582166996
2015-12-01,0.2044088803,0.2207708184,0.1992965158,0.1327484167,0.1489277894,0.0382186028,0.0556289766
2015-12-02,0.2041856762,0.2214296422,0.1989831605,0.1318879711,0.1501195262,0.0377641273,0.0556298966
2015-12-03,0.2029188533,0.2193979225,0.1982902477,0.1343436703,0.1501929983,0.0384962513,0.0563600566
2015-12-04,0.2036693725,0.2210459131,0.1980808243,0.1351985114,0.1483444234,0.0378461525,0.0558148029
2015-12-07,0.2027640835,0.2204049330,0.1966676190,0.1336605285,0.1488049463,0.0368123105,0.0608855792
2015-12-08,0.2014365195,0.2204622564,0.1946995426,0.1339050020,0.1488855965,0.0366316479,0.0639794351
2015-12-09,0.2010435214,0.2183913017,0.1948364547,0.1344297148,0.1497602560,0.0368737299,0.0646650215
2015-12-10,0.2014279097,0.2192314669,0.1944716034,0.1342221652,0.1496327149,0.0367148115,0.0642993284
2015-12-11,0.1988166371,0.2155874488,0.1917943545,0.1358383495,0.1509871390,0.0365766242,0.0703994469
2015-12-14,0.1999516235,0.2173637568,0.1925276127,0.1341868870,0.1503766409,0.0363570415,0.0692364376
2015-12-15,0.2003897914,0.2168902565,0.1929218362,0.1327308612,0.1491543004,0.0359777011,0.0719352531
2015-12-16,0.2015511615,0.2181982664,0.1942640671,0.1331690309,0.1475957023,0.0355047883,0.0697169835
2015-12-17,0.2008663415,0.2176057232,0.1938436006,0.1318190443,0.1495777510,0.0355548753,0.0707326641
2015-12-18,0.1986131083,0.2148651901,0.1925400419,0.1347379580,0.1509027372,0.0359562755,0.0723846890
2015-12-21,0.1996961237,0.2166494234,0.1934937401,0.1358259091,0.1503452931,0.0356944295,0.0682950811
2015-12-22,0.2007797062,0.2172851558,0.1944862615,0.1346263667,0.1496911555,0.0354038462,0.0677275081
2015-12-23,0.2016655347,0.2171750758,0.1956409019,0.1331758482,0.1484850800,0.0357661551,0.0680914043
2015-12-24,0.2008912833,0.2166604061,0.1948099640,0.1338450043,0.1482308954,0.0356877375,0.0698747094
2015-12-28,0.2019575292,0.2181928358,0.1958535684,0.1338427312,0.1493589058,0.0354490603,0.0653453694
2015-12-29,0.2022603354,0.2196134555,0.1958490002,0.1325372825,0.1476334348,0.0357127997,0.0663936919
2015-12-30,0.2022855850,0.2192153481,0.1958228082,0.1324811201,0.1486782195,0.0356237504,0.0658931686
2015-12-31,0.2000000000,0.2000000000,0.2000000000,0.1500000000,0.1500000000,0.0500000000,0.0500000000
2016-01-04,0.1988755826,0.1974398701,0.1982998616,0.1534034741,0.1512154269,0.0500463897,0.0507193951
2016-01-05,0.1992302445,0.1971154182,0.1983530883,0.1538500037,0.1512993520,0.0495602971,0.0505915963
2016-01-06,0.1978405542,0.1963368307,0.1965283548,0.1569629690,0.1527409613,0.0490461161,0.0505442139
2016-01-07,0.1950612322,0.1921264033,0.1939069050,0.1608040532,0.1542826590,0.0493156913,0.0545030560
2016-01-08,0.1943126937,0.1919263496,0.1930139444,0.1612477040,0.1557403157,0.0494399301,0.0543190624
2016-01-11,0.1950738456,0.1930797435,0.1936860966,0.1602807379,0.1557502078,0.0482286723,0.0539006963
2016-01-12,0.1961408958,0.1948156043,0.1942619996,0.1590586823,0.1556929340,0.0477952622,0.0522346218
2016-01-13,0.1942558288,0.1910538252,0.1929119039,0.1623500694,0.1585047065,0.0482719816,0.0526516847
2016-01-14,0.1959633007,0.1936582432,0.1945711896,0.1585160609,0.1572575643,0.0480266159,0.0520070253
2016-01-15,0.1962388001,0.1920336364,0.1935366116,0.1638902668,0.1611254669,0.0481127619,0.0450624564
2016-01-19,0.1960081544,0.1919709173,0.1936421672,0.1633229691,0.1605598483,0.0475947227,0.0469012210
2016-01-20,0.1933600147,0.1912472336,0.1904102874,0.1653896749,0.1605794678,0.0472035904,0.0518097312
2016-01-21,0.1941030222,0.1911021888,0.1911807404,0.1652883483,0.1600777685,0.0477556365,0.0504922954
2016-01-22,0.1958024899,0.1943694344,0.1937048765,0.1626247851,0.1583495228,0.0486167894,0.0465321019
2016-01-25,0.1942436210,0.1928760129,0.1920720136,0.1654910601,0.1594119298,0.0479036973,0.0480016653
2016-01-26,0.1948088276,0.1925510347,0.1932273346,0.1656064165,0.1579269971,0.0483342263,0.0475451631
2016-01-27,0.1940632022,0.1890928815,0.1928537966,0.1674095534,0.1590827380,0.0492692993,0.0482285290
2016-01-28,0.1947937528,0.1914869626,0.1932325768,0.1653837841,0.1589853923,0.0497486237,0.0463689078
2016-01-29,0.1966575789,0.1926595770,0.1948211343,0.1636201274,0.1571467970,0.0494941551,0.0456006304
2016-02-01,0.1964901304,0.1930829043,0.1949768808,0.1652219731,0.1568798046,0.0485408883,0.0448074184
2016-02-02,0.1953912824,0.1912947518,0.1927551559,0.1673753079,0.1593466471,0.0482929490,0.0455439058
2016-02-03,0.1956922192,0.1895339927,0.1936388248,0.1684223373,0.1586263523,0.0492888560,0.0447974177
2016-02-04,0.1949886372,0.1885384170,0.1930367555,0.1695785733,0.1579674408,0.0489571246,0.0469330517
2016-02-05,0.1935409760,0.1841478066,0.1919724732,0.1743040347,0.1596935551,0.0492230526,0.0471181017
2016-02-08,0.1923578513,0.1826833603,0.1902823651,0.1779630614,0.1615010385,0.0493522272,0.0458600963
2016-02-09,0.1929992867,0.1827135256,0.1895440914,0.1781547406,0.1620161816,0.0482435168,0.0463286574
2016-02-10,0.1922183979,0.1828309469,0.1890502166,0.1789629879,0.1618972570,0.0481689508,0.0468712429
2016-02-11,0.1892739588,0.1821389553,0.1860807591,0.1857195783,0.1616211222,0.0486485230,0.0465171033
2016-02-12,0.1913176455,0.1831330169,0.1875548415,0.1828513626,0.1596298702,0.0488844155,0.0466288478
2016-02-16,0.1931683142,0.1859352145,0.1896472198,0.1760490134,0.1581090391,0.0479944280,0.0490967709
2016-02-17,0.1935840181,0.1874928200,0.1906583607,0.1746661834,0.1558172770,0.0483201842,0.0494611565
2016-02-18,0.1925175333,0.1850896358,0.1895722493,0.1786624924,0.1560652712,0.0479839769,0.0501088412
2016-02-19,0.1927054506,0.1859059504,0.1895976279,0.1778468235,0.1563193885,0.0476321533,0.0499926060
2016-02-22,0.1938847156,0.1873673253,0.1908879579,0.1732459997,0.1550735287,0.0479611221,0.0515793507
2016-02-23,0.1930258145,0.1858135946,0.1897742921,0.1773014752,0.1563897680,0.0477085053,0.0499865503
2016-02-24,0.1930286666,0.1867363876,0.1890542185,0.1770837914,0.1557365643,0.0481017745,0.0502585971
2016-02-25,0.1940077247,0.1872638900,0.1897752990,0.1763155785,0.1550474147,0.0477293430,0.0498607502
2016-02-26,0.1938718607,0.1873289103,0.1898336876,0.1753854219,0.1550143017,0.0477301051,0.0508357127
2016-02-29,0.1924865664,0.1857749395,0.1887355594,0.1778016004,0.1553065208,0.0483706484,0.0515241651
2016-03-01,0.1944371661,0.1892326441,0.1909921798,0.1741916473,0.1528183717,0.0477760818,0.0505519091
2016-03-02,0.1948542386,0.1888618238,0.1917931862,0.1751274167,0.1522941441,0.0479259175,0.0491432731
2016-03-03,0.1946066534,0.1875302851,0.1923869762,0.1772313931,0.1516868200,0.0479382649,0.0486196073
2016-03-04,0.1950070979,0.1873777099,0.1934657801,0.1767415434,0.1512708703,0.0488090498,0.0473279485
2016-03-07,0.1949441339,0.1860164200,0.1932490307,0.1774222920,0.1510599444,0.0496441829,0.0476639962
2016-03-08,0.1942403545,0.1858384478,0.1921481234,0.1779069223,0.1525517663,0.0493386785,0.0479757071
2016-03-09,0.1947131627,0.1865677218,0.1927057583,0.1759916676,0.1521021097,0.0499608171,0.0479587628
2016-03-10,0.1943355167,0.1857726037,0.1919710199,0.1783275016,0.1517545520,0.0497496232,0.0480891830
2016-03-11,0.1959264373,0.1875417659,0.1945716576,0.1738886486,0.1502924356,0.0495446754,0.0482343797
2016-03-14,0.1963785607,0.1885341228,0.1948250238,0.1722630810,0.1509155242,0.0492788190,0.0478048686
2016-03-15,0.1964974477,0.1888852565,0.1937834762,0.1727805011,0.1511150856,0.0489812564,0.0479569766
2016-03-16,0.1956328630,0.1886379365,0.1938370147,0.1748436937,0.1502273217,0.0493293233,0.0474918470
2016-03-17,0.1961829370,0.1878709806,0.1949275512,0.1735654433,0.1500134214,0.0497048101,0.0477348564
2016-03-18,0.1970014619,0.1882108558,0.1953151636,0.1731304661,0.1501723770,0.0496802312,0.0464894443
2016-03-21,0.1972716042,0.1889380633,0.1953058403,0.1719083175,0.1498380850,0.0498241854,0.0469139043
2016-03-22,0.1968799351,0.1892419730,0.1946828650,0.1721643128,0.1495256717,0.0501172948,0.0473879475
2016-03-23,0.1974424764,0.1894709088,0.1945790461,0.1698700684,0.1512789576,0.0495249722,0.0478335704
2016-03-24,0.1976166978,0.1897751931,0.1944244610,0.1696868805,0.1514932396,0.0492952348,0.0477082931
2016-03-28,0.1973213705,0.1891148358,0.1947054157,0.1697262273,0.1512873556,0.0493398883,0.0485049067
2016-03-29,0.1972541554,0.1903257181,0.1949621784,0.1712276824,0.1502984625,0.0487615364,0.0471702669
2016-03-30,0.1980881467,0.1912222082,0.1961204144,0.1688074417,0.1502201966,0.0485713199,0.0469702726
2016-03-31,0.1975016847,0.1908401757,0.1959135740,0.1694951105,0.1506154553,0.0484723748,0.0471616250
2016-04-01,0.1986131949,0.1926407290,0.1953440842,0.1682740894,0.1503050663,0.0475775067,0.0472453295
2016-04-04,0.1986437796,0.1925606184,0.1952259237,0.1677203927,0.1509665859,0.0470814338,0.0478012660
2016-04-05,0.1974214848,0.1914426816,0.1933854052,0.1705589005,0.1517569674,0.0471537018,0.0482808586
2016-04-06,0.1982038271,0.1932506431,0.1942938741,0.1683484177,0.1506851272,0.0473393398,0.0478787711
2016-04-07,0.1969197531,0.1915320440,0.1924726186,0.1717008653,0.1518503344,0.0474556685,0.0480687161
2016-04-08,0.1969286787,0.1908854175,0.1937672588,0.1709869074,0.1512986887,0.0484631735,0.0476698754
2016-04-11,0.1960609422,0.1897923562,0.1935710879,0.1729392968,0.1510954398,0.0487278766,0.0478130006
2016-04-12,0.1965359849,0.1900763027,0.1945431802,0.1717873810,0.1498205332,0.0494457410,0.0477908770
2016-04-13,0.1974538132,0.1914712511,0.1961474651,0.1690419708,0.1490822347,0.0494321076,0.0473711575
2016-04-14,0.1980762154,0.1920828538,0.1965880212,0.1671966801,0.1492886124,0.0491879763,0.0475796408
2016-04-15,0.1976536394,0.1914008540,0.1961167894,0.1681799111,0.1495528471,0.0489568517,0.0481391073
2016-04-18,0.1983401049,0.1917425129,0.1967311551,0.1673305960,0.1490117097,0.0489999462,0.0478439753
2016-04-19,0.1977959372,0.1894499130,0.1976059402,0.1689464700,0.1481222640,0.0497490550,0.0483304207
2016-04-20,0.1978251718,0.1894516028,0.1975134409,0.1679494297,0.1476428917,0.0506739146,0.0489435485
2016-04-21,0.1969712002,0.1896710251,0.1965918127,0.1687646496,0.1476001310,0.0505133635,0.0498878180
2016-04-22,0.1981074345,0.1878859843,0.1976253746,0.1675635026,0.1484649799,0.0505888685,0.0497638557
2016-04-25,0.1975567778,0.1876870447,0.1967802448,0.1678688356,0.1481468446,0.0504993610,0.0514608915
2016-04-26,0.1974848346,0.1864292331,0.1971181771,0.1682248096,0.1478061991,0.0510518383,0.0518849083
2016-04-27,0.1982575866,0.1852759859,0.1977172949,0.1690189309,0.1485225473,0.0516135850,0.0495940695
2016-04-28,0.1967109702,0.1832724701,0.1964636788,0.1724350780,0.1490092209,0.0519678744,0.0501407076
2016-04-29,0.1953966114,0.1820717166,0.1950055809,0.1755635566,0.1488036781,0.0524040619,0.0507547946
2016-05-02,0.1965403708,0.1834120231,0.1959695850,0.1746177888,0.1483936732,0.0515778033,0.0494887557
2016-05-03,0.1960533363,0.1828516079,0.1946461344,0.1753150804,0.1495956053,0.0511076413,0.0504305944
2016-05-04,0.1960018193,0.1826467528,0.1939972538,0.1751771237,0.1504630837,0.0514171096,0.0502968572
2016-05-05,0.1960246757,0.1826514399,0.1940239494,0.1750310113,0.1508901642,0.0509249816,0.0504537779
2016-05-06,0.1956987726,0.1826518470,0.1936339648,0.1756861265,0.1498605450,0.0509799180,0.0514888262
2016-05-09,0.1967643836,0.1840160790,0.1937845077,0.1728717627,0.1506470488,0.0500907537,0.0518254646
2016-05-10,0.1975387980,0.1849704734,0.1949375414,0.1718896445,0.1494499142,0.0508931918,0.0503204368
2016-05-11,0.1960597561,0.1836442807,0.1939293821,0.1738364338,0.1497316283,0.0521782763,0.0506202427
2016-05-12,0.1965671622,0.1832526816,0.1940385210,0.1728660007,0.1499403870,0.0523703496,0.0509648979
2016-05-13,0.1954746425,0.1831590654,0.1927669951,0.1742035843,0.1507022936,0.0524646231,0.0512287960
2016-05-16,0.1960968645,0.1842236222,0.1936363875,0.1731788844,0.1494493625,0.0526933593,0.0507215195
2016-05-17,0.1952429710,0.1828270390,0.1929929224,0.1746495079,0.1499976277,0.0533561217,0.0509338103
2016-05-18,0.1959548971,0.1841007382,0.1935385504,0.1721953986,0.1498759632,0.0531357468,0.0511987058
2016-05-19,0.1962284699,0.1840375607,0.1934298660,0.1727039534,0.1507024954,0.0532490420,0.0496486125
2016-05-20,0.1964018256,0.1850600678,0.1940066493,0.1715421366,0.1499837902,0.0531791624,0.0498263681
2016-05-23,0.1964794441,0.1851420331,0.1937390885,0.1713559891,0.1502205621,0.0529820540,0.0500808292
2016-05-24,0.1977965777,0.1876840249,0.1953330815,0.1673441778,0.1492113848,0.0526547179,0.0499760354
2016-05-25,0.1981947165,0.1881380719,0.1958800043,0.1660968892,0.1485313221,0.0530162543,0.0501427418
2016-05-26,0.1980753851,0.1885216082,0.1959401449,0.1653819323,0.1486277014,0.0529332599,0.0505199682
2016-05-27,0.1982929411,0.1888984015,0.1956155281,0.1634972770,0.1481272310,0.0529793232,0.0525892980
2016-05-31,0.1966029825,0.1880032987,0.1941856521,0.1630308912,0.1472378816,0.0523078870,0.0586314068
2016-06-01,0.1966760793,0.1877055757,0.1942241679,0.1625896856,0.1469088447,0.0527528134,0.0591428333
2016-06-02,0.1969459781,0.1877833918,0.1943625444,0.1619407974,0.1470360481,0.0527712523,0.0591599880
2016-06-03,0.1947667239,0.1853860301,0.1933442169,0.1650863482,0.1466352005,0.0526952149,0.0620862654
2016-06-06,0.1947740169,0.1851247009,0.1934798203,0.1643119602,0.1457015895,0.0530599705,0.0635479418
2016-06-07,0.1949636002,0.1845471664,0.1945705479,0.1640774542,0.1457470779,0.0535531850,0.0625409683
2016-06-08,0.1945459022,0.1838699395,0.1940407820,0.1656112673,0.1450145054,0.0541687956,0.0627488080
2016-06-09,0.1946042434,0.1838762009,0.1930997102,0.1668091719,0.1453606402,0.0541546446,0.0620953888
2016-06-10,0.1941215187,0.1830744413,0.1908390452,0.1686663997,0.1465846700,0.0538708305,0.0628430945
2016-06-13,0.1906629572,0.1796964506,0.1870532464,0.1681830324,0.1452090352,0.0533222449,0.0758730333
2016-06-14,0.1910492660,0.1804153892,0.1864471757,0.1690348932,0.1457246604,0.0531870346,0.0741415808
2016-06-15,0.1903480049,0.1794875228,0.1868381779,0.1698995987,0.1457051609,0.0527875879,0.0749339469
2016-06-16,0.1897109678,0.1788844689,0.1857561452,0.1670526403,0.1448762764,0.0515559643,0.0821635371
2016-06-17,0.1892056070,0.1769758611,0.1863110344,0.1693758143,0.1449266637,0.0528215411,0.0803834785
2016-06-20,0.1899086685,0.1776072469,0.1883648272,0.1679088733,0.1441335505,0.0531615327,0.0789153008
2016-06-21,0.1922529254,0.1798595586,0.1909674843,0.1662399769,0.1453953350,0.0532475222,0.0720371978
2016-06-22,0.1936506303,0.1810242830,0.1923403086,0.1678054420,0.1467837508,0.0534060539,0.0649895314
2016-06-23,0.1940235053,0.1815956593,0.1940498136,0.1648827614,0.1449284355,0.0532380361,0.0672817889
2016-06-24,0.1894258380,0.1763217264,0.1860697238,0.1751594147,0.1475556239,0.0528215087,0.0726461646
2016-06-27,0.1880168681,0.1746647973,0.1840143287,0.1779824921,0.1497289262,0.0532780331,0.0723145545
2016-06-28,0.1896178129,0.1768229630,0.1862618870,0.1744249665,0.1485133777,0.0536253425,0.0707336504
2016-06-29,0.1908710872,0.1781111574,0.1876927281,0.1733546219,0.1468875089,0.0538432354,0.0692396611
2016-06-30,0.1912705254,0.1781184621,0.1879159011,0.1722368390,0.1455105590,0.0529192982,0.0720284152
2016-07-01,0.1905108425,0.1779280571,0.1876455288,0.1738191636,0.1449401723,0.0532496775,0.0719065582
2016-07-05,0.1901458509,0.1777815444,0.1860885472,0.1761855549,0.1460986885,0.0520169973,0.0716828168
2016-07-06,0.1902756997,0.1782910443,0.1855879090,0.1762835502,0.1455970730,0.0519477973,0.0720169265
2016-07-07,0.1913608484,0.1799492338,0.1862118482,0.1767314167,0.1464145785,0.0507936843,0.0685383900
2016-07-08,0.1916823698,0.1803538489,0.1867271051,0.1754796685,0.1447261045,0.0506430458,0.0703878574
2016-07-11,0.1925189683,0.1815354914,0.1885774980,0.1739710620,0.1444632139,0.0504809412,0.0684528251
2016-07-12,0.1932474914,0.1818217122,0.1896467562,0.1705005875,0.1435308027,0.0512570542,0.0699955958
2016-07-13,0.1933166409,0.1814715221,0.1896454722,0.1721550264,0.1438062451,0.0506372521,0.0689678412
2016-07-14,0.1938373521,0.1821864538,0.1905307262,0.1703358436,0.1432657841,0.0506948970,0.0691489432
2016-07-15,0.1939135471,0.1822096512,0.1904478902,0.1699751732,0.1429924207,0.0506472921,0.0698140254
2016-07-18,0.1938016489,0.1828186362,0.1902723005,0.1696889947,0.1425523972,0.0502457264,0.0706202961
2016-07-19,0.1939323541,0.1824607900,0.1895769073,0.1702035828,0.1430860801,0.0500259246,0.0707143612
2016-07-20,0.1946748653,0.1845310719,0.1905626326,0.1677126898,0.1429114135,0.0496707027,0.0699366243
2016-07-21,0.1938336559,0.1840075968,0.1898233006,0.1701744061,0.1429604042,0.0493728620,0.0698277743
2016-07-22,0.1947990871,0.1848629263,0.1906479539,0.1689878123,0.1430563653,0.0492956583,0.0683501968
2016-07-25,0.1947771281,0.1853617892,0.1905720001,0.1682488482,0.1432641139,0.0488811978,0.0688949227
2016-07-26,0.1946081723,0.1853273075,0.1910825537,0.1687351390,0.1430738318,0.0486128782,0.0685601176
2016-07-27,0.1936121906,0.1858560939,0.1903699015,0.1707573272,0.1429110129,0.0479427718,0.0685507020
2016-07-28,0.1937402642,0.1864130216,0.1904661694,0.1701799616,0.1428279795,0.0477841630,0.0685884406
2016-07-29,0.1931690133,0.1859672589,0.1907020985,0.1711563339,0.1425557383,0.0479695852,0.0684799720
2016-08-01,0.1941819870,0.1880879929,0.1911315389,0.1725170336,0.1430878361,0.0474162346,0.0635773768
2016-08-02,0.1947157101,0.1883791958,0.1916761941,0.1755214890,0.1439829045,0.0477849562,0.0579395503
2016-08-03,0.1945629629,0.1883032118,0.1913823123,0.1740403577,0.1436041204,0.0483898863,0.0597171486
2016-08-04,0.1941697447,0.1882601506,0.1911106462,0.1737985323,0.1434292591,0.0484440547,0.0607876123
2016-08-05,0.1955306378,0.1898460748,0.1923815473,0.1704956486,0.1427790126,0.0485908418,0.0603762370
2016-08-08,0.1950591003,0.1892902158,0.1922856863,0.1700391155,0.1426085631,0.0487727677,0.0619445512
2016-08-09,0.1948049482,0.1893682438,0.1926801749,0.1704088798,0.1427057008,0.0485453498,0.0614867028
2016-08-10,0.1943659999,0.1889242746,0.1926280444,0.1712459618,0.1429023406,0.0479829043,0.0619504745
2016-08-11,0.1948782192,0.1893556384,0.1936650247,0.1697210213,0.1422372729,0.0486274846,0.0615153388
2016-08-12,0.1947596338,0.1895343329,0.1933047695,0.1694062502,0.1426162435,0.0490104313,0.0613683388
2016-08-15,0.1950669508,0.1900950636,0.1939680998,0.1697699592,0.1421775626,0.0497534215,0.0591689426
2016-08-16,0.1941769277,0.1891583389,0.1933264045,0.1707086201,0.1421740569,0.0501868263,0.0602688255
2016-08-17,0.1944045139,0.1893636513,0.1931264544,0.1706276729,0.1423389863,0.0503529936,0.0597857276
2016-08-18,0.1942503342,0.1888381302,0.1933276499,0.1709181829,0.1421094050,0.0508371394,0.0597191584
2016-08-19,0.1945265266,0.1893350907,0.1931919577,0.1698982896,0.1422037677,0.0508159177,0.0600284499
2016-08-22,0.1944195273,0.1893848413,0.1928107590,0.1695604900,0.1423468358,0.0503200123,0.0611575343
2016-08-23,0.1945785779,0.1894973720,0.1931791462,0.1693316883,0.1422148706,0.0504612838,0.0607370613
2016-08-24,0.1947778203,0.1894340392,0.1933254650,0.1684828799,0.1430415992,0.0501650048,0.0607731917
2016-08-25,0.1948104202,0.1892878797,0.1934276344,0.1684803548,0.1430115954,0.0504106948,0.0605714206
2016-08-26,0.1947259341,0.1898391932,0.1927875203,0.1684844963,0.1429902804,0.0503147340,0.0608578416
2016-08-29,0.1952408436,0.1896679239,0.1934591714,0.1684355954,0.1430594495,0.0499980132,0.0601390032
2016-08-30,0.1955457133,0.1896595265,0.1936997392,0.1672780670,0.1434430587,0.0496846293,0.0606892659
2016-08-31,0.1955834403,0.1900412448,0.1935242646,0.1674519963,0.1438543109,0.0488847425,0.0606600007
2016-09-01,0.1953774251,0.1903214053,0.1939805000,0.1679515531,0.1438214333,0.0482880491,0.0602596341
2016-09-02,0.1951536135,0.1898663710,0.1946308026,0.1687125430,0.1428213746,0.0485561866,0.0602591087
2016-09-06,0.1937812645,0.1891345441,0.1938712913,0.1698452470,0.1416918051,0.0484034818,0.0632723663
2016-09-07,0.1936218924,0.1891085347,0.1940114360,0.1691408504,0.1416636667,0.0488020293,0.0636515905
2016-09-08,0.1935016632,0.1883152542,0.1935187050,0.1685244795,0.1414082636,0.0497526779,0.0649789566
2016-09-09,0.1921233489,0.1867383585,0.1920630654,0.1702985465,0.1432157965,0.0498273474,0.0657335368
2016-09-12,0.1935769236,0.1888172296,0.1930306155,0.1689464450,0.1423729037,0.0494942178,0.0637616649
2016-09-13,0.1927514331,0.1890489008,0.1913429999,0.1695470413,0.1434346921,0.0493534654,0.0645214674
2016-09-14,0.1924284969,0.1897036976,0.1910297770,0.1699055201,0.1434280231,0.0489143205,0.0645901650
2016-09-15,0.1932010463,0.1915111561,0.1921049778,0.1678156041,0.1426684204,0.0488619856,0.0638368097
2016-09-16,0.1929692204,0.1919319963,0.1910483710,0.1678486202,0.1431526428,0.0490606948,0.0639884545
2016-09-19,0.1929451676,0.1910378280,0.1916616895,0.1681450974,0.1429927601,0.0490114253,0.0642060321
2016-09-20,0.1927353897,0.1911807218,0.1919244934,0.1681152563,0.1428817536,0.0491254796,0.0640369056
2016-09-21,0.1931311348,0.1913048282,0.1930344878,0.1690173692,0.1419377626,0.0492840523,0.0622903652
2016-09-22,0.1933986364,0.1918848414,0.1933855126,0.1685880921,0.1415343069,0.0493109055,0.0618977050
2016-09-23,0.1930195757,0.1913349681,0.1926444599,0.1692907684,0.1419971212,0.0489146730,0.0627984337
2016-09-26,0.1922216691,0.1904932277,0.1916661214,0.1698348912,0.1427430285,0.0494474299,0.0635936322
2016-09-27,0.1929218187,0.1918858778,0.1923827807,0.1681667083,0.1425564744,0.0488506647,0.0632356754
2016-09-28,0.1932898947,0.1916252542,0.1930627294,0.1671256903,0.1421608743,0.0498417327,0.0628938244
2016-09-29,0.1924831846,0.1911725931,0.1920419775,0.1677481016,0.1428600882,0.0503900358,0.0633040192
2016-09-30,0.1931473241,0.1918174293,0.1925907023,0.1664964250,0.1421277385,0.0503529418,0.0634674390
2016-10-03,0.1928671894,0.1917257207,0.1924579271,0.1662310850,0.1421025489,0.0508375846,0.0637779443
2016-10-04,0.1935527546,0.1930995248,0.1933647411,0.1618564864,0.1428524077,0.0511442196,0.0641298658
2016-10-05,0.1938553950,0.1932325494,0.1940246981,0.1611418521,0.1422541170,0.0513024660,0.0641889225
2016-10-06,0.1943548157,0.1934978727,0.1938146837,0.1599476341,0.1425214797,0.0515004027,0.0643631114
2016-10-07,0.1939592233,0.1933442535,0.1933505231,0.1602784359,0.1427464527,0.0514369006,0.0648842109
2016-10-10,0.1941275382,0.1937281540,0.1933432758,0.1601461460,0.1420664008,0.0517883543,0.0648001309
2016-10-11,0.1930590115,0.1923437848,0.1917888401,0.1604829214,0.1428735408,0.0518562238,0.0675956775
2016-10-12,0.1933579310,0.1922254796,0.1920906675,0.1607759056,0.1429584852,0.0514945770,0.0670969541
2016-10-13,0.1929664849,0.1917783351,0.1914006331,0.1613675934,0.1433435099,0.0518995416,0.0672439020
2016-10-14,0.1931190346,0.1920603704,0.1915815440,0.1605108430,0.1431386510,0.0519478073,0.0676417496
2016-10-17,0.1926711850,0.1917573879,0.1912245162,0.1611273985,0.1435487210,0.0520760842,0.0675947072
2016-10-18,0.1927625741,0.1923516467,0.1917869582,0.1611911010,0.1429532826,0.0518781862,0.0670762511
2016-10-19,0.1929128158,0.1919732339,0.1922555730,0.1618095649,0.1427608552,0.0521187492,0.0661692080
2016-10-20,0.1928742968,0.1920654828,0.1924807776,0.1615846362,0.1429481632,0.0517315025,0.0663151408
2016-10-21,0.1927692413,0.1925882792,0.1918709119,0.1615414618,0.1428928696,0.0518822170,0.0664550192
2016-10-24,0.1925440720,0.1938509656,0.1914703951,0.1603104668,0.1419055941,0.0516358323,0.0682826741
2016-10-25,0.1919748323,0.1933112817,0.1910377590,0.1615843663,0.1419616935,0.0514205237,0.0687095436
2016-10-26,0.1919505735,0.1923595412,0.1905703018,0.1609827277,0.1419490506,0.0511800868,0.0710077183
2016-10-27,0.1915251701,0.1915685468,0.1903061275,0.1613487869,0.1416563387,0.0515069808,0.0720880492
2016-10-28,0.1912995685,0.1907049499,0.1900711557,0.1623978064,0.1419088857,0.0512606831,0.0723569507
2016-10-31,0.1910746533,0.1902928022,0.1900617579,0.1626795024,0.1419139155,0.0505225707,0.0734547981
2016-11-01,0.1896388913,0.1888102768,0.1888635085,0.1636890815,0.1417987899,0.0507452168,0.0764542353
2016-11-02,0.1888812267,0.1876792851,0.1879392981,0.1652384509,0.1422538229,0.0502395537,0.0777683627
2016-11-03,0.1895649983,0.1873683532,0.1889720967,0.1674885237,0.1432318067,0.0504827230,0.0728914984
2016-11-04,0.1894032448,0.1867575791,0.1880211189,0.1676514546,0.1435641414,0.0501540900,0.0744483712
2016-11-07,0.1917805377,0.1894162877,0.1900036835,0.1631012521,0.1420627414,0.0498904390,0.0737450586
2016-11-08,0.1921340050,0.1901484794,0.1903273385,0.1619900438,0.1414569260,0.0496908642,0.0742523431
2016-11-09,0.1934907208,0.1903560443,0.1900408840,0.1613163530,0.1396524868,0.0497519313,0.0753915798
2016-11-10,0.1954027539,0.1886616654,0.1908982307,0.1600852072,0.1401053566,0.0497123857,0.0751344005
2016-11-11,0.1961441807,0.1898971070,0.1910053129,0.1574996727,0.1407043388,0.0490629806,0.0756864073
2016-11-14,0.1972911432,0.1889292616,0.1919068061,0.1569580080,0.1408464887,0.0492084732,0.0748598192
2016-11-15,0.1970116291,0.1897975216,0.1919427153,0.1568749931,0.1396606224,0.0498433405,0.0748691779
2016-11-16,0.1961728599,0.1904692631,0.1904639232,0.1560333485,0.1396347862,0.0491156586,0.0781101606
2016-11-17,0.1968106381,0.1914933956,0.1911570423,0.1549397839,0.1388486506,0.0491246058,0.0776258837
2016-11-18,0.1968431089,0.1912373533,0.1906594484,0.1539492355,0.1387349975,0.0496490415,0.0789268149
2016-11-21,0.1971441452,0.1920709856,0.1912655061,0.1536004468,0.1380201381,0.0507315673,0.0771672110
2016-11-22,0.1970007461,0.1921388805,0.1911969139,0.1531364887,0.1377778859,0.0505287379,0.0782203470
2016-11-23,0.1980677129,0.1922950631,0.1919689036,0.1508322488,0.1379642064,0.0509770777,0.0778947874
2016-11-25,0.1987025627,0.1928140377,0.1925707725,0.1499036137,0.1378812731,0.0505804866,0.0775472537
2016-11-28,0.1978700821,0.1924734740,0.1919051313,0.1515646321,0.1384358356,0.0507747423,0.0769761025
2016-11-29,0.1982862690,0.1931687590,0.1923162225,0.1508817828,0.1386100815,0.0497708922,0.0769659929
2016-11-30,0.1984259033,0.1914237067,0.1926272300,0.1493201177,0.1384911030,0.0514478468,0.0782640924
2016-12-01,0.1983958452,0.1887819757,0.1924439480,0.1495667265,0.1385229474,0.0525802819,0.0797082753
2016-12-02,0.1975594566,0.1882662263,0.1919510200,0.1496623327,0.1383052183,0.0527040210,0.0815517250
2016-12-05,0.1984247848,0.1894235358,0.1930404946,0.1486205956,0.1381964102,0.0528885451,0.0794056339
2016-12-06,0.1986147209,0.1894600652,0.1935678369,0.1481469345,0.1378664347,0.0525364387,0.0798075689
2016-12-07,0.1995055161,0.1902312100,0.1945700582,0.1474171793,0.1370507819,0.0516902140,0.0795350404
2016-12-08,0.1997657504,0.1903511281,0.1948825149,0.1469065431,0.1366416413,0.0517312054,0.0797212168
2016-12-09,0.2006152603,0.1915032752,0.1951012653,0.1451076531,0.1359827113,0.0519054581,0.0797843766
2016-12-12,0.2004211401,0.1906723466,0.1945399106,0.1456859880,0.1358811506,0.0522476106,0.0805518535
2016-12-13,0.2007183967,0.1920808990,0.1950985109,0.1444508339,0.1353560780,0.0521106199,0.0801846616
2016-12-14,0.2006357993,0.1931981130,0.1940912816,0.1434577010,0.1356803962,0.0520221752,0.0809145338
2016-12-15,0.2016774109,0.1937105289,0.1946455902,0.1416450120,0.1356609933,0.0520110339,0.0806494307
2016-12-16,0.2011492997,0.1928642665,0.1943273989,0.1424872377,0.1356594351,0.0522101711,0.0813021908
2016-12-19,0.2009922688,0.1930828819,0.1939108354,0.1427766881,0.1356123032,0.0517565138,0.0818685088
2016-12-20,0.2013322381,0.1934042159,0.1942405576,0.1414190023,0.1351937142,0.0518773099,0.0825329621
2016-12-21,0.2002729739,0.1927795258,0.1934429361,0.1411460428,0.1351465256,0.0514502147,0.0857617811
2016-12-22,0.1997159807,0.1920324742,0.1924837303,0.1406571023,0.1350025293,0.0513296988,0.0887784844
2016-12-23,0.1985756244,0.1907837738,0.1914172063,0.1400908234,0.1340728817,0.0510605742,0.0939991162
2016-12-27,0.1981762093,0.1909085552,0.1909324807,0.1402771176,0.1333727507,0.0516168144,0.0947160721
2016-12-28,0.1963959599,0.1892859006,0.1896756426,0.1405628052,0.1334871141,0.0516120811,0.0989804965
2016-12-29,0.1959640031,0.1886437702,0.1895177042,0.1421276993,0.1336321000,0.0515752855,0.0985394376
2016-12-30,0.2000000000,0.2000000000,0.2000000000,0.1500000000,0.1500000000,0.0500000000,0.0500000000
2017-01-03,0.1995375869,0.1997943832,0.1996458384,0.1496823088,0.1486681776,0.0489118561,0.0537598490
2017-01-04,0.1985903828,0.1987448181,0.1993216151,0.1486135442,0.1471282558,0.0487628340,0.0588385500
2017-01-05,0.1989156646,0.2003558143,0.2004506943,0.1512866824,0.1480997783,0.0491295167,0.0517618493
2017-01-06,0.2005994703,0.2030970317,0.2014592137,0.1509025894,0.1483278346,0.0493064532,0.0463074071
2017-01-09,0.1998917598,0.2037169778,0.2008634752,0.1521102929,0.1485405823,0.0485478677,0.0463290443
2017-01-10,0.1996359028,0.2039052709,0.2008001967,0.1525627949,0.1483094519,0.0482680252,0.0465183576
2017-01-11,0.2008566632,0.2051245961,0.2025606305,0.1535365656,0.1489741954,0.0489567506,0.0399905986
2017-01-12,0.2000505421,0.2044989469,0.2018670130,0.1538589700,0.1488045012,0.0495995554,0.0413204713
2017-01-13,0.1999353305,0.2046107676,0.2019662998,0.1538222135,0.1481186942,0.0493642525,0.0421824419
2017-01-17,0.1982300017,0.2029713800,0.2003417848,0.1552472197,0.1478774184,0.0490853630,0.0462468324
2017-01-18,0.1992347482,0.2039647024,0.2006878337,0.1543730347,0.1476585916,0.0487913992,0.0452896902
2017-01-19,0.1987661279,0.2041419314,0.2004765723,0.1544479576,0.1474767670,0.0487024069,0.0459882370
2017-01-20,0.1989713888,0.2040517437,0.2006242628,0.1544173147,0.1471430450,0.0491314974,0.0456607477
2017-01-23,0.1979833679,0.2037333642,0.2001488745,0.1550422695,0.1472019288,0.0490150780,0.0468751170
2017-01-24,0.1988998952,0.2047409179,0.2011713120,0.1540726007,0.1467106540,0.0490515854,0.0453530349
2017-01-25,0.1998113277,0.2059667895,0.2021450795,0.1521857750,0.1457266244,0.0485464491,0.0456179548
2017-01-26,0.1997422149,0.2063246712,0.2018716899,0.1508802632,0.1459233324,0.0487955341,0.0464622942
2017-01-27,0.1994359726,0.2067265040,0.2016237336,0.1511921806,0.1460501881,0.0483978495,0.0465735716
2017-01-30,0.1989863329,0.2059308365,0.2009825723,0.1524346749,0.1465624957,0.0483124087,0.0467906789
2017-01-31,0.1979377624,0.2044533163,0.2002917021,0.1537470532,0.1461538754,0.0483382765,0.0490780142
2017-02-01,0.1975087088,0.2053373461,0.2000645923,0.1528885840,0.1455743935,0.0487348259,0.0498915494
2017-02-02,0.1971634527,0.2046638364,0.1999640864,0.1533682077,0.1453050208,0.0486176134,0.0509177826
2017-02-03,0.1976789606,0.2043796358,0.2001251961,0.1530988445,0.1447278224,0.0483806181,0.0516089225
2017-02-06,0.1969730223,0.2042580249,0.1990740420,0.1548914607,0.1448838955,0.0479906516,0.0519289029
2017-02-07,0.1967046229,0.2047163577,0.1986681109,0.1543582013,0.1448270413,0.0477109626,0.0530147033
2017-02-08,0.1964728819,0.2045472116,0.1984256947,0.1549315587,0.1448801732,0.0477738190,0.0529686610
2017-02-09,0.1979934328,0.2056596163,0.1997887442,0.1540278385,0.1447932280,0.0481019231,0.0496352171
2017-02-10,0.1981645919,0.2057066579,0.2001792202,0.1539609303,0.1443221702,0.0484676496,0.0491987800
2017-02-13,0.1989369312,0.2065515037,0.2008737986,0.1526785744,0.1438878076,0.0478504340,0.0492209505
2017-02-14,0.1992341148,0.2067284812,0.2007794447,0.1524676925,0.1432112653,0.0477913736,0.0497876278
2017-02-15,0.1994610961,0.2071066346,0.2011154797,0.1525239857,0.1424054191,0.0476572580,0.0497301267
2017-02-16,0.1989658318,0.2067044279,0.2008491465,0.1530916968,0.1424759801,0.0472803746,0.0506325424
2017-02-17,0.1989315188,0.2072375687,0.2004054551,0.1523066996,0.1425429780,0.0471082644,0.0514675153
2017-02-21,0.1987888597,0.2068778823,0.2001235064,0.1513864649,0.1415843729,0.0467364848,0.0545024290
2017-02-22,0.1986050588,0.2069496377,0.2000853840,0.1515866331,0.1416707295,0.0464975520,0.0546050048
2017-02-23,0.1980516766,0.2054590000,0.1993928697,0.1523815743,0.1414147072,0.0464843691,0.0568158031
2017-02-24,0.1979147414,0.2054510993,0.1985736606,0.1530550334,0.1416577283,0.0463048882,0.0570428487
2017-02-27,0.1983044412,0.2057868461,0.1985009472,0.1523751692,0.1414551585,0.0462056390,0.0573717987
2017-02-28,0.1980968527,0.2054955832,0.1980622673,0.1527685395,0.1416504028,0.0464595127,0.0574668419
2017-03-01,0.1991101240,0.2059201385,0.1987312159,0.1512144155,0.1397498953,0.0462576091,0.0590166018
2017-03-02,0.1988990519,0.2059659718,0.1983103409,0.1501217837,0.1402264579,0.0457651622,0.0607112316
2017-03-03,0.1984979824,0.2057983345,0.1985181670,0.1496356721,0.1399593742,0.0458791145,0.0617113554
2017-03-06,0.1984685486,0.2059255528,0.1985308404,0.1490515185,0.1402914687,0.0459504193,0.0617816517
2017-03-07,0.1989826155,0.2067290529,0.1989953023,0.1486782114,0.1408932962,0.0460001220,0.0597213997
2017-03-08,0.1999087085,0.2084441610,0.1997049576,0.1487173883,0.1414700620,0.0452567017,0.0564980209
2017-03-09,0.1999998121,0.2084343042,0.1996356808,0.1478347315,0.1409211602,0.0448327129,0.0583415983
2017-03-10,0.2008444448,0.2094604018,0.2008934525,0.1482637598,0.1412326814,0.0444474891,0.0548577706
2017-03-13,0.1996253927,0.2084324457,0.2003423362,0.1473151495,0.1400693059,0.0440961829,0.0601191871
2017-03-14,0.1994347924,0.2085250520,0.1998401516,0.1469415048,0.1405254589,0.0440450998,0.0606879406
2017-03-15,0.1991962036,0.2077627448,0.2003019538,0.1482224190,0.1399582961,0.0439973286,0.0605610543
2017-03-16,0.1993677203,0.2082094660,0.2011758469,0.1492561532,0.1401987221,0.0440629965,0.0577290951
2017-03-17,0.1997845018,0.2089388276,0.2020126053,0.1501650430,0.1410395346,0.0443808367,0.0536786509
2017-03-20,0.1999057720,0.2094859644,0.2020798864,0.1510897766,0.1414896186,0.0444268752,0.0515221067
2017-03-21,0.1979590766,0.2069554699,0.2007061205,0.1528929165,0.1422231433,0.0443284383,0.0549348348
2017-03-22,0.1985799729,0.2085213567,0.2011723330,0.1533868020,0.1425315662,0.0443333259,0.0514746433
2017-03-23,0.1986931638,0.2083357036,0.2013781333,0.1534313112,0.1428046446,0.0443165118,0.0510405315
2017-03-24,0.1993526107,0.2096123431,0.2025665406,0.1542990595,0.1432637692,0.0446456260,0.0462600509
2017-03-27,0.1977940823,0.2085219145,0.2014056293,0.1541139297,0.1426311887,0.0442826297,0.0512506257
2017-03-28,0.1985914888,0.2091209117,0.2018959619,0.1529876254,0.1418443667,0.0444067414,0.0511529041
2017-03-29,0.1983420723,0.2096302299,0.2017409337,0.1530246816,0.1418474470,0.0447236609,0.0506909746
2017-03-30,0.1991646016,0.2101804249,0.2018419190,0.1520676714,0.1417221208,0.0449442371,0.0500790253
2017-03-31,0.1983782692,0.2096964541,0.2010208951,0.1521410200,0.1415962838,0.0449599077,0.0522071701
2017-04-03,0.1972428468,0.2087333469,0.2000344197,0.1523379247,0.1415547371,0.0446038105,0.0554929144
2017-04-04,0.1972258777,0.2089135160,0.2000124991,0.1525721763,0.1413222236,0.0450128709,0.0549408363
2017-04-05,0.1971069052,0.2085565300,0.1997190692,0.1529347293,0.1418146820,0.0452083001,0.0546597842
2017-04-06,0.1970053134,0.2079749379,0.1993630264,0.1518667479,0.1413312209,0.0451759073,0.0572828462
2017-04-07,0.1969371905,0.2080048974,0.1992521058,0.1523261922,0.1411142599,0.0453240226,0.0570413316
2017-04-10,0.1967948476,0.2078096329,0.1990815352,0.1521255375,0.1411102864,0.0456167998,0.0574613607
2017-04-11,0.1960486319,0.2063733885,0.1987461519,0.1539265553,0.1411445503,0.0455858528,0.0581748693
2017-04-12,0.1953865543,0.2057486297,0.1984880911,0.1551371535,0.1415983720,0.0456318564,0.0580093429
2017-04-13,0.1948534734,0.2057083743,0.1979820629,0.1564654894,0.1423174652,0.0459520360,0.0567210988
2017-04-17,0.1955025227,0.2062754012,0.1985759873,0.1551510635,0.1414598337,0.0454367105,0.0575984811
2017-04-18,0.1949149032,0.2059571913,0.1975032655,0.1558838488,0.1420266934,0.0452600751,0.0584540227
2017-04-19,0.1951196034,0.2068837704,0.1976770810,0.1549476777,0.1422170329,0.0445983628,0.0585564719
2017-04-20,0.1955779503,0.2074162782,0.1981853224,0.1543487789,0.1411806004,0.0441670537,0.0591240161
2017-04-21,0.1952023641,0.2076327929,0.1981324083,0.1549883947,0.1413987659,0.0437847371,0.0588605371
2017-04-24,0.1958391973,0.2085311651,0.1997013007,0.1527588380,0.1401115229,0.0433047043,0.0597532717
2017-04-25,0.1964317585,0.2094556551,0.2003531240,0.1507922613,0.1392617482,0.0433869313,0.0603185216
2017-04-26,0.1961332799,0.2089746909,0.2000540737,0.1513970511,0.1393166491,0.0431170748,0.0610071805
2017-04-27,0.1957912469,0.2096864961,0.1996279208,0.1504439772,0.1390846025,0.0427751982,0.0625905584
2017-04-28,0.1953517148,0.2100434493,0.1991939781,0.1509088930,0.1393178119,0.0426570880,0.0625270650
2017-05-01,0.1946512198,0.2106216630,0.1983991154,0.1486237196,0.1381124208,0.0424832497,0.0671086117
2017-05-02,0.1942615009,0.2104729996,0.1987019618,0.1482454087,0.1379739395,0.0419249343,0.0684192552
2017-05-03,0.1944572315,0.2102659464,0.1984571577,0.1465015324,0.1381411788,0.0418463636,0.0703305897
2017-05-04,0.1946068791,0.2102576754,0.1988247455,0.1449652297,0.1379711144,0.0408273748,0.0725469811
2017-05-05,0.1944636941,0.2100425758,0.1993256523,0.1445622980,0.1373542282,0.0412072901,0.0730442615
2017-05-08,0.1931104030,0.2090708194,0.1972632411,0.1432612318,0.1361576353,0.0407575435,0.0803791259
2017-05-09,0.1927121644,0.2095584751,0.1971847301,0.1422391631,0.1360141805,0.0405129579,0.0817783288
2017-05-10,0.1924852679,0.2090573241,0.1969522107,0.1418048132,0.1356480101,0.0410410388,0.0830113353
2017-05-11,0.1915711011,0.2083247436,0.1961249697,0.1419808469,0.1352676175,0.0410983973,0.0856323239
2017-05-12,0.1921790318,0.2098048630,0.1969588174,0.1430739166,0.1364250617,0.0412978204,0.0802604890
2017-05-15,0.1924190999,0.2095762104,0.1974413549,0.1428437578,0.1357952474,0.0413472959,0.0805770337
2017-05-16,0.1919075513,0.2100833243,0.1974775226,0.1432153887,0.1357325853,0.0413313208,0.0802523071
2017-05-17,0.1891391991,0.2054333728,0.1950895222,0.1463130336,0.1368907620,0.0417526800,0.0853814305
2017-05-18,0.1892213561,0.2064883492,0.1945082675,0.1445965892,0.1363260661,0.0414909370,0.0873684348
2017-05-19,0.1885329959,0.2052713593,0.1944897288,0.1438503957,0.1349523867,0.0418787497,0.0910243838
2017-05-22,0.1871020147,0.2043898633,0.1928109244,0.1426321511,0.1331663519,0.0416253149,0.0982733796
2017-05-23,0.1864083051,0.2033871802,0.1916435752,0.1408908615,0.1321257073,0.0412430467,0.1043013241
2017-05-24,0.1853635295,0.2027045597,0.1904926662,0.1403265044,0.1313073720,0.0408352491,0.1089701192
2017-05-25,0.1869802114,0.2052323652,0.1918916264,0.1407239729,0.1318827822,0.0400989440,0.1031900979
2017-05-26,0.1874975440,0.2062078440,0.1922634395,0.1423946858,0.1322266555,0.0405179307,0.0988919005
2017-05-30,0.1876991853,0.2067846590,0.1924384048,0.1421983705,0.1327382889,0.0402691751,0.0978719164
2017-05-31,0.1867096590,0.2056727772,0.1913864243,0.1420491192,0.1322037109,0.0396322065,0.1023461029
2017-06-01,0.1865297261,0.2046470058,0.1910971505,0.1409092911,0.1309744445,0.0390123835,0.1068299985
2017-06-02,0.1854868268,0.2051443382,0.1905391764,0.1406862837,0.1302369876,0.0384787930,0.1094275943
2017-06-05,0.1839074090,0.2035050318,0.1886418804,0.1397289747,0.1290232629,0.0379674782,0.1172259630
2017-06-06,0.1818679308,0.2010913180,0.1867373933,0.1401826737,0.1282584594,0.0379295067,0.1239327181
2017-06-07,0.1832977079,0.2030909390,0.1878578975,0.1402791855,0.1288753559,0.0376286086,0.1189703055
2017-06-08,0.1829487946,0.2028164035,0.1873529789,0.1390289348,0.1284379070,0.0375384883,0.1218764929
2017-06-09,0.1837833234,0.1989489869,0.1881619285,0.1385991540,0.1291138231,0.0379792256,0.1234135585
2017-06-12,0.1854344702,0.1997017436,0.1896122613,0.1396641670,0.1303005252,0.0379803474,0.1173064854
2017-06-13,0.1851153069,0.1999980822,0.1895847297,0.1388836918,0.1294787909,0.0378900220,0.1190493764
2017-06-14,0.1870914965,0.2015102523,0.1913749098,0.1397745815,0.1314455681,0.0376704330,0.1111327588
2017-06-15,0.1876303868,0.2015819807,0.1911120992,0.1398613650,0.1319943219,0.0380140015,0.1098058449
2017-06-16,0.1871684744,0.2001695883,0.1914434228,0.1395099815,0.1317244283,0.0380739289,0.1119101758
2017-06-19,0.1872688973,0.2019444367,0.1911643414,0.1373767552,0.1305286033,0.0375390186,0.1141779475
2017-06-20,0.1858484007,0.2001932517,0.1893299081,0.1369706735,0.1306200972,0.0371329623,0.1199047064
2017-06-21,0.1857072192,0.2020720413,0.1892327829,0.1372942621,0.1305767615,0.0367131086,0.1184038245
2017-06-22,0.1853939129,0.2017650588,0.1890826537,0.1375875257,0.1304748208,0.0367211554,0.1189748727
2017-06-23,0.1849051354,0.2017645781,0.1886918576,0.1376489113,0.1299992510,0.0367401661,0.1202501005
2017-06-26,0.1874539020,0.2034559715,0.1917567319,0.1382050974,0.1318242383,0.0373028999,0.1100011590
2017-06-27,0.1863847175,0.2002392814,0.1911980496,0.1390595518,0.1317409046,0.0378233274,0.1135541677
2017-06-28,0.1866438628,0.2016040054,0.1913577548,0.1381221352,0.1308014362,0.0377810720,0.1136897335
2017-06-29,0.1867395441,0.1999644343,0.1913076821,0.1387381950,0.1317765166,0.0382978913,0.1131757367
2017-06-30,0.1873625892,0.2003308640,0.1920437886,0.1385897325,0.1318015977,0.0391396599,0.1107317681
2017-07-03,0.1876541237,0.1981928732,0.1923297494,0.1363043620,0.1315481148,0.0395404456,0.1144303313
2017-07-05,0.1873278589,0.1993339900,0.1915524095,0.1362562944,0.1310884666,0.0387872257,0.1156537548
2017-07-06,0.1865692857,0.1985525436,0.1909149753,0.1368982233,0.1315091402,0.0390138023,0.1165420296
2017-07-07,0.1880872379,0.2010233098,0.1920835082,0.1357217693,0.1316764017,0.0386976084,0.1127101647
2017-07-10,0.1890735020,0.2031793934,0.1933130302,0.1365116893,0.1322855769,0.0390224025,0.1066144057
2017-07-11,0.1889858334,0.2038076960,0.1935388456,0.1367271822,0.1324439758,0.0394151766,0.1050812904
2017-07-12,0.1887137753,0.2043933324,0.1934934050,0.1359925824,0.1316641138,0.0388756390,0.1068671521
2017-07-13,0.1892023497,0.2050295151,0.1942370944,0.1358695836,0.1316390445,0.0388838456,0.1051385672
2017-07-14,0.1901253090,0.2066874674,0.1954435664,0.1370132141,0.1317996123,0.0393251626,0.0996056682
2017-07-17,0.1900542513,0.2067372553,0.1952523063,0.1375887322,0.1318267038,0.0391799770,0.0993607740
2017-07-18,0.1888121425,0.2066488663,0.1940428249,0.1375722775,0.1311948240,0.0390645135,0.1026645513
2017-07-19,0.1895279152,0.2075260830,0.1947716858,0.1373153701,0.1310188807,0.0393501732,0.1004898919
2017-07-20,0.1850024708,0.2027479275,0.1903660988,0.1341584628,0.1278685844,0.0383411401,0.1215153156
2017-07-21,0.1859882330,0.2039249544,0.1912191835,0.1361580270,0.1288872587,0.0380530985,0.1157692448
2017-07-24,0.1850755067,0.2039031402,0.1903270757,0.1355796128,0.1281691917,0.0379542007,0.1189912721
2017-07-25,0.1869970202,0.2049953097,0.1922250760,0.1362083344,0.1287271104,0.0386779640,0.1121691854
2017-07-26,0.1868315606,0.2054721857,0.1926291822,0.1371808348,0.1288547445,0.0390117020,0.1100197903
2017-07-27,0.1858768320,0.2033272319,0.1913540115,0.1365042994,0.1281283226,0.0390850280,0.1157242745
2017-07-28,0.1843743020,0.2017521300,0.1899479006,0.1365783448,0.1274974896,0.0390234316,0.1208264014
2017-07-31,0.1838716415,0.2004625139,0.1895648463,0.1363510207,0.1271641312,0.0391735373,0.1234123091
2017-08-01,0.1852553388,0.2019862099,0.1913914230,0.1369581135,0.1281865935,0.0389354411,0.1172868803
2017-08-02,0.1853735027,0.2025657684,0.1912556467,0.1366951742,0.1281127306,0.0390199477,0.1169772298
2017-08-03,0.1844883147,0.2012046637,0.1904656344,0.1365219427,0.1280051045,0.0386218521,0.1206924879
2017-08-04,0.1841276898,0.2008094144,0.1901025208,0.1349470479,0.1273136198,0.0385542794,0.1241454280
2017-08-07,0.1803762870,0.1975969619,0.1863378688,0.1317979493,0.1244769123,0.0377750127,0.1416390080
2017-08-08,0.1798166865,0.1971284245,0.1856309359,0.1320989371,0.1242834070,0.0377761380,0.1432654710
2017-08-09,0.1801649797,0.1972581753,0.1855700241,0.1339613681,0.1246428551,0.0381055604,0.1402970372
2017-08-10,0.1789542446,0.1944767870,0.1841059187,0.1359675284,0.1257037422,0.0378011401,0.1429906390
2017-08-11,0.1767288452,0.1932301624,0.1816281478,0.1347150297,0.1240591470,0.0374025515,0.1522361164
2017-08-14,0.1728289128,0.1895208668,0.1774973852,0.1295247697,0.1200759018,0.0358995697,0.1746525939
2017-08-15,0.1740606039,0.1910273900,0.1786027075,0.1294578584,0.1207701616,0.0359870379,0.1700942406
2017-08-16,0.1725508337,0.1893687590,0.1776171957,0.1290539685,0.1197321149,0.0355150727,0.1761620556
2017-08-17,0.1715686927,0.1873621865,0.1768647490,0.1310148204,0.1211122594,0.0359708809,0.1761064111
2017-08-18,0.1724711144,0.1885090716,0.1782820589,0.1317055279,0.1218622604,0.0368625328,0.1703074339
2017-08-21,0.1737030793,0.1894654027,0.1795725779,0.1330410905,0.1227260047,0.0366468442,0.1648450008
2017-08-22,0.1738488837,0.1905225586,0.1792932175,0.1311844243,0.1214474624,0.0363970844,0.1673063692
2017-08-23,0.1729379959,0.1895289143,0.1787879195,0.1314595961,0.1215215465,0.0366580047,0.1691060231
2017-08-24,0.1715693584,0.1879134319,0.1775034549,0.1303189483,0.1206878973,0.0364282684,0.1755786408
2017-08-25,0.1715087401,0.1870139885,0.1777221454,0.1304475362,0.1204516202,0.0362569851,0.1765989844
2017-08-28,0.1709774549,0.1870048970,0.1771386568,0.1321040684,0.1201171940,0.0361676245,0.1764901044
2017-08-29,0.1697182428,0.1861444355,0.1754803316,0.1306975535,0.1192690881,0.0358601988,0.1828301497
2017-08-30,0.1700798940,0.1878430937,0.1755324755,0.1302956046,0.1189381986,0.0355013234,0.1818094102
2017-08-31,0.1690226204,0.1875474657,0.1744760044,0.1302224298,0.1176517439,0.0360484682,0.1850312675
2017-09-01,0.1679252298,0.1858121290,0.1736206343,0.1294406676,0.1164581112,0.0358112069,0.1909320212
2017-09-05,0.1705001119,0.1883210900,0.1763628613,0.1338463642,0.1195865586,0.0366960241,0.1746869898
2017-09-06,0.1693595402,0.1869918299,0.1752415610,0.1318229465,0.1182537908,0.0366861976,0.1816441339
2017-09-07,0.1688587973,0.1868983541,0.1754223525,0.1328174218,0.1182070580,0.0365582508,0.1812377655
2017-09-08,0.1716386887,0.1885512220,0.1783157428,0.1349939793,0.1201530002,0.0367901649,0.1695572021
2017-09-11,0.1733175886,0.1905547630,0.1798697481,0.1329997811,0.1197217387,0.0368308992,0.1667054814
2017-09-12,0.1737941116,0.1908937189,0.1802431106,0.1333071799,0.1194738040,0.0369052849,0.1653827901
2017-09-13,0.1758118642,0.1932813956,0.1817840663,0.1337784272,0.1206821782,0.0374878120,0.1571742565
2017-09-14,0.1811763917,0.1980725234,0.1874438930,0.1385083415,0.1244722589,0.0386693610,0.1316572305
2017-09-15,0.1777113630,0.1946895417,0.1839504370,0.1349991555,0.1219052847,0.0380524504,0.1486917677
2017-09-18,0.1751353546,0.1912092617,0.1815138984,0.1315225127,0.1198287176,0.0373724778,0.1634177771
2017-09-19,0.1761412401,0.1924451691,0.1826568568,0.1324218990,0.1203306799,0.0374760025,0.1585281526
2017-09-20,0.1765827851,0.1922629196,0.1830488263,0.1316411818,0.1204900643,0.0378757399,0.1580984831
2017-09-21,0.1786895595,0.1938849638,0.1852332966,0.1325540165,0.1222328791,0.0382810708,0.1491242136
2017-09-22,0.1785810017,0.1935405822,0.1852143660,0.1330515144,0.1222231876,0.0383995594,0.1489897887
2017-09-25,0.1762356262,0.1893742420,0.1823548421,0.1329503130,0.1211514124,0.0386131485,0.1593204159
2017-09-26,0.1768414384,0.1904029405,0.1826900159,0.1318387935,0.1214504447,0.0383768059,0.1583995611
2017-09-27,0.1751555303,0.1895487425,0.1805908806,0.1288500354,0.1194773731,0.0377172954,0.1686601427
2017-09-28,0.1754378987,0.1895611093,0.1808968023,0.1291461649,0.1195375068,0.0377328331,0.1676876849
2017-09-29,0.1757807719,0.1906294396,0.1816169401,0.1282805661,0.1192536096,0.0374794470,0.1669592258
2017-10-02,0.1747743807,0.1888878930,0.1802038354,0.1261490861,0.1181310065,0.0367906799,0.1750631184
2017-10-03,0.1754814803,0.1896500216,0.1813362159,0.1264517524,0.1184530061,0.0368847756,0.1717427481
2017-10-04,0.1761595154,0.1903396866,0.1818977284,0.1271466879,0.1187371748,0.0370318263,0.1686873807
2017-10-05,0.1759592683,0.1908543105,0.1811533548,0.1255768086,0.1178498084,0.0371804289,0.1714260205
2017-10-06,0.1755211747,0.1908546762,0.1806804592,0.1260000849,0.1175183499,0.0365541092,0.1728711459
2017-10-09,0.1724173759,0.1875735083,0.1775297090,0.1249902713,0.1157898613,0.0359907044,0.1857085699
2017-10-10,0.1724036649,0.1872045934,0.1780177241,0.1249782190,0.1154865634,0.0363170873,0.1855921480
2017-10-11,0.1720649570,0.1870998574,0.1778846075,0.1249338377,0.1150998877,0.0362592891,0.1866575635
2017-10-12,0.1678655434,0.1824725376,0.1737053717,0.1221660046,0.1125918849,0.0353812777,0.2058173800
2017-10-13,0.1663224220,0.1812718371,0.1723781850,0.1218107184,0.1116957675,0.0353537803,0.2111672897
2017-10-16,0.1660476439,0.1813527370,0.1719358977,0.1206138134,0.1112512374,0.0353388647,0.2134598058
2017-10-17,0.1670181143,0.1825167758,0.1727469020,0.1204051373,0.1117818459,0.0354748875,0.2100563372
2017-10-18,0.1673726363,0.1825048348,0.1730644717,0.1200887370,0.1117362081,0.0354926658,0.2097404463
2017-10-19,0.1667168498,0.1810683331,0.1721238438,0.1202931119,0.1113492244,0.0351852212,0.2132634157
2017-10-20,0.1655635791,0.1793751544,0.1704574331,0.1180902293,0.1096900550,0.0349416197,0.2218819294
2017-10-23,0.1657759009,0.1791304201,0.1706772791,0.1188888329,0.1103806113,0.0351230419,0.2200239137
2017-10-24,0.1684983224,0.1820602985,0.1734650739,0.1201638228,0.1117611868,0.0360027310,0.2080485647
2017-10-25,0.1666294229,0.1802520042,0.1716997437,0.1194418768,0.1110001460,0.0358259406,0.2151508658
2017-10-26,0.1660999995,0.1788752748,0.1709809425,0.1179091869,0.1103830805,0.0358242218,0.2199272940
2017-10-27,0.1668174074,0.1833804943,0.1712296291,0.1180144969,0.1102029228,0.0358672923,0.2144877571
2017-10-30,0.1640362214,0.1814043022,0.1687934008,0.1167024323,0.1090695078,0.0354900689,0.2245040666
2017-10-31,0.1621152129,0.1796740760,0.1670893962,0.1147190218,0.1075557900,0.0351076031,0.2337389000
2017-11-01,0.1604340939,0.1775178359,0.1655043160,0.1137929392,0.1063466378,0.0347193486,0.2416848286
2017-11-02,0.1586919726,0.1751873471,0.1638244409,0.1125879054,0.1052086832,0.0345432936,0.2499563572
2017-11-03,0.1581627967,0.1756956799,0.1628696637,0.1113130434,0.1046044974,0.0345263991,0.2528279198
2017-11-06,0.1589664598,0.1769137744,0.1638725079,0.1126596344,0.1050694842,0.0353104152,0.2472077240
2017-11-07,0.1583265350,0.1764274193,0.1629893966,0.1118780692,0.1047479586,0.0349798423,0.2506507791
2017-11-08,0.1566132854,0.1749239447,0.1613069255,0.1108623530,0.1033725371,0.0344794998,0.2584414546
2017-11-09,0.1580813937,0.1762775021,0.1625128659,0.1127706810,0.1046449276,0.0349933232,0.2507193067
2017-11-10,0.1612649245,0.1798715437,0.1656994023,0.1141351309,0.1063560384,0.0356438983,0.2370290619
2017-11-13,0.1617253092,0.1804402372,0.1657653343,0.1145245839,0.1065605975,0.0356035774,0.2353803604
2017-11-14,0.1611376406,0.1795472467,0.1652950861,0.1146097831,0.1065279695,0.0350783433,0.2378039306
2017-11-15,0.1569153656,0.1748968902,0.1608303029,0.1120296899,0.1044591406,0.0342884588,0.2565801520
2017-11-16,0.1544808457,0.1729138169,0.1585131358,0.1093528683,0.1018596847,0.0333680431,0.2695116055
2017-11-17,0.1547910072,0.1731082599,0.1590791835,0.1112170276,0.1024775085,0.0340764765,0.2652505368
2017-11-20,0.1526798666,0.1703235244,0.1568809267,0.1081316541,0.1008522458,0.0332871659,0.2778446165
2017-11-21,0.1536469676,0.1721369758,0.1580848026,0.1082874956,0.1009329021,0.0335063859,0.2734044703
2017-11-22,0.1523192060,0.1710091450,0.1570726881,0.1084371397,0.1003232786,0.0334298174,0.2774087252
2017-11-24,0.1524616483,0.1713998953,0.1574375831,0.1080146824,0.1001673797,0.0334858126,0.2770329985
2017-11-27,0.1448352082,0.1628345074,0.1490444856,0.1030908703,0.0952043384,0.0317685996,0.3132219905
2017-11-28,0.1447773516,0.1615473052,0.1486207235,0.1019981290,0.0942105359,0.0313028751,0.3175430797
2017-11-29,0.1461248038,0.1603058949,0.1496258180,0.1023642985,0.0949107643,0.0314006454,0.3152677751
2017-11-30,0.1454932099,0.1595543167,0.1482704672,0.1002590348,0.0935260467,0.0308598984,0.3220370263
2017-12-01,0.1419287606,0.1553055727,0.1446235960,0.0984027442,0.0916857190,0.0304278082,0.3376257993
2017-12-04,0.1392455513,0.1507963931,0.1418098242,0.0963334342,0.0900530610,0.0295219951,0.3522397412
2017-12-05,0.1378622530,0.1499353960,0.1404656172,0.0950413915,0.0895704741,0.0293342220,0.3577906462
2017-12-06,0.1287517899,0.1406326463,0.1307452584,0.0885594324,0.0837195864,0.0269311512,0.4006601355
2017-12-07,0.1172814875,0.1281338081,0.1190979361,0.0793580266,0.0759241269,0.0245320237,0.4556725910
2017-12-08,0.1218028758,0.1329361856,0.1237425826,0.0819635311,0.0783947482,0.0254672597,0.4356928170
2017-12-11,0.1208319938,0.1325003488,0.1226873164,0.0807443732,0.0775078759,0.0252515001,0.4404765917
2017-12-12,0.1195681109,0.1307070162,0.1212229803,0.0798536242,0.0765269014,0.0247250870,0.4473962801
2017-12-13,0.1225667622,0.1342583762,0.1245469459,0.0825722459,0.0786779104,0.0252361454,0.4321416141
2017-12-14,0.1217125467,0.1337752850,0.1236483060,0.0821673959,0.0784716511,0.0252427711,0.4349820443
2017-12-15,0.1187696645,0.1309326503,0.1202154692,0.0796856377,0.0759627079,0.0244289947,0.4500048758
2017-12-18,0.1150234004,0.1270601188,0.1167705515,0.0770397721,0.0730095915,0.0236132579,0.4674833076
2017-12-19,0.1186502542,0.1307922193,0.1204956724,0.0798353007,0.0753807688,0.0246361545,0.4502096301
2017-12-20,0.1221655603,0.1345926608,0.1240466739,0.0824633670,0.0774767123,0.0255218550,0.4337331708
2017-12-21,0.1249939357,0.1374431529,0.1270183593,0.0843182909,0.0791774087,0.0260752297,0.4209736227
2017-12-22,0.1317995226,0.1447988059,0.1342045921,0.0893981212,0.0835485428,0.0276214931,0.3886289223
2017-12-26,0.1237359243,0.1353675846,0.1261617364,0.0846058771,0.0785958317,0.0263472783,0.4251857677
2017-12-27,0.1245570238,0.1362170697,0.1270228829,0.0854475037,0.0793257093,0.0265737267,0.4208560840
2017-12-28,0.1288639727,0.1408085246,0.1315342502,0.0886680773,0.0818401992,0.0275693264,0.4007156496
2017-12-29,0.2000000000,0.2000000000,0.2000000000,0.1500000000,0.1500000000,0.0500000000,0.0500000000
2018-01-02,0.1995081695,0.2015622824,0.1998242723,0.1503700451,0.1483503364,0.0497611070,0.0506237874
2018-01-03,0.1997243826,0.2024607868,0.2001368360,0.1491923982,0.1475911619,0.0497985219,0.0510959125
2018-01-04,0.1996995704,0.2019386009,0.2004610611,0.1493094234,0.1468592128,0.0495242883,0.0522078433
2018-01-05,0.1989963620,0.2019030995,0.1995836755,0.1476456057,0.1452801025,0.0488478161,0.0577433387
2018-01-08,0.2006079350,0.2039571454,0.2010432400,0.1485458957,0.1461491314,0.0491241027,0.0505725498
2018-01-09,0.2014393952,0.2043525285,0.2017633331,0.1481358810,0.1460203716,0.0495404879,0.0487480027
2018-01-10,0.2010608149,0.2038034160,0.2010337948,0.1484401739,0.1459692398,0.0496999024,0.0499926583
2018-01-11,0.2026029528,0.2052745598,0.2025850063,0.1489822272,0.1460906464,0.0496888831,0.0447757244
2018-01-12,0.2022129888,0.2050483130,0.2024803827,0.1495225175,0.1448384674,0.0495934947,0.0463038359
2018-01-16,0.2035452474,0.2065155568,0.2040382660,0.1512737211,0.1463331189,0.0498553417,0.0384387481
2018-01-17,0.2047805500,0.2080280296,0.2049437294,0.1495337855,0.1456703338,0.0497431520,0.0373004197
2018-01-18,0.2045236375,0.2081544895,0.2046100334,0.1492655840,0.1454106331,0.0497643978,0.0382712249
2018-01-19,0.2047636448,0.2081055563,0.2049982722,0.1494258649,0.1446144525,0.0495091689,0.0385830403
2018-01-22,0.2057135464,0.2096038403,0.2057786522,0.1491791066,0.1440601602,0.0494545642,0.0362101302
2018-01-23,0.2053338068,0.2105000077,0.2055368992,0.1493275398,0.1438347518,0.0496081033,0.0358588915
2018-01-24,0.2046994340,0.2085688718,0.2053192519,0.1507376255,0.1433005472,0.0499966579,0.0373776116
2018-01-25,0.2051049615,0.2088191473,0.2053266715,0.1499644830,0.1438947820,0.0497837116,0.0371062432
2018-01-26,0.2059101720,0.2104155194,0.2058648553,0.1489463310,0.1425431262,0.0497822734,0.0365377227
2018-01-29,0.2055550548,0.2104277412,0.2051688860,0.1488403559,0.1429958570,0.0498830998,0.0371290054
2018-01-30,0.2057238708,0.2110317726,0.2053400871,0.1498563251,0.1443692318,0.0500895269,0.0335891856
2018-01-31,0.2052664292,0.2113311843,0.2049649161,0.1504506643,0.1440966307,0.0500118147,0.0338783608
2018-02-01,0.2060902193,0.2106148160,0.2058635220,0.1517237351,0.1443854524,0.0507693519,0.0305529033
2018-02-02,0.2052070740,0.2101035395,0.2049651600,0.1524097553,0.1465287993,0.0508389612,0.0299467107
2018-02-05,0.2028318813,0.2081909388,0.2033161428,0.1576191292,0.1517607323,0.0519499764,0.0243311992
2018-02-06,0.2039403276,0.2107239039,0.2046709870,0.1537870382,0.1492108662,0.0509202663,0.0267466107
2018-02-07,0.2045811605,0.2097891910,0.2037973145,0.1543818452,0.1501595478,0.0507756153,0.0265153258
2018-02-08,0.2011883682,0.2053056817,0.2016330818,0.1579783361,0.1531661919,0.0513462738,0.0293820665
2018-02-09,0.2023575056,0.2069559549,0.2019168932,0.1562817600,0.1515775855,0.0501343855,0.0307759153
2018-02-12,0.2030106211,0.2082502601,0.2026064183,0.1552602412,0.1499081182,0.0498756288,0.0310887123
2018-02-13,0.2031930036,0.2089932510,0.2024224915,0.1558920241,0.1497126081,0.0498886140,0.0298980077
2018-02-14,0.2027112971,0.2095732301,0.2024148698,0.1560681462,0.1468720423,0.0498625992,0.0324978153
2018-02-15,0.2029694566,0.2110427152,0.2023364875,0.1544785881,0.1453836244,0.0493866604,0.0344024677
2018-02-16,0.2031556723,0.2102313458,0.2026231063,0.1540693064,0.1457609507,0.0495071189,0.0346524996
2018-02-20,0.2019818031,0.2107542850,0.2011971982,0.1520722088,0.1456816074,0.0496806343,0.0386322630
2018-02-21,0.2021886127,0.2114218796,0.2016566725,0.1522860223,0.1460927122,0.0499199686,0.0364341321
2018-02-22,0.2025537825,0.2115039026,0.2021094280,0.1531396252,0.1461809585,0.0503967204,0.0341155828
2018-02-23,0.2033844349,0.2133139533,0.2024414520,0.1511633874,0.1448442680,0.0501365698,0.0347159345
2018-02-26,0.2041034877,0.2144169777,0.2026990314,0.1503250454,0.1437955911,0.0500017833,0.0346580834
2018-02-27,0.2034281751,0.2137299618,0.2017326437,0.1501383435,0.1448193143,0.0499603396,0.0361912221
2018-02-28,0.2028236648,0.2138941389,0.2008303792,0.1510669742,0.1462638190,0.0497818287,0.0353391951
2018-03-01,0.2012971360,0.2118995379,0.1998548902,0.1518014588,0.1474362735,0.0502267751,0.0374839285
2018-03-02,0.2013336694,0.2127867157,0.1998070938,0.1518617996,0.1464728395,0.0499782560,0.0377596260
2018-03-05,0.2020601181,0.2134547137,0.1998374621,0.1504160170,0.1452398279,0.0498836617,0.0391081995
2018-03-06,0.2022212721,0.2139861534,0.2006628454,0.1517746219,0.1450153063,0.0499757811,0.0363640199
2018-03-07,0.2029794552,0.2153643448,0.2012483105,0.1514238969,0.1455850002,0.0496435595,0.0337554329
2018-03-08,0.2038427675,0.2164237865,0.2019060840,0.1509745225,0.1457326371,0.0493159205,0.0318042818
2018-03-09,0.2052462869,0.2183477538,0.2023315645,0.1495567963,0.1439554821,0.0492791132,0.0312830033
2018-03-12,0.2048528856,0.2193623573,0.2024089815,0.1494577343,0.1439412890,0.0491578469,0.0308189054
2018-03-13,0.2046377957,0.2175546864,0.2021030836,0.1505592465,0.1449158189,0.0492771378,0.0309522311
2018-03-14,0.2044598364,0.2184484395,0.2027554241,0.1511080368,0.1457824714,0.0494882304,0.0279575614
2018-03-15,0.2045656703,0.2186089027,0.2027609280,0.1503879912,0.1460308097,0.0495379984,0.0281076997
2018-03-16,0.2048979258,0.2180763398,0.2028969257,0.1501075722,0.1460273356,0.0497440509,0.0282498500
2018-03-19,0.2039054010,0.2153027751,0.2025250232,0.1517575291,0.1471612888,0.0498503522,0.0294976306
2018-03-20,0.2038599053,0.2155965639,0.2026208424,0.1507868192,0.1466444093,0.0500857184,0.0304057415
2018-03-21,0.2029800969,0.2141423739,0.2022955282,0.1530506212,0.1462785740,0.0508662717,0.0303865340
2018-03-22,0.2012246999,0.2123589803,0.2008800726,0.1550018227,0.1490108807,0.0513223032,0.0302012405
2018-03-23,0.1989823506,0.2089118156,0.1995453543,0.1586390443,0.1505595009,0.0523183940,0.0310435403
2018-03-26,0.2011334768,0.2131845696,0.2009557842,0.1569032293,0.1480787992,0.0515060160,0.0282381249
2018-03-27,0.2007295263,0.2094344515,0.2013115483,0.1583169923,0.1507762539,0.0520764465,0.0273547812
2018-03-28,0.2011376511,0.2080608439,0.2022352950,0.1569125347,0.1516156295,0.0521201947,0.0279178511
2018-03-29,0.2022728449,0.2103790818,0.2032956673,0.1558816474,0.1509840938,0.0522143396,0.0249723253
2018-04-02,0.2006739455,0.2071658905,0.2020505650,0.1599082567,0.1529420415,0.0522272332,0.0250320677
2018-04-03,0.2017831388,0.2079893772,0.2027088853,0.1575597634,0.1516708165,0.0521299462,0.0261580726
2018-04-04,0.2029344030,0.2102255756,0.2033114712,0.1569674662,0.1509779886,0.0516567560,0.0239263394
2018-04-05,0.2039328574,0.2107997497,0.2037874182,0.1557001463,0.1503213751,0.0517501369,0.0237083164
2018-04-06,0.2020165166,0.2082341711,0.2031489924,0.1584925071,0.1526457088,0.0520589271,0.0234031768
2018-04-09,0.2019051666,0.2085531679,0.2032640096,0.1581645822,0.1519411219,0.0524249674,0.0237469844
2018-04-10,0.2026442435,0.2105863647,0.2037797488,0.1566286197,0.1499982867,0.0526799956,0.0236827409
2018-04-11,0.2017845399,0.2095819673,0.2030503656,0.1580071004,0.1502754056,0.0531308172,0.0241698040
2018-04-12,0.2021914358,0.2107990347,0.2030011936,0.1552073711,0.1490148338,0.0525906199,0.0271955111
2018-04-13,0.2018240429,0.2099421792,0.2026816409,0.1563996176,0.1492234806,0.0526799317,0.0272491072
2018-04-16,0.2024858442,0.2105054196,0.2027219631,0.1558527470,0.1485198534,0.0522398785,0.0276742941
2018-04-17,0.2030257828,0.2133276574,0.2027303923,0.1547595595,0.1473808847,0.0518547955,0.0269209277
2018-04-18,0.2025826660,0.2131399526,0.2029187395,0.1544283121,0.1465378644,0.0526624688,0.0277299966
2018-04-19,0.2024358854,0.2122048667,0.2025777543,0.1548738663,0.1468893148,0.0527070526,0.0283112598
2018-04-20,0.2019687715,0.2101464241,0.2025053812,0.1546532179,0.1474002647,0.0529442149,0.0303817257
2018-04-23,0.2023122293,0.2100034404,0.2026347797,0.1537036639,0.1476034455,0.0530118332,0.0307306080
2018-04-24,0.2007763593,0.2067783757,0.2021689233,0.1553699682,0.1482864192,0.0530527051,0.0335672493
2018-04-25,0.2019593478,0.2077326565,0.2027761235,0.1548873373,0.1485954700,0.0533256562,0.0307234087
2018-04-26,0.2020661510,0.2100826074,0.2025314903,0.1528715159,0.1474286906,0.0530901339,0.0319294110
2018-04-27,0.2021629524,0.2101156105,0.2027926143,0.1534493106,0.1475418756,0.0530354046,0.0309022319
2018-04-30,0.2014903400,0.2095423079,0.2023162642,0.1530065003,0.1482185665,0.0535124060,0.0319136152
2018-05-01,0.2017045448,0.2117869809,0.2020627495,0.1518175798,0.1479869636,0.0531697552,0.0314714261
2018-05-02,0.2009605075,0.2111799218,0.2019108628,0.1522065991,0.1484381577,0.0533318633,0.0319720878
2018-05-03,0.2000201261,0.2106298516,0.2013278761,0.1526025494,0.1482381260,0.0535347238,0.0336467470
2018-05-04,0.2008136591,0.2127238639,0.2012514713,0.1515662406,0.1470212342,0.0534225552,0.0332009757
2018-05-07,0.2011791073,0.2141573478,0.2012356945,0.1513665503,0.1467228628,0.0533091701,0.0320292672
2018-05-08,0.2013110477,0.2140786851,0.2013948216,0.1514901359,0.1466525733,0.0534949913,0.0315777451
2018-05-09,0.2020833464,0.2151624301,0.2014441157,0.1503011689,0.1456402341,0.0536660880,0.0317026167
2018-05-10,0.2026253753,0.2159561747,0.2019594452,0.1503289265,0.1450069942,0.0535797260,0.0305433581
2018-05-11,0.2035831148,0.2161128489,0.2027255166,0.1503634770,0.1453177941,0.0533408819,0.0285563668
2018-05-14,0.2034094843,0.2161950590,0.2027506795,0.1495510617,0.1449876796,0.0536575407,0.0294484953
2018-05-15,0.2039074080,0.2158103088,0.2028192164,0.1485194484,0.1457001289,0.0542220757,0.0290214139
2018-05-16,0.2042067736,0.2166452199,0.2032903135,0.1478849181,0.1451374547,0.0543743849,0.0284609354
2018-05-17,0.2044517890,0.2162534353,0.2036523074,0.1482722912,0.1452407253,0.0545457613,0.0275836905
2018-05-18,0.2042073023,0.2154171696,0.2032426746,0.1485268455,0.1458045205,0.0546472013,0.0281542863
2018-05-21,0.2047188784,0.2155483803,0.2033881552,0.1478723463,0.1450928384,0.0547947262,0.0285846753
2018-05-22,0.2046295093,0.2157726388,0.2036772908,0.1481351209,0.1454337919,0.0549835396,0.0273681086
2018-05-23,0.2049869456,0.2173765092,0.2028806646,0.1481438830,0.1456882357,0.0552284519,0.0256953100
2018-05-24,0.2044492903,0.2171874071,0.2024139931,0.1493272911,0.1460042940,0.0548368948,0.0257808295
2018-05-25,0.2044237919,0.2178972570,0.2021976552,0.1492050943,0.1466524422,0.0541496556,0.0254741038
2018-05-29,0.2033000181,0.2182519957,0.2002768944,0.1500869835,0.1485165395,0.0539646079,0.0256029609
2018-05-30,0.2045414539,0.2182446904,0.2014335229,0.1492326240,0.1470828801,0.0542695083,0.0251953204
2018-05-31,0.2038430617,0.2186986861,0.2009561984,0.1493122790,0.1473596564,0.0542670787,0.0255630398
2018-06-01,0.2045639962,0.2207504576,0.2016399385,0.1476482576,0.1462624409,0.0535706007,0.0255643085
2018-06-04,0.2049667372,0.2221271949,0.2020991670,0.1470951312,0.1455135995,0.0527958621,0.0254023081
2018-06-05,0.2047139224,0.2223786834,0.2016497352,0.1473827206,0.1453382509,0.0527816975,0.0257549900
2018-06-06,0.2054445554,0.2226131357,0.2024473640,0.1467659626,0.1443198106,0.0527086697,0.0257005020
2018-06-07,0.2058324789,0.2212439189,0.2021584528,0.1469872404,0.1449227448,0.0530217206,0.0258334436
2018-06-08,0.2062678182,0.2210709812,0.2024416965,0.1470432687,0.1445961160,0.0529475883,0.0256325311
2018-06-11,0.2067395599,0.2218784811,0.2031416453,0.1474470204,0.1445837645,0.0529684949,0.0232410339
2018-06-12,0.2070793651,0.2231236436,0.2029995398,0.1470079473,0.1446754592,0.0529573577,0.0221566872
2018-06-13,0.2067401730,0.2234585401,0.2027014421,0.1476805392,0.1447637007,0.0532480943,0.0214075106
2018-06-14,0.2064149744,0.2247999430,0.2020872472,0.1473048260,0.1445418042,0.0524383209,0.0224128843
2018-06-15,0.2074562980,0.2254328315,0.2025095250,0.1457860547,0.1455115684,0.0514881792,0.0218155431
2018-06-18,0.2071087883,0.2253887740,0.2016228616,0.1455653345,0.1455946390,0.0519552438,0.0227643587
2018-06-19,0.2070266118,0.2255255324,0.2009478434,0.1456935764,0.1462486854,0.0515957483,0.0229620024
2018-06-20,0.2070301865,0.2267442797,0.2013065465,0.1447977349,0.1457265930,0.0514489929,0.0229456666
2018-06-21,0.2069095354,0.2260604889,0.2007856908,0.1453719881,0.1466019701,0.0513527688,0.0229175579
2018-06-22,0.2072069287,0.2254718033,0.2019065162,0.1456669980,0.1466840103,0.0523542379,0.0207095056
2018-06-25,0.2067527130,0.2229436199,0.2013308767,0.1468025840,0.1482983292,0.0523527193,0.0215191578
2018-06-26,0.2069959563,0.2236227046,0.2013421336,0.1458800128,0.1483827224,0.0528145344,0.0209619359
2018-06-27,0.2066710674,0.2220750209,0.2007979536,0.1460302994,0.1496548706,0.0534471492,0.0213236390
2018-06-28,0.2072830518,0.2233713665,0.2012676812,0.1451879331,0.1492307661,0.0532701886,0.0203890126
2018-06-29,0.2067044961,0.2230254114,0.2014056112,0.1451004591,0.1487262140,0.0536520734,0.0213857349
2018-07-02,0.2071745523,0.2245501414,0.2007191342,0.1436646797,0.1486047804,0.0525363915,0.0227503205
2018-07-03,0.2068852907,0.2224267002,0.2009290377,0.1454310850,0.1492322718,0.0525881341,0.0225074804
2018-07-05,0.2070498428,0.2235428543,0.2010457179,0.1448556887,0.1482819268,0.0525060025,0.0227179669
2018-07-06,0.2073920765,0.2254884763,0.2009640917,0.1436485599,0.1474337474,0.0523916043,0.0226814438
2018-07-09,0.2078838197,0.2260215704,0.2016372866,0.1430524038,0.1463268241,0.0523153189,0.0227627765
2018-07-10,0.2087611959,0.2263276783,0.2021128287,0.1428767968,0.1463073579,0.0522285118,0.0213856306
2018-07-11,0.2089072520,0.2269966764,0.2014882038,0.1424679753,0.1475440595,0.0508170016,0.0217788314
2018-07-12,0.2091569608,0.2291070543,0.2014809850,0.1419454796,0.1465722019,0.0506889738,0.0210483445
2018-07-13,0.2092730231,0.2292452512,0.2016767696,0.1412877923,0.1466758724,0.0507666250,0.0210746663
2018-07-16,0.2092143962,0.2288370920,0.2015308890,0.1413025198,0.1466007252,0.0497240071,0.0227903707
2018-07-17,0.2093370161,0.2294359742,0.2016164296,0.1392943474,0.1460406958,0.0496121487,0.0246633882
2018-07-18,0.2096201733,0.2288315656,0.2015995604,0.1392258292,0.1458900273,0.0500205064,0.0248123378
2018-07-19,0.2094164430,0.2283268426,0.2014116854,0.1390168904,0.1465202233,0.0501015050,0.0252064103
2018-07-20,0.2090359528,0.2281217676,0.2016528225,0.1398227989,0.1461326340,0.0504249110,0.0248091132
2018-07-23,0.2091491120,0.2285471320,0.2013875089,0.1389679579,0.1454322069,0.0505369249,0.0259791573
2018-07-24,0.2089881781,0.2281643064,0.2011073659,0.1382134213,0.1447975145,0.0505112138,0.0282180001
2018-07-25,0.2091592619,0.2295860976,0.2016404771,0.1379141041,0.1437049920,0.0507999555,0.0271951117
2018-07-26,0.2100820843,0.2276422414,0.2021544182,0.1377672918,0.1445985795,0.0511447631,0.0266106217
2018-07-27,0.2095854310,0.2255673001,0.2024352354,0.1384509518,0.1453505049,0.0511643231,0.0274462537
2018-07-30,0.2095377261,0.2234966425,0.2027508383,0.1389300661,0.1459289781,0.0517193871,0.0276363617
2018-07-31,0.2100647363,0.2246659916,0.2030439080,0.1390037874,0.1457020583,0.0512977649,0.0262217535
2018-08-01,0.2102732966,0.2261206524,0.2028573061,0.1383532118,0.1459402343,0.0506891664,0.0257661325
2018-08-02,0.2106472170,0.2283610307,0.2021440196,0.1371060882,0.1454627121,0.0508012901,0.0254776422
2018-08-03,0.2109534278,0.2284147693,0.2022707471,0.1371970642,0.1453681001,0.0508358077,0.0249600838
2018-08-06,0.2117315659,0.2297642607,0.2022751252,0.1364956524,0.1454672634,0.0509257832,0.0233403491
2018-08-07,0.2119895492,0.2301225202,0.2026305054,0.1365218724,0.1449050399,0.0512043198,0.0226261930
2018-08-08,0.2122576527,0.2307892905,0.2028380910,0.1371338766,0.1451492763,0.0506687475,0.0211630655
2018-08-09,0.2120119171,0.2306979216,0.2024249279,0.1369595843,0.1453852372,0.0504719945,0.0220484176
2018-08-10,0.2119675666,0.2304311473,0.2014554563,0.1377945065,0.1466528359,0.0508018136,0.0208966737
2018-08-13,0.2120243378,0.2311026324,0.2011834142,0.1362624203,0.1473265697,0.0507369541,0.0213636716
2018-08-14,0.2126328093,0.2317396092,0.2014260457,0.1359193249,0.1466744302,0.0506494508,0.0209583299
2018-08-15,0.2130586364,0.2310884258,0.2010869978,0.1349346998,0.1482830816,0.0500185133,0.0215296453
2018-08-16,0.2138278633,0.2308184397,0.2017116263,0.1342260879,0.1477071185,0.0501858808,0.0215229834
2018-08-17,0.2137103188,0.2299334831,0.2017849129,0.1349210849,0.1471910585,0.0501913598,0.0222677820
2018-08-20,0.2139175702,0.2294606821,0.2023316156,0.1354365882,0.1473092067,0.0502222233,0.0213221138
2018-08-21,0.2137512924,0.2295860314,0.2025082762,0.1354100575,0.1467264240,0.0501549660,0.0218629525
2018-08-22,0.2131849811,0.2300029505,0.2026283434,0.1354304159,0.1465482371,0.0507638531,0.0214412189
2018-08-23,0.2134294085,0.2302417358,0.2021887329,0.1344834747,0.1468287431,0.0508004071,0.0220274979
2018-08-24,0.2129249565,0.2304449881,0.2019449143,0.1356927039,0.1457692140,0.0507605887,0.0224626345
2018-08-27,0.2130694321,0.2311270264,0.2026181337,0.1352285452,0.1445357128,0.0505728232,0.0228483266
2018-08-28,0.2132929338,0.2315964405,0.2025737175,0.1342305038,0.1443460644,0.0503963208,0.0235640192
2018-08-29,0.2132137275,0.2329281718,0.2023633637,0.1340729905,0.1434932265,0.0506614965,0.0232670235
2018-08-30,0.2131747375,0.2334190960,0.2014557017,0.1339333761,0.1441178296,0.0507703923,0.0231288668
2018-08-31,0.2131089478,0.2336393516,0.2013335993,0.1337342407,0.1440548543,0.0508114348,0.0233175715
2018-09-04,0.2133177859,0.2332678010,0.2006057797,0.1334110882,0.1442843231,0.0506558470,0.0244573751
2018-09-05,0.2141603275,0.2317885953,0.2006068320,0.1347632296,0.1451765927,0.0507865806,0.0227178422
2018-09-06,0.2143327859,0.2305956491,0.2009458686,0.1355416314,0.1459797104,0.0506847221,0.0219196325
2018-09-07,0.2146025591,0.2304447764,0.2006765416,0.1356051924,0.1459239446,0.0509661858,0.0217808002
2018-09-10,0.2146770566,0.2308997745,0.2008810756,0.1353211638,0.1458589332,0.0510734608,0.0212885354
2018-09-11,0.2146976389,0.2319361808,0.2006414482,0.1349728331,0.1451464041,0.0514133832,0.0211921118
2018-09-12,0.2144431710,0.2309223203,0.2007292771,0.1359111506,0.1450352649,0.0516945019,0.0212643141
2018-09-13,0.2147257146,0.2323219793,0.2010619888,0.1348041636,0.1444679164,0.0508995495,0.0217186877
2018-09-14,0.2151927181,0.2321059486,0.2015979223,0.1341954495,0.1444837609,0.0506773826,0.0217468180
2018-09-17,0.2152011329,0.2299895607,0.2019553887,0.1356193168,0.1452584912,0.0508898715,0.0210862382
2018-09-18,0.2153464855,0.2307961722,0.2024145895,0.1347764998,0.1442575052,0.0511211101,0.0212876377
2018-09-19,0.2153123767,0.2303376260,0.2026732330,0.1351338798,0.1438078404,0.0513825224,0.0213525217
2018-09-20,0.2154967900,0.2312101505,0.2030937856,0.1346218572,0.1429639517,0.0510131317,0.0216003334
2018-09-21,0.2156221328,0.2302900866,0.2033447278,0.1339030167,0.1432864832,0.0512065829,0.0223469699
2018-09-24,0.2150860485,0.2311240140,0.2026139313,0.1339916453,0.1432706817,0.0520113676,0.0219023115
2018-09-25,0.2148548884,0.2314042865,0.2028492194,0.1341844787,0.1431816451,0.0521209221,0.0214045598
2018-09-26,0.2144826915,0.2318603123,0.2027642443,0.1336447523,0.1437029509,0.0519520991,0.0215929496
2018-09-27,0.2145511292,0.2332460967,0.2024234001,0.1321356418,0.1434433461,0.0520579855,0.0221424006
2018-09-28,0.2145017294,0.2331180355,0.2016115061,0.1329285663,0.1432461232,0.0525671669,0.0220268727
2018-10-01,0.2147291170,0.2330327897,0.2017628563,0.1323852825,0.1428634746,0.0534328834,0.0217935964
2018-10-02,0.2145716832,0.2324721282,0.2007778844,0.1338939876,0.1430049159,0.0535999236,0.0216794771
2018-10-03,0.2148012289,0.2328436938,0.2008824810,0.1334343273,0.1424004050,0.0541241308,0.0215137332
2018-10-04,0.2150637640,0.2304537295,0.2004899915,0.1347210358,0.1432864117,0.0540279702,0.0219570972
2018-10-05,0.2149621335,0.2288089229,0.2003121048,0.1357971107,0.1437078905,0.0541879314,0.0222239061
2018-10-08,0.2157029929,0.2281955014,0.2005703471,0.1347563929,0.1441479647,0.0542261210,0.0224006800
2018-10-09,0.2152651781,0.2288039375,0.1999700344,0.1347512357,0.1442727997,0.0545812017,0.0223556128
2018-10-10,0.2134687452,0.2240087223,0.1989809302,0.1383392395,0.1477045146,0.0548007365,0.0226971117
2018-10-11,0.2106470652,0.2232229097,0.1972591052,0.1431713283,0.1494773426,0.0544658301,0.0217564190
2018-10-12,0.2112019342,0.2268883840,0.1972757369,0.1409094875,0.1478604340,0.0542860423,0.0215779812
2018-10-15,0.2105817298,0.2247463581,0.1969779864,0.1422335142,0.1481599565,0.0545541092,0.0227463458
2018-10-16,0.2119803224,0.2278389768,0.1978844078,0.1398728659,0.1460363111,0.0539811194,0.0224059966
2018-10-17,0.2123626739,0.2282992534,0.1974146765,0.1400880418,0.1459803005,0.0535884836,0.0222665703
2018-10-18,0.2118779540,0.2257580402,0.1967564084,0.1419755337,0.1476822680,0.0536417732,0.0223080226
2018-10-19,0.2117380637,0.2255228974,0.1969265583,0.1420690039,0.1475376762,0.0539393258,0.0222664747
2018-10-22,0.2109147226,0.2268197174,0.1964925922,0.1417870743,0.1475983683,0.0540326704,0.0223548548
2018-10-23,0.2105718394,0.2267720364,0.1958180372,0.1431170397,0.1482969676,0.0530308579,0.0223932217
2018-10-24,0.2088556428,0.2213358954,0.1941636002,0.1467254548,0.1520760398,0.0538675867,0.0229757803
2018-10-25,0.2095991622,0.2257580648,0.1946086442,0.1443302774,0.1497988377,0.0533219827,0.0225830311
2018-10-26,0.2081343418,0.2223241020,0.1943055164,0.1463511183,0.1517621362,0.0543015440,0.0228212414
2018-10-29,0.2088301302,0.2196935531,0.1947008303,0.1470767491,0.1529572356,0.0542218036,0.0225196981
2018-10-30,0.2101537888,0.2214480118,0.1959019502,0.1452082398,0.1514620359,0.0534886699,0.0223373035
2018-10-31,0.2108027414,0.2249504311,0.1961985320,0.1433083755,0.1502522186,0.0523765219,0.0221111795
2018-11-01,0.2108615750,0.2255807065,0.1972426451,0.1436619856,0.1490874982,0.0514726961,0.0220928936
2018-11-02,0.2108107473,0.2233362645,0.1979508679,0.1445078604,0.1494940358,0.0516439214,0.0222563028
2018-11-05,0.2117679367,0.2225661779,0.1982890355,0.1440210330,0.1494493860,0.0515630753,0.0223433556
2018-11-06,0.2123507607,0.2234554544,0.1985857467,0.1431023140,0.1489327196,0.0511656384,0.0224073663
2018-11-07,0.2136473425,0.2270118109,0.1989801882,0.1409461737,0.1468281729,0.0502784992,0.0223078126
2018-11-08,0.2142361457,0.2265967222,0.1982952258,0.1412865703,0.1472316817,0.0502059377,0.0221477166
2018-11-09,0.2142130979,0.2249513861,0.1986455816,0.1410630200,0.1488537780,0.0501453430,0.0221277933
2018-11-12,0.2134659083,0.2215229424,0.1981661071,0.1422215840,0.1514057281,0.0507977441,0.0224199861
2018-11-13,0.2133295563,0.2219831774,0.1987215955,0.1424472335,0.1516508156,0.0494614657,0.0224061559
2018-11-14,0.2128055146,0.2212612035,0.1989169533,0.1442583748,0.1523342910,0.0501167742,0.0203068885
2018-11-15,0.2133640643,0.2233914626,0.1991250755,0.1433054186,0.1513448708,0.0496363688,0.0198327394
2018-11-16,0.2135925745,0.2222677821,0.1992149199,0.1441465154,0.1513598350,0.0498700119,0.0195483612
2018-11-19,0.2133896666,0.2185411877,0.1996783220,0.1465506807,0.1538030521,0.0506798604,0.0173572305
2018-11-20,0.2125463505,0.2178131061,0.1989274463,0.1487237645,0.1560240239,0.0498679875,0.0160973212
2018-11-21,0.2120949745,0.2182591913,0.1996764684,0.1481469177,0.1552678077,0.0500055844,0.0165490560
2018-11-23,0.2121209912,0.2181640435,0.1997661082,0.1490454008,0.1562861170,0.0488784290,0.0157389102
2018-11-26,0.2135507743,0.2211411036,0.2007941045,0.1475002233,0.1548102805,0.0486476280,0.0135558857
2018-11-27,0.2141370513,0.2217508527,0.2006989038,0.1465296765,0.1547590658,0.0484278327,0.0136966172
2018-11-28,0.2151580499,0.2248025833,0.2009008308,0.1444529603,0.1522876229,0.0474082199,0.0149897329
2018-11-29,0.2148601696,0.2242495292,0.2005534355,0.1450199658,0.1524824440,0.0477571919,0.0150772639
2018-11-30,0.2157601345,0.2254485144,0.2005681443,0.1444950278,0.1521500004,0.0474494564,0.0141287221
2018-12-03,0.2161267487,0.2267754479,0.2009882302,0.1439246156,0.1506626172,0.0479827104,0.0135396301
2018-12-04,0.2134097103,0.2225467074,0.1990749074,0.1477702077,0.1541612081,0.0489974344,0.0140398247
2018-12-06,0.2133683933,0.2244148899,0.1983129809,0.1479913096,0.1547474887,0.0486548295,0.0125101081
2018-12-07,0.2114562391,0.2201770087,0.1975106558,0.1513717908,0.1572176457,0.0499384091,0.0123282508
2018-12-10,0.2115707138,0.2221816942,0.1968103348,0.1506421184,0.1571090760,0.0490767122,0.0126093507
2018-12-11,0.2114621537,0.2227524372,0.1967512172,0.1503515505,0.1570373888,0.0493260654,0.0123191871
2018-12-12,0.2113798487,0.2235001022,0.1978126086,0.1498581229,0.1560715120,0.0489019860,0.0124758197
2018-12-13,0.2114460299,0.2237136612,0.1975684237,0.1496248521,0.1562177410,0.0495656867,0.0118636053
2018-12-14,0.2104927309,0.2213699087,0.1972325659,0.1511454971,0.1584840055,0.0495015057,0.0117737861
2018-12-17,0.2085669157,0.2186642375,0.1960425356,0.1538166162,0.1604495509,0.0494472586,0.0130128855
2018-12-18,0.2079715929,0.2196521010,0.1959618863,0.1539106543,0.1606377230,0.0483258344,0.0135402081
2018-12-19,0.2072286551,0.2167389473,0.1956745743,0.1547436304,0.1626508658,0.0490814799,0.0138818471
2018-12-20,0.2049584344,0.2147529814,0.1946417396,0.1579789860,0.1633766358,0.0488867908,0.0154044319
2018-12-21,0.2040880111,0.2115477558,0.1944368655,0.1598983031,0.1660072876,0.0492629786,0.0147587983
2018-12-24,0.2011654604,0.2088664865,0.1931630972,0.1636587490,0.1681822522,0.0493235451,0.0156404096
2018-12-26,0.2052070758,0.2154791321,0.1945485879,0.1584408501,0.1630014057,0.0489596963,0.0143632521
2018-12-27,0.2060120752,0.2155069925,0.1949029823,0.1590509249,0.1626553475,0.0483130411,0.0135586365
2018-12-28,0.2054017034,0.2150336438,0.1947860488,0.1594298642,0.1629813498,0.0478348843,0.0145325056
2018-12-31,0.2000000000,0.2000000000,0.2000000000,0.1500000000,0.1500000000,0.0500000000,0.0500000000
2019-01-02,0.1994504556,0.2000439911,0.1989996444,0.1495310002,0.1495446089,0.0499483058,0.0524819941
2019-01-03,0.1973419793,0.1961433859,0.1985624717,0.1529412021,0.1522067600,0.0510465473,0.0517576536
2019-01-04,0.1998084970,0.2003798015,0.2008453460,0.1486223549,0.1486684858,0.0506921823,0.0509833326
2019-01-07,0.1997750861,0.2011456545,0.2004701784,0.1479449458,0.1472320102,0.0506596995,0.0527724255
2019-01-08,0.2005718477,0.2018777839,0.2010067631,0.1467539337,0.1463333584,0.0508935615,0.0525627517
2019-01-09,0.2001888674,0.2021894693,0.2015562372,0.1467280780,0.1454974417,0.0515639323,0.0522759741
2019-01-10,0.2016158463,0.2034953727,0.2032011791,0.1463877078,0.1458549763,0.0516146214,0.0478302964
2019-01-11,0.2019035679,0.2029618751,0.2026387189,0.1467931157,0.1462125672,0.0515002381,0.0479899171
2019-01-14,0.2015134704,0.2020121305,0.2023827029,0.1477597635,0.1466191146,0.0512773984,0.0484354198
2019-01-15,0.2023517337,0.2044699886,0.2027320046,0.1464409078,0.1455881251,0.0513094415,0.0471077987
2019-01-16,0.2023738810,0.2039611645,0.2029457029,0.1465709039,0.1453754762,0.0514586735,0.0473141981
2019-01-17,0.2030290337,0.2046818145,0.2032192478,0.1457472324,0.1446392514,0.0512698325,0.0474135878
2019-01-18,0.2045459575,0.2055171926,0.2042464204,0.1436139460,0.1436976450,0.0515040273,0.0468748112
2019-01-22,0.2038610829,0.2034753307,0.2034189880,0.1456089057,0.1453008488,0.0516667375,0.0466681064
2019-01-23,0.2041260544,0.2035779039,0.2037315272,0.1452900453,0.1453359281,0.0515590301,0.0463795110
2019-01-24,0.2037448425,0.2044049583,0.2038629013,0.1447146307,0.1452324384,0.0515687496,0.0464714792
2019-01-25,0.2037305389,0.2050974084,0.2041867915,0.1455877942,0.1439363019,0.0513969017,0.0460642635
2019-01-28,0.2036728380,0.2040574959,0.2043655830,0.1471745294,0.1449160016,0.0510766330,0.0447369190
2019-01-29,0.2035376064,0.2022650205,0.2046192180,0.1480964134,0.1453929200,0.0516103037,0.0444785180
2019-01-30,0.2040477612,0.2046897987,0.2047886102,0.1469909223,0.1438081413,0.0512950710,0.0443796954
2019-01-31,0.2046629210,0.2065658147,0.2046307919,0.1462207704,0.1434128703,0.0507402233,0.0437666085
2019-02-01,0.2048630088,0.2057955718,0.2047611210,0.1460000711,0.1431867798,0.0512233044,0.0441701432
2019-02-04,0.2054857052,0.2075252006,0.2050160440,0.1447900189,0.1424986665,0.0510526393,0.0436317255
2019-02-05,0.2053910853,0.2083914701,0.2054732020,0.1444913150,0.1421437540,0.0505891354,0.0435200383
2019-02-06,0.2058211929,0.2084800110,0.2053109198,0.1440050564,0.1425495479,0.0508270567,0.0430062153
2019-02-07,0.2052964936,0.2071304079,0.2047565601,0.1453728717,0.1436216889,0.0506938986,0.0431280793
2019-02-08,0.2046039625,0.2065842292,0.2034413416,0.1452553097,0.1432828446,0.0505264721,0.0463058402
2019-02-11,0.2050184238,0.2066914996,0.2037404564,0.1447544711,0.1433465361,0.0503067587,0.0461418542
2019-02-12,0.2058291388,0.2079037296,0.2044148365,0.1437836275,0.1421126995,0.0501558825,0.0458000856
2019-02-13,0.2064763369,0.2080284606,0.2044799083,0.1432001864,0.1418465183,0.0504421475,0.0455264419
2019-02-14,0.2058698790,0.2081338972,0.2043040697,0.1438973739,0.1419561581,0.0505352294,0.0453033928
2019-02-15,0.2066041393,0.2074934318,0.2050406720,0.1437059650,0.1410318760,0.0511001877,0.0450237283
2019-02-19,0.2053737422,0.2063085127,0.2039754048,0.1447743873,0.1400279680,0.0508355984,0.0487043866
2019-02-20,0.2054360544,0.2059201453,0.2043874477,0.1442760593,0.1398018175,0.0509078208,0.0492706550
2019-02-21,0.2056498549,0.2061134109,0.2045662277,0.1433028972,0.1401327465,0.0513024837,0.0489323791
2019-02-22,0.2057449560,0.2064547031,0.2046941491,0.1429984422,0.1396847976,0.0511370595,0.0492858926
2019-02-25,0.2062094155,0.2073923917,0.2054125181,0.1429781780,0.1397708279,0.0504193777,0.0478172910
2019-02-26,0.2059460497,0.2074908877,0.2055223126,0.1431371960,0.1398483409,0.0506135959,0.0474416172
2019-02-27,0.2061819716,0.2076862654,0.2055923563,0.1423467365,0.1397690035,0.0509480991,0.0474755676
2019-02-28,0.2063483322,0.2077618271,0.2054637445,0.1419261398,0.1398945837,0.0509566385,0.0476487342
2019-03-01,0.2075087294,0.2090724368,0.2063824581,0.1394249548,0.1395818754,0.0503508933,0.0476786521
2019-03-04,0.2072903852,0.2096508962,0.2062946918,0.1394196554,0.1401146459,0.0506414744,0.0465882512
2019-03-05,0.2065213200,0.2093134736,0.2060918882,0.1392746458,0.1398765879,0.0507776281,0.0481444564
2019-03-06,0.2060517411,0.2089184832,0.2056280731,0.1396783939,0.1406191883,0.0506825586,0.0484215618
2019-03-07,0.2056083041,0.2076475356,0.2047186507,0.1404380457,0.1418971787,0.0508711847,0.0488191005
2019-03-08,0.2051371771,0.2072720333,0.2041165876,0.1419337120,0.1420407513,0.0508240852,0.0486756535
2019-03-11,0.2061615283,0.2095999026,0.2049174268,0.1399167677,0.1407226572,0.0504116205,0.0482700969
2019-03-12,0.2061320083,0.2099296349,0.2046253329,0.1402148891,0.1404348178,0.0505330705,0.0481302465
2019-03-13,0.2063967981,0.2103861027,0.2047172585,0.1404471514,0.1396257782,0.0505815968,0.0478453144
2019-03-14,0.2067973199,0.2105718445,0.2049930932,0.1391838494,0.1397780982,0.0504902017,0.0481855931
2019-03-15,0.2065767882,0.2112557440,0.2053588517,0.1389848165,0.1392918309,0.0501884003,0.0483435684
2019-03-18,0.2066330751,0.2110513175,0.2055907458,0.1385992703,0.1388005679,0.0502720647,0.0490529587
2019-03-19,0.2063355058,0.2114035322,0.2052715206,0.1387476977,0.1384891295,0.0503126845,0.0494399297
2019-03-20,0.2053193923,0.2118342804,0.2045446922,0.1393791823,0.1387883127,0.0505917528,0.0495423872
2019-03-21,0.2065315347,0.2139987842,0.2046674488,0.1380779979,0.1380740334,0.0500729503,0.0485772507
2019-03-22,0.2050843406,0.2119103730,0.2030063248,0.1401289309,0.1404955426,0.0502564315,0.0491180565
2019-03-25,0.2048958741,0.2114714538,0.2029190633,0.1411791037,0.1407307396,0.0504371519,0.0483666135
2019-03-26,0.2057225777,0.2117353026,0.2034311556,0.1400016658,0.1402788880,0.0503602317,0.0484701787
2019-03-27,0.2051942304,0.2109380483,0.2032193016,0.1396420718,0.1409513339,0.0502114314,0.0498435826
2019-03-28,0.2060783518,0.2115333272,0.2038845015,0.1377368108,0.1410370496,0.0500797748,0.0496501843
2019-03-29,0.2064500706,0.2121814851,0.2040600673,0.1372444044,0.1403932555,0.0498871194,0.0497835977
2019-04-01,0.2072620069,0.2133081355,0.2050626363,0.1356335932,0.1386559213,0.0499632754,0.0501144314
2019-04-02,0.2052371450,0.2119210588,0.2029324059,0.1347398356,0.1373861578,0.0495741804,0.0582092166
2019-04-03,0.2049227938,0.2124779150,0.2031496004,0.1341238520,0.1367075873,0.0494819007,0.0591363508
2019-04-04,0.2053409320,0.2122671842,0.2032982171,0.1343830166,0.1367249583,0.0494823513,0.0585033406
2019-04-05,0.2054360522,0.2124354726,0.2032276270,0.1336552451,0.1362299504,0.0494196339,0.0595960188
2019-04-08,0.2046435752,0.2119930613,0.2025327911,0.1336162763,0.1355385510,0.0493740143,0.0623017309
2019-04-09,0.2042467133,0.2119250326,0.2020963590,0.1347443609,0.1360478662,0.0494405521,0.0614991159
2019-04-10,0.2038843882,0.2119613317,0.2018884419,0.1344616738,0.1356069870,0.0496101172,0.0625870603
2019-04-11,0.2050770690,0.2127546401,0.2027730064,0.1335555123,0.1362748854,0.0496698306,0.0598950562
2019-04-12,0.2056829596,0.2128655180,0.2034390195,0.1329189495,0.1354961785,0.0496339368,0.0599634381
2019-04-15,0.2057656727,0.2131250770,0.2033291739,0.1328083248,0.1356144069,0.0495950384,0.0597623062
2019-04-16,0.2055501422,0.2134950892,0.2034427172,0.1313939027,0.1351459938,0.0493281781,0.0616439767
2019-04-17,0.2050995321,0.2142937946,0.2032512640,0.1311765917,0.1351679721,0.0491582482,0.0618525973
2019-04-18,0.2051313717,0.2141802784,0.2030453193,0.1310371347,0.1350981333,0.0492210922,0.0622866704
2019-04-22,0.2049268343,0.2143869516,0.2024795287,0.1307936654,0.1346850831,0.0493721090,0.0633558279
2019-04-23,0.2051450370,0.2154079357,0.2021718643,0.1294966607,0.1338620081,0.0490443869,0.0648721074
2019-04-24,0.2053007277,0.2153697057,0.2016760625,0.1302615986,0.1345715541,0.0490098015,0.0638105498
2019-04-25,0.2056577560,0.2167533918,0.2020170005,0.1306769399,0.1348763217,0.0490346019,0.0609839883
2019-04-26,0.2058968996,0.2161922292,0.2022782986,0.1310864718,0.1346797461,0.0482916638,0.0615746908
2019-04-29,0.2062508563,0.2166446932,0.2025768612,0.1305230279,0.1344646534,0.0483291123,0.0612107957
2019-04-30,0.2062618174,0.2148679051,0.2026716666,0.1308628869,0.1344899617,0.0484576176,0.0623881446
2019-05-01,0.2055078671,0.2150095856,0.2021432981,0.1305048117,0.1351003305,0.0484949474,0.0632391595
2019-05-02,0.2054367571,0.2144653369,0.2022143778,0.1302424235,0.1350462077,0.0480378669,0.0645570302
2019-05-03,0.2050930655,0.2154128578,0.2018358399,0.1295264930,0.1337356775,0.0475226130,0.0668734535
2019-05-06,0.2049311779,0.2148089661,0.2010944039,0.1301313645,0.1343556748,0.0478315309,0.0668468819
2019-05-07,0.2035426793,0.2127503151,0.1997521322,0.1318799838,0.1358743869,0.0477073310,0.0684931717
2019-05-08,0.2031259330,0.2120735407,0.1995934361,0.1314668493,0.1357597375,0.0477365301,0.0702439732
2019-05-09,0.2026150739,0.2110400912,0.1985360682,0.1318497234,0.1359044107,0.0475182556,0.0725363770
2019-05-10,0.2026162136,0.2102477459,0.1985108457,0.1314403668,0.1352507445,0.0473715733,0.0745625102
2019-05-13,0.1973800716,0.2028032666,0.1933777842,0.1326855536,0.1353757686,0.0470955933,0.0912819622
2019-05-14,0.1974595682,0.2032734041,0.1937159699,0.1313241392,0.1343274660,0.0473204538,0.0925789988
2019-05-15,0.1970496419,0.2045184971,0.1930848349,0.1302138381,0.1335003807,0.0473626769,0.0942701304
2019-05-16,0.1987162291,0.2064092890,0.1943543242,0.1291746301,0.1332352126,0.0475918213,0.0905184936
2019-05-17,0.1999270615,0.2068822360,0.1952363192,0.1298816251,0.1349564254,0.0477429882,0.0853733446
2019-05-20,0.1983115758,0.2030891465,0.1938551100,0.1296789132,0.1345715730,0.0478823097,0.0926113718
2019-05-21,0.1990726546,0.2041578656,0.1945571935,0.1287140306,0.1338687055,0.0476664257,0.0919631244
2019-05-22,0.1997114182,0.2045287663,0.1949023345,0.1293957295,0.1349347857,0.0472763168,0.0892506490
2019-05-23,0.1982638817,0.2024123901,0.1936842923,0.1310526537,0.1360116920,0.0465186610,0.0920564292
2019-05-24,0.1980622359,0.2016470952,0.1939313180,0.1307632156,0.1356154001,0.0469976198,0.0929831154
2019-05-28,0.1953436528,0.1999913941,0.1915484143,0.1296747186,0.1352070144,0.0471768416,0.1010579641
2019-05-29,0.1949518264,0.1992857965,0.1914932805,0.1303320695,0.1358847243,0.0472198426,0.1008324602
2019-05-30,0.1957109450,0.2003555964,0.1923844408,0.1313683965,0.1364022172,0.0467928120,0.0969855922
2019-05-31,0.1937592448,0.1978594193,0.1912142794,0.1336116113,0.1375218217,0.0457200293,0.1003135942
2019-06-03,0.1945756075,0.1948136312,0.1928069136,0.1364580632,0.1387801862,0.0458775934,0.0966880048
2019-06-04,0.1973592747,0.1988481498,0.1946855171,0.1355129655,0.1376501249,0.0458171127,0.0901268552
2019-06-05,0.1981660161,0.1994176069,0.1944706584,0.1352433321,0.1369513731,0.0446772940,0.0910737194
2019-06-06,0.1984712495,0.2000109381,0.1944160308,0.1350163081,0.1362514674,0.0452348733,0.0905991328
2019-06-07,0.1981428215,0.2015194864,0.1941163599,0.1342100591,0.1350570164,0.0448604275,0.0920938291
2019-06-10,0.1987013146,0.2035090776,0.1945877602,0.1326401389,0.1344653395,0.0446633155,0.0914330538
2019-06-11,0.1986407128,0.2037740277,0.1951265006,0.1324730732,0.1344325225,0.0449556907,0.0905974724
2019-06-12,0.1982388154,0.2025438666,0.1941317351,0.1331264950,0.1345684218,0.0443243500,0.0930663161
2019-06-13,0.1980253985,0.2026878454,0.1936738786,0.1332471328,0.1341623275,0.0446524721,0.0935509451
2019-06-14,0.1971432147,0.2011490635,0.1921141060,0.1327583258,0.1336761041,0.0446782816,0.0984809042
2019-06-17,0.1955902878,0.2006901498,0.1907907594,0.1315792603,0.1325367527,0.0441063638,0.1047064261
2019-06-18,0.1964262509,0.2023578043,0.1919451342,0.1314340421,0.1320814116,0.0443549858,0.1014003712
2019-06-19,0.1958101737,0.2020246461,0.1918112110,0.1315185503,0.1318210032,0.0440302311,0.1029841845
2019-06-20,0.1951696292,0.2013130076,0.1912259266,0.1331170862,0.1303687143,0.0443487985,0.1044568377
2019-06-21,0.1936929179,0.1997839504,0.1893746791,0.1331800546,0.1292333950,0.0441898833,0.1105451197
2019-06-24,0.1912480221,0.1975103354,0.1871387817,0.1336154752,0.1279884459,0.0438803681,0.1186185715
2019-06-25,0.1890063766,0.1937446383,0.1851605599,0.1336161340,0.1277640933,0.0439344289,0.1267737690
2019-06-26,0.1864504981,0.1922052013,0.1829373214,0.1307316042,0.1258789025,0.0436029762,0.1381934963
2019-06-27,0.1903545181,0.1962836061,0.1869323077,0.1328672859,0.1284179416,0.0443586606,0.1207856800
2019-06-28,0.1884811839,0.1936058090,0.1849819301,0.1312409205,0.1264464323,0.0432300611,0.1320136630
2019-07-01,0.1932774255,0.1994013327,0.1896081934,0.1307864859,0.1285923827,0.0439033734,0.1144308064
2019-07-02,0.1925808931,0.1989519587,0.1887076049,0.1327529538,0.1280260406,0.0429098935,0.1160706555
2019-07-03,0.1907710987,0.1969905649,0.1866484982,0.1306774814,0.1260203057,0.0425786376,0.1263134137
2019-07-05,0.1931883838,0.1993070545,0.1884858747,0.1310068034,0.1272241674,0.0432502307,0.1175374856
2019-07-08,0.1902847704,0.1960116069,0.1857957423,0.1289160906,0.1259363544,0.0427807744,0.1302746610
2019-07-09,0.1896625710,0.1961045453,0.1846645891,0.1287842300,0.1253344079,0.0427241273,0.1327255294
2019-07-10,0.1901107357,0.1975826898,0.1851219151,0.1305029711,0.1251232825,0.0435462100,0.1280121959
2019-07-11,0.1923915512,0.1993405432,0.1870031696,0.1306472610,0.1258619536,0.0439930475,0.1207624739
2019-07-12,0.1916095524,0.1987856122,0.1860470060,0.1303465448,0.1249270095,0.0437278650,0.1245564101
2019-07-15,0.1934609783,0.2012824256,0.1878314138,0.1315622521,0.1262743205,0.0436685237,0.1159200859
2019-07-16,0.1965916809,0.2041446530,0.1908362397,0.1329888374,0.1285937712,0.0440424944,0.1028023234
2019-07-17,0.1950133379,0.2028902683,0.1896990825,0.1350119917,0.1287714075,0.0435964747,0.1050174373
2019-07-18,0.1930120983,0.2003047701,0.1878335675,0.1350187400,0.1271907269,0.0426881641,0.1139519331
2019-07-19,0.1932190570,0.2001621186,0.1883390845,0.1339168377,0.1278887906,0.0432226597,0.1132514519
2019-07-22,0.1936451182,0.2017043338,0.1884907653,0.1338633270,0.1280177458,0.0430729617,0.1112057482
2019-07-23,0.1953105870,0.2033167369,0.1899826239,0.1332983434,0.1280754397,0.0434131012,0.1066031679
2019-07-24,0.1957042251,0.2041966806,0.1900961368,0.1336184543,0.1279171430,0.0431029791,0.1053643812
2019-07-25,0.1956439614,0.2031691401,0.1895774411,0.1332695137,0.1282953404,0.0431293501,0.1069152532
2019-07-26,0.1961308032,0.2044020364,0.1897284991,0.1329308309,0.1277816099,0.0430044152,0.1060218053
2019-07-29,0.1965392122,0.2044973107,0.1902958277,0.1343393576,0.1283389372,0.0433396939,0.1026496608
2019-07-30,0.1962180732,0.2037822010,0.1893539825,0.1348996387,0.1284329921,0.0436262458,0.1036868667
2019-07-31,0.1947562697,0.2016730774,0.1882935882,0.1336005138,0.1289441599,0.0435004515,0.1092319395
2019-08-01,0.1926334000,0.2002267441,0.1863773406,0.1365073494,0.1296670897,0.0422040072,0.1123840690
2019-08-02,0.1921940902,0.1983217962,0.1856292078,0.1367062153,0.1303994579,0.0424833517,0.1142658809
2019-08-05,0.1867616062,0.1916706140,0.1807888597,0.1388759447,0.1312143005,0.0421970570,0.1284916179
2019-08-06,0.1884372260,0.1933857030,0.1818924271,0.1393074283,0.1309090632,0.0417630976,0.1243050548
2019-08-07,0.1870114321,0.1928452432,0.1809312465,0.1402704688,0.1297726641,0.0408954646,0.1282734807
2019-08-08,0.1884211502,0.1947075423,0.1815617669,0.1393062256,0.1283601718,0.0406302075,0.1270129357
2019-08-09,0.1882460983,0.1940193200,0.1812293697,0.1396666313,0.1289487288,0.0412293792,0.1266604726
2019-08-12,0.1878380505,0.1937356213,0.1811441043,0.1424496002,0.1307289625,0.0413405588,0.1227631024
2019-08-13,0.1899703475,0.1971624605,0.1826806391,0.1410150033,0.1300039893,0.0421405529,0.1170270075
2019-08-14,0.1891166967,0.1962123455,0.1819211578,0.1456482712,0.1337765507,0.0425748248,0.1107501535
2019-08-15,0.1886650679,0.1950037477,0.1816678711,0.1458820391,0.1337166657,0.0420214536,0.1130431549
2019-08-16,0.1899210542,0.1965524530,0.1827085641,0.1437913497,0.1325446224,0.0416580223,0.1128239344
2019-08-19,0.1901121881,0.1975000945,0.1822578821,0.1405591305,0.1307525998,0.0413980292,0.1174200758
2019-08-20,0.1894248188,0.1967690168,0.1820018896,0.1422325521,0.1316448726,0.0416784488,0.1162484012
2019-08-21,0.1914099776,0.1989777462,0.1839526617,0.1421122268,0.1318814191,0.0419151921,0.1097507765
2019-08-22,0.1917458706,0.1987434101,0.1839557480,0.1420437176,0.1318044517,0.0418055183,0.1099012837
2019-08-23,0.1885152346,0.1942000238,0.1818011836,0.1461402300,0.1335400686,0.0418737744,0.1139294850
2019-08-26,0.1894034466,0.1958957082,0.1824213078,0.1452429910,0.1326434801,0.0415828145,0.1128102518
2019-08-27,0.1889740351,0.1958074483,0.1821449350,0.1468769169,0.1332846222,0.0419333967,0.1109786458
2019-08-28,0.1906420033,0.1968564399,0.1834018873,0.1467227878,0.1335325790,0.0423742174,0.1064700854
2019-08-29,0.1923453342,0.1991089413,0.1847442540,0.1451195514,0.1329449276,0.0423259833,0.1034110081
2019-08-30,0.1922999602,0.1986736076,0.1851099204,0.1447772197,0.1330892774,0.0416606116,0.1043894031
2019-09-03,0.1894937133,0.1950140017,0.1825088815,0.1455001191,0.1318871637,0.0410713399,0.1145247807
2019-09-04,0.1899329256,0.1960622651,0.1831029929,0.1451009396,0.1309388973,0.0416703942,0.1131915853
2019-09-05,0.1916451300,0.1988968561,0.1844768200,0.1410813368,0.1298819005,0.0414573946,0.1125605619
2019-09-06,0.1923797787,0.1993076039,0.1853621182,0.1403067788,0.1304168572,0.0416945155,0.1105323477
2019-09-09,0.1926799967,0.1991015601,0.1857063161,0.1399304859,0.1300033593,0.0421250348,0.1104532471
2019-09-10,0.1935497536,0.1994718241,0.1866628627,0.1393918990,0.1299168430,0.0423805897,0.1086262279
2019-09-11,0.1938021814,0.2001838895,0.1868955126,0.1394285978,0.1291908019,0.0418329109,0.1086661060
2019-09-12,0.1935575768,0.2000693325,0.1868509359,0.1390572682,0.1283767817,0.0414712025,0.1106169023
2019-09-13,0.1939950180,0.1999382121,0.1877674415,0.1383094965,0.1279850967,0.0415925458,0.1104121893
2019-09-16,0.1933441182,0.1989919477,0.1870271889,0.1394268538,0.1282943349,0.0434252052,0.1094903513
2019-09-17,0.1936242765,0.1997311196,0.1871944710,0.1395522099,0.1283502562,0.0425536167,0.1089940501
2019-09-18,0.1940459963,0.1999633245,0.1873420308,0.1388939834,0.1287017142,0.0423454667,0.1087074842
2019-09-19,0.1936195542,0.1998688547,0.1870658204,0.1391594548,0.1286103725,0.0424750282,0.1092009151
2019-09-20,0.1931640062,0.1982257653,0.1868950244,0.1411399413,0.1293866446,0.0426313233,0.1085572947
2019-09-23,0.1938694879,0.1990841778,0.1875720723,0.1424815726,0.1299471101,0.0429076478,0.1041379315
2019-09-24,0.1956056537,0.1997669194,0.1894952167,0.1456605695,0.1325104716,0.0431282245,0.0938329446
2019-09-25,0.1969898022,0.2022426652,0.1901196353,0.1431243436,0.1321131280,0.0429247069,0.0924857188
2019-09-26,0.1975488871,0.2024916022,0.1911336877,0.1437896208,0.1329882489,0.0431363998,0.0889115535
2019-09-27,0.1972865832,0.2007949466,0.1907114046,0.1436331220,0.1336964078,0.0431420328,0.0907355030
2019-09-30,0.1979326350,0.2024310692,0.1911424904,0.1412113772,0.1335504818,0.0426580705,0.0910738761
2019-10-01,0.1964662640,0.2016915755,0.1899572997,0.1426288440,0.1344003773,0.0428232574,0.0920323821
2019-10-02,0.1945777906,0.1998485477,0.1883578800,0.1454766679,0.1355979933,0.0428008662,0.0933402544
2019-10-03,0.1952181996,0.2010596499,0.1888840290,0.1454252990,0.1354632261,0.0425356098,0.0914139867
2019-10-04,0.1963734259,0.2024874970,0.1894580893,0.1443326841,0.1346583666,0.0425564769,0.0901334602
2019-10-07,0.1961715692,0.2025426008,0.1894682129,0.1435743548,0.1347349017,0.0426400325,0.0908683281
2019-10-08,0.1945811930,0.2010115352,0.1883900159,0.1459207515,0.1357979083,0.0429326185,0.0913659776
2019-10-09,0.1945541156,0.2010363479,0.1881526122,0.1446603552,0.1344306948,0.0426364557,0.0945294186
2019-10-10,0.1953551430,0.2020608803,0.1889595453,0.1430207207,0.1336166344,0.0428077161,0.0941793603
2019-10-11,0.1966859454,0.2039431348,0.1908120671,0.1417280253,0.1327108897,0.0431652478,0.0909546898
2019-10-14,0.1963788758,0.2038304974,0.1902437459,0.1422311203,0.1328751355,0.0429483989,0.0914922263
2019-10-15,0.1977044782,0.2057785644,0.1916265356,0.1407990972,0.1320265975,0.0427019022,0.0893628249
2019-10-16,0.1976935003,0.2055869294,0.1918226338,0.1418258417,0.1324666061,0.0428245692,0.0877799195
2019-10-17,0.1977603618,0.2055935183,0.1918548382,0.1416581290,0.1320866284,0.0428816921,0.0881648323
2019-10-18,0.1978704425,0.2046267677,0.1922205080,0.1422082307,0.1328353969,0.0430659456,0.0871727086
2019-10-21,0.1979524315,0.2051364425,0.1923449755,0.1406351988,0.1316328413,0.0427375832,0.0895605272
2019-10-22,0.1980866563,0.2043081786,0.1925732091,0.1416058191,0.1323534816,0.0429630431,0.0881096122
2019-10-23,0.1993894315,0.2054507800,0.1938377587,0.1424581797,0.1329436012,0.0436573908,0.0822628582
2019-10-24,0.1989640980,0.2066692420,0.1935146605,0.1429322682,0.1324787626,0.0437185393,0.0817224293
2019-10-25,0.1965689200,0.2049726467,0.1911295095,0.1409637098,0.1301654027,0.0432655624,0.0929342488
2019-10-28,0.1959357046,0.2051713146,0.1904603458,0.1385203726,0.1287438288,0.0427196103,0.0984488234
2019-10-29,0.1959658890,0.2036743090,0.1903729256,0.1381985546,0.1288133461,0.0426564286,0.1003185471
2019-10-30,0.1964350975,0.2045240732,0.1908390433,0.1388641308,0.1290934732,0.0423531624,0.0978910196
2019-10-31,0.1957981642,0.2044986576,0.1901595291,0.1401710910,0.1295221683,0.0420815051,0.0977688846
2019-11-01,0.1962117965,0.2048938729,0.1906779342,0.1393049133,0.1286397033,0.0425464908,0.0977252891
2019-11-04,0.1961926371,0.2053161058,0.1908010112,0.1383349511,0.1277948028,0.0426435526,0.0989169395
2019-11-05,0.1966486506,0.2061344650,0.1914807588,0.1365640441,0.1277555767,0.0428989369,0.0985175678
2019-11-06,0.1966802927,0.2056574333,0.1914434104,0.1371407626,0.1279405446,0.0424330633,0.0987044932
2019-11-07,0.1977176974,0.2067085767,0.1923930519,0.1352486174,0.1275602763,0.0424801051,0.0978916751
2019-11-08,0.1990507023,0.2084187883,0.1933617571,0.1349610403,0.1280356764,0.0427708898,0.0934011457
2019-11-11,0.1991142294,0.2086040150,0.1932988068,0.1349375354,0.1283445625,0.0425917977,0.0931090532
2019-11-12,0.1990731366,0.2087228928,0.1930004849,0.1349893010,0.1281854847,0.0425208254,0.0935078746
2019-11-13,0.1990293130,0.2086612184,0.1925503264,0.1354559122,0.1283447256,0.0425798694,0.0933786350
2019-11-14,0.1993369788,0.2085142897,0.1926169592,0.1360374999,0.1287225044,0.0424467621,0.0923250059
2019-11-15,0.2004093380,0.2096591805,0.1936159883,0.1354437429,0.1284166828,0.0425871932,0.0898678743
2019-11-18,0.2008266586,0.2101065036,0.1939502169,0.1360281041,0.1288294819,0.0422064916,0.0880525433
2019-11-19,0.2009726035,0.2106304604,0.1941964737,0.1362349732,0.1290518735,0.0418657570,0.0870478587
2019-11-20,0.2010182473,0.2101961267,0.1939992469,0.1368435723,0.1298734523,0.0425817161,0.0854876383
2019-11-21,0.2018367401,0.2109215467,0.1948788618,0.1368684175,0.1304273785,0.0432112969,0.0818557586
2019-11-22,0.2028770682,0.2116745779,0.1958735005,0.1370099736,0.1308783363,0.0433098896,0.0783766540
2019-11-25,0.2037497923,0.2134483651,0.1966975505,0.1358869385,0.1305576301,0.0431617060,0.0764980174
2019-11-26,0.2036200028,0.2132365232,0.1963016417,0.1361457123,0.1303638057,0.0432848232,0.0770474912
2019-11-27,0.2034224042,0.2135664770,0.1960312352,0.1346923389,0.1294989046,0.0428315496,0.0799570905
2019-11-29,0.2028051908,0.2127360574,0.1949528674,0.1356197423,0.1294260760,0.0420099292,0.0824501368
2019-12-02,0.2031581923,0.2127315286,0.1955670681,0.1369501733,0.1306181288,0.0423881531,0.0785867558
2019-12-03,0.2022285738,0.2115180419,0.1949606139,0.1385586920,0.1314917281,0.0425068556,0.0787354947
2019-12-04,0.2028032166,0.2118859081,0.1957871714,0.1379116927,0.1308363592,0.0430308045,0.0777448475
2019-12-05,0.2025452378,0.2116540476,0.1953612710,0.1375682589,0.1302851383,0.0429817571,0.0796042893
2019-12-06,0.2032499990,0.2127197487,0.1959973492,0.1354392703,0.1293711403,0.0430154238,0.0802070687
2019-12-09,0.2033939553,0.2125730370,0.1960846149,0.1359231552,0.1299403494,0.0431265386,0.0789583497
2019-12-10,0.2034429084,0.2126842399,0.1961767859,0.1364934817,0.1300705022,0.0433782400,0.0777538420
2019-12-11,0.2034114410,0.2131724908,0.1964336789,0.1370230370,0.1300279222,0.0430561592,0.0768752709
2019-12-12,0.2041894316,0.2137429000,0.1973003234,0.1358907300,0.1288593895,0.0432348408,0.0767823848
2019-12-13,0.2037420144,0.2138486516,0.1970944002,0.1361186951,0.1290146131,0.0433327061,0.0768489195
2019-12-16,0.2047972896,0.2156328450,0.1984330686,0.1358803526,0.1285354200,0.0435597928,0.0731612313
2019-12-17,0.2054200400,0.2163651922,0.1989191200,0.1362343367,0.1289095314,0.0438740456,0.0702777341
2019-12-18,0.2040512099,0.2150742490,0.1976545803,0.1353278117,0.1277923169,0.0436061111,0.0764937211
2019-12-19,0.2043572187,0.2158585019,0.1976551559,0.1353270249,0.1275990303,0.0436828030,0.0755202652
2019-12-20,0.2047161094,0.2161615805,0.1977218352,0.1351085002,0.1272878048,0.0435144849,0.0754896850
2019-12-23,0.2044312982,0.2161007949,0.1974168861,0.1351298821,0.1268263660,0.0433985967,0.0766961760
2019-12-24,0.2041672383,0.2159270581,0.1970824909,0.1362240041,0.1268166220,0.0435324897,0.0762500968
2019-12-26,0.2043272028,0.2168487302,0.1970916271,0.1366743471,0.1263562356,0.0436623430,0.0750395141
2019-12-27,0.2041250571,0.2165055433,0.1971883709,0.1365250786,0.1264309862,0.0437115338,0.0755134301
2019-12-30,0.2037073150,0.2158362664,0.1967061101,0.1372897221,0.1268716751,0.0437820570,0.0758068544
2019-12-31,0.2000000000,0.2000000000,0.2000000000,0.1500000000,0.1500000000,0.0500000000,0.0500000000
2020-01-02,0.2003941267,0.2018524273,0.2005475771,0.1499971615,0.1493138176,0.0496965867,0.0481983032
2020-01-03,0.1988134585,0.1999397817,0.1986703150,0.1519390483,0.1497034901,0.0502718432,0.0506620631
2020-01-06,0.1981301875,0.1997743454,0.1979650129,0.1524236686,0.1485036384,0.0500013267,0.0532018205
2020-01-07,0.1971946082,0.1993639656,0.1969786846,0.1527303611,0.1480616575,0.0498747241,0.0557959988
2020-01-08,0.1981026417,0.2007176065,0.1976373698,0.1514753387,0.1477843221,0.0490994914,0.0551832298
2020-01-09,0.1991016125,0.2020690145,0.1982651557,0.1503592848,0.1476864315,0.0487995007,0.0537190004
2020-01-10,0.1982089064,0.2012275641,0.1975346567,0.1510217102,0.1476969227,0.0487208911,0.0555893488
2020-01-13,0.1989047075,0.2028685792,0.1982722041,0.1494000038,0.1471118956,0.0481908208,0.0552517890
2020-01-14,0.1978744893,0.2013299983,0.1974742299,0.1487203479,0.1467031288,0.0482277956,0.0596700101
2020-01-15,0.1980724560,0.2011593529,0.1972501834,0.1494001224,0.1467392906,0.0479236424,0.0594549523
2020-01-16,0.1988980048,0.2022511457,0.1978475533,0.1485516189,0.1461352596,0.0476657286,0.0586506891
2020-01-17,0.1987509384,0.2024715190,0.1976826541,0.1482542516,0.1454068390,0.0476337087,0.0598000893
2020-01-21,0.1988919319,0.2029218760,0.1969466074,0.1488128137,0.1462082028,0.0474884660,0.0587301022
2020-01-22,0.1989401781,0.2034828838,0.1972330951,0.1488816388,0.1463034452,0.0468581670,0.0583005920
2020-01-23,0.1993758098,0.2043498983,0.1972234807,0.1493717543,0.1466494682,0.0465127935,0.0565167953
2020-01-24,0.1984634847,0.2035127709,0.1965231937,0.1508993106,0.1475605428,0.0460149520,0.0570257453
2020-01-27,0.1967112126,0.2007676302,0.1942881926,0.1530410438,0.1490975277,0.0454927494,0.0606016438
2020-01-28,0.1970338038,0.2020682286,0.1944810569,0.1503481239,0.1476638915,0.0453076679,0.0630972273
2020-01-29,0.1967472154,0.2022693734,0.1941672053,0.1510675909,0.1479073694,0.0450664376,0.0627748081
2020-01-30,0.1969360878,0.2025274026,0.1937248893,0.1507336034,0.1475834079,0.0445696249,0.0639249840
2020-01-31,0.1953529364,0.2013698414,0.1923913622,0.1531691466,0.1495478250,0.0446613703,0.0635075181
2020-02-03,0.1961571796,0.2037404545,0.1928172460,0.1516740148,0.1490080236,0.0436902276,0.0629128540
2020-02-04,0.1976332943,0.2068198807,0.1945023027,0.1485630859,0.1473841806,0.0434187525,0.0616785033
2020-02-05,0.1982767603,0.2058007954,0.1946596476,0.1475263989,0.1459580470,0.0437239521,0.0640543987
2020-02-06,0.1979739511,0.2065651869,0.1943230304,0.1475981618,0.1453357405,0.0436901925,0.0645137368
2020-02-07,0.1974144772,0.2061945348,0.1932299319,0.1483612110,0.1461237159,0.0435603368,0.0651157923
2020-02-10,0.1977919713,0.2075362205,0.1931747460,0.1479227982,0.1454837069,0.0429326401,0.0651579171
2020-02-11,0.1975169659,0.2069247996,0.1935323872,0.1469540057,0.1448525138,0.0429473815,0.0672719463
2020-02-12,0.1976860992,0.2077807818,0.1936455853,0.1460195970,0.1438971220,0.0433001362,0.0676706784
2020-02-13,0.1976621010,0.2077110410,0.1931297198,0.1469899267,0.1441343321,0.0433707013,0.0670021781
2020-02-14,0.1974991544,0.2078012090,0.1928013248,0.1472465177,0.1439362698,0.0432361128,0.0674794115
2020-02-18,0.1969859271,0.2078764005,0.1919602040,0.1491308155,0.1441220824,0.0435598108,0.0663647596
2020-02-19,0.1975575235,0.2094763702,0.1926221190,0.1497198295,0.1438147100,0.0438907248,0.0629187231
2020-02-20,0.1973823950,0.2082031243,0.1921744461,0.1508177316,0.1446078556,0.0438554004,0.0629590470
2020-02-21,0.1962726512,0.2051684002,0.1915152233,0.1538070123,0.1455825125,0.0438844364,0.0637697640
2020-02-24,0.1936780716,0.2013258712,0.1887581426,0.1583906000,0.1490643666,0.0439412711,0.0648416768
2020-02-25,0.1918955279,0.2001127629,0.1882794854,0.1589441450,0.1525720290,0.0440613233,0.0641347264
2020-02-26,0.1918548886,0.2018439719,0.1886163448,0.1601942182,0.1529436799,0.0437796222,0.0607672744
2020-02-27,0.1882525601,0.1969836286,0.1866110318,0.1646099417,0.1571561733,0.0442115173,0.0621751471
2020-02-28,0.1889066975,0.1986565512,0.1874413720,0.1598253431,0.1595344271,0.0437802906,0.0618553184
2020-03-02,0.1919422085,0.2034539295,0.1875575596,0.1565129496,0.1553145235,0.0436084840,0.0616103454
2020-03-03,0.1883571848,0.1989479511,0.1858147726,0.1630872569,0.1579753437,0.0441503473,0.0616671436
2020-03-04,0.1919754279,0.2027091771,0.1878168909,0.1597950364,0.1543960853,0.0432142760,0.0600931063
2020-03-05,0.1878899509,0.1989821055,0.1847093793,0.1652664365,0.1567887270,0.0432788446,0.0630845563
2020-03-06,0.1865774357,0.1975235461,0.1832117794,0.1669340609,0.1594741816,0.0422749659,0.0640040304
2020-03-09,0.1818982424,0.1943724190,0.1784586607,0.1768250996,0.1684302461,0.0412259215,0.0587894105
2020-03-10,0.1868894652,0.2002197164,0.1822401635,0.1690937697,0.1626788122,0.0415481032,0.0573299697
2020-03-11,0.1833728570,0.1975248432,0.1786780419,0.1737934751,0.1654042253,0.0420799362,0.0591466214
2020-03-12,0.1824595532,0.1974073450,0.1764911864,0.1835960603,0.1747114287,0.0444452558,0.0408891705
2020-03-13,0.1888278309,0.2041503838,0.1816688778,0.1696988704,0.1691863873,0.0428339179,0.0436337319
2020-03-16,0.1812653999,0.1936936296,0.1730248974,0.1808244097,0.1854144187,0.0433874059,0.0423898388
2020-03-17,0.1849176897,0.2016925301,0.1770911425,0.1773906551,0.1748216136,0.0413300188,0.0427563501
2020-03-18,0.1825330133,0.2033311702,0.1724031593,0.1807674396,0.1748471095,0.0415532334,0.0445648747
2020-03-19,0.1806133722,0.2019712745,0.1718995442,0.1751126945,0.1764969235,0.0419003939,0.0520057972
2020-03-20,0.1757110490,0.1972937820,0.1700015543,0.1807015156,0.1812179184,0.0421366734,0.0529375075
2020-03-23,0.1701562814,0.1962115264,0.1649238122,0.1875143905,0.1843657281,0.0423728975,0.0544553638
2020-03-24,0.1750803683,0.1994523542,0.1698219384,0.1854975623,0.1753774749,0.0408437651,0.0539265368
2020-03-25,0.1768988978,0.1970815161,0.1729217945,0.1821320163,0.1763687294,0.0413423819,0.0532546639
2020-03-26,0.1813388574,0.2009342757,0.1759641851,0.1786650298,0.1713422628,0.0399026996,0.0518526896
2020-03-27,0.1796464757,0.1981137880,0.1736845031,0.1812528324,0.1756992305,0.0406016682,0.0510015022
2020-03-30,0.1821661419,0.2016508648,0.1751097697,0.1787972870,0.1727237832,0.0397713786,0.0497807747
2020-03-31,0.1817591700,0.2025004303,0.1756559738,0.1753297838,0.1744767033,0.0397878133,0.0504901254
2020-04-01,0.1777163082,0.1985178014,0.1719101668,0.1812062166,0.1780286518,0.0395774359,0.0530434194
2020-04-02,0.1787520933,0.1991321894,0.1724751017,0.1810719479,0.1752867790,0.0396578303,0.0536240585
2020-04-03,0.1773897380,0.1976669047,0.1706374009,0.1832275094,0.1766249347,0.0409364581,0.0535170542
2020-04-06,0.1808168717,0.2023030595,0.1729789276,0.1798621885,0.1695275249,0.0393065047,0.0552049230
2020-04-07,0.1810784753,0.2023069032,0.1737028976,0.1789754648,0.1698347638,0.0395973145,0.0545041809
2020-04-08,0.1845350999,0.2037081241,0.1753830135,0.1748962599,0.1676147660,0.0389412752,0.0549214614
2020-04-09,0.1849616915,0.2014093080,0.1763707313,0.1771837458,0.1675416186,0.0385462797,0.0539866250
2020-04-13,0.1835585920,0.2039025571,0.1750608877,0.1805016456,0.1670156497,0.0392742875,0.0506863805
2020-04-14,0.1853334375,0.2086734339,0.1758086682,0.1784187509,0.1638838190,0.0381904837,0.0496914069
2020-04-15,0.1838580144,0.2090803570,0.1735481359,0.1799182771,0.1667915219,0.0379121960,0.0488914977
2020-04-16,0.1831269623,0.2110294218,0.1727048309,0.1781882532,0.1655422568,0.0374814324,0.0519268426
2020-04-17,0.1866043384,0.2113830794,0.1758738936,0.1733626784,0.1640525392,0.0373517415,0.0513717296
2020-04-20,0.1850933963,0.2109037315,0.1749190727,0.1762902482,0.1654024436,0.0370873819,0.0503037259
2020-04-21,0.1833668945,0.2075281118,0.1736526188,0.1788854087,0.1690773143,0.0361068342,0.0513828177
2020-04-22,0.1837919800,0.2095312735,0.1740111323,0.1788574420,0.1657896559,0.0359001502,0.0521183661
2020-04-23,0.1830875164,0.2082979376,0.1732265476,0.1799585108,0.1655608290,0.0356664119,0.0542022467
2020-04-24,0.1842934956,0.2100486693,0.1738562281,0.1778879857,0.1642762983,0.0349504935,0.0546868296
2020-04-27,0.1857482220,0.2103763137,0.1756640801,0.1755701506,0.1624687093,0.0340766172,0.0560959069
2020-04-28,0.1857941089,0.2074187757,0.1765191900,0.1756385562,0.1639024374,0.0342751095,0.0564518223
2020-04-29,0.1858012453,0.2093030239,0.1769239439,0.1721116193,0.1598362458,0.0340058531,0.0620180689
2020-04-30,0.1856252338,0.2109831700,0.1756799468,0.1704201375,0.1608285147,0.0349339084,0.0615290888
2020-05-01,0.1831556076,0.2078100970,0.1734322727,0.1737913577,0.1630123593,0.0349517032,0.0638466025
2020-05-04,0.1827548160,0.2091956179,0.1730879785,0.1735401770,0.1623470660,0.0351994861,0.0638748586
2020-05-05,0.1830791221,0.2100025478,0.1730257616,0.1729871824,0.1610222752,0.0358374877,0.0640456233
2020-05-06,0.1823212826,0.2118568492,0.1724678721,0.1712171034,0.1608009937,0.0352250000,0.0661108989
2020-05-07,0.1817068531,0.2113117621,0.1721421531,0.1711937406,0.1588379381,0.0349094575,0.0698980954
2020-05-08,0.1833478686,0.2126243269,0.1738787018,0.1689068899,0.1572451358,0.0353746094,0.0686224675
2020-05-11,0.1850015603,0.2164152227,0.1753857763,0.1693331249,0.1581541350,0.0352105143,0.0604996664
2020-05-12,0.1829648284,0.2138131230,0.1739445884,0.1715392383,0.1600062914,0.0352429750,0.0624889556
2020-05-13,0.1803563297,0.2118741262,0.1721129899,0.1737944693,0.1608268877,0.0350126607,0.0660225366
2020-05-14,0.1804755077,0.2118853082,0.1709687594,0.1733736268,0.1595210415,0.0352249688,0.0685507876
2020-05-15,0.1811060969,0.2130266014,0.1711072710,0.1741607177,0.1594412836,0.0355353088,0.0656227206
2020-05-18,0.1833629933,0.2132056975,0.1740357077,0.1698244164,0.1564288553,0.0359122020,0.0672301278
2020-05-19,0.1819220011,0.2131897595,0.1727052529,0.1718812392,0.1569846709,0.0359059943,0.0674110822
2020-05-20,0.1831180019,0.2152201459,0.1738965632,0.1705251132,0.1557755741,0.0361569168,0.0653076849
2020-05-21,0.1838107612,0.2151671056,0.1742597941,0.1698478078,0.1575727497,0.0363897041,0.0629520775
2020-05-22,0.1837149143,0.2153882344,0.1736661571,0.1704400354,0.1572724113,0.0360211108,0.0634971367
2020-05-26,0.1859261985,0.2147463898,0.1769214951,0.1679700487,0.1569738845,0.0363851282,0.0610768552
2020-05-27,0.1870493650,0.2140381290,0.1777519251,0.1668074823,0.1558325811,0.0356046865,0.0629158311
2020-05-28,0.1862434716,0.2132317107,0.1774107329,0.1669532251,0.1553419802,0.0357017836,0.0651170960
2020-05-29,0.1859561897,0.2150640810,0.1767390260,0.1671773690,0.1548222451,0.0361015038,0.0641395854
2020-06-01,0.1849470809,0.2136750312,0.1773291035,0.1663632552,0.1532760769,0.0359735699,0.0684358824
2020-06-02,0.1864616198,0.2150888630,0.1792816602,0.1652708150,0.1533928062,0.0363649248,0.0641393110
2020-06-03,0.1881775370,0.2151810223,0.1817352850,0.1615642448,0.1523941804,0.0362175804,0.0647301500
2020-06-04,0.1877537591,0.2137522073,0.1809185199,0.1633262757,0.1519960661,0.0365336247,0.0657195472
2020-06-05,0.1906586662,0.2158314047,0.1834368110,0.1584300579,0.1505809038,0.0368904537,0.0641717028
2020-06-08,0.1913136835,0.2156468577,0.1841461316,0.1587755405,0.1494596563,0.0363375764,0.0643205541
2020-06-09,0.1898469889,0.2171633565,0.1821823886,0.1602726199,0.1496196818,0.0364486407,0.0644663236
2020-06-10,0.1879152784,0.2187540086,0.1808029972,0.1618172034,0.1495382256,0.0365165505,0.0646557364
2020-06-11,0.1841098846,0.2161663421,0.1772652825,0.1670254417,0.1552086374,0.0367370938,0.0634873178
2020-06-12,0.1847943852,0.2161064992,0.1784692124,0.1658971476,0.1540993631,0.0365896521,0.0640437403
2020-06-15,0.1854466543,0.2174776415,0.1785205977,0.1646487085,0.1537211286,0.0367123704,0.0634728990
2020-06-16,0.1869862821,0.2188368713,0.1796133181,0.1628003515,0.1517739166,0.0366177898,0.0633714707
2020-06-17,0.1863446432,0.2196900899,0.1794827178,0.1632297500,0.1517550188,0.0364644333,0.0630333470
2020-06-18,0.1863997492,0.2202654902,0.1793007293,0.1628938658,0.1518962307,0.0366710648,0.0625728700
2020-06-19,0.1854468391,0.2203629704,0.1785789529,0.1647909111,0.1520399120,0.0369933203,0.0617870942
2020-06-22,0.1849311906,0.2209679561,0.1785063145,0.1643403421,0.1506123317,0.0370417712,0.0636000937
2020-06-23,0.1849468510,0.2218461928,0.1784324733,0.1649785598,0.1499094064,0.0366975798,0.0631889368
2020-06-24,0.1833763995,0.2210668921,0.1771933595,0.1672747597,0.1525013163,0.0364049655,0.0621823073
2020-06-25,0.1842107778,0.2218089182,0.1780855546,0.1661533550,0.1517505897,0.0365119195,0.0614788853
2020-06-26,0.1822486929,0.2194770764,0.1770045950,0.1691344853,0.1539695739,0.0365469314,0.0616186452
2020-06-29,0.1834214861,0.2200641291,0.1776670753,0.1678479062,0.1528451956,0.0368509809,0.0613032268
2020-06-30,0.1842028794,0.2224836215,0.1773050733,0.1671701233,0.1516833014,0.0367188761,0.0604361251
2020-07-01,0.1845152680,0.2238938579,0.1775492478,0.1655436562,0.1509641699,0.0368220100,0.0607117902
2020-07-02,0.1847675782,0.2244853624,0.1784150261,0.1652183461,0.1505210503,0.0368181650,0.0597744719
2020-07-06,0.1849232563,0.2266984993,0.1790909330,0.1638189396,0.1483450556,0.0365802335,0.0605430826
2020-07-07,0.1839507904,0.2262867433,0.1778888232,0.1656947213,0.1493298647,0.0367963525,0.0600527047
2020-07-08,0.1837508608,0.2272796578,0.1780992485,0.1652785187,0.1479851928,0.0369416506,0.0606648708
2020-07-09,0.1830201749,0.2295899271,0.1772747845,0.1651161423,0.1486291268,0.0365693958,0.0598004486
2020-07-10,0.1840601555,0.2301211933,0.1779059763,0.1639496148,0.1477883015,0.0366369840,0.0595377746
2020-07-13,0.1839683699,0.2272428035,0.1779328477,0.1655043498,0.1489921837,0.0365592561,0.0598001894
2020-07-14,0.1850087975,0.2272011726,0.1787216366,0.1650772982,0.1481551893,0.0364694621,0.0593664436
2020-07-15,0.1859056871,0.2266846247,0.1798326215,0.1645123090,0.1475304918,0.0367452700,0.0587889960
2020-07-16,0.1862804292,0.2263374323,0.1797767310,0.1638254749,0.1484163722,0.0366510586,0.0587125019
2020-07-17,0.1862379055,0.2258928831,0.1798593148,0.1646600031,0.1481030648,0.0365945801,0.0586522487
2020-07-20,0.1858160989,0.2299174258,0.1794455379,0.1637555410,0.1467433143,0.0361903758,0.0581317063
2020-07-21,0.1857298530,0.2269332251,0.1796618974,0.1653004358,0.1464499574,0.0366104291,0.0593142021
2020-07-22,0.1855995513,0.2262847739,0.1792406645,0.1667464382,0.1456410041,0.0366044888,0.0598830792
2020-07-23,0.1848844024,0.2221760199,0.1787979859,0.1695934360,0.1470043379,0.0368180243,0.0607257936
2020-07-24,0.1842596901,0.2207443774,0.1783918659,0.1715753759,0.1474078604,0.0369888115,0.0606320187
2020-07-27,0.1819507261,0.2202614579,0.1767575049,0.1715213751,0.1444099919,0.0365981984,0.0685007458
2020-07-28,0.1815809377,0.2184018368,0.1763126932,0.1737022186,0.1451336930,0.0365593163,0.0683093043
2020-07-29,0.1820228597,0.2187662410,0.1768161274,0.1733012937,0.1438879992,0.0363987370,0.0688067422
2020-07-30,0.1817708115,0.2203933837,0.1760457343,0.1723956853,0.1443119235,0.0360582185,0.0690242432
2020-07-31,0.1817854729,0.2225855712,0.1739947303,0.1726124155,0.1432519095,0.0359729927,0.0697969079
2020-08-03,0.1818778169,0.2241483368,0.1749007282,0.1717020291,0.1423912774,0.0361018741,0.0688779376
2020-08-04,0.1814398336,0.2235750677,0.1746807036,0.1742600788,0.1417743503,0.0360685069,0.0682014591
2020-08-05,0.1811538416,0.2223945417,0.1744976895,0.1745166457,0.1404067199,0.0360889747,0.0709415869
2020-08-06,0.1809353197,0.2235736925,0.1738814361,0.1754470628,0.1395044275,0.0360763226,0.0705817389
2020-08-07,0.1824439613,0.2226759396,0.1745995805,0.1739747581,0.1404021496,0.0358608979,0.0700427130
2020-08-10,0.1827699890,0.2214588298,0.1748658532,0.1731652723,0.1401047738,0.0360083088,0.0716269732
2020-08-11,0.1848322291,0.2215443737,0.1777598825,0.1670955475,0.1424697548,0.0361353141,0.0701628983
2020-08-12,0.1853318111,0.2245990309,0.1784264942,0.1644719270,0.1406063274,0.0361187095,0.0704457000
2020-08-13,0.1841745181,0.2241106587,0.1771561402,0.1676081399,0.1394627303,0.0361492926,0.0713385201
2020-08-14,0.1844617932,0.2241898941,0.1771011832,0.1671412061,0.1395462226,0.0362045990,0.0713551019
2020-08-17,0.1829193027,0.2241844657,0.1761381939,0.1688029929,0.1381278889,0.0363828442,0.0734443117
2020-08-18,0.1827796622,0.2256818984,0.1757742243,0.1698266272,0.1379226663,0.0363575430,0.0716573786
2020-08-19,0.1838994430,0.2264799188,0.1767033565,0.1661654070,0.1391361974,0.0366243110,0.0709913664
2020-08-20,0.1834039378,0.2282919601,0.1757232602,0.1663455009,0.1385760646,0.0363581093,0.0713011671
2020-08-21,0.1842121016,0.2300709660,0.1760458952,0.1651542156,0.1388351144,0.0360369989,0.0696447082
2020-08-24,0.1850749037,0.2302585902,0.1769164744,0.1633337407,0.1380279438,0.0360312261,0.0703571212
2020-08-25,0.1855661586,0.2318736437,0.1773881039,0.1633946262,0.1376211134,0.0362970871,0.0678592671
2020-08-26,0.1854027007,0.2342643892,0.1768485304,0.1635389133,0.1361120496,0.0359850513,0.0678483655
2020-08-27,0.1865911827,0.2345184064,0.1771899426,0.1623293480,0.1362122081,0.0360029692,0.0671559431
2020-08-28,0.1862615253,0.2337843831,0.1770277427,0.1638008411,0.1352821663,0.0359474694,0.0678958721
2020-08-31,0.1852778834,0.2352702428,0.1757228521,0.1639184238,0.1353543031,0.0358611515,0.0685951433
2020-09-01,0.1852956618,0.2370813491,0.1754136062,0.1625978234,0.1343822164,0.0355824310,0.0696469121
2020-09-02,0.1877254679,0.2390075819,0.1771584167,0.1602489672,0.1344752631,0.0350633432,0.0663209600
2020-09-03,0.1873072860,0.2344530434,0.1775763985,0.1642487126,0.1389929566,0.0359071903,0.0615144128
2020-09-04,0.1865771423,0.2323237203,0.1776702271,0.1654105421,0.1388969687,0.0357352949,0.0633861045
2020-09-08,0.1858846793,0.2265259972,0.1777772813,0.1690994316,0.1424252788,0.0357113751,0.0625759568
2020-09-09,0.1865284688,0.2294567756,0.1781405793,0.1680146382,0.1401391557,0.0354700582,0.0622503241
2020-09-10,0.1852290667,0.2272617434,0.1774939763,0.1692451384,0.1416339212,0.0354852540,0.0636509000
2020-09-11,0.1853491269,0.2257158465,0.1782230874,0.1692593188,0.1418213205,0.0357395180,0.0638917819
2020-09-14,0.1856162851,0.2269880268,0.1783794384,0.1686201717,0.1401912302,0.0353531332,0.0648517146
2020-09-15,0.1854959186,0.2288994859,0.1784061964,0.1672625276,0.1394078004,0.0353432006,0.0651848705
2020-09-16,0.1852335271,0.2258270144,0.1785600157,0.1681667921,0.1396944842,0.0360890108,0.0664291556
2020-09-17,0.1848515243,0.2238090690,0.1788119118,0.1683795915,0.1406790232,0.0367464163,0.0667224640
2020-09-18,0.1838937796,0.2223679844,0.1783746130,0.1696803863,0.1414126622,0.0371477472,0.0671228273
2020-09-21,0.1839382681,0.2254644863,0.1777958940,0.1681840430,0.1430630498,0.0366516489,0.0649026098
2020-09-22,0.1846138826,0.2281730993,0.1774712475,0.1662901399,0.1422490987,0.0362486120,0.0649539200
2020-09-23,0.1841591883,0.2259000173,0.1777458625,0.1661496542,0.1449606873,0.0365919948,0.0644925957
2020-09-24,0.1836092877,0.2256726580,0.1768341483,0.1658275594,0.1441558611,0.0365551131,0.0673453724
2020-09-25,0.1848569221,0.2287896258,0.1771241780,0.1638299393,0.1428747317,0.0362179771,0.0663066261
2020-09-28,0.1855529783,0.2305907172,0.1776430571,0.1633874728,0.1411890372,0.0360641516,0.0655725858
2020-09-29,0.1847042474,0.2297521505,0.1771586838,0.1649096887,0.1413367345,0.0356811901,0.0664573051
2020-09-30,0.1856144278,0.2307162745,0.1775285452,0.1634875756,0.1407379113,0.0360006770,0.0659145887
2020-10-01,0.1856021004,0.2328677482,0.1778061790,0.1638829193,0.1400230425,0.0353304452,0.0644875655
2020-10-02,0.1857797487,0.2287051165,0.1785329205,0.1654639120,0.1413566592,0.0352604176,0.0649012254
2020-10-05,0.1865170850,0.2304234758,0.1790185110,0.1640215411,0.1389954968,0.0356845407,0.0653393497
2020-10-06,0.1859883665,0.2289238729,0.1792325344,0.1639639205,0.1407199272,0.0362346162,0.0649367623
2020-10-07,0.1873341367,0.2305559895,0.1799519217,0.1622515128,0.1392183726,0.0360090832,0.0646789835
2020-10-08,0.1876847362,0.2301770443,0.1801794679,0.1616999829,0.1384301239,0.0361125378,0.0657161072
2020-10-09,0.1873865517,0.2312577480,0.1796528900,0.1629202185,0.1370217839,0.0358435151,0.0659172927
2020-10-12,0.1876842328,0.2349949552,0.1790353830,0.1601342357,0.1353304014,0.0349612414,0.0678595504
2020-10-13,0.1875021356,0.2363011348,0.1788667413,0.1584969617,0.1361218515,0.0352366628,0.0674745122
2020-10-14,0.1869046653,0.2350576175,0.1786346377,0.1594829404,0.1366270587,0.0355869217,0.0677061586
2020-10-15,0.1869914052,0.2338776547,0.1780837353,0.1603368777,0.1367436778,0.0357545455,0.0682121039
2020-10-16,0.1874789687,0.2333432029,0.1787418169,0.1602947547,0.1371133385,0.0356278163,0.0674001021
2020-10-19,0.1857261126,0.2308981878,0.1781002243,0.1613289692,0.1377645747,0.0358666003,0.0703153312
2020-10-20,0.1856917929,0.2304287020,0.1781947090,0.1614301244,0.1370730909,0.0361203306,0.0710612501
2020-10-21,0.1843838888,0.2290623962,0.1768264396,0.1618066422,0.1362035027,0.0356396186,0.0760775119
2020-10-22,0.1852455399,0.2288692199,0.1773668066,0.1600913985,0.1358502650,0.0357177704,0.0768589996
2020-10-23,0.1856058770,0.2289888818,0.1779206707,0.1596902241,0.1358505469,0.0353991988,0.0765446006
2020-10-26,0.1839364211,0.2277346785,0.1764541141,0.1611522178,0.1373502266,0.0352291612,0.0781431807
2020-10-27,0.1824207121,0.2284090155,0.1748556665,0.1607992886,0.1370033095,0.0353011421,0.0812108656
2020-10-28,0.1809947542,0.2254954144,0.1740603256,0.1625216125,0.1405398996,0.0353002009,0.0810877929
2020-10-29,0.1815716857,0.2278541181,0.1743663081,0.1607302793,0.1393203711,0.0346185537,0.0815386841
2020-10-30,0.1811982573,0.2239530345,0.1740996427,0.1628287903,0.1401159719,0.0349113059,0.0828929975
2020-11-02,0.1819224170,0.2228512186,0.1750026288,0.1632365033,0.1393687584,0.0352925497,0.0823259241
2020-11-03,0.1825987715,0.2236008944,0.1758648360,0.1619147208,0.1374012875,0.0350253668,0.0835941229
2020-11-04,0.1830792561,0.2290770867,0.1757115787,0.1587031775,0.1356482982,0.0347209096,0.0830596931
2020-11-05,0.1819731432,0.2291598995,0.1749410620,0.1582829274,0.1323728250,0.0340059846,0.0892641583
2020-11-06,0.1819205169,0.2293173276,0.1751369485,0.1584983607,0.1320733479,0.0338747379,0.0891787605
2020-11-09,0.1857204183,0.2264776114,0.1794058772,0.1527264581,0.1325370975,0.0345699683,0.0885625691
2020-11-10,0.1860948675,0.2231960835,0.1801567745,0.1537668327,0.1327838158,0.0353702239,0.0886314020
2020-11-11,0.1857515201,0.2260884296,0.1796361749,0.1516922330,0.1316402181,0.0350187424,0.0901726820
2020-11-12,0.1840008458,0.2250900410,0.1777826778,0.1526541471,0.1322277888,0.0347435084,0.0935009910
2020-11-13,0.1850361923,0.2252240943,0.1788249748,0.1524494156,0.1311782401,0.0343077039,0.0929793790
2020-11-16,0.1856925984,0.2249783372,0.1795049889,0.1510955205,0.1300096003,0.0343106007,0.0944083540
2020-11-17,0.1841446447,0.2235978294,0.1786060507,0.1500934581,0.1298874379,0.0343101545,0.0993604247
2020-11-18,0.1828862610,0.2231137509,0.1779967899,0.1500202146,0.1306598726,0.0345418364,0.1007812746
2020-11-19,0.1829878935,0.2240413032,0.1784460270,0.1491931761,0.1304271676,0.0344161307,0.1004883018
2020-11-20,0.1813308709,0.2220141233,0.1777656022,0.1493119818,0.1302694430,0.0345172964,0.1047906824
2020-11-23,0.1828481013,0.2225454937,0.1790585264,0.1467167118,0.1305435892,0.0347004797,0.1035870978
2020-11-24,0.1837182865,0.2231504274,0.1797497780,0.1428534040,0.1289101808,0.0350422327,0.1065756905
2020-11-25,0.1836362534,0.2247683163,0.1796653625,0.1429426232,0.1290078444,0.0353828677,0.1045967325
2020-11-27,0.1854283232,0.2284169595,0.1818059786,0.1424762163,0.1301250986,0.0355528677,0.0961945562
2020-11-30,0.1826392480,0.2264427374,0.1778438917,0.1400163170,0.1289119797,0.0349731122,0.1091727139
2020-12-01,0.1836437143,0.2281113150,0.1795178975,0.1421960397,0.1278129161,0.0346851888,0.1040329287
2020-12-02,0.1832822694,0.2274763901,0.1789075812,0.1426834328,0.1271531420,0.0346933615,0.1058038230
2020-12-03,0.1825745004,0.2269805747,0.1788586792,0.1432906042,0.1269119267,0.0346183423,0.1067653725
2020-12-04,0.1842357975,0.2280143235,0.1806653888,0.1429525398,0.1266279446,0.0347835215,0.1027204842
2020-12-07,0.1828758540,0.2280814855,0.1791302961,0.1443100864,0.1261448012,0.0345978481,0.1048596287
2020-12-08,0.1838365210,0.2293844825,0.1801179953,0.1451494641,0.1264482708,0.0347275305,0.1003357359
2020-12-09,0.1839000400,0.2262981360,0.1806958468,0.1440091674,0.1274524442,0.0350788543,0.1025655114
2020-12-10,0.1837789470,0.2271315779,0.1811535039,0.1436860436,0.1277244104,0.0355906245,0.1009348927
2020-12-11,0.1839362982,0.2270887800,0.1810427492,0.1442454685,0.1281249938,0.0355630086,0.0999987019
2020-12-14,0.1819787503,0.2273198668,0.1795251151,0.1425626351,0.1272559487,0.0354420490,0.1059156349
2020-12-15,0.1825242811,0.2273646535,0.1799564203,0.1430564991,0.1260096298,0.0353442863,0.1057442299
2020-12-16,0.1804267232,0.2256337134,0.1780356167,0.1419701952,0.1243136628,0.0350773036,0.1145427850
2020-12-17,0.1790083146,0.2240705033,0.1767807488,0.1415444436,0.1226453080,0.0350146125,0.1209360692
2020-12-18,0.1783585399,0.2234746168,0.1762910026,0.1413556698,0.1226275573,0.0351469991,0.1227456146
2020-12-21,0.1785968122,0.2241559911,0.1758887713,0.1416015364,0.1232319714,0.0349595775,0.1215653401
2020-12-22,0.1775796178,0.2238627108,0.1750091464,0.1399181702,0.1229140944,0.0344360040,0.1262802563
2020-12-23,0.1780522132,0.2231275555,0.1761268985,0.1410963792,0.1230470773,0.0349284575,0.1236214189
2020-12-24,0.1777696839,0.2228894311,0.1755684338,0.1408857987,0.1224899311,0.0348333215,0.1255633999
2020-12-28,0.1755078630,0.2203780815,0.1726462996,0.1374080173,0.1199216907,0.0338870139,0.1402510340
2020-12-29,0.1747794091,0.2200797830,0.1725953674,0.1375986025,0.1196725125,0.0339040678,0.1413702578
2020-12-30,0.1733252343,0.2179448130,0.1715088050,0.1373024855,0.1185780302,0.0337817654,0.1475588666
2020-12-31,0.2000000000,0.2000000000,0.2000000000,0.1500000000,0.1500000000,0.0500000000,0.0500000000
2021-01-04,0.1970200541,0.1969189919,0.1985958195,0.1531388708,0.1496143299,0.0496630668,0.0550488671
2021-01-05,0.1963482126,0.1965119689,0.1987216017,0.1520216426,0.1479336939,0.0505336684,0.0579292119
2021-01-06,0.1972148768,0.1934883908,0.1998196656,0.1493200356,0.1469770988,0.0505222067,0.0626577257
2021-01-07,0.1974389033,0.1954898953,0.1991161360,0.1469572681,0.1448416389,0.0500709317,0.0660852267
2021-01-08,0.1979622829,0.1974036394,0.2003161687,0.1414998680,0.1442303415,0.0503154187,0.0682722808
2021-01-11,0.1997476622,0.1976379846,0.2016625753,0.1434630223,0.1462809853,0.0507448172,0.0604629531
2021-01-12,0.1998443888,0.1973775706,0.2024847297,0.1444312193,0.1464460866,0.0517315720,0.0576844330
2021-01-13,0.1988871715,0.1972276355,0.2011427854,0.1427359037,0.1458129670,0.0512123264,0.0629812105
2021-01-14,0.1978244610,0.1958104745,0.2011088622,0.1423981939,0.1452582522,0.0515830058,0.0660167504
2021-01-15,0.1986487409,0.1965018409,0.2013164358,0.1422547401,0.1470856208,0.0514388093,0.0627538123
2021-01-19,0.1989226115,0.1980882930,0.2017631371,0.1425386817,0.1463403324,0.0512754560,0.0610714883
2021-01-20,0.1994253132,0.2004344490,0.2019246139,0.1432432939,0.1447198981,0.0507363908,0.0595160410
2021-01-21,0.2008908168,0.2033371909,0.2032865847,0.1440741224,0.1454397956,0.0510294496,0.0519420400
2021-01-22,0.2002943870,0.2028675948,0.2024522322,0.1430216104,0.1455230308,0.0501938185,0.0556473262
2021-01-25,0.2005107417,0.2039611526,0.2023171636,0.1427366937,0.1454792005,0.0505813377,0.0544137102
2021-01-26,0.2003109512,0.2043749705,0.2018413777,0.1424645524,0.1455119312,0.0507095000,0.0547867169
2021-01-27,0.1994153548,0.2027444953,0.2010259119,0.1444596803,0.1485031471,0.0516120403,0.0522393703
2021-01-28,0.1992272871,0.2020144051,0.2007429694,0.1432255032,0.1469978720,0.0508888729,0.0569030904
2021-01-29,0.1973879663,0.1999413232,0.1989677857,0.1447434054,0.1484515016,0.0515168722,0.0589911456
2021-02-01,0.1981316474,0.2023414572,0.1998077238,0.1442511987,0.1467112104,0.0518353804,0.0569213821
2021-02-02,0.1988183364,0.2034779095,0.2004402858,0.1409961044,0.1449441017,0.0516873785,0.0596358838
2021-02-03,0.1983918817,0.2020770921,0.2001679172,0.1403707816,0.1443467261,0.0518993874,0.0627462139
2021-02-04,0.2001872023,0.2039986615,0.2010911509,0.1370339574,0.1439545340,0.0520442004,0.0616902933
2021-02-05,0.1997403268,0.2034329392,0.2010831761,0.1375365571,0.1428864618,0.0519865147,0.0633340243
2021-02-08,0.1972535829,0.2007960364,0.1985225798,0.1362083049,0.1402398055,0.0517741224,0.0752055682
2021-02-09,0.1968074882,0.2004333903,0.1988165944,0.1364348073,0.1400757490,0.0518838489,0.0755481220
2021-02-10,0.1972282435,0.2004914721,0.1993080540,0.1372868622,0.1405686022,0.0519209750,0.0731957910
2021-02-11,0.1963960584,0.2004197412,0.1991620525,0.1353017542,0.1395825293,0.0515226532,0.0776152112
2021-02-12,0.1969142826,0.2010785056,0.1996579364,0.1345819580,0.1389411353,0.0520424587,0.0767837233
2021-02-16,0.1966644854,0.2004538891,0.1998407049,0.1325967940,0.1382299636,0.0527227605,0.0794914025
2021-02-17,0.1962919105,0.1990683065,0.1987698037,0.1308130324,0.1382097840,0.0527698322,0.0840773307
2021-02-18,0.1962026048,0.1989546022,0.1984538246,0.1313045304,0.1386658052,0.0527797048,0.0836389280
2021-02-19,0.1946518640,0.1968689108,0.1977374399,0.1310385439,0.1373862269,0.0524234416,0.0898935728
2021-02-22,0.1948519978,0.1934512679,0.1973402549,0.1341688341,0.1381628275,0.0540685649,0.0879562529
2021-02-23,0.1968056572,0.1945728620,0.1994462360,0.1350382497,0.1394149668,0.0548027724,0.0799192559
2021-02-24,0.1975555266,0.1947778569,0.1992866969,0.1339802414,0.1383729690,0.0552456626,0.0807810465
2021-02-25,0.1976528788,0.1927238787,0.1996521161,0.1347713918,0.1405570626,0.0561774082,0.0784652637
2021-02-26,0.1979044433,0.1947808085,0.1992815678,0.1323615956,0.1426148828,0.0553492115,0.0777074904
2021-03-01,0.1987003235,0.1966795990,0.1999823233,0.1295242821,0.1397267554,0.0538026041,0.0815841125
2021-03-02,0.1985604152,0.1949098276,0.2001062071,0.1311617222,0.1407509698,0.0544161983,0.0800946598
2021-03-03,0.1976021100,0.1908682784,0.1996795192,0.1308228783,0.1414339794,0.0552099030,0.0843833317
2021-03-04,0.1976503089,0.1901431621,0.1992855443,0.1311910721,0.1428289603,0.0567827373,0.0821182150
2021-03-05,0.1990958379,0.1909063969,0.1998204215,0.1298449428,0.1411756849,0.0573197681,0.0818369479
2021-03-08,0.1990929313,0.1864265193,0.1993849755,0.1291397480,0.1413213164,0.0568097887,0.0878247209
2021-03-09,0.1978003777,0.1898112722,0.1983350227,0.1291860118,0.1389504052,0.0556464769,0.0902704335
2021-03-10,0.1980778291,0.1883624923,0.1983085886,0.1292224235,0.1385144847,0.0557354447,0.0917787371
2021-03-11,0.1976056046,0.1903117713,0.1983645750,0.1275098463,0.1367852554,0.0558745902,0.0935483571
2021-03-12,0.1984828410,0.1893508929,0.1989975536,0.1278799122,0.1364284560,0.0557909480,0.0930693964
2021-03-15,0.1992200029,0.1909457194,0.1993846909,0.1281549005,0.1362668776,0.0554744515,0.0905533573
2021-03-16,0.1985844235,0.1916228637,0.1988374539,0.1280256453,0.1359559265,0.0551440376,0.0918296494
2021-03-17,0.1979629809,0.1911580321,0.1983869131,0.1281001102,0.1350579962,0.0547846759,0.0945492916
2021-03-18,0.1984813323,0.1885309456,0.1988947208,0.1295745634,0.1368799557,0.0530955971,0.0945428852
2021-03-19,0.1974998121,0.1886089360,0.1984821203,0.1297131451,0.1365638207,0.0540879313,0.0950442344
2021-03-22,0.1991247544,0.1921922699,0.1994162527,0.1295536355,0.1368614846,0.0540045289,0.0888470739
2021-03-23,0.1988797378,0.1926345355,0.1982575324,0.1294685906,0.1381287157,0.0528450297,0.0897858583
2021-03-24,0.1992756521,0.1907321987,0.1980691546,0.1308403664,0.1392817228,0.0546221595,0.0871787459
2021-03-25,0.2007223518,0.1907114549,0.1995343444,0.1305768304,0.1394346942,0.0534704792,0.0855498451
2021-03-26,0.2006846322,0.1904663640,0.1994009377,0.1288471073,0.1369691148,0.0538652475,0.0897665964
2021-03-29,0.2002539023,0.1900995462,0.1983179914,0.1271053134,0.1365161472,0.0538409442,0.0938661553
2021-03-30,0.2002355390,0.1896284536,0.1987863705,0.1252536877,0.1369750712,0.0531111736,0.0960097043
2021-03-31,0.1997849836,0.1913216454,0.1979249707,0.1263552665,0.1361390363,0.0530652812,0.0954088164
2021-04-01,0.1996945297,0.1924169041,0.1982967087,0.1265265565,0.1350760338,0.0533591388,0.0946301284
2021-04-05,0.2009907324,0.1947373525,0.1990154187,0.1254993871,0.1337588100,0.0521618850,0.0938364143
2021-04-06,0.2009489502,0.1946765220,0.1986722554,0.1265554041,0.1342802646,0.0523700125,0.0924965913
2021-04-07,0.2018708498,0.1958159259,0.1990523823,0.1266311390,0.1345280305,0.0527067864,0.0893948861
2021-04-08,0.2008472365,0.1959257638,0.1983575349,0.1267420820,0.1335406596,0.0524722344,0.0921144888
2021-04-09,0.2019112304,0.1967266732,0.1987017043,0.1255403836,0.1331275290,0.0521828635,0.0918096160
2021-04-12,0.2017358039,0.1962277023,0.1980414141,0.1246253533,0.1329284840,0.0521495993,0.0942916432
2021-04-13,0.2001025814,0.1963292145,0.1966009230,0.1241245245,0.1318427711,0.0521274551,0.0988725305
2021-04-14,0.2000547819,0.1945899214,0.1971490503,0.1239791925,0.1321590047,0.0534954082,0.0985726410
2021-04-15,0.2001655291,0.1955476857,0.1970458547,0.1247130162,0.1313413888,0.0532916755,0.0978948498
2021-04-16,0.2009786494,0.1959171412,0.1979453567,0.1255572920,0.1310922969,0.0532383369,0.0952709268
2021-04-19,0.2026485846,0.1967035587,0.1996694678,0.1268737982,0.1327297703,0.0540075967,0.0873672235
2021-04-20,0.2018555713,0.1959403360,0.1981018313,0.1277622072,0.1333949468,0.0540999228,0.0888451846
2021-04-21,0.2032083481,0.1970773346,0.1995706389,0.1286756335,0.1331578633,0.0537353065,0.0845748751
2021-04-22,0.2032267204,0.1965140495,0.2001550978,0.1290314309,0.1344324767,0.0546728856,0.0819673391
2021-04-23,0.2042321776,0.1978276560,0.2013018832,0.1277874738,0.1336252077,0.0547888782,0.0804367235
2021-04-26,0.2031326850,0.1976311670,0.2003899736,0.1271701195,0.1325133652,0.0547503315,0.0844123581
2021-04-27,0.2030314227,0.1967192879,0.2001173528,0.1268140865,0.1321523815,0.0551971284,0.0859683402
2021-04-28,0.2030016910,0.1960818891,0.2005185206,0.1272053904,0.1322403049,0.0552973692,0.0856548348
2021-04-29,0.2042459502,0.1967399233,0.2009213577,0.1266488919,0.1321390325,0.0556537805,0.0836510638
2021-04-30,0.2026908520,0.1952450650,0.1985932464,0.1260896431,0.1321387447,0.0551335870,0.0901088618
2021-05-03,0.2027635873,0.1938569147,0.1991566438,0.1274969427,0.1319859123,0.0556492446,0.0890907546
2021-05-04,0.2040865958,0.1927998427,0.1997385458,0.1281789949,0.1338353741,0.0572314297,0.0841292170
2021-05-05,0.2026078346,0.1906996842,0.1991143273,0.1277373930,0.1329284259,0.0570151845,0.0898971503
2021-05-06,0.2031700329,0.1911438645,0.1993959664,0.1291966461,0.1322643067,0.0569969778,0.0878322055
2021-05-07,0.2030076703,0.1911496150,0.1996602317,0.1293136575,0.1311694428,0.0570885583,0.0886108245
2021-05-10,0.2033108141,0.1884667608,0.1999165193,0.1311984150,0.1324706882,0.0573448358,0.0872919668
2021-05-11,0.2019308601,0.1886123043,0.1985965810,0.1315042656,0.1324663574,0.0580864386,0.0888031930
2021-05-12,0.2031508972,0.1888527717,0.1997247050,0.1338277829,0.1356824690,0.0596423444,0.0791190298
2021-05-13,0.2043894956,0.1892003813,0.2004068504,0.1335919621,0.1351976094,0.0576519267,0.0795617747
2021-05-14,0.2049021250,0.1909305368,0.2010671490,0.1331040391,0.1337913162,0.0573900685,0.0788147655
2021-05-17,0.2064348130,0.1916794736,0.2026867873,0.1360065436,0.1350176542,0.0586910252,0.0694837030
2021-05-18,0.2056061307,0.1912691765,0.2032650361,0.1369037475,0.1354780337,0.0586787435,0.0687991319
2021-05-19,0.2075905666,0.1938452521,0.2046856299,0.1386834743,0.1369528426,0.0581839957,0.0600582387
2021-05-20,0.2067316299,0.1946829348,0.2039795540,0.1372637338,0.1353965956,0.0567270731,0.0652184789
2021-05-21,0.2078996128,0.1948587117,0.2050170048,0.1382151396,0.1363327056,0.0576341316,0.0600426940
2021-05-24,0.2078452475,0.1960853424,0.2045159359,0.1370254794,0.1350514333,0.0578232556,0.0616533059
2021-05-25,0.2072284108,0.1962091788,0.2044023514,0.1381648758,0.1352802190,0.0575914278,0.0611235363
2021-05-26,0.2070555571,0.1963388816,0.2043259709,0.1375362168,0.1348526648,0.0575233721,0.0623673367
2021-05-27,0.2073487287,0.1957785823,0.2048072054,0.1377129366,0.1348079716,0.0584835024,0.0610610729
2021-05-28,0.2082305183,0.1968791054,0.2058911260,0.1385721124,0.1351395238,0.0584388280,0.0568487861
2021-06-01,0.2076078134,0.1958103291,0.2062350081,0.1379074036,0.1347916445,0.0593500586,0.0582977426
2021-06-02,0.2071908798,0.1954913334,0.2057961137,0.1380863932,0.1344859829,0.0594502861,0.0594990109
2021-06-03,0.2074323188,0.1944040462,0.2056639653,0.1360455647,0.1348254936,0.0592389822,0.0623896293
2021-06-04,0.2080492103,0.1964938582,0.2063531974,0.1366715721,0.1345523279,0.0595319005,0.0583479335
2021-06-07,0.2087244074,0.1979109847,0.2073636142,0.1377983216,0.1350258663,0.0598771037,0.0532997020
2021-06-08,0.2086947021,0.1979346863,0.2072301022,0.1373234179,0.1352252177,0.0604509400,0.0531409338
2021-06-09,0.2073320631,0.1969827824,0.2056488211,0.1363686102,0.1348124899,0.0598654839,0.0589897493
2021-06-10,0.2074455164,0.1982230824,0.2058173157,0.1363951879,0.1345423355,0.0598383799,0.0577381822
2021-06-11,0.2076946368,0.1986517831,0.2060998076,0.1347995998,0.1344233195,0.0596252480,0.0587056052
2021-06-14,0.2069614439,0.1994009386,0.2052669844,0.1332381427,0.1333131764,0.0589427427,0.0628765712
2021-06-15,0.2070980996,0.1985936831,0.2053664530,0.1330665355,0.1337045021,0.0588426913,0.0633280354
2021-06-16,0.2079098374,0.1997593522,0.2059772972,0.1320689611,0.1345479091,0.0590616250,0.0606750181
2021-06-17,0.2086129091,0.2030471650,0.2062036523,0.1284845804,0.1354718002,0.0577457155,0.0604341775
2021-06-18,0.2080479529,0.2036556404,0.2053714274,0.1291683571,0.1373216984,0.0589786812,0.0574562425
2021-06-21,0.2105157321,0.2044254624,0.2076954013,0.1304339814,0.1366329836,0.0595627294,0.0507337098
2021-06-22,0.2106773551,0.2053913973,0.2072728546,0.1292955664,0.1361527023,0.0593858279,0.0518242964
2021-06-23,0.2100649799,0.2051418192,0.2066183508,0.1289899095,0.1358498855,0.0596614788,0.0536735762
2021-06-24,0.2101094342,0.2052397580,0.2069453394,0.1281812956,0.1351265155,0.0595417386,0.0548559188
2021-06-25,0.2116109391,0.2057216640,0.2085086804,0.1290664736,0.1353394563,0.0595043028,0.0502484838
2021-06-28,0.2104592310,0.2066736516,0.2067377149,0.1280980900,0.1347180139,0.0590302852,0.0542830134
2021-06-29,0.2101175706,0.2069734676,0.2063307823,0.1264785187,0.1344970387,0.0591820588,0.0564205632
2021-06-30,0.2104503037,0.2068001102,0.2059272448,0.1271866091,0.1346901334,0.0597849612,0.0551606375
2021-07-01,0.2115583221,0.2068258903,0.2066266172,0.1275898059,0.1345788950,0.0599861473,0.0528343222
2021-07-02,0.2116798995,0.2077324220,0.2060452579,0.1275256470,0.1339250349,0.0601202863,0.0529714523
2021-07-06,0.2114162853,0.2087506459,0.2051178461,0.1282323322,0.1344321258,0.0585200025,0.0535307621
2021-07-07,0.2119265180,0.2089575199,0.2054015287,0.1285767511,0.1345140669,0.0577459324,0.0528776830
2021-07-08,0.2115329859,0.2090128710,0.2043427997,0.1293079480,0.1355190889,0.0586083625,0.0516759439
2021-07-09,0.2119482955,0.2085050251,0.2055719098,0.1286190583,0.1339110890,0.0587795264,0.0526650959
2021-07-12,0.2125127387,0.2091277300,0.2058751566,0.1283418258,0.1337075412,0.0588178499,0.0516171580
2021-07-13,0.2122179748,0.2095520259,0.2053277428,0.1287696286,0.1336890834,0.0594296069,0.0510139374
2021-07-14,0.2120490759,0.2094482592,0.2050158039,0.1298572050,0.1338345817,0.0587104190,0.0510846552
2021-07-15,0.2123218991,0.2089584722,0.2050946577,0.1304927748,0.1347564383,0.0586789023,0.0496968557
2021-07-16,0.2121161628,0.2087022068,0.2049253556,0.1301219366,0.1355732127,0.0590854919,0.0494756336
2021-07-19,0.2111774318,0.2091649868,0.2039426366,0.1316430823,0.1377174259,0.0573200085,0.0490344282
2021-07-20,0.2127472141,0.2101560848,0.2049901228,0.1305784130,0.1366519200,0.0577720710,0.0471041745
2021-07-21,0.2124931605,0.2098268310,0.2051766575,0.1288938380,0.1349504534,0.0583825891,0.0502764704
2021-07-22,0.2122174690,0.2104990537,0.2046989476,0.1287088024,0.1348067817,0.0586467819,0.0504221636
2021-07-23,0.2127472837,0.2113147154,0.2044497041,0.1273158699,0.1336751037,0.0584999724,0.0519973508
2021-07-26,0.2119384579,0.2101612802,0.2029405551,0.1262210276,0.1327265505,0.0585598719,0.0574522567
2021-07-27,0.2112331266,0.2081024276,0.2018684526,0.1265873383,0.1331994185,0.0582978428,0.0607113936
2021-07-28,0.2103622013,0.2081259474,0.2021844795,0.1267535531,0.1328300949,0.0583538359,0.0613898879
2021-07-29,0.2102945761,0.2075678134,0.2022686272,0.1275907955,0.1320232426,0.0591191503,0.0611357951
2021-07-30,0.2094815706,0.2066915841,0.2013305514,0.1267105146,0.1323364859,0.0588460434,0.0646032499
2021-08-02,0.2101807615,0.2078345199,0.2025825114,0.1272431601,0.1333399522,0.0585294045,0.0602896904
2021-08-03,0.2113550459,0.2085656982,0.2035618057,0.1268317149,0.1330485403,0.0581090600,0.0585281350
2021-08-04,0.2102881696,0.2088399960,0.2028769914,0.1268452146,0.1330198923,0.0571634367,0.0609662993
2021-08-05,0.2104762231,0.2090288725,0.2027821321,0.1256611032,0.1320058604,0.0576972480,0.0623485607
2021-08-06,0.2112430104,0.2085264626,0.2030114985,0.1227641993,0.1316768883,0.0573293971,0.0654485437
2021-08-09,0.2105844490,0.2084299632,0.2024470771,0.1203088194,0.1311349760,0.0563848179,0.0707098973
2021-08-10,0.2110474421,0.2075593488,0.2027942471,0.1204607377,0.1310896362,0.0574625321,0.0695860561
2021-08-11,0.2108784333,0.2065238395,0.2029364607,0.1217210799,0.1307845570,0.0577845221,0.0693711075
2021-08-12,0.2116302144,0.2073855365,0.2030513512,0.1218196910,0.1308699228,0.0576069931,0.0676362910
2021-08-13,0.2102101135,0.2063415115,0.2017798380,0.1225127553,0.1302272558,0.0567889252,0.0721396008
2021-08-16,0.2111365455,0.2068536637,0.2017346721,0.1233759858,0.1305614315,0.0567560029,0.0695816985
2021-08-17,0.2114416859,0.2066828755,0.2014535481,0.1241836367,0.1315108006,0.0565813852,0.0681460679
2021-08-18,0.2103989718,0.2059381687,0.2013227105,0.1250359750,0.1323218100,0.0562596204,0.0687227436
2021-08-19,0.2102434207,0.2064605068,0.1998194323,0.1243845559,0.1322473189,0.0553460632,0.0714987022
2021-08-20,0.2102717742,0.2069802651,0.1994766120,0.1234859212,0.1312322629,0.0536282618,0.0749249029
2021-08-23,0.2098548298,0.2078312848,0.1994126694,0.1236541312,0.1298300125,0.0549818175,0.0744352548
2021-08-24,0.2101476092,0.2084260045,0.2004553956,0.1235717591,0.1296151032,0.0561269977,0.0716571308
2021-08-25,0.2100998981,0.2081811905,0.2003497078,0.1224297214,0.1290690730,0.0564993525,0.0733710566
2021-08-26,0.2103753784,0.2083604875,0.2004696648,0.1234581505,0.1300170022,0.0564626913,0.0708566253
2021-08-27,0.2097052614,0.2078572502,0.2001690879,0.1238075497,0.1288093667,0.0564902066,0.0731612776
2021-08-30,0.2105271314,0.2100897261,0.2005442365,0.1231377975,0.1288922011,0.0566691528,0.0701397547
2021-08-31,0.2103053696,0.2100084550,0.2007243494,0.1234379128,0.1287588492,0.0564286642,0.0703363998
2021-09-01,0.2096355349,0.2095753147,0.2009541548,0.1229866389,0.1283215026,0.0559552568,0.0725715974
2021-09-02,0.2097915560,0.2089891112,0.2011044930,0.1223753060,0.1281556774,0.0564684962,0.0731153602
2021-09-03,0.2090866132,0.2089782825,0.2008318875,0.1232983578,0.1275358848,0.0563507325,0.0739182418
2021-09-07,0.2102607358,0.2112042938,0.2021383123,0.1219987384,0.1283678428,0.0562232458,0.0698068310
2021-09-08,0.2105865996,0.2110525023,0.2016790055,0.1220304690,0.1289353124,0.0567920955,0.0689240157
2021-09-09,0.2099305459,0.2105724219,0.2013856873,0.1227136694,0.1294988131,0.0564450249,0.0694538375
2021-09-10,0.2096738422,0.2103774552,0.2017103483,0.1229126999,0.1301101478,0.0575674094,0.0676480972
2021-09-13,0.2097364518,0.2097581725,0.2019770028,0.1230463503,0.1299847858,0.0578826302,0.0676146066
2021-09-14,0.2083271610,0.2088836277,0.2005138564,0.1236738944,0.1301028409,0.0577760159,0.0707226037
2021-09-15,0.2087658005,0.2091328530,0.2004775605,0.1221869190,0.1291744695,0.0583603213,0.0719020763
2021-09-16,0.2094037849,0.2102495659,0.2009551235,0.1199754988,0.1295514945,0.0582174670,0.0716470653
2021-09-17,0.2090501834,0.2094491500,0.2005852654,0.1207593771,0.1304923997,0.0582137023,0.0714499223
2021-09-20,0.2092671055,0.2088159517,0.2005156208,0.1238127806,0.1330950396,0.0585639815,0.0659295204
2021-09-21,0.2094215388,0.2094250467,0.2014785986,0.1248484256,0.1333766443,0.0587234377,0.0627263083
2021-09-22,0.2092416855,0.2091593417,0.2012748070,0.1230748592,0.1320201926,0.0587682059,0.0664609081
2021-09-23,0.2101902674,0.2095007414,0.2020050876,0.1207383192,0.1303838616,0.0592219080,0.0679598148
2021-09-24,0.2112567881,0.2104147122,0.2019645191,0.1209957824,0.1306035962,0.0596942116,0.0650703903
2021-09-27,0.2111710423,0.2092491209,0.2023267475,0.1215462363,0.1307436664,0.0606522994,0.0643108871
2021-09-28,0.2107983650,0.2071433664,0.2018369578,0.1226238958,0.1326422964,0.0613007652,0.0636543535
2021-09-29,0.2111104342,0.2067619088,0.2015602007,0.1220468085,0.1327079017,0.0613495594,0.0644631867
2021-09-30,0.2082582271,0.2057335978,0.1999230261,0.1240787813,0.1325117570,0.0616668109,0.0678277998
2021-10-01,0.2079117140,0.2042378954,0.1988346574,0.1226933136,0.1311366619,0.0616551903,0.0735305675
2021-10-04,0.2065301266,0.2012172384,0.1977546869,0.1240479266,0.1318753177,0.0630468597,0.0755278442
2021-10-05,0.2066128940,0.2019143191,0.1973212935,0.1222477902,0.1302628350,0.0632036560,0.0784372122
2021-10-06,0.2059594793,0.2017271104,0.1958831914,0.1216812593,0.1293698570,0.0616992910,0.0836798116
2021-10-07,0.2071212105,0.2029713867,0.1972288958,0.1206791307,0.1286245273,0.0622884814,0.0810863676
2021-10-08,0.2070246795,0.2022339873,0.1973059165,0.1208948300,0.1285180116,0.0625816328,0.0814409423
2021-10-11,0.2052773902,0.2004403333,0.1960356815,0.1205207508,0.1281602045,0.0629222819,0.0866433578
2021-10-12,0.2052887960,0.2002452015,0.1963771226,0.1213702999,0.1289571001,0.0630810452,0.0846804348
2021-10-13,0.2042694410,0.2001264742,0.1960877846,0.1224759677,0.1281474020,0.0628974892,0.0859954414
2021-10-14,0.2054630195,0.2016117762,0.1966570459,0.1214501168,0.1270072533,0.0628616800,0.0849491082
2021-10-15,0.2052130351,0.2011036323,0.1963111016,0.1184722576,0.1255870402,0.0628323295,0.0904806036
2021-10-18,0.2052678684,0.2025804878,0.1959696172,0.1178611132,0.1251623448,0.0622878456,0.0908707231
2021-10-19,0.2052166948,0.2025003561,0.1958209970,0.1173054026,0.1238152239,0.0619389590,0.0934023667
2021-10-20,0.2049150473,0.2011487790,0.1954828242,0.1176972533,0.1230632525,0.0622904561,0.0954023876
2021-10-21,0.2065033604,0.2034151708,0.1963933930,0.1181946358,0.1234342202,0.0616639366,0.0903952833
2021-10-22,0.2068623429,0.2022663269,0.1970497568,0.1192479467,0.1240163004,0.0621226910,0.0884346352
2021-10-25,0.2062173578,0.2026133217,0.1960284868,0.1190595426,0.1230887125,0.0619121880,0.0910803907
2021-10-26,0.2071701842,0.2040068036,0.1966652332,0.1186178534,0.1237735324,0.0622281595,0.0875382337
2021-10-27,0.2072372780,0.2054568130,0.1964408126,0.1194970472,0.1247777550,0.0613754335,0.0852148607
2021-10-28,0.2072961830,0.2058116832,0.1963753443,0.1183605057,0.1235234721,0.0611194328,0.0875133789
2021-10-29,0.2073143662,0.2064233534,0.1955383734,0.1171261536,0.1232519018,0.0606883523,0.0896574993
2021-11-01,0.2073608597,0.2068197259,0.1964498764,0.1175617878,0.1229925577,0.0610518500,0.0877633426
2021-11-02,0.2071425256,0.2066304786,0.1954890886,0.1167137569,0.1226144005,0.0609114141,0.0904983357
2021-11-03,0.2080685263,0.2084845665,0.1964755473,0.1155551447,0.1221694627,0.0592618193,0.0899849331
2021-11-04,0.2083905552,0.2104919190,0.1961816775,0.1164975255,0.1221892052,0.0587097804,0.0875393372
2021-11-05,0.2082998244,0.2098729034,0.1960477814,0.1175600617,0.1221909416,0.0592931741,0.0867353133
2021-11-08,0.2064113957,0.2075113121,0.1945142918,0.1168129450,0.1207593673,0.0590658310,0.0949248571
2021-11-09,0.2061616446,0.2065161621,0.1943878589,0.1176354128,0.1213499707,0.0596621963,0.0942867545
2021-11-10,0.2064944560,0.2054624064,0.1943886974,0.1200706821,0.1217028680,0.0594858987,0.0923949915
2021-11-11,0.2061376345,0.2056095391,0.1946014320,0.1204957044,0.1212306704,0.0597837363,0.0921412834
2021-11-12,0.2068636344,0.2069431050,0.1951136095,0.1202418115,0.1207252892,0.0594612850,0.0906512654
2021-11-15,0.2072517045,0.2072130441,0.1953050852,0.1202397724,0.1204661363,0.0595803681,0.0899438895
2021-11-16,0.2087328387,0.2093514473,0.1962672700,0.1197490844,0.1208062461,0.0596855667,0.0854075467
2021-11-17,0.2082203906,0.2094566527,0.1955424546,0.1208401341,0.1210896138,0.0591518864,0.0856988678
2021-11-18,0.2093461794,0.2120509712,0.1960063671,0.1206936758,0.1214385287,0.0594668464,0.0809974314
2021-11-19,0.2089810093,0.2132425954,0.1951314306,0.1197760728,0.1216777301,0.0585152463,0.0826759156
2021-11-22,0.2104199535,0.2128174574,0.1959009303,0.1182297308,0.1222710794,0.0595095780,0.0808512707
2021-11-23,0.2105554812,0.2117031188,0.1957311125,0.1171269306,0.1217050366,0.0605451460,0.0826331743
2021-11-24,0.2112351150,0.2125031099,0.1959492801,0.1170800230,0.1220518616,0.0603521690,0.0808284413
2021-11-26,0.2108429756,0.2128340779,0.1950106693,0.1193354005,0.1254918830,0.0579405879,0.0785444059
2021-11-29,0.2102653757,0.2142296002,0.1938226023,0.1174043041,0.1236964313,0.0570816779,0.0835000085
2021-11-30,0.2089865468,0.2139627054,0.1935156323,0.1182058834,0.1255916529,0.0562715538,0.0834660254
2021-12-01,0.2082626547,0.2119482264,0.1929540772,0.1195945494,0.1265866385,0.0562116071,0.0844422467
2021-12-02,0.2101094393,0.2121198173,0.1946833281,0.1181769923,0.1257607231,0.0563463183,0.0828033817
2021-12-03,0.2103817338,0.2105334412,0.1948259346,0.1203729391,0.1275388707,0.0569730050,0.0793740756
2021-12-06,0.2124258731,0.2117743106,0.1965518274,0.1198243447,0.1268283503,0.0578445378,0.0747507560
2021-12-07,0.2133821566,0.2146928409,0.1974357936,0.1183430803,0.1246215338,0.0577881943,0.0737364005
2021-12-08,0.2134155668,0.2151175576,0.1976807781,0.1181127219,0.1239861085,0.0584173955,0.0732698716
2021-12-09,0.2145664848,0.2145438092,0.1983108878,0.1188262230,0.1255130712,0.0582335386,0.0700059855
2021-12-10,0.2153099173,0.2155978759,0.1981413967,0.1186244289,0.1248061778,0.0585527824,0.0689674210
2021-12-13,0.2149742498,0.2140480073,0.1975874854,0.1197993327,0.1261655838,0.0586938652,0.0687314758
2021-12-14,0.2149984486,0.2133240950,0.1977397481,0.1195158846,0.1268100855,0.0585812125,0.0690305257
2021-12-15,0.2151716989,0.2150037526,0.1973146830,0.1182774317,0.1248615374,0.0580143616,0.0713565348
2021-12-16,0.2150776457,0.2112462433,0.1978639326,0.1207205526,0.1260904208,0.0588533448,0.0701478603
2021-12-17,0.2145277340,0.2119102759,0.1976568500,0.1214466484,0.1272765596,0.0586318232,0.0685501088
2021-12-20,0.2135820598,0.2111751027,0.1970796035,0.1216937088,0.1278872462,0.0585883625,0.0699939164
2021-12-21,0.2139493592,0.2124988499,0.1972579577,0.1197257103,0.1257727702,0.0588827038,0.0719126490
2021-12-22,0.2143680909,0.2133741444,0.1974932321,0.1198889029,0.1248805752,0.0591041353,0.0708909192
2021-12-23,0.2140355685,0.2133220911,0.1972237890,0.1192309024,0.1237640880,0.0589614872,0.0734620737
2021-12-27,0.2150170259,0.2148021261,0.1974311891,0.1183857599,0.1226610185,0.0591403002,0.0725625802
2021-12-28,0.2162339297,0.2151925053,0.1984899676,0.1186396024,0.1234021245,0.0594098484,0.0686320222
2021-12-29,0.2168249260,0.2154727795,0.1988519321,0.1187766388,0.1232134546,0.0597810591,0.0670792099
2021-12-30,0.2161200503,0.2147240781,0.1985890318,0.1195707750,0.1234237413,0.0594670923,0.0681052312
2021-12-31,0.2000000000,0.2000000000,0.2000000000,0.1500000000,0.1500000000,0.0500000000,0.0500000000
2022-01-03,0.2009047335,0.2016711185,0.2009009393,0.1475064841,0.1487868184,0.0501292959,0.0501006103
2022-01-04,0.2011469735,0.1993621598,0.2012850907,0.1488221123,0.1490029859,0.0508082731,0.0495724046
2022-01-05,0.2007071826,0.1965900067,0.2012912760,0.1509486419,0.1511197331,0.0514693698,0.0478737900
2022-01-06,0.2010277668,0.1969506693,0.2016124461,0.1494789721,0.1513424242,0.0520419125,0.0475458091
2022-01-07,0.2011670259,0.1957259573,0.2022667427,0.1508597549,0.1516037056,0.0523833290,0.0459934846
2022-01-10,0.2009963405,0.1959323075,0.2016786980,0.1513783568,0.1515289694,0.0521820352,0.0463032927
2022-01-11,0.2005732951,0.1966658496,0.2017407490,0.1515022995,0.1501251410,0.0526025277,0.0467901380
2022-01-12,0.2001987745,0.1965456394,0.2019298089,0.1512102231,0.1494408039,0.0527756128,0.0478991373
2022-01-13,0.1999316433,0.1940468324,0.2019469838,0.1525980748,0.1515952442,0.0528758976,0.0470053238
2022-01-14,0.1997670023,0.1950137490,0.2016791973,0.1519711731,0.1505628525,0.0534985202,0.0475075055
2022-01-18,0.1988934810,0.1927408808,0.2009116317,0.1537803443,0.1516819484,0.0546481346,0.0473435791
2022-01-19,0.1974119404,0.1911891373,0.2003675455,0.1566857185,0.1524592628,0.0551098317,0.0467765637
2022-01-20,0.1968037509,0.1902300445,0.2003303587,0.1575565328,0.1537731774,0.0553535602,0.0459525755
2022-01-21,0.1963121018,0.1881873845,0.2003633674,0.1597868962,0.1570763025,0.0563721100,0.0419018376
2022-01-24,0.1967067610,0.1886278961,0.1996601577,0.1603070124,0.1565449168,0.0561188006,0.0420344554
2022-01-25,0.1957809607,0.1856546429,0.1991843445,0.1620409699,0.1575790891,0.0570600108,0.0426999821
2022-01-26,0.1963053123,0.1863281338,0.1993189465,0.1602503610,0.1575073998,0.0574861534,0.0428036932
2022-01-27,0.1963716837,0.1854296680,0.1988658761,0.1590221457,0.1588687151,0.0580771801,0.0433647313
2022-01-28,0.1983876781,0.1885276749,0.1992737009,0.1562938101,0.1567223339,0.0573028511,0.0434919509
2022-01-31,0.1988407928,0.1915508371,0.2002984347,0.1547909364,0.1542873902,0.0566196274,0.0436119814
2022-02-01,0.1992228047,0.1919276377,0.2009114115,0.1541756993,0.1534926993,0.0565738532,0.0436958943
2022-02-02,0.2004340743,0.1927907907,0.2013702310,0.1541778459,0.1531046875,0.0565956166,0.0415267540
2022-02-03,0.1990887449,0.1881553204,0.2008717126,0.1566063142,0.1551102954,0.0576962574,0.0424713552
2022-02-04,0.1982624956,0.1888502082,0.1999809655,0.1554658770,0.1527764721,0.0576423845,0.0470215971
2022-02-07,0.1972955766,0.1870175196,0.1994123606,0.1563546837,0.1526587861,0.0576719711,0.0495891024
2022-02-08,0.1979164313,0.1881656456,0.1999208647,0.1560422558,0.1514228208,0.0568797419,0.0496522398
2022-02-09,0.1985113293,0.1899505106,0.2008518305,0.1547779694,0.1497821378,0.0567979697,0.0493282527
2022-02-10,0.1976911829,0.1882667619,0.2007441022,0.1563624814,0.1504887673,0.0572964185,0.0491502858
2022-02-11,0.1957174866,0.1841048879,0.1992211065,0.1609243049,0.1529836549,0.0587286770,0.0483198822
2022-02-14,0.1952598189,0.1845052059,0.1984043731,0.1619364874,0.1522364694,0.0590885059,0.0485691394
2022-02-15,0.1963024084,0.1870853540,0.1997415544,0.1586953065,0.1503726207,0.0575057250,0.0502970310
2022-02-16,0.1961360546,0.1866702721,0.1999507406,0.1600121219,0.1502554533,0.0574679380,0.0495074194
2022-02-17,0.1947668815,0.1837794661,0.1989682882,0.1645826659,0.1527839485,0.0587962359,0.0463225139
2022-02-18,0.1944598527,0.1825791853,0.1985436384,0.1652728553,0.1538593594,0.0593164376,0.0459686713
2022-02-22,0.1937796065,0.1820670330,0.1976220370,0.1668290838,0.1548150918,0.0606007870,0.0442863609
2022-02-23,0.1925312824,0.1794436349,0.1971109501,0.1695083302,0.1558964601,0.0618713458,0.0436379964
2022-02-24,0.1934134324,0.1835611025,0.1958969184,0.1666782668,0.1545712328,0.0614913567,0.0443876904
2022-02-25,0.1955032848,0.1843541925,0.1980236494,0.1642931302,0.1530221295,0.0598952666,0.0449083470
2022-02-28,0.1936074692,0.1835800083,0.1953909235,0.1648080732,0.1530223083,0.0604800945,0.0491111229
2022-03-01,0.1909270360,0.1810234600,0.1924070782,0.1680376533,0.1541011701,0.0630009949,0.0505026076
2022-03-02,0.1930143594,0.1827119922,0.1938421240,0.1650702885,0.1511359480,0.0645794077,0.0496458803
2022-03-03,0.1930307904,0.1810185159,0.1927915081,0.1668980468,0.1524183342,0.0656168708,0.0482259338
2022-03-04,0.1923760133,0.1792463680,0.1908774504,0.1703655986,0.1537589939,0.0687024719,0.0446731039
2022-03-07,0.1898276059,0.1755228821,0.1878870611,0.1757894613,0.1554235861,0.0713773592,0.0441720442
2022-03-08,0.1876750689,0.1740456052,0.1869763783,0.1799151051,0.1542843989,0.0723179859,0.0447854576
2022-03-09,0.1909358618,0.1786538517,0.1908473848,0.1729653439,0.1525448045,0.0659609401,0.0480918131
2022-03-10,0.1916737894,0.1781572333,0.1909602765,0.1749658295,0.1529683690,0.0657182363,0.0455562660
2022-03-11,0.1910379635,0.1761231778,0.1903250368,0.1753899552,0.1543959886,0.0674872060,0.0452406721
2022-03-14,0.1917631609,0.1746731063,0.1912544783,0.1746785369,0.1546109271,0.0662450530,0.0467747375
2022-03-15,0.1944657050,0.1787600014,0.1927825297,0.1700865278,0.1537591582,0.0641165390,0.0460295389
2022-03-16,0.1949187793,0.1817904187,0.1950339172,0.1678287091,0.1508862167,0.0623348688,0.0472070902
2022-03-17,0.1953027563,0.1820757846,0.1950198601,0.1668933993,0.1495649662,0.0646462306,0.0464970030
2022-03-18,0.1958602446,0.1843141074,0.1955161125,0.1641012704,0.1486970285,0.0644295764,0.0470816602
2022-03-21,0.1957386739,0.1837413105,0.1949594920,0.1653008338,0.1471905931,0.0668171431,0.0462519536
2022-03-22,0.1964935871,0.1858996586,0.1956493756,0.1628298516,0.1456535730,0.0661496763,0.0473242777
2022-03-23,0.1944555168,0.1836931880,0.1937453129,0.1654731072,0.1466252109,0.0679649566,0.0480427077
2022-03-24,0.1953169652,0.1858070343,0.1938784966,0.1649267048,0.1447628192,0.0665854074,0.0487225724
2022-03-25,0.1962046368,0.1855894368,0.1942536129,0.1641958807,0.1435638783,0.0670567519,0.0491358026
2022-03-28,0.1971216715,0.1880044750,0.1944135984,0.1608164438,0.1435671709,0.0639880322,0.0520886082
2022-03-29,0.1975466571,0.1893103833,0.1955725429,0.1592649509,0.1427867003,0.0635862165,0.0519325490
2022-03-30,0.1967235008,0.1875975921,0.1948874511,0.1608695332,0.1434634422,0.0648629025,0.0515955782
2022-03-31,0.1958822706,0.1873638588,0.1941170505,0.1627486194,0.1450152787,0.0643845245,0.0504883976
2022-04-01,0.1961639198,0.1867469020,0.1950907095,0.1614874231,0.1445560596,0.0647143087,0.0512406773
2022-04-04,0.1959574053,0.1887739614,0.1948032942,0.1607224550,0.1432980339,0.0653189124,0.0511259377
2022-04-05,0.1961567818,0.1871339425,0.1946519918,0.1619233494,0.1438103484,0.0656768027,0.0506467833
2022-04-06,0.1964179562,0.1851663124,0.1946833776,0.1641603588,0.1450849508,0.0659022690,0.0485847753
2022-04-07,0.1968679005,0.1850991034,0.1945969577,0.1643311323,0.1443728123,0.0659469840,0.0487851099
2022-04-08,0.1970935340,0.1832106234,0.1948752463,0.1659942087,0.1441960808,0.0670273842,0.0476029226
2022-04-11,0.1964532608,0.1813957387,0.1948574553,0.1691669744,0.1455986552,0.0674117831,0.0451161325
2022-04-12,0.1953041540,0.1802407529,0.1936307625,0.1700987652,0.1457450449,0.0692720128,0.0457085077
2022-04-13,0.1951798864,0.1817063280,0.1936703572,0.1688703877,0.1442920702,0.0699488256,0.0463321450
2022-04-14,0.1948974425,0.1795296889,0.1939597398,0.1701880897,0.1447168899,0.0712608500,0.0454472991
2022-04-18,0.1946711115,0.1793852688,0.1931049540,0.1704468915,0.1440447745,0.0719590898,0.0463879100
2022-04-19,0.1968646542,0.1825148554,0.1943677397,0.1670656045,0.1424823679,0.0697743976,0.0469303807
2022-04-20,0.1969328038,0.1800487551,0.1947358213,0.1680661188,0.1434543381,0.0699260168,0.0468361461
2022-04-21,0.1963622138,0.1784814109,0.1941086288,0.1695178962,0.1444112994,0.0706797285,0.0464388224
2022-04-22,0.1945742777,0.1770842042,0.1932877217,0.1710343579,0.1469907719,0.0706332659,0.0463954007
2022-04-25,0.1953401129,0.1790269977,0.1931515493,0.1676498195,0.1477021368,0.0699831830,0.0471462008
2022-04-26,0.1933068724,0.1755609314,0.1914634407,0.1711134010,0.1509889082,0.0722994086,0.0452670376
2022-04-27,0.1936595337,0.1751778858,0.1919927298,0.1696530656,0.1502306866,0.0727305291,0.0465555694
2022-04-28,0.1951959324,0.1783339788,0.1926594317,0.1676864309,0.1476348535,0.0720992328,0.0463901399
2022-04-29,0.1924126047,0.1743229947,0.1921028021,0.1716190117,0.1502089972,0.0732397743,0.0460938153
2022-05-02,0.1932404972,0.1769309833,0.1923930415,0.1681496674,0.1491363587,0.0742302323,0.0459192196
2022-05-03,0.1939474657,0.1769567497,0.1932448892,0.1684398303,0.1493345238,0.0731270300,0.0449495114
2022-05-04,0.1952194085,0.1786978844,0.1932873258,0.1661500709,0.1468122203,0.0736602948,0.0461727953
2022-05-05,0.1938323652,0.1747015562,0.1921977250,0.1703972125,0.1496446538,0.0754319686,0.0437945187
2022-05-06,0.1938505813,0.1736613445,0.1914542596,0.1717204391,0.1499226896,0.0759726067,0.0434180792
2022-05-09,0.1937384576,0.1722860918,0.1911149223,0.1747304963,0.1555539549,0.0748922739,0.0376838032
2022-05-10,0.1936702505,0.1739159252,0.1912719403,0.1727946204,0.1556119824,0.0742510302,0.0384842511
2022-05-11,0.1924126994,0.1703686589,0.1906297188,0.1758685742,0.1576802530,0.0768016234,0.0362384724
2022-05-12,0.1927492227,0.1704410229,0.1908804675,0.1736559818,0.1584134577,0.0773801599,0.0364796874
2022-05-13,0.1943501660,0.1740641418,0.1931665896,0.1696230337,0.1553328831,0.0772483050,0.0362148808
2022-05-16,0.1934600326,0.1719561649,0.1924456054,0.1711511242,0.1555996819,0.0784748239,0.0369125672
2022-05-17,0.1954214653,0.1746069936,0.1944120944,0.1683380336,0.1531698511,0.0768275661,0.0372239958
2022-05-18,0.1925433750,0.1704616649,0.1929510490,0.1729175112,0.1578840906,0.0771682784,0.0360740308
2022-05-19,0.1905390415,0.1688172812,0.1926163775,0.1747024389,0.1576017854,0.0778109898,0.0379120857
2022-05-20,0.1907338820,0.1683911936,0.1932699250,0.1749267655,0.1581693581,0.0779680998,0.0365407762
2022-05-23,0.1923506940,0.1694714390,0.1943263765,0.1739748854,0.1560644223,0.0777646143,0.0360475685
2022-05-24,0.1915678331,0.1664638028,0.1933694968,0.1759129787,0.1578283147,0.0779884679,0.0368691060
2022-05-25,0.1922165526,0.1678818718,0.1936931422,0.1739078964,0.1576274495,0.0781183762,0.0365547114
2022-05-26,0.1937691241,0.1705197203,0.1946645976,0.1715603935,0.1556679022,0.0780508747,0.0357673875
2022-05-27,0.1956421954,0.1735276588,0.1957090138,0.1691564332,0.1536576103,0.0778296101,0.0344774785
2022-05-31,0.1949125195,0.1733947472,0.1951198720,0.1677998457,0.1529725694,0.0774390902,0.0383613560
2022-06-01,0.1944847900,0.1731350159,0.1948105828,0.1698719824,0.1532497884,0.0782779122,0.0361699284
2022-06-02,0.1948236918,0.1748565356,0.1953806706,0.1690434689,0.1508384102,0.0787038334,0.0363533895
2022-06-03,0.1941529054,0.1725523023,0.1947804073,0.1695335017,0.1525748723,0.0804958346,0.0359101764
2022-06-06,0.1942387529,0.1726778998,0.1950253340,0.1683489942,0.1512465548,0.0806362881,0.0378261762
2022-06-07,0.1947884042,0.1730008095,0.1951475402,0.1683113559,0.1508068718,0.0806299526,0.0373150658
2022-06-08,0.1939249329,0.1728739406,0.1944800356,0.1692503331,0.1511671215,0.0818801739,0.0364234624
2022-06-09,0.1920650765,0.1706894832,0.1928467155,0.1711643426,0.1531997243,0.0832068468,0.0368278111
2022-06-10,0.1898386230,0.1676205441,0.1911598749,0.1765689529,0.1547383051,0.0838658754,0.0362078247
2022-06-13,0.1899397078,0.1662231525,0.1914020909,0.1787850772,0.1582927264,0.0862412203,0.0291160249
2022-06-14,0.1902346531,0.1672875295,0.1916715756,0.1781664625,0.1580757085,0.0856796726,0.0288843981
2022-06-15,0.1901813846,0.1690075809,0.1919163305,0.1779049021,0.1575412201,0.0845088599,0.0289397219
2022-06-16,0.1874870272,0.1653639196,0.1895275486,0.1834270786,0.1610104525,0.0865419364,0.0266420371
2022-06-17,0.1882444278,0.1676892755,0.1900875739,0.1822607813,0.1612970079,0.0836111666,0.0268097670
2022-06-21,0.1907439529,0.1699251158,0.1918210472,0.1794727368,0.1587898906,0.0824390637,0.0268081930
2022-06-22,0.1907830161,0.1700202378,0.1911249523,0.1805521836,0.1604640985,0.0811316252,0.0259238866
2022-06-23,0.1917480722,0.1717416676,0.1913732207,0.1786024906,0.1603757890,0.0789381161,0.0272206437
2022-06-24,0.1943006959,0.1744445047,0.1935958242,0.1752282302,0.1572541185,0.0782587371,0.0269178894
2022-06-27,0.1943751227,0.1738961650,0.1939250071,0.1757709531,0.1572143349,0.0784186782,0.0263997390
2022-06-28,0.1926942542,0.1706265802,0.1934765686,0.1775925364,0.1591690849,0.0803096746,0.0261313012
2022-06-29,0.1928088935,0.1710238362,0.1931653582,0.1777067039,0.1603121558,0.0790427803,0.0259402721
2022-06-30,0.1928538097,0.1703257326,0.1933204512,0.1781149676,0.1623975281,0.0772441358,0.0257433750
2022-07-01,0.1938705268,0.1705500583,0.1935000386,0.1770328152,0.1628916993,0.0772136635,0.0249411982
2022-07-05,0.1952481678,0.1743731594,0.1934883900,0.1741803593,0.1640439633,0.0723969092,0.0262690510
2022-07-06,0.1964141958,0.1759451034,0.1941023408,0.1718642701,0.1633613366,0.0715086047,0.0268041486
2022-07-07,0.1966213476,0.1772450468,0.1944860215,0.1696008907,0.1607566842,0.0734520340,0.0278379753
2022-07-08,0.1962877230,0.1773120982,0.1942486707,0.1695255858,0.1600153168,0.0746767677,0.0279338378
2022-07-11,0.1963007990,0.1755407443,0.1935860375,0.1705766885,0.1626267439,0.0753998539,0.0259691329
2022-07-12,0.1963737623,0.1754574755,0.1942673277,0.1715236894,0.1643655851,0.0726501326,0.0253620274
2022-07-13,0.1951638487,0.1749357478,0.1934048566,0.1721873177,0.1648119804,0.0729927933,0.0265034555
2022-07-14,0.1955768639,0.1763602803,0.1927953170,0.1705420246,0.1649797463,0.0726501985,0.0270955694
2022-07-15,0.1969958043,0.1774714007,0.1937494406,0.1682204348,0.1637017484,0.0727338228,0.0271273483
2022-07-18,0.1954331858,0.1760271111,0.1934727196,0.1684342439,0.1632268134,0.0741216506,0.0292842757
2022-07-19,0.1973038656,0.1783581696,0.1950448271,0.1659681500,0.1602334643,0.0731477369,0.0299437864
2022-07-20,0.1980064099,0.1806799805,0.1951443328,0.1639482611,0.1596758109,0.0728864280,0.0296587769
2022-07-21,0.1982355077,0.1816360554,0.1954491893,0.1647760554,0.1595715302,0.0710227950,0.0293088669
2022-07-22,0.1976726652,0.1796107748,0.1950344775,0.1662608612,0.1618614530,0.0706330349,0.0289267335
2022-07-25,0.1982196560,0.1788646480,0.1960696386,0.1660626123,0.1615163514,0.0720215356,0.0272455580
2022-07-26,0.1975491779,0.1768493589,0.1953497484,0.1672837997,0.1628656567,0.0727806245,0.0273216339
2022-07-27,0.1980369559,0.1801015219,0.1954928372,0.1651173429,0.1596920449,0.0727382648,0.0288210325
2022-07-28,0.1984355969,0.1799713532,0.1953438409,0.1653913723,0.1591632050,0.0720372874,0.0296573443
2022-07-29,0.1994735583,0.1815650563,0.1958825553,0.1643281435,0.1577118655,0.0717031069,0.0293357142
2022-08-01,0.1992323157,0.1817744829,0.1957539289,0.1655498109,0.1585365946,0.0703710557,0.0287818114
2022-08-02,0.1992660787,0.1824669888,0.1955509204,0.1656876874,0.1579778620,0.0704903274,0.0285601353
2022-08-03,0.2002358498,0.1854443444,0.1957637376,0.1643267460,0.1569961089,0.0691384072,0.0280948061
2022-08-04,0.1994732809,0.1857274734,0.1954700954,0.1665210285,0.1568815376,0.0681840907,0.0277424936
2022-08-05,0.2002104838,0.1852040714,0.1960740671,0.1655365986,0.1559664351,0.0683047686,0.0287035754
2022-08-08,0.1993741673,0.1840480312,0.1957601359,0.1664346101,0.1562070236,0.0689199647,0.0292560671
2022-08-09,0.1993759471,0.1826919345,0.1954899246,0.1676108806,0.1564816101,0.0697726596,0.0285770435
2022-08-10,0.2004552618,0.1849234833,0.1967559317,0.1646369126,0.1544813789,0.0696547461,0.0290922856
2022-08-11,0.2006186964,0.1840238264,0.1970433470,0.1643364413,0.1537834370,0.0710662264,0.0291280255
2022-08-12,0.2015940183,0.1853805978,0.1973405323,0.1638799691,0.1526394344,0.0698481049,0.0293173432
2022-08-15,0.2025709466,0.1870136952,0.1975249235,0.1618881330,0.1529421916,0.0690412127,0.0290188973
2022-08-16,0.2032519750,0.1868369579,0.1980320786,0.1618311359,0.1529338676,0.0683598658,0.0287541192
2022-08-17,0.2033318155,0.1860994014,0.1979422500,0.1619973900,0.1531760489,0.0691459211,0.0283071731
2022-08-18,0.2035422900,0.1861989119,0.1975940508,0.1612720734,0.1532183953,0.0700691594,0.0281051192
2022-08-19,0.2037070679,0.1852051453,0.1976463575,0.1624034318,0.1543414924,0.0710536913,0.0256428139
2022-08-22,0.2021433647,0.1827502595,0.1965942639,0.1634914696,0.1557389630,0.0726456367,0.0266360426
2022-08-23,0.2013104281,0.1822877559,0.1961724718,0.1643536591,0.1554121056,0.0737124399,0.0267511396
2022-08-24,0.2014506767,0.1823594574,0.1963301141,0.1644267695,0.1546117696,0.0743018033,0.0265194095
2022-08-25,0.2023758776,0.1838408816,0.1973078594,0.1633813159,0.1540067426,0.0725641887,0.0265231341
2022-08-26,0.2003051933,0.1806152485,0.1961304909,0.1653410123,0.1574769454,0.0746463140,0.0254847957
2022-08-29,0.1997184126,0.1794982312,0.1957806641,0.1660566253,0.1572985109,0.0760203286,0.0256272273
2022-08-30,0.1995403669,0.1793094744,0.1957788119,0.1663509798,0.1591070333,0.0746639782,0.0252493554
2022-08-31,0.1994582921,0.1795599963,0.1959239501,0.1662630876,0.1594062480,0.0736309718,0.0257574541
2022-09-01,0.2008151214,0.1802942335,0.1959213776,0.1654036662,0.1592946025,0.0723196794,0.0259513195
2022-09-02,0.1995201250,0.1784827748,0.1950644219,0.1675506878,0.1604174903,0.0731095063,0.0258549940
2022-09-06,0.2002412676,0.1785148637,0.1955571855,0.1678074972,0.1600934042,0.0732156714,0.0245701104
2022-09-07,0.2014800824,0.1800138769,0.1961001022,0.1675524968,0.1593392788,0.0706447714,0.0248693916
2022-09-08,0.2023935012,0.1805871389,0.1966282875,0.1662154244,0.1585139680,0.0707909351,0.0248707449
2022-09-09,0.2022328880,0.1815680003,0.1971473786,0.1644069776,0.1559495588,0.0716274544,0.0270677424
2022-09-12,0.2024815424,0.1819959440,0.1976050851,0.1636841629,0.1542487689,0.0719310310,0.0280534657
2022-09-13,0.2001821447,0.1777933626,0.1962312637,0.1669805353,0.1585334178,0.0739714824,0.0263077935
2022-09-14,0.2003853819,0.1787038351,0.1964938689,0.1658739643,0.1582985139,0.0740819306,0.0261625053
2022-09-15,0.2008599312,0.1781666967,0.1971904271,0.1650347447,0.1600101972,0.0729198905,0.0258181125
2022-09-16,0.2000540243,0.1777226092,0.1962603975,0.1665553394,0.1604796895,0.0729218606,0.0260060796
2022-09-19,0.2008106967,0.1784005771,0.1966853309,0.1660265845,0.1596045587,0.0728679741,0.0256042780
2022-09-20,0.2002875172,0.1785671093,0.1958611825,0.1665609074,0.1603191021,0.0734336840,0.0249704976
2022-09-21,0.1986623674,0.1770348847,0.1945933061,0.1689231135,0.1623520328,0.0736849115,0.0247493840
2022-09-22,0.1981484875,0.1758810605,0.1942079834,0.1698152697,0.1615639098,0.0743262576,0.0260570316
2022-09-23,0.1981414530,0.1759594477,0.1929975640,0.1697190773,0.1638056221,0.0730349503,0.0263418857
2022-09-26,0.1983414718,0.1771608130,0.1927810804,0.1695917285,0.1634794929,0.0721169371,0.0265284763
2022-09-27,0.1979982668,0.1773780143,0.1922877218,0.1700794832,0.1629151458,0.0729458856,0.0263954826
2022-09-28,0.1979229549,0.1773480583,0.1924371407,0.1701999192,0.1622850267,0.0735024986,0.0263044016
2022-09-29,0.1965422493,0.1746829366,0.1914963893,0.1725849441,0.1637264339,0.0740879149,0.0268791320
2022-09-30,0.1953608846,0.1733696612,0.1912978579,0.1742532392,0.1649046262,0.0738723785,0.0269413525
2022-10-03,0.1963050985,0.1737084096,0.1919077674,0.1747386556,0.1627511110,0.0739534085,0.0266355493
2022-10-04,0.1976532000,0.1749784688,0.1937714338,0.1730959016,0.1593701610,0.0741729200,0.0269579148
2022-10-05,0.1976238823,0.1752675113,0.1932652811,0.1725133336,0.1588800202,0.0756671380,0.0267828334
2022-10-06,0.1968049200,0.1749720249,0.1922959618,0.1733936472,0.1592423663,0.0766156230,0.0266754567
2022-10-07,0.1950795746,0.1716164207,0.1913349286,0.1748670160,0.1615154752,0.0789432020,0.0266433830
2022-10-10,0.1954750769,0.1715551923,0.1915608777,0.1738855990,0.1623558966,0.0788224585,0.0263448989
2022-10-11,0.1955658747,0.1703558342,0.1911746366,0.1747147961,0.1635694473,0.0782191005,0.0264003106
2022-10-12,0.1949148921,0.1702922846,0.1906840183,0.1756440596,0.1637015951,0.0782167210,0.0265464294
2022-10-13,0.1975116035,0.1720668965,0.1923002766,0.1722070582,0.1611094765,0.0782878247,0.0265168641
2022-10-14,0.1966572756,0.1700483063,0.1918373881,0.1732746621,0.1632566157,0.0781828274,0.0267429248
2022-10-17,0.1983621094,0.1727473095,0.1936158864,0.1708881510,0.1608855209,0.0767016025,0.0267994204
2022-10-18,0.1996774861,0.1732325856,0.1944971341,0.1703893827,0.1603416005,0.0754930156,0.0263687955
2022-10-19,0.1998736839,0.1740035195,0.1940094954,0.1694725818,0.1602497051,0.0760758734,0.0263151410
2022-10-20,0.1991480568,0.1739458853,0.1940214865,0.1700157816,0.1600437621,0.0765022306,0.0263227970
2022-10-21,0.2006803149,0.1751381347,0.1948459142,0.1702411084,0.1576844071,0.0753527379,0.0260573828
2022-10-24,0.2022381616,0.1762823317,0.1943634587,0.1689389404,0.1567698903,0.0752307746,0.0261764427
2022-10-25,0.2026683017,0.1774775359,0.1952406345,0.1670168864,0.1561532416,0.0746222107,0.0268211893
2022-10-26,0.2014127506,0.1737900676,0.1955507742,0.1683064697,0.1570583839,0.0761226241,0.0277589299
2022-10-27,0.2014114495,0.1715409713,0.1954947686,0.1689469601,0.1586986074,0.0766505910,0.0272566521
2022-10-28,0.2040483171,0.1749427858,0.1965450181,0.1654744221,0.1566453885,0.0749607206,0.0273833478
2022-10-31,0.2040941650,0.1742057424,0.1966136250,0.1653551742,0.1572901477,0.0749857597,0.0274553860
2022-11-01,0.2030335908,0.1722835626,0.1968495601,0.1669046606,0.1574525862,0.0760573407,0.0274186990
2022-11-02,0.2012229708,0.1691392410,0.1959035632,0.1684913851,0.1597954900,0.0780169018,0.0274304480
2022-11-03,0.2007771878,0.1671892490,0.1959914803,0.1692206622,0.1605049294,0.0785928094,0.0277236818
2022-11-04,0.1998136277,0.1666644472,0.1967796546,0.1711151988,0.1574515219,0.0797150301,0.0284605197
2022-11-07,0.2012344969,0.1680871589,0.1975928642,0.1700227762,0.1565691782,0.0788331101,0.0276604155
2022-11-08,0.2013962513,0.1685387598,0.1980930202,0.1731557369,0.1565171405,0.0775200951,0.0247789963
2022-11-09,0.2008375286,0.1676467035,0.1978192505,0.1754231072,0.1595518258,0.0771118015,0.0216097829
2022-11-10,0.2025755398,0.1721163622,0.1993780507,0.1728302945,0.1558245533,0.0743942944,0.0228809051
2022-11-11,0.2025560618,0.1735908100,0.2003326611,0.1722878275,0.1542041345,0.0750809442,0.0219475609
2022-11-14,0.2022264263,0.1732656631,0.1997710066,0.1738627845,0.1548397250,0.0744743776,0.0215600170
2022-11-15,0.2021102406,0.1740776761,0.1999692183,0.1728992996,0.1545740342,0.0746616127,0.0217079185
2022-11-16,0.2018100282,0.1727645553,0.1995100185,0.1735701817,0.1564934537,0.0742878147,0.0215639479
2022-11-17,0.2021241515,0.1731814805,0.1999565314,0.1731066823,0.1565573474,0.0733865083,0.0216872985
2022-11-18,0.2031487098,0.1732786596,0.2005393258,0.1720037826,0.1564139254,0.0729035491,0.0217120478
2022-11-21,0.2036742024,0.1725672033,0.2006017234,0.1721105518,0.1572935062,0.0730964648,0.0206563480
2022-11-22,0.2043490033,0.1733005253,0.2011541517,0.1705878374,0.1565222321,0.0731153098,0.0209709404
2022-11-23,0.2043904367,0.1739790312,0.2014664140,0.1706106062,0.1564996858,0.0716680378,0.0213857884
2022-11-25,0.2046583076,0.1730997482,0.2020011312,0.1710191232,0.1567717999,0.0711458688,0.0213040212
2022-11-28,0.2036626830,0.1724823886,0.2013357202,0.1715799636,0.1582802232,0.0715119491,0.0211470723
2022-11-29,0.2032592926,0.1711316982,0.2016931211,0.1723822016,0.1576726769,0.0724227240,0.0214382855
2022-11-30,0.2044084538,0.1744491848,0.2019970181,0.1702108910,0.1549196593,0.0721940442,0.0218207489
2022-12-01,0.2033784866,0.1739111841,0.2015920201,0.1725937600,0.1555361137,0.0715165631,0.0214718723
2022-12-02,0.2034688078,0.1734955196,0.2018036855,0.1722724843,0.1564308978,0.0708683444,0.0216602607
2022-12-05,0.2031025476,0.1733958154,0.2015922124,0.1721077493,0.1577605958,0.0701704042,0.0218706754
2022-12-06,0.2019312213,0.1712928805,0.2012012917,0.1740931261,0.1596133292,0.0696565273,0.0222116239
2022-12-07,0.2013963281,0.1704316321,0.2006695932,0.1755000088,0.1608821436,0.0692431814,0.0218771127
2022-12-08,0.2019311601,0.1715626173,0.2011524943,0.1747452351,0.1595737370,0.0687722508,0.0222625053
2022-12-09,0.2012302490,0.1711554905,0.2009193670,0.1760711748,0.1592655585,0.0691360706,0.0222220897
2022-12-12,0.2028465735,0.1722128909,0.2015033860,0.1735176333,0.1582951919,0.0694476542,0.0221766702
2022-12-13,0.2021245774,0.1721415301,0.2011282093,0.1745321680,0.1575923257,0.0698167176,0.0226644719
2022-12-14,0.2014136020,0.1713598720,0.2008830219,0.1746114583,0.1583980565,0.0705600311,0.0227739582
2022-12-15,0.2004351386,0.1689341115,0.1998561164,0.1752064170,0.1618182316,0.0711061992,0.0226437858
2022-12-16,0.1993807249,0.1684317797,0.1992971918,0.1779028757,0.1624649003,0.0706704155,0.0218521121
2022-12-19,0.1991175777,0.1672638007,0.1995201714,0.1786825937,0.1626333513,0.0710473407,0.0217351645
2022-12-20,0.1987118685,0.1665651461,0.1993059087,0.1810299246,0.1609804449,0.0711306335,0.0222760737
2022-12-21,0.1998979921,0.1674857439,0.2001193008,0.1791304653,0.1599948631,0.0714086594,0.0219629754
2022-12-22,0.1995344773,0.1654513495,0.2001994983,0.1792003090,0.1619657853,0.0713913233,0.0222572573
2022-12-23,0.1999445363,0.1652139237,0.2003922627,0.1790768813,0.1608123710,0.0724285795,0.0221314456
2022-12-27,0.1996068885,0.1632468157,0.2008226130,0.1809953009,0.1600083303,0.0732438605,0.0220761911
2022-12-28,0.1989748159,0.1626022256,0.2001691308,0.1818694743,0.1612265342,0.0730940066,0.0220638126
2022-12-29,0.2000273262,0.1644859402,0.2010795148,0.1806040865,0.1598038228,0.0720928216,0.0219064879
2022-12-30,0.2000000000,0.2000000000,0.2000000000,0.1500000000,0.1500000000,0.0500000000,0.0500000000
2023-01-03,0.1993384170,0.1988279610,0.2002972173,0.1513925720,0.1510181941,0.0488474399,0.0502781987
2023-01-04,0.1995029952,0.1984084215,0.2013719488,0.1517719749,0.1508152227,0.0476462284,0.0504832084
2023-01-05,0.1991765718,0.1972339362,0.2012670123,0.1513645111,0.1521825198,0.0478730898,0.0509023589
2023-01-06,0.1998020411,0.1987564775,0.2018959972,0.1512127650,0.1508671501,0.0472064316,0.0502591375
2023-01-09,0.1989610863,0.1993141059,0.2016381930,0.1509999684,0.1506966658,0.0475914926,0.0507984880
2023-01-10,0.1993811541,0.2000228108,0.2017439744,0.1508173559,0.1493895040,0.0473598407,0.0512853601
2023-01-11,0.1996812816,0.2012443150,0.2015402259,0.1490554398,0.1486564474,0.0476807323,0.0521415580
2023-01-12,0.1985899033,0.2004960439,0.2011322078,0.1494116421,0.1483728197,0.0476361787,0.0543612044
2023-01-13,0.1977975358,0.2002930985,0.2005906797,0.1500195670,0.1466666356,0.0477248116,0.0569076718
2023-01-17,0.1969115452,0.2001670925,0.2000146641,0.1486423470,0.1460140568,0.0479246214,0.0603256730
2023-01-18,0.1955049857,0.1993003026,0.1996000039,0.1495173538,0.1487586793,0.0478226069,0.0594960677
2023-01-19,0.1941993996,0.1974618633,0.1988341554,0.1519820614,0.1485089711,0.0483361279,0.0606774212
2023-01-20,0.1947295200,0.1996993505,0.1987643779,0.1491108415,0.1455945785,0.0478678483,0.0642334835
2023-01-23,0.1952281331,0.2022320428,0.1987701375,0.1480003319,0.1438764574,0.0475348201,0.0643580772
2023-01-24,0.1951645828,0.2019702392,0.1987242348,0.1486470918,0.1446187407,0.0473056072,0.0635695035
2023-01-25,0.1948344999,0.2011057956,0.1986808945,0.1490230224,0.1444927210,0.0470757753,0.0647872914
2023-01-26,0.1957772951,0.2037793680,0.1991460536,0.1467750720,0.1433703925,0.0469957099,0.0641561090
2023-01-27,0.1958763652,0.2054399223,0.1989186135,0.1463086099,0.1428999557,0.0463873436,0.0641691900
2023-01-30,0.1955810889,0.2035365196,0.1986944586,0.1475645443,0.1441076542,0.0462999641,0.0642157702
2023-01-31,0.1963000084,0.2043415688,0.1988064801,0.1464915989,0.1431270567,0.0465834819,0.0643498051
2023-02-01,0.1959912869,0.2061915289,0.1985445294,0.1465461718,0.1423963053,0.0451513968,0.0651787809
2023-02-02,0.1972757071,0.2119067746,0.1985744177,0.1423729882,0.1414273657,0.0444647483,0.0639779984
2023-02-03,0.1979830585,0.2111311137,0.1991905532,0.1408141476,0.1420786515,0.0439676274,0.0648348481
2023-02-06,0.1981704654,0.2108317603,0.1988028264,0.1421084519,0.1422992204,0.0444111392,0.0633761364
2023-02-07,0.1985348918,0.2128124132,0.1986976863,0.1406611708,0.1404794876,0.0447530123,0.0640613379
2023-02-08,0.1979165302,0.2106810361,0.1986220529,0.1421237227,0.1417902027,0.0452003215,0.0636661340
2023-02-09,0.1981240991,0.2108661579,0.1995757835,0.1423813891,0.1426174855,0.0452847681,0.0611503168
2023-02-10,0.1988780747,0.2097897232,0.1995012094,0.1428623986,0.1422056068,0.0459940068,0.0607689806
2023-02-13,0.1996247199,0.2114676424,0.2001151859,0.1410154792,0.1415133682,0.0455372532,0.0607263511
2023-02-14,0.1990346376,0.2124982107,0.1997439270,0.1407693823,0.1406595842,0.0455732085,0.0617210497
2023-02-15,0.1984865851,0.2128453126,0.1986555552,0.1385330517,0.1395481827,0.0448171115,0.0671142011
2023-02-16,0.1979981945,0.2112462188,0.1990182787,0.1400066934,0.1405587591,0.0451993266,0.0659725289
2023-02-17,0.1973842847,0.2096290326,0.1984464943,0.1403400431,0.1408043521,0.0448336548,0.0685621383
2023-02-21,0.1962561694,0.2076622309,0.1979477009,0.1418624047,0.1415244457,0.0455472128,0.0691998355
2023-02-22,0.1964731395,0.2083344813,0.1977838242,0.1414150739,0.1422564300,0.0450677523,0.0686692988
2023-02-23,0.1967293570,0.2093147228,0.1980395852,0.1407755171,0.1421976910,0.0452305404,0.0677125865
2023-02-24,0.1970467918,0.2083679225,0.1978982655,0.1414997863,0.1431397875,0.0456384619,0.0664089845
2023-02-27,0.1967207558,0.2088016138,0.1979974689,0.1413380556,0.1426964597,0.0454466456,0.0669990005
2023-02-28,0.1964177381,0.2089828684,0.1975680819,0.1422891791,0.1429905035,0.0456795515,0.0660720775
2023-03-01,0.1956294750,0.2072659555,0.1979287771,0.1430850410,0.1421462334,0.0464595305,0.0674849875
2023-03-02,0.1965160435,0.2083083038,0.1983215832,0.1425407410,0.1413948770,0.0461374744,0.0667809771
2023-03-03,0.1975902156,0.2104025693,0.1990778433,0.1425702053,0.1410277246,0.0463779312,0.0629535105
2023-03-06,0.1979318477,0.2108594277,0.1989800597,0.1419979969,0.1408247465,0.0461981923,0.0632077291
2023-03-07,0.1974393172,0.2109889355,0.1984952610,0.1413351092,0.1424696473,0.0458392329,0.0634324969
2023-03-08,0.1977601055,0.2120411313,0.1990217461,0.1412670205,0.1423212334,0.0455889311,0.0619998322
2023-03-09,0.1966918377,0.2111371780,0.1983463552,0.1445547928,0.1447356673,0.0456299452,0.0589042238
2023-03-10,0.1945857802,0.2089582655,0.1963435776,0.1482294846,0.1469754246,0.0462911861,0.0586162813
2023-03-13,0.1911417562,0.2070772439,0.1925274775,0.1491599273,0.1457297742,0.0452481960,0.0691156248
2023-03-14,0.1924266659,0.2097920700,0.1931982762,0.1468653419,0.1434771246,0.0442400523,0.0700004692
2023-03-15,0.1917151867,0.2114351868,0.1907234792,0.1483923318,0.1452804869,0.0433224002,0.0691309283
2023-03-16,0.1924066819,0.2140362992,0.1912361187,0.1466553406,0.1427275059,0.0428608574,0.0700771965
2023-03-17,0.1889961544,0.2117243307,0.1878195431,0.1500046521,0.1427457451,0.0424681400,0.0762414346
2023-03-20,0.1898252815,0.2113753202,0.1888672189,0.1492846435,0.1414355978,0.0424158568,0.0767960813
2023-03-21,0.1911660942,0.2131103632,0.1902013725,0.1455897665,0.1401629869,0.0423099797,0.0774594369
2023-03-22,0.1891931316,0.2116508624,0.1892989104,0.1490809309,0.1424790135,0.0427113419,0.0755858093
2023-03-23,0.1881220787,0.2123741356,0.1881654018,0.1496909169,0.1416303691,0.0422441188,0.0777729792
2023-03-24,0.1895583872,0.2133829953,0.1888332909,0.1481643164,0.1420224309,0.0424927297,0.0755458497
2023-03-27,0.1905728912,0.2126575560,0.1902142695,0.1473029929,0.1409793074,0.0434390018,0.0748339812
2023-03-28,0.1901099212,0.2114888075,0.1903708612,0.1484817480,0.1407398075,0.0436352000,0.0751736546
2023-03-29,0.1907561828,0.2129815404,0.1905998580,0.1461235565,0.1393639397,0.0428808057,0.0772941170
2023-03-30,0.1908164738,0.2138134390,0.1910174756,0.1466324708,0.1387503613,0.0429551359,0.0760146435
2023-03-31,0.1916330960,0.2152654913,0.1911614797,0.1444563752,0.1380725896,0.0429372909,0.0764736773
2023-04-03,0.1920564525,0.2143997576,0.1917477348,0.1452650236,0.1384515435,0.0435730459,0.0745064421
2023-04-04,0.1906890932,0.2133388001,0.1906376782,0.1477390377,0.1387451294,0.0434500960,0.0754001654
2023-04-05,0.1907611089,0.2118671849,0.1902763866,0.1480645917,0.1396341350,0.0437433680,0.0756532248
2023-04-06,0.1912894591,0.2130553196,0.1906839352,0.1468426534,0.1393519456,0.0435676430,0.0752090440
2023-04-10,0.1909941047,0.2123879485,0.1904217520,0.1453817481,0.1380392432,0.0434557659,0.0793194376
2023-04-11,0.1906761929,0.2106170537,0.1905077670,0.1460179063,0.1378553826,0.0436055447,0.0807201529
2023-04-12,0.1902684182,0.2091626260,0.1906095634,0.1470166788,0.1382896396,0.0440326967,0.0806203774
2023-04-13,0.1905562032,0.2107813265,0.1908684769,0.1472729090,0.1366285131,0.0435212212,0.0803713500
2023-04-14,0.1909405058,0.2113255503,0.1911263689,0.1453113428,0.1365661053,0.0437694288,0.0809606980
2023-04-17,0.1921947177,0.2121327109,0.1921468917,0.1450937588,0.1362826582,0.0437200092,0.0784292536
2023-04-18,0.1915823138,0.2113321910,0.1917380127,0.1450980759,0.1359520237,0.0436416461,0.0806557369
2023-04-19,0.1927582573,0.2125652840,0.1924934130,0.1453156596,0.1366024351,0.0433054894,0.0769594617
2023-04-20,0.1924951887,0.2118125849,0.1925808346,0.1464882471,0.1377887081,0.0431044640,0.0757299727
2023-04-21,0.1934067694,0.2128722933,0.1934050105,0.1456135351,0.1380970053,0.0431843191,0.0734210672
2023-04-24,0.1932288245,0.2120120057,0.1932333968,0.1457696738,0.1383682177,0.0434434147,0.0739444667
2023-04-25,0.1915278761,0.2095072212,0.1914425592,0.1475637932,0.1402302744,0.0431359473,0.0765923285
2023-04-26,0.1910268256,0.2111206384,0.1913349678,0.1470001402,0.1399396019,0.0425489758,0.0770288504
2023-04-27,0.1919251287,0.2136280900,0.1916192712,0.1448163828,0.1373560171,0.0419685680,0.0786865422
2023-04-28,0.1925945609,0.2140253397,0.1917897252,0.1441306420,0.1373695197,0.0421521509,0.0779380617
2023-05-01,0.1936383384,0.2151556479,0.1927966924,0.1444067391,0.1368379354,0.0420633032,0.0751013436
2023-05-02,0.1917467464,0.2135963323,0.1909102153,0.1474122032,0.1383744640,0.0411700891,0.0767899498
2023-05-03,0.1906528907,0.2124463019,0.1904699913,0.1488356671,0.1391477342,0.0406945756,0.0777528391
2023-05-04,0.1897096373,0.2121517018,0.1902151341,0.1502047574,0.1392798276,0.0409449312,0.0774940106
2023-05-05,0.1910755275,0.2142544020,0.1913058868,0.1462121638,0.1372919251,0.0414026654,0.0784574295
2023-05-08,0.1920068584,0.2157746452,0.1922902940,0.1470658895,0.1371631063,0.0417911026,0.0739081039
2023-05-09,0.1915563459,0.2148472062,0.1918985847,0.1484113460,0.1373192078,0.0420027706,0.0739645388
2023-05-10,0.1916700782,0.2163034063,0.1915107120,0.1475977079,0.1376457390,0.0417066847,0.0735656719
2023-05-11,0.1919704529,0.2177282919,0.1916914557,0.1468162637,0.1385180788,0.0411251030,0.0721503539
2023-05-12,0.1923814268,0.2176971439,0.1918149780,0.1470716689,0.1382179782,0.0409421398,0.0718746644
2023-05-15,0.1921564738,0.2178683442,0.1922317985,0.1467081061,0.1372356217,0.0412210623,0.0725785935
2023-05-16,0.1919677647,0.2193667318,0.1916748992,0.1457057685,0.1377029679,0.0410056267,0.0725762412
2023-05-17,0.1928443911,0.2203609125,0.1920327059,0.1441150145,0.1364654929,0.0411833514,0.0729981315
2023-05-18,0.1941993710,0.2238741897,0.1925640149,0.1418781404,0.1354791572,0.0407011467,0.0713039801
2023-05-19,0.1938325042,0.2232726399,0.1925008257,0.1432202751,0.1351171506,0.0406297746,0.0714268299
2023-05-22,0.1937930542,0.2238858778,0.1926913123,0.1427978634,0.1349109390,0.0406407812,0.0712801721
2023-05-23,0.1927663731,0.2223723970,0.1914100378,0.1438260365,0.1358716833,0.0410461897,0.0727072825
2023-05-24,0.1929361962,0.2230425145,0.1912492584,0.1438333076,0.1366347142,0.0414002905,0.0709037186
2023-05-25,0.1935381509,0.2272149727,0.1907784012,0.1416675428,0.1353843885,0.0405236636,0.0708928802
2023-05-26,0.1936037834,0.2301192243,0.1906924963,0.1404627121,0.1338084849,0.0406602878,0.0706530112
2023-05-30,0.1929329314,0.2302741202,0.1892874319,0.1407889095,0.1341820686,0.0395636706,0.0729708677
2023-05-31,0.1927893490,0.2300701289,0.1887894799,0.1416861995,0.1353103046,0.0393089883,0.0720455497
2023-06-01,0.1930849522,0.2308910773,0.1896337873,0.1416781395,0.1346492221,0.0396354505,0.0704273711
2023-06-02,0.1946452262,0.2311596994,0.1913861544,0.1387108154,0.1330967776,0.0398958542,0.0711054728
2023-06-05,0.1950575981,0.2322576728,0.1915117580,0.1401100215,0.1336212018,0.0399512479,0.0674904999
2023-06-06,0.1943620204,0.2308876189,0.1915418531,0.1394600164,0.1330179523,0.0397749280,0.0709556110
2023-06-07,0.1956388768,0.2292543399,0.1926352221,0.1391714382,0.1336449628,0.0403346438,0.0693205164
2023-06-08,0.1952104661,0.2301994050,0.1922278075,0.1398553379,0.1332561568,0.0400746459,0.0691761807
2023-06-09,0.1954735633,0.2309764439,0.1923638865,0.1394177272,0.1328848282,0.0398108259,0.0690727250
2023-06-12,0.1962610955,0.2337054318,0.1926865981,0.1385990539,0.1324501636,0.0390699559,0.0672277012
2023-06-13,0.1968622695,0.2346754007,0.1935103802,0.1370954619,0.1313670320,0.0394555352,0.0670339206
2023-06-14,0.1970040531,0.2362697745,0.1937191929,0.1371069406,0.1314262681,0.0395240552,0.0649497156
2023-06-15,0.1972027852,0.2363955719,0.1937529154,0.1365176557,0.1308516301,0.0399057769,0.0653736649
2023-06-16,0.1967112302,0.2351232676,0.1933767361,0.1364324643,0.1305591516,0.0404420621,0.0673550881
2023-06-20,0.1956292512,0.2347130461,0.1914054148,0.1349779347,0.1307575849,0.0400676310,0.0724491373
2023-06-21,0.1945972212,0.2314791235,0.1907792240,0.1347621414,0.1309503913,0.0406471192,0.0767847794
2023-06-22,0.1952435280,0.2341430083,0.1906448139,0.1333873590,0.1302347864,0.0398778239,0.0764686806
2023-06-23,0.1944599843,0.2326503376,0.1892297910,0.1342331623,0.1310870955,0.0395883405,0.0787512888
2023-06-26,0.1945753676,0.2306099393,0.1899985093,0.1350984384,0.1318638200,0.0398264225,0.0780275029
2023-06-27,0.1952245682,0.2328054444,0.1904961833,0.1334633444,0.1306163106,0.0388884495,0.0785056996
2023-06-28,0.1955049188,0.2334769438,0.1907731946,0.1332793826,0.1311240637,0.0388039387,0.0770375578
2023-06-29,0.1961884212,0.2329061000,0.1910470977,0.1330774905,0.1300544290,0.0388039687,0.0779224928
2023-06-30,0.1966122051,0.2342441193,0.1913179313,0.1326877947,0.1291183936,0.0387586535,0.0772609025
2023-07-03,0.1962285350,0.2340682785,0.1913347697,0.1324250695,0.1285668398,0.0386385627,0.0787379448
2023-07-05,0.1966864193,0.2349576184,0.1909810919,0.1324625307,0.1284768441,0.0390256178,0.0774098779
2023-07-06,0.1968245005,0.2351734075,0.1902540665,0.1332035521,0.1287413512,0.0392750713,0.0765280509
2023-07-07,0.1959980701,0.2339992827,0.1904317370,0.1339774766,0.1285519205,0.0395360418,0.0775054713
2023-07-10,0.1961207298,0.2336310402,0.1906650334,0.1338276510,0.1286665213,0.0395467635,0.0775422608
2023-07-11,0.1962275557,0.2334266101,0.1911988550,0.1335518135,0.1281994089,0.0397788587,0.0776168980
2023-07-12,0.1959803635,0.2341926961,0.1916422055,0.1341107277,0.1280502937,0.0396991972,0.0763245164
2023-07-13,0.1952096451,0.2353643549,0.1915678444,0.1326261747,0.1273316752,0.0397833179,0.0781169877
2023-07-14,0.1960682049,0.2364968882,0.1918315120,0.1328677344,0.1273602084,0.0397143997,0.0756610525
2023-07-17,0.1961834686,0.2380193971,0.1918220757,0.1325807677,0.1271367575,0.0392819725,0.0749755608
2023-07-18,0.1964647364,0.2385380291,0.1918344979,0.1333013833,0.1264830691,0.0395643338,0.0738139503
2023-07-19,0.1966418005,0.2381677730,0.1917543752,0.1331472442,0.1267023068,0.0397283181,0.0738581822
2023-07-20,0.1972339030,0.2349368134,0.1922970858,0.1337593890,0.1272697559,0.0402316204,0.0742714325
2023-07-21,0.1973200758,0.2343344843,0.1924587221,0.1334077402,0.1274163841,0.0404675803,0.0745950133
2023-07-24,0.1981924176,0.2346979320,0.1931484527,0.1328303953,0.1271764064,0.0411880021,0.0727663939
2023-07-25,0.1980230137,0.2354439791,0.1930381567,0.1330924755,0.1265792815,0.0411914007,0.0726316927
2023-07-26,0.1978999905,0.2344788973,0.1932364219,0.1336382286,0.1268954502,0.0409587896,0.0728922219
2023-07-27,0.1979323206,0.2355196332,0.1932737720,0.1324380494,0.1266683905,0.0411378545,0.0730299797
2023-07-28,0.1978309226,0.2373627777,0.1932853575,0.1321330561,0.1258662463,0.0409681408,0.0725534989
2023-07-31,0.1979342140,0.2371590662,0.1934418409,0.1323063586,0.1258472658,0.0410780846,0.0722331700
2023-08-01,0.1980827798,0.2374660131,0.1929652566,0.1314093431,0.1254668569,0.0410097203,0.0736000302
2023-08-02,0.1981069507,0.2355602461,0.1924422640,0.1326442449,0.1269499396,0.0409664570,0.0733298978
2023-08-03,0.1978951434,0.2356064552,0.1923771949,0.1328388510,0.1263223397,0.0414306513,0.0735293646
2023-08-04,0.1972022243,0.2347440337,0.1922212377,0.1334565891,0.1274937980,0.0415411290,0.0733409882
2023-08-07,0.1979081545,0.2355232135,0.1926462723,0.1324732629,0.1268692305,0.0413459898,0.0732338764
2023-08-08,0.1976752216,0.2342646361,0.1920648297,0.1320525708,0.1275761198,0.0414268287,0.0749397933
2023-08-09,0.1974281856,0.2329568144,0.1923278543,0.1321434156,0.1283668856,0.0419433776,0.0748334670
2023-08-10,0.1976440548,0.2335587052,0.1927647705,0.1320991033,0.1276267635,0.0417523533,0.0745542494
2023-08-11,0.1980914955,0.2327307379,0.1926219426,0.1324754129,0.1275919187,0.0418028452,0.0746856472
2023-08-14,0.1985516819,0.2345942431,0.1921671809,0.1316527092,0.1270935596,0.0414652579,0.0744753674
2023-08-15,0.1979929817,0.2341796337,0.1915983767,0.1324769807,0.1278824105,0.0413368574,0.0745327593
2023-08-16,0.1980903453,0.2335274695,0.1916466567,0.1327506765,0.1285814365,0.0414894494,0.0739139662
2023-08-17,0.1987279198,0.2334993449,0.1924634903,0.1339941756,0.1298496781,0.0420478000,0.0694175912
2023-08-18,0.1990850146,0.2335129479,0.1925948436,0.1341933244,0.1303066007,0.0424015607,0.0679057079
2023-08-21,0.1992221426,0.2359038135,0.1924296466,0.1337829822,0.1289031185,0.0420517617,0.0677065349
2023-08-22,0.1989105488,0.2358369969,0.1922465800,0.1341574397,0.1291866807,0.0421174918,0.0675442621
2023-08-23,0.1987688733,0.2367483847,0.1921687047,0.1339328666,0.1288925655,0.0417102506,0.0677783547
2023-08-24,0.1982325715,0.2343098694,0.1919218670,0.1354182220,0.1300530674,0.0422172500,0.0678471528
2023-08-25,0.1987972804,0.2351411381,0.1922265827,0.1346789272,0.1294295671,0.0424585980,0.0672679066
2023-08-28,0.1989893944,0.2356456437,0.1927790213,0.1343442162,0.1290202739,0.0421626160,0.0670588344
2023-08-29,0.1984744981,0.2367469467,0.1920954421,0.1333775531,0.1276713551,0.0416073979,0.0700268071
2023-08-30,0.1989229641,0.2376264054,0.1922105769,0.1334636567,0.1273822588,0.0415812920,0.0688128460
2023-08-31,0.1993054743,0.2391471927,0.1923703005,0.1336934626,0.1279993601,0.0418926656,0.0655915442
2023-09-01,0.1996063437,0.2388093012,0.1929710120,0.1337128159,0.1272911885,0.0423716776,0.0652376609
2023-09-05,0.1994231874,0.2399305081,0.1924066979,0.1330749687,0.1270349112,0.0427216240,0.0654081027
2023-09-06,0.1991276143,0.2390718778,0.1923102694,0.1331704448,0.1275847611,0.0430500785,0.0656849541
2023-09-07,0.1987976793,0.2376985565,0.1917878449,0.1335017162,0.1281672682,0.0430250905,0.0670218445
2023-09-08,0.1990862054,0.2380178299,0.1918568557,0.1335394160,0.1282271839,0.0431087521,0.0661637569
2023-09-11,0.1995723478,0.2398330853,0.1926126706,0.1332373145,0.1275538109,0.0431886464,0.0640021245
2023-09-12,0.1991452181,0.2379715513,0.1924463263,0.1329961379,0.1280230564,0.0434886294,0.0659290807
2023-09-13,0.1989902345,0.2384140635,0.1918545736,0.1324312406,0.1279613441,0.0435414247,0.0668071190
2023-09-14,0.1993791574,0.2387746398,0.1925158895,0.1316225985,0.1269429875,0.0436114625,0.0671532648
2023-09-15,0.1984526480,0.2364442462,0.1923512483,0.1334843863,0.1276000088,0.0438351637,0.0678322988
2023-09-18,0.1982789810,0.2363450517,0.1918435355,0.1340741789,0.1276004414,0.0437539910,0.0681038206
2023-09-19,0.1979819310,0.2359773244,0.1915959302,0.1340243864,0.1273002259,0.0438135381,0.0693066640
2023-09-20,0.1975576666,0.2342317991,0.1916362579,0.1350760097,0.1281388475,0.0437624975,0.0695969217
2023-09-21,0.1970798007,0.2332384111,0.1911932692,0.1360207505,0.1290906897,0.0442501420,0.0691269368
2023-09-22,0.1965195380,0.2331320738,0.1910387940,0.1363749227,0.1295590535,0.0442588154,0.0691168026
2023-09-25,0.1974503775,0.2343633841,0.1913431927,0.1357443082,0.1286047303,0.0440719488,0.0684220583
2023-09-26,0.1966371145,0.2333211006,0.1906837161,0.1361044839,0.1298192507,0.0444917117,0.0689426226
2023-09-27,0.1968904297,0.2340757499,0.1908737743,0.1345408050,0.1294793506,0.0447794407,0.0693604498
2023-09-28,0.1968826776,0.2346640749,0.1910748164,0.1330916137,0.1291120306,0.0444667020,0.0707080848
2023-09-29,0.1970142918,0.2355631473,0.1911343951,0.1321327859,0.1293888280,0.0441273396,0.0706392123
2023-10-02,0.1969629849,0.2375616408,0.1901348581,0.1307634905,0.1285055111,0.0437974425,0.0722740721
2023-10-03,0.1965344330,0.2360444182,0.1896809104,0.1318672989,0.1289469397,0.0440983722,0.0728276276
2023-10-04,0.1967711208,0.2378130672,0.1893201559,0.1310561653,0.1290705321,0.0426058478,0.0733631110
2023-10-05,0.1970395966,0.2375254318,0.1901044444,0.1310438485,0.1293787607,0.0424307886,0.0724771294
2023-10-06,0.1973728110,0.2390751352,0.1902775475,0.1303937143,0.1275816737,0.0421624731,0.0731366452
2023-10-09,0.1973134294,0.2386939666,0.1895790736,0.1319066367,0.1280436858,0.0427571135,0.0717060944
2023-10-10,0.1977304492,0.2392777543,0.1906770092,0.1312803071,0.1275273103,0.0425208873,0.0709862825
2023-10-11,0.1978781931,0.2401813021,0.1909089613,0.1317979837,0.1276857317,0.0421355019,0.0694123262
2023-10-12,0.1977707564,0.2406840023,0.1902706829,0.1321302317,0.1272933587,0.0423534453,0.0694975227
2023-10-13,0.1966050456,0.2374404840,0.1888387119,0.1362527907,0.1277221065,0.0434331694,0.0697076919
2023-10-16,0.1968102415,0.2378729369,0.1889760233,0.1343182264,0.1258215677,0.0428872925,0.0733137117
2023-10-17,0.1971146040,0.2374712929,0.1892769438,0.1347815706,0.1251152063,0.0430769775,0.0731634048
2023-10-18,0.1958775837,0.2360306172,0.1877314482,0.1377088829,0.1254229940,0.0437689934,0.0734594805
2023-10-19,0.1947150476,0.2344946931,0.1866456177,0.1398001147,0.1253053746,0.0443503159,0.0746888365
2023-10-20,0.1932926696,0.2321619209,0.1854426476,0.1408891403,0.1263909894,0.0442395863,0.0775830458
2023-10-23,0.1913027832,0.2308653706,0.1835079484,0.1392090985,0.1257972677,0.0435809148,0.0857366169
2023-10-24,0.1913746065,0.2314537950,0.1835904892,0.1382041730,0.1253491202,0.0428031560,0.0872246600
2023-10-25,0.1903980541,0.2279075576,0.1828981774,0.1400882222,0.1255835605,0.0435196743,0.0896047539
2023-10-26,0.1897053539,0.2254482888,0.1828859657,0.1414931916,0.1274965777,0.0435164399,0.0894541824
2023-10-27,0.1886635372,0.2263125156,0.1819123443,0.1430008525,0.1273325265,0.0440560635,0.0887221605
2023-10-30,0.1896507005,0.2273414626,0.1828363710,0.1412495162,0.1261860234,0.0430631428,0.0896727834
2023-10-31,0.1903484762,0.2278382179,0.1832551189,0.1401156672,0.1257780168,0.0427946921,0.0898698110
2023-11-01,0.1903229219,0.2293160069,0.1830807203,0.1381817744,0.1258091211,0.0424065142,0.0908829413
2023-11-02,0.1916847041,0.2307276938,0.1846072500,0.1370074468,0.1250749131,0.0423506480,0.0885473442
2023-11-03,0.1920443039,0.2317619696,0.1855230475,0.1365184570,0.1249327653,0.0418261770,0.0873932798
2023-11-06,0.1923673634,0.2325638411,0.1853889187,0.1353710725,0.1242326033,0.0419697466,0.0881064544
2023-11-07,0.1923659257,0.2340942465,0.1847438540,0.1344263603,0.1245401109,0.0409552221,0.0888742805
2023-11-08,0.1926354982,0.2344015256,0.1847497174,0.1331753984,0.1250466547,0.0405262965,0.0894649093
2023-11-09,0.1916111736,0.2331793557,0.1840323042,0.1340401984,0.1243116997,0.0405259873,0.0922992813
2023-11-10,0.1924859414,0.2358301541,0.1841707531,0.1311367815,0.1232490451,0.0402865831,0.0928407416
2023-11-13,0.1926210493,0.2354841391,0.1844563250,0.1320857497,0.1234400937,0.0409408254,0.0909718179
2023-11-14,0.1937753133,0.2373892669,0.1862392923,0.1315110117,0.1233464494,0.0403360667,0.0874025997
2023-11-15,0.1931541353,0.2363061353,0.1856133417,0.1304677302,0.1219303885,0.0398581909,0.0926700781
2023-11-16,0.1939606806,0.2372057894,0.1858155396,0.1323292758,0.1229625590,0.0390172373,0.0887089184
2023-11-17,0.1935806332,0.2365020712,0.1862531600,0.1318915568,0.1228141657,0.0394524903,0.0895059229
2023-11-20,0.1934807836,0.2374303069,0.1859482877,0.1306028675,0.1220049259,0.0396210759,0.0909117526
2023-11-21,0.1939437528,0.2371325927,0.1863052554,0.1326180404,0.1226925392,0.0400324235,0.0872753959
2023-11-22,0.1936610282,0.2368416996,0.1857728138,0.1313531631,0.1221574972,0.0394774689,0.0907363292
2023-11-24,0.1936184462,0.2363103318,0.1861098412,0.1319261808,0.1214937171,0.0391835137,0.0913579693
2023-11-27,0.1934102039,0.2362756073,0.1858851811,0.1329115894,0.1222720119,0.0389507890,0.0902946173
2023-11-28,0.1925821024,0.2356473481,0.1852077537,0.1339742628,0.1221619157,0.0392165804,0.0912100369
2023-11-29,0.1922908163,0.2352271912,0.1850954021,0.1340638162,0.1226599150,0.0394606622,0.0912021970
2023-11-30,0.1932933731,0.2349341535,0.1858773824,0.1336747910,0.1224089551,0.0388447412,0.0909666039
2023-12-01,0.1927069651,0.2335086146,0.1858115743,0.1347736897,0.1223866200,0.0383220097,0.0924905266
2023-12-04,0.1917123822,0.2313613797,0.1846883684,0.1318724822,0.1219297795,0.0380677683,0.1003678397
2023-12-05,0.1906969890,0.2307592575,0.1833374508,0.1307040004,0.1221127564,0.0375371622,0.1048523836
2023-12-06,0.1905668414,0.2301956746,0.1836178796,0.1316267860,0.1228386151,0.0367470521,0.1044071512
2023-12-07,0.1910394227,0.2322189121,0.1839039851,0.1311700949,0.1222483976,0.0366231898,0.1027959978
2023-12-08,0.1914308104,0.2327311827,0.1840102728,0.1291302274,0.1213606975,0.0367006931,0.1046361162
2023-12-11,0.1931503746,0.2359100482,0.1856323732,0.1283521631,0.1219889952,0.0367585903,0.0982074555
2023-12-12,0.1933651239,0.2369709873,0.1854574459,0.1278410161,0.1219332478,0.0360727638,0.0983594153
2023-12-13,0.1928167521,0.2360488563,0.1851154336,0.1285815211,0.1214390033,0.0358898996,0.1001085340
2023-12-14,0.1925695023,0.2347882868,0.1857211046,0.1287562640,0.1218710373,0.0363239147,0.0999698904
2023-12-15,0.1930204518,0.2368657727,0.1856061713,0.1280856831,0.1220734333,0.0365318779,0.0978166098
2023-12-18,0.1930387321,0.2370468554,0.1853182186,0.1279602756,0.1211560259,0.0365916335,0.0988882589
2023-12-19,0.1933900679,0.2372490008,0.1859163176,0.1282865723,0.1207899320,0.0367141843,0.0976539251
2023-12-20,0.1919082759,0.2351918033,0.1845207350,0.1283894488,0.1219924890,0.0365177221,0.1014795258
2023-12-21,0.1921137879,0.2359459173,0.1853438927,0.1282199320,0.1209638257,0.0362786144,0.1011340300
2023-12-22,0.1921822389,0.2359089719,0.1853100204,0.1285760061,0.1206055827,0.0361537007,0.1012634793
2023-12-26,0.1927313437,0.2370304658,0.1859813990,0.1293797159,0.1206853285,0.0364618578,0.0977298891
2023-12-27,0.1921791048,0.2364050318,0.1856543551,0.1293605345,0.1208865804,0.0361301101,0.0993842833
2023-12-28,0.1928508701,0.2370265563,0.1863595450,0.1290090703,0.1209956081,0.0359346107,0.0978237395
2023-12-29,0.2000000000,0.2000000000,0.2000000000,0.1500000000,0.1500000000,0.0500000000,0.0500000000
2024-01-02,0.1997339251,0.1974590705,0.1991594711,0.1502889113,0.1499301292,0.0498044036,0.0536240893
2024-01-03,0.1997999149,0.1970433924,0.1991328505,0.1503127776,0.1512911386,0.0508744738,0.0515454522
2024-01-04,0.1993614520,0.1962312109,0.1991014537,0.1506187640,0.1508340068,0.0506508551,0.0532022575
2024-01-05,0.1995056625,0.1963371208,0.1992092768,0.1505453820,0.1503843690,0.0508710123,0.0531471766
2024-01-08,0.2000843154,0.1981475089,0.1993513267,0.1476934430,0.1492580319,0.0495731283,0.0558922459
2024-01-09,0.2000796912,0.1988360012,0.1986742640,0.1479616722,0.1494510301,0.0500115173,0.0549858241
2024-01-10,0.2005958007,0.1995713404,0.1990389558,0.1471716019,0.1487066774,0.0495181437,0.0553974800
2024-01-11,0.2002188394,0.1996987826,0.1986748194,0.1472497841,0.1493380688,0.0498094523,0.0550102534
2024-01-12,0.2007034269,0.2001461854,0.1993290880,0.1489486865,0.1498681036,0.0500770606,0.0509274490
2024-01-16,0.2010294993,0.2011903572,0.1984525465,0.1483196152,0.1495396687,0.0499096307,0.0515586824
2024-01-17,0.2012042084,0.2013486169,0.1981606897,0.1476338754,0.1500931027,0.0501633258,0.0513961811
2024-01-18,0.2017910264,0.2029969688,0.1986695017,0.1479676033,0.1490671420,0.0501858307,0.0493219270
2024-01-19,0.2024544206,0.2051458117,0.1986521632,0.1470644224,0.1477459184,0.0496403737,0.0492968899
2024-01-22,0.2031709684,0.2057058026,0.1994006334,0.1467171513,0.1482276509,0.0499148804,0.0468629131
2024-01-23,0.2032270872,0.2060155840,0.1991855088,0.1469014409,0.1474761189,0.0500546358,0.0471396244
2024-01-24,0.2032360805,0.2069417669,0.1994991161,0.1455373162,0.1469907578,0.0504311091,0.0473638534
2024-01-25,0.2035917321,0.2064342817,0.1996344601,0.1455790000,0.1471107102,0.0506284337,0.0470213822
2024-01-26,0.2031659539,0.2050357454,0.1996051547,0.1453582875,0.1468251269,0.0508115483,0.0491981832
2024-01-29,0.2031400974,0.2054817473,0.1994253249,0.1452156594,0.1462321608,0.0499823183,0.0505226918
2024-01-30,0.2032997271,0.2044324730,0.1992773281,0.1456430474,0.1467429941,0.0503952411,0.0502091892
2024-01-31,0.2020347771,0.2024853672,0.1988675488,0.1470285191,0.1489252102,0.0503710562,0.0502875213
2024-02-01,0.2027128763,0.2029017005,0.1992544692,0.1471306346,0.1483350884,0.0492839760,0.0503812550
2024-02-02,0.2042075659,0.2056868972,0.1993769292,0.1452849188,0.1465179336,0.0485733832,0.0503523722
2024-02-05,0.2043605494,0.2063235496,0.1992969966,0.1451204541,0.1459528627,0.0489887343,0.0499568532
2024-02-06,0.2042412076,0.2051934198,0.1997119324,0.1453714241,0.1462049962,0.0489967219,0.0502802979
2024-02-07,0.2046851484,0.2060370929,0.1994967570,0.1444440524,0.1450147634,0.0489186262,0.0514035597
2024-02-08,0.2044933752,0.2061341805,0.1992976716,0.1441149129,0.1443714416,0.0491167124,0.0524717058
2024-02-09,0.2044530075,0.2069261727,0.1992064593,0.1427032242,0.1434693988,0.0489567944,0.0542849431
2024-02-12,0.2038984171,0.2056477289,0.1990165952,0.1420067517,0.1431724238,0.0488673830,0.0573907002
2024-02-13,0.2037318676,0.2050997470,0.1984496441,0.1418884890,0.1437164043,0.0492203445,0.0578935036
2024-02-14,0.2037880500,0.2055241952,0.1989072527,0.1405656079,0.1430945850,0.0483277518,0.0597925575
2024-02-15,0.2041243637,0.2050615398,0.1995609793,0.1407729947,0.1426855015,0.0481854055,0.0596092154
2024-02-16,0.2037026890,0.2037971985,0.1996744184,0.1417023717,0.1426479400,0.0484364638,0.0600389186
2024-02-20,0.2030553426,0.2027322744,0.1995940795,0.1428953495,0.1431143063,0.0482853692,0.0603232786
2024-02-21,0.2035050657,0.2021850550,0.1999117975,0.1430898347,0.1428738652,0.0485471116,0.0598872703
2024-02-22,0.2050353358,0.2054178226,0.2005416812,0.1413030103,0.1411459920,0.0480511279,0.0585050301
2024-02-23,0.2052469570,0.2048829919,0.2007597102,0.1421502169,0.1417184251,0.0473703112,0.0578713878
2024-02-26,0.2039334045,0.2042125126,0.1996867704,0.1414440262,0.1410241320,0.0476747600,0.0620243943
2024-02-27,0.2034487637,0.2038385622,0.1992692614,0.1406965488,0.1402402096,0.0478411046,0.0646655498
2024-02-28,0.2022980698,0.2018732330,0.1976475043,0.1403392651,0.1399050456,0.0474395821,0.0704973001
2024-02-29,0.2024817709,0.2030580548,0.1979284868,0.1406843795,0.1397601557,0.0472481090,0.0688390433
2024-03-01,0.2020208852,0.2037336299,0.1973883396,0.1416883451,0.1388083325,0.0469357276,0.0694247401
2024-03-04,0.2003229235,0.2015165712,0.1956323680,0.1429233057,0.1374504049,0.0467387835,0.0754156432
2024-03-05,0.2004996614,0.2000735644,0.1962656617,0.1453633511,0.1397174327,0.0468899298,0.0711903989
2024-03-06,0.1998749292,0.1996915753,0.1962256323,0.1453643253,0.1387923898,0.0468886824,0.0731624657
2024-03-07,0.2000222978,0.2008779583,0.1964326877,0.1448603816,0.1378243566,0.0465877354,0.0733945827
2024-03-08,0.1992844523,0.1984390923,0.1959543085,0.1464248222,0.1382717441,0.0465491883,0.0750763923
2024-03-11,0.1984466803,0.1970406586,0.1948501751,0.1462025439,0.1376547109,0.0467909942,0.0790142370
2024-03-12,0.1997698803,0.1990565737,0.1959370390,0.1440179356,0.1367485616,0.0464766237,0.0779933861
2024-03-13,0.1992599744,0.1973317265,0.1954225807,0.1448840607,0.1363625312,0.0470762285,0.0796628982
2024-03-14,0.1998510869,0.1978091682,0.1955119453,0.1449937685,0.1361685708,0.0474558682,0.0782095921
2024-03-15,0.1998937745,0.1968512408,0.1960374392,0.1455609686,0.1371252031,0.0479627670,0.0765686068
2024-03-18,0.2006246581,0.1982769209,0.1963152744,0.1454627758,0.1366725978,0.0482952686,0.0743525044
2024-03-19,0.2025004540,0.1995206454,0.1977455573,0.1458435193,0.1375274680,0.0484563151,0.0684060408
2024-03-20,0.2014080704,0.1989570051,0.1968086925,0.1454394469,0.1358107928,0.0476284405,0.0739475518
2024-03-21,0.2021860561,0.2000096863,0.1975088963,0.1453692011,0.1359839277,0.0475925083,0.0713497242
2024-03-22,0.2025512816,0.2009812459,0.1976306240,0.1447380993,0.1369222629,0.0474348490,0.0697416373
2024-03-25,0.2008506822,0.1991206895,0.1961211974,0.1443802537,0.1358983085,0.0475615131,0.0760673556
2024-03-26,0.2006772032,0.1986714966,0.1960819006,0.1449898585,0.1361715108,0.0472341543,0.0761738760
2024-03-27,0.2014161812,0.1984148333,0.1966234531,0.1453559177,0.1359776133,0.0469716186,0.0752403829
2024-03-28,0.2007090389,0.1973914715,0.1960415577,0.1467421487,0.1353603544,0.0473724889,0.0763829399
2024-04-01,0.2005264694,0.1979739195,0.1956896993,0.1483634127,0.1344879277,0.0476389420,0.0753196294
2024-04-02,0.2004925751,0.1974877664,0.1957651210,0.1514928277,0.1352278743,0.0483718266,0.0711620089
2024-04-03,0.1999652882,0.1971938155,0.1955343450,0.1522525915,0.1348076644,0.0487710363,0.0714752590
2024-04-04,0.1985486019,0.1951853505,0.1945263204,0.1521643270,0.1358281219,0.0491486931,0.0745985853
2024-04-05,0.1991454191,0.1960311525,0.1946745254,0.1536288059,0.1341618024,0.0490345261,0.0733237685
2024-04-08,0.1981654539,0.1950150003,0.1940321739,0.1537389805,0.1333027503,0.0487454205,0.0770002207
2024-04-09,0.1984729880,0.1958137103,0.1944091588,0.1546451091,0.1338109975,0.0484976280,0.0743504084
2024-04-10,0.1979073508,0.1955089558,0.1935732510,0.1542899040,0.1331660226,0.0490968007,0.0764577150
2024-04-11,0.1978004576,0.1970366376,0.1931141678,0.1560257986,0.1321248027,0.0486206369,0.0752774989
2024-04-12,0.1978058861,0.1966147386,0.1926536387,0.1561192948,0.1342295222,0.0493649372,0.0732119825
2024-04-15,0.1971920950,0.1952259776,0.1926669879,0.1605597193,0.1346916680,0.0498991434,0.0697644089
2024-04-16,0.1970864816,0.1954960762,0.1918117160,0.1609634102,0.1344837298,0.0498793956,0.0702791906
2024-04-17,0.1975817428,0.1947485781,0.1927085064,0.1611324983,0.1362517655,0.0495174570,0.0680594520
2024-04-18,0.1970140612,0.1934790565,0.1922592755,0.1615507244,0.1357557019,0.0494557972,0.0704853834
2024-04-19,0.1963483296,0.1904986083,0.1923983965,0.1629311370,0.1366315508,0.0499571165,0.0712348614
2024-04-22,0.1971858517,0.1914718432,0.1932438842,0.1581279344,0.1360477852,0.0497124031,0.0742102982
2024-04-23,0.1981318765,0.1929715545,0.1940859729,0.1566371590,0.1353804230,0.0495757056,0.0732173085
2024-04-24,0.1985445005,0.1941206711,0.1945280436,0.1567458009,0.1353720056,0.0496392012,0.0710497772
2024-04-25,0.1980391701,0.1934262169,0.1941545291,0.1578789912,0.1351587257,0.0499764991,0.0713658679
2024-04-26,0.1985936110,0.1951125256,0.1946052143,0.1573436258,0.1345615297,0.0496880814,0.0700954123
2024-04-29,0.1988025746,0.1954187854,0.1949694610,0.1566345113,0.1346361076,0.0495229280,0.0700156321
2024-04-30,0.1991629898,0.1951733204,0.1954400778,0.1562654282,0.1364922417,0.0497715531,0.0676943889
2024-05-01,0.1992959766,0.1945231575,0.1958393576,0.1583008345,0.1375118921,0.0492391498,0.0652896319
2024-05-02,0.1995598675,0.1954387888,0.1966565621,0.1565567714,0.1370337147,0.0490173593,0.0657369363
2024-05-03,0.1993756258,0.1967440328,0.1961428232,0.1543739662,0.1359234033,0.0484353929,0.0690047558
2024-05-06,0.1997310419,0.1972169502,0.1962181857,0.1546784829,0.1348719973,0.0485661006,0.0687172416
2024-05-07,0.2001650962,0.1974591103,0.1964815503,0.1541314297,0.1352966000,0.0485763887,0.0678898247
2024-05-08,0.2006771279,0.1978281601,0.1968395224,0.1540563438,0.1353484064,0.0484456816,0.0668047578
2024-05-09,0.2002887141,0.1967424104,0.1965436673,0.1552894980,0.1345636714,0.0482611699,0.0683108690
2024-05-10,0.2006480952,0.1973060303,0.1969636021,0.1566284116,0.1343524827,0.0482027420,0.0658986360
2024-05-13,0.2004028341,0.1974930569,0.1966609009,0.1546637808,0.1342399711,0.0484475274,0.0680919289
2024-05-14,0.2006393631,0.1980891115,0.1971992135,0.1554434424,0.1341458231,0.0480771035,0.0664059429
2024-05-15,0.1999243945,0.1980162995,0.1963437782,0.1549592078,0.1329080016,0.0474820663,0.0703662521
2024-05-16,0.2001482286,0.1982432334,0.1963387942,0.1548473526,0.1331802546,0.0477553304,0.0694868062
2024-05-17,0.1993811063,0.1971039536,0.1958452763,0.1565736219,0.1320563255,0.0479897711,0.0710499453
2024-05-20,0.1981609269,0.1970366568,0.1945437478,0.1560618123,0.1309752043,0.0480631587,0.0751584933
2024-05-21,0.1987884896,0.1975627915,0.1946650378,0.1559435001,0.1313125730,0.0478963272,0.0738312808
2024-05-22,0.1994881640,0.1987914023,0.1949220507,0.1540605886,0.1319915129,0.0475156575,0.0732306240
2024-05-23,0.1997673641,0.1996322737,0.1952261951,0.1523117459,0.1327771756,0.0476872967,0.0725979488
2024-05-24,0.1999083639,0.2003368340,0.1955114357,0.1515578125,0.1321480792,0.0477320002,0.0728054745
2024-05-28,0.1995840010,0.2006271588,0.1949011668,0.1527958848,0.1312272278,0.0484716531,0.0723929077
2024-05-29,0.1998109947,0.2008460674,0.1943564920,0.1526151713,0.1317937127,0.0483586639,0.0722188980
2024-05-30,0.1989796447,0.1991889520,0.1947170698,0.1532852789,0.1327426869,0.0478446609,0.0732417068
2024-05-31,0.2005371366,0.1985660953,0.1959292330,0.1521929967,0.1330013574,0.0475591296,0.0722140514
2024-06-03,0.1998382225,0.1987744242,0.1952798720,0.1528904051,0.1332308947,0.0466832085,0.0733029729
2024-06-04,0.1998813873,0.1991388382,0.1947191841,0.1513814167,0.1335921516,0.0461735284,0.0751134938
2024-06-05,0.1999934328,0.2008798290,0.1945288505,0.1514603507,0.1325049799,0.0458176071,0.0748149502
2024-06-06,0.1996929742,0.2005125311,0.1943783559,0.1523534609,0.1323491207,0.0463518581,0.0743616991
2024-06-07,0.2014899534,0.2023838611,0.1954067134,0.1484194548,0.1325230412,0.0461566494,0.0736203267
2024-06-10,0.2013084267,0.2023929904,0.1950811316,0.1491843580,0.1318865784,0.0466396065,0.0735069084
2024-06-11,0.2017822382,0.2037708700,0.1947404007,0.1496023586,0.1323301837,0.0465764657,0.0711974831
2024-06-12,0.2017509544,0.2047263136,0.1950021736,0.1487555395,0.1318549912,0.0463501197,0.0715599079
2024-06-13,0.2024078879,0.2060912857,0.1945539778,0.1477261701,0.1326832124,0.0464477253,0.0700897408
2024-06-14,0.2021960429,0.2068164195,0.1936120804,0.1493930935,0.1325991055,0.0461906878,0.0691925705
2024-06-17,0.2028290694,0.2083471278,0.1939360030,0.1479056263,0.1314922888,0.0461288500,0.0693610345
2024-06-18,0.2030906991,0.2081515371,0.1943274951,0.1483130677,0.1317993331,0.0464494255,0.0678684425
2024-06-20,0.2027623149,0.2067748469,0.1941989918,0.1503302342,0.1317155982,0.0466002552,0.0676177589
2024-06-21,0.2034680178,0.2072163568,0.1946136927,0.1487155941,0.1323649719,0.0464448465,0.0671765201
2024-06-24,0.2039769816,0.2060394879,0.1959457236,0.1501657717,0.1332378085,0.0470954393,0.0635387875
2024-06-25,0.2039603226,0.2075792912,0.1955596524,0.1488352819,0.1327022948,0.0464697202,0.0648934368
2024-06-26,0.2047359006,0.2085386390,0.1957629746,0.1478380002,0.1324424725,0.0466686935,0.0640133196
2024-06-27,0.2042017675,0.2082032473,0.1953084803,0.1488892280,0.1321056895,0.0467139554,0.0645776320
2024-06-28,0.2042928036,0.2080334648,0.1958545055,0.1495579918,0.1320338493,0.0467183017,0.0635090834
2024-07-01,0.2037248200,0.2082432412,0.1951684278,0.1492235158,0.1306915874,0.0470931509,0.0658552570
2024-07-02,0.2042583614,0.2095704718,0.1952849349,0.1486072980,0.1305906989,0.0469606494,0.0647275856
2024-07-03,0.2041775898,0.2102956783,0.1958326154,0.1495557252,0.1306588899,0.0469914000,0.0624881014
2024-07-05,0.2046413029,0.2117499119,0.1960578918,0.1510459726,0.1308619212,0.0470059922,0.0586370073
2024-07-08,0.2052331111,0.2126219565,0.1963468671,0.1494316443,0.1311293884,0.0464539466,0.0587830860
2024-07-09,0.2051215532,0.2124835208,0.1960153289,0.1494583627,0.1308100413,0.0460672549,0.0600439382
2024-07-10,0.2057687732,0.2132660701,0.1967618267,0.1490042866,0.1300702855,0.0457597997,0.0593689582
2024-07-11,0.2047695086,0.2093815993,0.1971173393,0.1522227905,0.1312332143,0.0460913634,0.0591841846
2024-07-12,0.2051355879,0.2096657133,0.1975555438,0.1514440470,0.1310032631,0.0457077213,0.0594881235
2024-07-15,0.2040790718,0.2085729576,0.1959486200,0.1507357538,0.1295220304,0.0450166025,0.0661249638
2024-07-16,0.2039869750,0.2073291436,0.1961442210,0.1527639794,0.1292253545,0.0446149329,0.0659353936
2024-07-17,0.2037719090,0.2038895622,0.1962661176,0.1540543331,0.1310178917,0.0452016631,0.0657985233
2024-07-18,0.2034296959,0.2041527595,0.1957829217,0.1539976856,0.1314496315,0.0451399804,0.0660473254
2024-07-19,0.2031499953,0.2034158244,0.1955179461,0.1520369700,0.1318774139,0.0447646871,0.0692371632
2024-07-22,0.2035952387,0.2047874171,0.1958853558,0.1508629227,0.1307643160,0.0445229841,0.0695817656
2024-07-23,0.2039398292,0.2047321303,0.1959110258,0.1518879507,0.1311780616,0.0442540822,0.0680969203
2024-07-24,0.2028193162,0.2008557297,0.1955161047,0.1540144589,0.1330737617,0.0450113877,0.0687092411
2024-07-25,0.2028675914,0.1997286742,0.1959236433,0.1524352465,0.1341723577,0.0453588377,0.0695136492
2024-07-26,0.2030183148,0.1996905036,0.1961259048,0.1524481402,0.1332592572,0.0444302978,0.0710275815
2024-07-29,0.2033568317,0.2003075780,0.1960781922,0.1523982350,0.1336201604,0.0442782516,0.0699607511
2024-07-30,0.2030194013,0.1982336163,0.1962464469,0.1544470991,0.1342139026,0.0442894113,0.0695501225
2024-07-31,0.2032501622,0.2010638660,0.1963355245,0.1549050566,0.1329281933,0.0446387802,0.0668784172
2024-08-01,0.2026107784,0.1983859201,0.1949340686,0.1560965686,0.1349765867,0.0445978107,0.0683982669
2024-08-02,0.2020288687,0.1967847751,0.1944264799,0.1582990506,0.1386765300,0.0444806385,0.0653036572
2024-08-05,0.2016079507,0.1962347401,0.1944443210,0.1606428276,0.1424252153,0.0456359839,0.0590089614
2024-08-06,0.2024714959,0.1971408036,0.1949482430,0.1585781360,0.1408803596,0.0450388347,0.0609421273
2024-08-07,0.2021699868,0.1960256789,0.1954622333,0.1592991584,0.1411908115,0.0456920465,0.0601600846
2024-08-08,0.2018280327,0.1971235827,0.1947925315,0.1578749066,0.1375591855,0.0449916224,0.0658301388
2024-08-09,0.2021152323,0.1975638569,0.1950213775,0.1577919601,0.1376340237,0.0451219533,0.0647515962
2024-08-12,0.2017142620,0.1974927831,0.1945673119,0.1600947115,0.1375232758,0.0456370050,0.0629706507
2024-08-13,0.2025080668,0.1999020855,0.1951666282,0.1578819772,0.1363755261,0.0446549766,0.0635107395
2024-08-14,0.2035737117,0.2003869643,0.1960622211,0.1569232905,0.1369077162,0.0444679777,0.0616781184
2024-08-15,0.2049130227,0.2033161503,0.1968926492,0.1557813688,0.1349188335,0.0443635486,0.0598144269
2024-08-16,0.2040637330,0.2022802812,0.1964053625,0.1582540273,0.1343811933,0.0438047203,0.0608106823
2024-08-19,0.2046048743,0.2035348318,0.1970597129,0.1569134786,0.1336081272,0.0432698678,0.0610091073
2024-08-20,0.2044756851,0.2033100309,0.1967135114,0.1576462516,0.1341415238,0.0431365047,0.0605764925
2024-08-21,0.2041912858,0.2032756353,0.1968975826,0.1566786014,0.1337484777,0.0427143347,0.0624940826
2024-08-22,0.2045831722,0.2020222280,0.1971663153,0.1563264018,0.1345154568,0.0430954474,0.0622909785
2024-08-23,0.2038523494,0.2013444153,0.1972186613,0.1559110207,0.1332339008,0.0432477403,0.0651919122
2024-08-26,0.2041333818,0.2001416808,0.1970518593,0.1569981353,0.1336169291,0.0438593780,0.0641986358
2024-08-27,0.2047711036,0.2010905705,0.1979707630,0.1576983435,0.1338904787,0.0437211760,0.0608575647
2024-08-28,0.2049889748,0.2001823329,0.1981820118,0.1576721428,0.1346950597,0.0434921453,0.0607873327
2024-08-29,0.2046961660,0.1995859450,0.1981699516,0.1582480467,0.1343168962,0.0439171715,0.0610658229
2024-08-30,0.2059169799,0.2012483040,0.1989052369,0.1565628969,0.1335206744,0.0432720637,0.0605738442
2024-09-03,0.2051591167,0.1985050409,0.1983605552,0.1585755717,0.1363979299,0.0431426660,0.0598591196
2024-09-04,0.2048266227,0.1980737874,0.1980147263,0.1587397334,0.1370544264,0.0428424136,0.0604482903
2024-09-05,0.2044860012,0.1984115491,0.1978226779,0.1601858045,0.1375138490,0.0429751055,0.0586050127
2024-09-06,0.2043159965,0.1962388747,0.1976262911,0.1615873679,0.1399313846,0.0430869737,0.0572131115
2024-09-09,0.2043338274,0.1965788112,0.1974646235,0.1604843224,0.1385992073,0.0427338260,0.0598053821
2024-09-10,0.2043890642,0.1975885354,0.1968684483,0.1605354431,0.1384577076,0.0419414548,0.0602193468
2024-09-11,0.2048967316,0.2003255786,0.1969454788,0.1590465759,0.1373515899,0.0419948578,0.0594391874
2024-09-12,0.2046409639,0.2003518212,0.1967351629,0.1602883875,0.1359137672,0.0423960898,0.0596738075
2024-09-13,0.2041858177,0.1997585213,0.1963043670,0.1606830045,0.1351859409,0.0421598671,0.0617224816
2024-09-16,0.2048213800,0.1992008309,0.1973835964,0.1609319913,0.1357261896,0.0425406727,0.0593953391
2024-09-17,0.2045981946,0.1990075820,0.1969701556,0.1598022009,0.1353899845,0.0427689632,0.0614629193
2024-09-18,0.2045204960,0.1986599173,0.1969241260,0.1589813259,0.1353147978,0.0426066480,0.0629926890
2024-09-19,0.2046198918,0.2003627675,0.1971505766,0.1588203110,0.1331222383,0.0426609232,0.0632632916
2024-09-20,0.2041270624,0.1998452124,0.1962788112,0.1607294766,0.1329137243,0.0426318674,0.0634738457
2024-09-23,0.2042106314,0.1999573235,0.1965010350,0.1607057165,0.1325844292,0.0425621643,0.0634787001
2024-09-24,0.2033736194,0.1995274264,0.1964571161,0.1618197376,0.1318459805,0.0429702757,0.0640058444
2024-09-25,0.2036340414,0.2004101225,0.1961666905,0.1621606879,0.1317986427,0.0427578790,0.0630719360
2024-09-26,0.2029695323,0.2004621426,0.1971705634,0.1618121824,0.1308756059,0.0420711954,0.0646387779
2024-09-27,0.2030975293,0.1997636387,0.1970050223,0.1608626332,0.1315241699,0.0423676788,0.0653793278
2024-09-30,0.2044474066,0.2008318949,0.1976714734,0.1599952951,0.1315710613,0.0423838898,0.0630989791
2024-10-01,0.2037567845,0.1991489242,0.1975224232,0.1625842048,0.1326618205,0.0433689667,0.0609568760
2024-10-02,0.2037239848,0.1993140574,0.1977060410,0.1625225133,0.1323094465,0.0437071192,0.0607168377
2024-10-03,0.2036586828,0.1994659975,0.1969075973,0.1626553684,0.1319715096,0.0444053092,0.0609355352
2024-10-04,0.2042392574,0.2005918330,0.1974251734,0.1613274301,0.1303085275,0.0442450929,0.0618626858
2024-10-07,0.2034909535,0.1995198599,0.1973004790,0.1616532360,0.1305699157,0.0450976829,0.0623678729
2024-10-08,0.2047786545,0.2018718215,0.1970199505,0.1599640805,0.1303872091,0.0439083495,0.0620699343
2024-10-09,0.2060643485,0.2033292428,0.1976708297,0.1589904648,0.1299637801,0.0434986825,0.0604826517
2024-10-10,0.2055527600,0.2029493404,0.1972116476,0.1600404075,0.1297901510,0.0443242890,0.0601314045
2024-10-11,0.2053679884,0.2018750069,0.1972080933,0.1606793948,0.1289404678,0.0440586937,0.0618703550
2024-10-14,0.2056354519,0.2021806550,0.1968416946,0.1593234861,0.1279452375,0.0430815305,0.0649919443
2024-10-15,0.2050843461,0.2005013263,0.1958185750,0.1606961354,0.1291189602,0.0424712217,0.0663094352
2024-10-16,0.2052967952,0.1998648701,0.1961371354,0.1609675597,0.1288610091,0.0422182485,0.0666543821
2024-10-17,0.2052658208,0.1999559435,0.1959927232,0.1618931457,0.1281988467,0.0422647343,0.0664287857
2024-10-18,0.2048973620,0.2001355239,0.1958496582,0.1626926801,0.1275681122,0.0418025693,0.0670540943
2024-10-21,0.2051301083,0.2010779940,0.1953846870,0.1631129150,0.1270361658,0.0420502953,0.0662078346
2024-10-22,0.2045815227,0.2008655179,0.1944943738,0.1645189325,0.1267894258,0.0426906823,0.0660595451
2024-10-23,0.2047795902,0.1998046760,0.1947703187,0.1641940501,0.1277585756,0.0428800679,0.0658127214
2024-10-24,0.2040440492,0.2002682578,0.1941580212,0.1645071761,0.1272697351,0.0426150348,0.0671377257
2024-10-25,0.2040328941,0.2015471970,0.1938878801,0.1648934890,0.1270490248,0.0429285462,0.0656609689
2024-10-28,0.2039406165,0.2008676144,0.1942117835,0.1643174399,0.1263947296,0.0416329237,0.0686348924
2024-10-29,0.2029080743,0.2014448631,0.1927546479,0.1649996274,0.1256919333,0.0412806935,0.0709201605
2024-10-30,0.2026826585,0.2003063279,0.1924121914,0.1662266741,0.1258054826,0.0418825595,0.0706841061
2024-10-31,0.2019840313,0.1984676121,0.1927515727,0.1663478060,0.1278526696,0.0428573266,0.0697389818
2024-11-01,0.2026904345,0.1997920148,0.1933858617,0.1655460320,0.1272526864,0.0423714570,0.0689615136
2024-11-04,0.2025141119,0.1994663642,0.1935359621,0.1659954615,0.1279510658,0.0431473290,0.0673897055
2024-11-05,0.2029716284,0.2000483594,0.1939718799,0.1647533640,0.1270049755,0.0429913170,0.0682584759
2024-11-06,0.2054028508,0.2028984561,0.1940452686,0.1577382983,0.1244261768,0.0419866749,0.0735022745
2024-11-07,0.2047404157,0.2038520247,0.1939586135,0.1585314772,0.1240065150,0.0419524234,0.0729585304
2024-11-08,0.2056894472,0.2041519357,0.1934754331,0.1575059051,0.1242584463,0.0413223120,0.0735965207
2024-11-11,0.2043828138,0.2025437031,0.1922848421,0.1526864385,0.1230760383,0.0403643898,0.0846617744
2024-11-12,0.2048743828,0.2032948193,0.1918049420,0.1522053952,0.1230387124,0.0403675643,0.0844141840
2024-11-13,0.2049175552,0.2029774605,0.1913546669,0.1506295733,0.1229797525,0.0402281799,0.0869128118
2024-11-14,0.2051163023,0.2030680839,0.1917865769,0.1513555192,0.1238449504,0.0404908722,0.0843376950
2024-11-15,0.2037405253,0.1994549497,0.1910536022,0.1520210861,0.1246231436,0.0405367629,0.0885699302
2024-11-18,0.2031986351,0.1994891100,0.1908887074,0.1538700737,0.1238985686,0.0411866066,0.0874682985
2024-11-19,0.2027176290,0.1996562851,0.1902366625,0.1543170761,0.1233314904,0.0410678617,0.0886729952
2024-11-20,0.2022711152,0.1990343161,0.1897057078,0.1547919300,0.1228924870,0.0409452294,0.0903592145
2024-11-21,0.2016996316,0.1981223202,0.1890571022,0.1548107360,0.1218285718,0.0409018705,0.0935797676
2024-11-22,0.2014485803,0.1975807527,0.1890536059,0.1561275304,0.1213878766,0.0407608740,0.0936407801
2024-11-25,0.2037345597,0.1994623031,0.1913584465,0.1527296144,0.1234511168,0.0405013041,0.0887626553
2024-11-26,0.2045315304,0.2002719619,0.1912353664,0.1528262627,0.1231028722,0.0404485318,0.0875834746
2024-11-27,0.2035428820,0.1983356955,0.1906531015,0.1528888730,0.1232168687,0.0401575084,0.0912050710
2024-11-29,0.2032410026,0.1985483188,0.1906176067,0.1530281428,0.1227571581,0.0398864237,0.0919213473
2024-12-02,0.2036432000,0.2007474139,0.1910595565,0.1517166945,0.1227949068,0.0396055412,0.0904326872
2024-12-03,0.2033976063,0.2010269434,0.1910528608,0.1517683467,0.1223544300,0.0399891665,0.0904106464
2024-12-04,0.2030816192,0.2019420450,0.1903533032,0.1510542959,0.1218040368,0.0394664411,0.0922982589
2024-12-05,0.2035701772,0.2021997175,0.1911568592,0.1505452895,0.1223230451,0.0395728311,0.0906320804
2024-12-06,0.2028107237,0.2028636301,0.1903153281,0.1497553433,0.1219799619,0.0390476294,0.0932273834
2024-12-09,0.2025417431,0.2020574048,0.1906586585,0.1518221281,0.1220912457,0.0395733968,0.0912554230
2024-12-10,0.2021744878,0.2016306200,0.1896941074,0.1540207141,0.1221018186,0.0397144043,0.0906638477
2024-12-11,0.2012177571,0.2027020104,0.1887757670,0.1535661327,0.1203113730,0.0397186200,0.0937083397
2024-12-12,0.2017067615,0.2029289021,0.1889307608,0.1524676199,0.1207370694,0.0398609224,0.0933679639
2024-12-13,0.2016057236,0.2044203593,0.1886571287,0.1505784881,0.1202461723,0.0398310412,0.0946610868
2024-12-16,0.2007448469,0.2056007630,0.1872981846,0.1496586088,0.1193332191,0.0392802941,0.0980840836
2024-12-17,0.2005699080,0.2053630736,0.1871246509,0.1495704352,0.1197224818,0.0391425104,0.0985069401
2024-12-18,0.2003430712,0.2038043899,0.1869694096,0.1510364255,0.1223219740,0.0399342753,0.0955904543
2024-12-19,0.2009928240,0.2036173196,0.1876015902,0.1517881903,0.1224398257,0.0400760911,0.0934841590
2024-12-20,0.2017661519,0.2037386310,0.1875924275,0.1521347850,0.1217787173,0.0400071799,0.0929821075
2024-12-23,0.2029250490,0.2056735470,0.1885789140,0.1513815886,0.1213724164,0.0400280626,0.0900404224
2024-12-24,0.2029480537,0.2061942160,0.1880034389,0.1500327260,0.1201884015,0.0398196378,0.0928135262
2024-12-26,0.2032929105,0.2063905077,0.1885305924,0.1512922114,0.1204716884,0.0397709017,0.0902511879
2024-12-27,0.2029791860,0.2054958699,0.1887500457,0.1516168933,0.1213143920,0.0403232672,0.0895203459
2024-12-30,0.2022739068,0.2043907299,0.1884252007,0.1523466833,0.1227692385,0.0410133754,0.0887808653
2024-12-31,0.2000000000,0.2000000000,0.2000000000,0.1500000000,0.1500000000,0.0500000000,0.0500000000
2025-01-02,0.1988912560,0.1989911254,0.1989738051,0.1515676887,0.1495512728,0.0503348749,0.0516899770
2025-01-03,0.2000089736,0.2008725815,0.1996606072,0.1493533858,0.1483812039,0.0497379495,0.0519852985
2025-01-06,0.1998519492,0.2018589377,0.1995837102,0.1481985735,0.1472632919,0.0495062753,0.0537372621
2025-01-07,0.1995861346,0.2002569217,0.1996180292,0.1505368934,0.1482259323,0.0502380656,0.0515380233
2025-01-08,0.1998234701,0.2002375842,0.1996314989,0.1512960310,0.1483548403,0.0501315088,0.0505250668
2025-01-10,0.1982807150,0.1986081399,0.1979408216,0.1539127580,0.1486551134,0.0518734068,0.0507290452
2025-01-13,0.1989180291,0.1982986815,0.1983378679,0.1526342440,0.1487623692,0.0523347266,0.0507140818
2025-01-14,0.1986603075,0.1975818752,0.1984896475,0.1530261357,0.1484118929,0.0521717189,0.0516584224
2025-01-15,0.1989736212,0.1988295681,0.1982317516,0.1516566585,0.1472541944,0.0521486042,0.0529056021
2025-01-16,0.1987593790,0.1976039799,0.1985841752,0.1528342294,0.1476990489,0.0519625906,0.0525565971
2025-01-17,0.1990771630,0.1992599838,0.1985699244,0.1507526318,0.1464647200,0.0513000306,0.0545755463
2025-01-21,0.1991375026,0.1986708658,0.1992171791,0.1517445108,0.1456596148,0.0506012057,0.0549691211
2025-01-22,0.1996045315,0.2005554719,0.1990771537,0.1520268849,0.1448416271,0.0503912276,0.0535031034
2025-01-23,0.2002719582,0.2005592685,0.1997235876,0.1514925513,0.1442986623,0.0501051922,0.0535487799
2025-01-24,0.1996985037,0.1994370530,0.1997511712,0.1524431829,0.1445451502,0.0501305102,0.0539944288
2025-01-27,0.1996413482,0.1963525612,0.2002495322,0.1529778058,0.1473931065,0.0500591388,0.0533265074
2025-01-28,0.1999880794,0.1979002870,0.2001757309,0.1532532325,0.1463462153,0.0497642258,0.0525722291
2025-01-29,0.1993381112,0.1977732258,0.1998121993,0.1528537187,0.1464372912,0.0499166436,0.0538688101
2025-01-30,0.1990731145,0.1972933208,0.2001556121,0.1541352483,0.1456708781,0.0496292635,0.0540425627
2025-01-31,0.1988209940,0.1978098667,0.1995378141,0.1550695697,0.1459651060,0.0497410508,0.0530555987
2025-02-03,0.1982072515,0.1969463587,0.1986980963,0.1564689274,0.1466392278,0.0503097616,0.0527303768
2025-02-04,0.1984037238,0.1982317738,0.1994118504,0.1571125725,0.1460765498,0.0501596272,0.0506039024
2025-02-05,0.1985041527,0.1984275850,0.1997560475,0.1575294678,0.1463378379,0.0496671505,0.0497777586
2025-02-06,0.1988311541,0.1990998778,0.2000464730,0.1568257212,0.1459219679,0.0495991313,0.0496756747
2025-02-07,0.1982291179,0.1978039789,0.1996536065,0.1580768015,0.1463585542,0.0499283813,0.0499495598
2025-02-10,0.1978003097,0.1984178405,0.1991830507,0.1593245921,0.1451015043,0.0502014837,0.0499712191
2025-02-11,0.1982685368,0.1982632543,0.1996171771,0.1589976327,0.1450064615,0.0506636779,0.0491832597
2025-02-12,0.1977830674,0.1985335009,0.1995757438,0.1592875662,0.1443580568,0.0501413473,0.0503207176
2025-02-13,0.1980614003,0.1995660209,0.1999077302,0.1594020591,0.1439083881,0.0499322100,0.0492221915
2025-02-14,0.1981163160,0.2004693384,0.2001837438,0.1570827482,0.1444877680,0.0499707838,0.0496893017
2025-02-18,0.1979911191,0.2002090282,0.2002469358,0.1591161057,0.1433990396,0.0505252605,0.0485125110
2025-02-19,0.1981541410,0.1999587676,0.1996991011,0.1589610489,0.1433859687,0.0508468742,0.0489940985
2025-02-20,0.1974713431,0.1992528684,0.1995679923,0.1591573088,0.1437097057,0.0509498656,0.0498909161
2025-02-21,0.1963874938,0.1974232833,0.1990849154,0.1608896176,0.1460337682,0.0508341045,0.0493468171
2025-02-24,0.1966092520,0.1962059525,0.1992353664,0.1626861109,0.1471216650,0.0509436464,0.0471980068
2025-02-25,0.1969827906,0.1950721028,0.2003800429,0.1616494761,0.1490582030,0.0507276067,0.0461297780
2025-02-26,0.1973500438,0.1958090122,0.2009503660,0.1621161754,0.1495024482,0.0503643128,0.0439076418
2025-02-27,0.1969695992,0.1930862082,0.2007427208,0.1619223965,0.1514047967,0.0511518286,0.0447224501
2025-02-28,0.1986569982,0.1947759895,0.2011027610,0.1597926256,0.1510249986,0.0504077984,0.0442388288
2025-03-03,0.1965282748,0.1918332473,0.2003458131,0.1630200243,0.1523998598,0.0504339132,0.0454388674
2025-03-04,0.1947005443,0.1917453227,0.1993952266,0.1648600524,0.1524058784,0.0507252984,0.0461676772
2025-03-05,0.1949656851,0.1924411248,0.2008132018,0.1636690604,0.1504715559,0.0501167565,0.0475226155
2025-03-06,0.1940909465,0.1896744314,0.2004986577,0.1650364024,0.1523488835,0.0505380620,0.0478126165
2025-03-07,0.1947150484,0.1906152631,0.2012873204,0.1647302393,0.1518016716,0.0508582257,0.0459922315
2025-03-10,0.1940095884,0.1875596116,0.2007974618,0.1671483375,0.1561331911,0.0517285679,0.0426232418
2025-03-11,0.1921720325,0.1868926941,0.1997523825,0.1689110462,0.1553984866,0.0519524265,0.0449209316
2025-03-12,0.1922388136,0.1880686749,0.1998481227,0.1688084216,0.1541764773,0.0516961495,0.0451633404
2025-03-13,0.1909107762,0.1858873269,0.1987654156,0.1729240813,0.1556541662,0.0518428246,0.0440154092
2025-03-14,0.1921301836,0.1877188329,0.2000569871,0.1705747943,0.1531664789,0.0513988062,0.0449539171
2025-03-17,0.1924139603,0.1877670430,0.2007995157,0.1704371925,0.1524202045,0.0514295758,0.0447325082
2025-03-18,0.1913702037,0.1855706865,0.2004459685,0.1733650264,0.1534055431,0.0515926120,0.0442499598
2025-03-19,0.1915538914,0.1862064472,0.2001112467,0.1723670255,0.1523456592,0.0514098246,0.0460059055
2025-03-20,0.1916714820,0.1862276956,0.1999524016,0.1727514978,0.1529740997,0.0516834782,0.0447393452
2025-03-21,0.1920643884,0.1871629023,0.1998458871,0.1716555282,0.1530511528,0.0514698657,0.0447502756
2025-03-24,0.1934243380,0.1892354902,0.2002251779,0.1690734035,0.1508403457,0.0511065317,0.0460947130
2025-03-25,0.1933347657,0.1897710588,0.2000381392,0.1693317048,0.1505465165,0.0510292283,0.0459485867
2025-03-26,0.1927333261,0.1879433964,0.1996263867,0.1707034207,0.1515212505,0.0514156514,0.0460565682
2025-03-27,0.1920881977,0.1867428850,0.1992682138,0.1728718410,0.1513390916,0.0515188552,0.0461709157
2025-03-28,0.1904637311,0.1839940274,0.1981032110,0.1762293984,0.1540326264,0.0519691103,0.0452078953
2025-03-31,0.1909631938,0.1832386179,0.1975197410,0.1780342847,0.1537019592,0.0524810212,0.0440611822
2025-04-01,0.1906821436,0.1839243902,0.1973181006,0.1769208852,0.1536100554,0.0522794118,0.0452650132
2025-04-02,0.1913510388,0.1847474844,0.1979321666,0.1767869819,0.1530092476,0.0524571213,0.0437159594
2025-04-03,0.1873886842,0.1801125448,0.1958316146,0.1810006636,0.1584369701,0.0518628089,0.0453667138
2025-04-04,0.1836545170,0.1758547770,0.1917119775,0.1840170601,0.1650849158,0.0520281404,0.0476486121
2025-04-07,0.1854958056,0.1783642019,0.1916488694,0.1821931092,0.1649214882,0.0518143021,0.0455622236
2025-04-08,0.1846535132,0.1771311663,0.1914573015,0.1852547425,0.1659187181,0.0512307960,0.0443537623
2025-04-09,0.1907381272,0.1854534754,0.1942723764,0.1795785436,0.1554469871,0.0496236853,0.0448868048
2025-04-10,0.1862380900,0.1813218513,0.1928545500,0.1878559591,0.1574868507,0.0500427012,0.0441999977
2025-04-11,0.1864110855,0.1815937133,0.1935696091,0.1882602241,0.1547104426,0.0499267455,0.0455281800
2025-04-14,0.1872183227,0.1818520777,0.1943594203,0.1861902823,0.1547913628,0.0496848873,0.0459036470
2025-04-15,0.1865880532,0.1819515507,0.1944397097,0.1870583452,0.1550205488,0.0495381375,0.0454036548
2025-04-16,0.1833819041,0.1773755952,0.1925358147,0.1941419769,0.1563142690,0.0504134852,0.0458369550
2025-04-17,0.1834631681,0.1771694568,0.1933553704,0.1930996923,0.1557628729,0.0508878507,0.0462615889
2025-04-21,0.1801242633,0.1737768457,0.1914567477,0.2002160169,0.1557125262,0.0507488506,0.0479647496
2025-04-22,0.1821943334,0.1758141176,0.1928674623,0.1945795895,0.1537921458,0.0502665028,0.0504858486
2025-04-23,0.1841427871,0.1789511833,0.1944097708,0.1890159534,0.1534419613,0.0496528690,0.0503854752
2025-04-24,0.1849723724,0.1810052669,0.1945859223,0.1886601653,0.1517901378,0.0492875974,0.0496985379
2025-04-25,0.1857008617,0.1824258428,0.1948765017,0.1860057802,0.1518492224,0.0491958839,0.0499459072
2025-04-28,0.1851250727,0.1817331739,0.1947516105,0.1879982457,0.1517350348,0.0487491004,0.0499077620
2025-04-29,0.1861408294,0.1827857201,0.1954824738,0.1860170474,0.1519805559,0.0480902591,0.0495031143
2025-04-30,0.1866842339,0.1832234761,0.1958745637,0.1850907365,0.1522253944,0.0473144458,0.0495871495
2025-05-01,0.1877078939,0.1853209653,0.1962671329,0.1809573974,0.1515688162,0.0474687633,0.0507090310
2025-05-02,0.1888021987,0.1864012798,0.1979148829,0.1796635714,0.1494899124,0.0472519706,0.0504761842
2025-05-05,0.1875157488,0.1850942902,0.1972682900,0.1848288422,0.1490684841,0.0469278357,0.0492965089
2025-05-06,0.1854074748,0.1828391157,0.1955850900,0.1894557185,0.1489996237,0.0474940941,0.0502188832
2025-05-07,0.1864580557,0.1838239921,0.1960022768,0.1868866853,0.1494447343,0.0469729031,0.0504113528
2025-05-08,0.1871473633,0.1851186818,0.1960432268,0.1826109836,0.1481854614,0.0474313143,0.0534629688
2025-05-09,0.1866066713,0.1846982166,0.1960067165,0.1836383494,0.1480973256,0.0477161064,0.0532366142
2025-05-12,0.1902807835,0.1897372001,0.1982605086,0.1761537716,0.1456888146,0.0474112958,0.0524676258
2025-05-13,0.1901767520,0.1912605439,0.1978223630,0.1756473220,0.1445054077,0.0478051889,0.0527824225
2025-05-14,0.1910473202,0.1930408601,0.1984742848,0.1725187504,0.1445645289,0.0477183622,0.0526358935
2025-05-15,0.1909348948,0.1922005428,0.1985067492,0.1743182873,0.1445920195,0.0469945086,0.0524529978
2025-05-16,0.1920117764,0.1929039376,0.1993373642,0.1720925138,0.1445811449,0.0467854599,0.0522878032
2025-05-19,0.1914333355,0.1922968706,0.1990656972,0.1735941888,0.1439438241,0.0465275893,0.0531384944
2025-05-20,0.1902800047,0.1911438672,0.1983257066,0.1763545205,0.1433093456,0.0469953936,0.0535911619
2025-05-21,0.1883169070,0.1897402744,0.1971447496,0.1788364442,0.1433144057,0.0472414900,0.0554057292
2025-05-22,0.1884140267,0.1901182962,0.1970235011,0.1772731281,0.1437462392,0.0470043447,0.0564204639
2025-05-23,0.1873824577,0.1886138678,0.1968393726,0.1814029196,0.1441492882,0.0473335742,0.0542785199
2025-05-27,0.1894686320,0.1912246610,0.1981438518,0.1766411934,0.1434316192,0.0464696838,0.0546203588
2025-05-28,0.1892655281,0.1912796983,0.1977173298,0.1770764459,0.1438460604,0.0465359688,0.0542789686
2025-05-29,0.1895998959,0.1912393974,0.1980895598,0.1777386477,0.1440635483,0.0461933815,0.0530755694
2025-05-30,0.1899155401,0.1914698497,0.1983682021,0.1770616856,0.1448192775,0.0459698354,0.0523956097
2025-06-02,0.1890674902,0.1910442188,0.1976814560,0.1799428609,0.1429881946,0.0464671951,0.0528085844
2025-06-03,0.1898673085,0.1922557472,0.1979007248,0.1780883046,0.1426764121,0.0467038610,0.0525076418
2025-06-04,0.1893581940,0.1923264202,0.1978828882,0.1788029495,0.1431791964,0.0464174546,0.0520328973
2025-06-05,0.1894892269,0.1919384319,0.1984393331,0.1788876220,0.1436068597,0.0468934529,0.0507450735
2025-06-06,0.1906702191,0.1930403043,0.1991868534,0.1757824966,0.1423016775,0.0470757385,0.0519427106
2025-06-09,0.1899349961,0.1924056273,0.1985720470,0.1757725250,0.1418000551,0.0468952751,0.0546194745
2025-06-10,0.1903374954,0.1929943904,0.1988159051,0.1752033408,0.1416185432,0.0466218862,0.0544084389
2025-06-11,0.1898258510,0.1923757115,0.1984705673,0.1761805614,0.1421206735,0.0473844217,0.0536422135
2025-06-12,0.1899333410,0.1921727747,0.1986445380,0.1777632631,0.1421587731,0.0472235691,0.0521037410
2025-06-13,0.1885013142,0.1904587668,0.1968706773,0.1807551062,0.1421741845,0.0488644455,0.0523755056
2025-06-16,0.1896248136,0.1924281468,0.1978889410,0.1775504134,0.1413844316,0.0485849294,0.0525383243
2025-06-17,0.1889399177,0.1914999343,0.1969328353,0.1785254477,0.1425239294,0.0498637020,0.0517142337
2025-06-18,0.1890137337,0.1915710090,0.1971499827,0.1776601235,0.1427029153,0.0500204006,0.0518818351
2025-06-20,0.1890525402,0.1912771633,0.1967879036,0.1780402636,0.1431994354,0.0504085078,0.0512341860
2025-06-23,0.1898173004,0.1921279284,0.1975171643,0.1775542611,0.1426623141,0.0482643791,0.0520566526
2025-06-24,0.1910786080,0.1942166031,0.1991286962,0.1740022409,0.1426184200,0.0468957709,0.0520596609
2025-06-25,0.1909273869,0.1944500359,0.1985138219,0.1742949595,0.1424113288,0.0467681444,0.0526343226
2025-06-26,0.1913994921,0.1952261059,0.1993050800,0.1731775993,0.1420422354,0.0466903043,0.0521591829
2025-06-27,0.1925877729,0.1961362046,0.2004121519,0.1702487912,0.1418156133,0.0465132165,0.0522862497
2025-06-30,0.1924187013,0.1962947352,0.2000929846,0.1713187714,0.1415878112,0.0462724624,0.0520145339
2025-07-01,0.1925000414,0.1947854297,0.2002579452,0.1729765124,0.1415631175,0.0465617970,0.0513551567
2025-07-02,0.1921778541,0.1949301953,0.1999186398,0.1728579175,0.1405174949,0.0470337179,0.0525641805
2025-07-03,0.1930397567,0.1961850181,0.2002943431,0.1710999976,0.1397601122,0.0468541937,0.0527665787
2025-07-07,0.1927183856,0.1958424434,0.1996305604,0.1722264816,0.1400753573,0.0470850799,0.0524216917
2025-07-08,0.1927997069,0.1961425482,0.2002437661,0.1705932048,0.1401541111,0.0472789727,0.0527876902
2025-07-09,0.1927691387,0.1963224115,0.2002075666,0.1703075144,0.1398788579,0.0469055165,0.0536089944
2025-07-10,0.1927220198,0.1954409560,0.1999652488,0.1701649528,0.1394088840,0.0466153136,0.0556826251
2025-07-11,0.1919910924,0.1949468904,0.1989092507,0.1717510403,0.1387897928,0.0472105794,0.0564013542
2025-07-14,0.1920681286,0.1953596402,0.1989634853,0.1708658214,0.1385668621,0.0467416686,0.0574343939
2025-07-15,0.1919870568,0.1962950237,0.1987148369,0.1708138716,0.1386913428,0.0468383656,0.0566595025
2025-07-16,0.1920133592,0.1958680997,0.1988640907,0.1711173339,0.1384461329,0.0467515536,0.0569394300
2025-07-17,0.1923993067,0.1966466885,0.1990626106,0.1700479883,0.1379369898,0.0469362517,0.0569701644
2025-07-18,0.1923225662,0.1965232352,0.1989604812,0.1705471493,0.1382366428,0.0470354191,0.0563745062
2025-07-21,0.1918236400,0.1966568261,0.1985568698,0.1723923786,0.1379958232,0.0467207007,0.0558537615
2025-07-22,0.1913549776,0.1951330538,0.1985910131,0.1735774616,0.1379047860,0.0465169650,0.0569217428
2025-07-23,0.1926695327,0.1957047739,0.2005465787,0.1711465122,0.1373735252,0.0463172452,0.0562418321
2025-07-24,0.1929888346,0.1963813097,0.2002802034,0.1703249053,0.1374717555,0.0464201011,0.0561328906
2025-07-25,0.1938936330,0.1969449549,0.2007987318,0.1688273728,0.1377591339,0.0459646943,0.0558114795
2025-07-28,0.1940580701,0.1977777120,0.2000143046,0.1679188764,0.1377285066,0.0464926132,0.0560099171
2025-07-29,0.1934260547,0.1973487343,0.1995247564,0.1682761695,0.1383849650,0.0470652853,0.0559740349
2025-07-30,0.1939826345,0.1984316604,0.1996480974,0.1660544229,0.1385645679,0.0471560889,0.0561625279
2025-07-31,0.1938450047,0.1979827634,0.1991997952,0.1676682747,0.1390581273,0.0469031104,0.0553429243
2025-08-01,0.1919575940,0.1953956566,0.1982011770,0.1722291201,0.1412094995,0.0464631825,0.0545437703
2025-08-04,0.1927372271,0.1968176861,0.1987744736,0.1713314487,0.1397728938,0.0457869904,0.0547792803
2025-08-05,0.1924081941,0.1961421061,0.1990480263,0.1720487644,0.1402877486,0.0455451577,0.0545200027
2025-08-06,0.1928902632,0.1975942570,0.1993251888,0.1708056290,0.1395138904,0.0452083516,0.0546624200
2025-08-07,0.1920526106,0.1975674957,0.1989904069,0.1716426697,0.1389123938,0.0451946216,0.0556398017
2025-08-08,0.1928131297,0.1986511334,0.1993975141,0.1709508401,0.1381181745,0.0450225245,0.0550466837
2025-08-11,0.1929785095,0.1986259679,0.1994330021,0.1689721194,0.1386085317,0.0452124437,0.0561694257
2025-08-12,0.1936242924,0.1996698134,0.2003571251,0.1675994571,0.1376074053,0.0447011748,0.0564407318
2025-08-13,0.1934724107,0.1989319777,0.2005218111,0.1674055795,0.1375286187,0.0444524143,0.0576871880
2025-08-14,0.1943088372,0.1996185275,0.2008880822,0.1670480688,0.1377211930,0.0448251615,0.0555901297
2025-08-15,0.1942498897,0.1991466977,0.2012984182,0.1674873425,0.1377935975,0.0447727587,0.0552512957
2025-08-18,0.1943881790,0.1992524449,0.2015912782,0.1673813415,0.1377683861,0.0448555632,0.0547628071
2025-08-19,0.1947537867,0.1979928662,0.2021439110,0.1676880310,0.1390472108,0.0448325390,0.0535416554
2025-08-20,0.1940398098,0.1966182364,0.2016810004,0.1692140552,0.1389907213,0.0452843628,0.0541718140
2025-08-21,0.1940255778,0.1964817970,0.2017459234,0.1692936735,0.1392163975,0.0457337904,0.0535028404
2025-08-22,0.1942172842,0.1966896042,0.2022912859,0.1686848168,0.1380099255,0.0452711215,0.0548359619
2025-08-25,0.1945890459,0.1973662643,0.2022420040,0.1693448696,0.1386757589,0.0457852509,0.0519968065
2025-08-26,0.1946298878,0.1973738861,0.2019688949,0.1698990994,0.1382935196,0.0452545416,0.0525801707
2025-08-27,0.1948614347,0.1974625032,0.2018398779,0.1700571457,0.1382823005,0.0452464387,0.0522502994
2025-08-28,0.1945666569,0.1976978562,0.2016177449,0.1704559701,0.1377518367,0.0453045181,0.0526054171
2025-08-29,0.1943711364,0.1963842470,0.2015088313,0.1729594093,0.1382583475,0.0455921090,0.0509259195
2025-09-02,0.1926919167,0.1944974359,0.1998149785,0.1768293967,0.1377208014,0.0462737454,0.0521717254
2025-09-03,0.1927660010,0.1950458984,0.1995478032,0.1773218204,0.1375300446,0.0456340138,0.0521544186
2025-09-04,0.1936457431,0.1960709134,0.2002138650,0.1758740852,0.1375649115,0.0451371584,0.0514933234
2025-09-05,0.1926009754,0.1958617276,0.1999054805,0.1777746281,0.1378674619,0.0446591435,0.0513305829
2025-09-08,0.1919282550,0.1956490340,0.1997985695,0.1787320455,0.1375147589,0.0446963680,0.0516809690
2025-09-09,0.1922984661,0.1961283603,0.1999144247,0.1782582026,0.1371885002,0.0448001533,0.0514118927
2025-09-10,0.1922041894,0.1955311444,0.1996676500,0.1782954182,0.1369987855,0.0449502559,0.0523525567
2025-09-11,0.1928229431,0.1956762736,0.2006237068,0.1771306603,0.1365649538,0.0443837370,0.0527977253
2025-09-12,0.1925346416,0.1963124269,0.1999954858,0.1772738297,0.1362843941,0.0445915794,0.0530076425
2025-09-15,0.1924040406,0.1968101334,0.1999220283,0.1780489087,0.1356997736,0.0447219910,0.0523931243
2025-09-16,0.1919475759,0.1964477760,0.1996500566,0.1782282920,0.1356183327,0.0451331009,0.0529748657
2025-09-17,0.1923214637,0.1966819326,0.1999960674,0.1774181507,0.1358084711,0.0448002483,0.0529736663
2025-09-18,0.1927147873,0.1979364141,0.2004040689,0.1762452271,0.1350761812,0.0444848448,0.0531384766
2025-09-19,0.1930083182,0.1985962192,0.1999936613,0.1775068417,0.1346152018,0.0439774176,0.0523023402
2025-09-22,0.1930555694,0.1988799198,0.1999117109,0.1797725471,0.1338537771,0.0437810535,0.0507454221
2025-09-23,0.1923999655,0.1979656489,0.1995686311,0.1808788000,0.1343436114,0.0443244842,0.0505188591
2025-09-24,0.1924058990,0.1979064233,0.1993090515,0.1798171319,0.1345213238,0.0447639137,0.0512762568
2025-09-25,0.1922721412,0.1978288610,0.1989681065,0.1812768754,0.1348620404,0.0452577152,0.0495342603
2025-09-26,0.1925153489,0.1977604144,0.1991618114,0.1815139780,0.1343573926,0.0450765952,0.0496144594
2025-09-29,0.1916749188,0.1972545592,0.1984879493,0.1831880106,0.1336492469,0.0443812477,0.0513640676
2025-09-30,0.1918044240,0.1971857600,0.1984816503,0.1841834762,0.1332243795,0.0440685307,0.0510517795
2025-10-01,0.1914567263,0.1971008596,0.1984663534,0.1835139052,0.1328694722,0.0437614292,0.0528312542
2025-10-02,0.1914021649,0.1976271126,0.1984676866,0.1826123052,0.1328244806,0.0434071733,0.0536590769
2025-10-03,0.1910446117,0.1964304462,0.1986283072,0.1837380655,0.1324328914,0.0434624859,0.0542631921
2025-10-06,0.1902844142,0.1964137772,0.1978396434,0.1857895510,0.1311459302,0.0435775534,0.0549491306
2025-10-07,0.1901604231,0.1959788100,0.1972237689,0.1873209333,0.1317719110,0.0438849795,0.0536591743
2025-10-08,0.1896918261,0.1965648815,0.1966289477,0.1888149089,0.1306810580,0.0435747788,0.0540435990
2025-10-09,0.1903954765,0.1976277739,0.1968957352,0.1865586651,0.1313892699,0.0434587708,0.0536743086
2025-10-10,0.1889018188,0.1945283972,0.1955968952,0.1921577554,0.1345289168,0.0433722890,0.0509139276
2025-10-13,0.1886773854,0.1954219384,0.1954870732,0.1936225721,0.1325888478,0.0432073865,0.0509947967
2025-10-14,0.1887250463,0.1944067759,0.1956757825,0.1952931059,0.1329956875,0.0427871465,0.0501164554
2025-10-15,0.1884773085,0.1946574748,0.1956466807,0.1975402162,0.1321815625,0.0426961104,0.0488006469
2025-10-16,0.1869428030,0.1936766827,0.1948606194,0.2018891306,0.1324760791,0.0425619753,0.0475927099
2025-10-17,0.1883495609,0.1953069129,0.1958286980,0.1984543466,0.1325358414,0.0426017089,0.0469229315
2025-10-20,0.1873022516,0.1946438533,0.1946475379,0.2024294432,0.1306618592,0.0423457540,0.0479693009
2025-10-21,0.1901110012,0.1975139763,0.1970593654,0.1922628999,0.1327543719,0.0425388928,0.0477594925
2025-10-22,0.1897693083,0.1962799939,0.1968802083,0.1929407762,0.1331951347,0.0433600356,0.0475745430
2025-10-23,0.1896825814,0.1966732821,0.1969155869,0.1924830478,0.1321140867,0.0438136797,0.0483177353
2025-10-24,0.1903152066,0.1978196673,0.1972079095,0.1909172158,0.1316103276,0.0436225485,0.0485071247
2025-10-27,0.1918382392,0.2005874999,0.1984289573,0.1849060266,0.1312073993,0.0433638317,0.0496680460
2025-10-28,0.1923402061,0.2021220946,0.1985612484,0.1835737868,0.1312800426,0.0429627457,0.0491598757
2025-10-29,0.1927439501,0.2033607297,0.1986159656,0.1831744185,0.1308692122,0.0432608449,0.0479748790
2025-10-30,0.1914617573,0.2011315463,0.1977275661,0.1875930082,0.1311964651,0.0434700702,0.0474195868
2025-10-31,0.1917623957,0.2017573665,0.1977421953,0.1862562937,0.1308947632,0.0437015901,0.0478853954
2025-11-03,0.1919788144,0.2025713311,0.1978334785,0.1864508950,0.1306364760,0.0439934192,0.0465355857
2025-11-04,0.1925034072,0.2013889951,0.1982293136,0.1858888026,0.1326310294,0.0443329233,0.0450255289
2025-11-05,0.1920683928,0.2015431641,0.1981760604,0.1869656566,0.1315187628,0.0439451863,0.0457827770
2025-11-06,0.1916188689,0.1994661794,0.1980689571,0.1883247495,0.1331254090,0.0443761013,0.0450197349
2025-11-07,0.1913964100,0.1984106186,0.1981153412,0.1890709876,0.1327870647,0.0443778772,0.0458417008
2025-11-10,0.1911507947,0.1994280963,0.1975434598,0.1910105357,0.1305269253,0.0441163754,0.0462238127
2025-11-11,0.1914810067,0.1987854386,0.1979657067,0.1916552361,0.1308445101,0.0443773415,0.0448907603
2025-11-12,0.1911315874,0.1981560150,0.1979702886,0.1942794811,0.1304811456,0.0437777107,0.0442037716
2025-11-13,0.1905009138,0.1967345643,0.1975267612,0.1953142483,0.1318499897,0.0441384308,0.0439350919
2025-11-14,0.1915954648,0.1980469363,0.1986229000,0.1929227751,0.1324703001,0.0444961581,0.0418454655
2025-11-17,0.1915194893,0.1981234812,0.1982091052,0.1924282512,0.1336897706,0.0448381603,0.0411917422
2025-11-18,0.1905344650,0.1963534520,0.1973722139,0.1944623492,0.1342090071,0.0453579038,0.0417106091
2025-11-19,0.1910201324,0.1972671086,0.1973157490,0.1945242038,0.1340332955,0.0448480800,0.0409914307
2025-11-20,0.1906033777,0.1951517753,0.1968785623,0.1970462942,0.1359737688,0.0450063181,0.0393399037
2025-11-21,0.1916466777,0.1957443056,0.1980695819,0.1958672352,0.1356938462,0.0445100057,0.0384683477
2025-11-24,0.1915453305,0.1977336013,0.1974577079,0.1959808176,0.1339210174,0.0440552363,0.0393062891
2025-11-25,0.1925079124,0.1980889980,0.1984269918,0.1950687247,0.1335518408,0.0436315563,0.0387239760
2025-11-26,0.1922315440,0.1981841663,0.1983965933,0.1950004640,0.1326559707,0.0437313371,0.0397999246
2025-11-28,0.1920144069,0.1984817989,0.1980383997,0.1961296523,0.1316040346,0.0440174456,0.0397142620
2025-12-01,0.1919056965,0.1986098828,0.1978885377,0.1978670044,0.1315621441,0.0443092897,0.0378574449
2025-12-02,0.1916503634,0.1995282973,0.1976255948,0.1959681565,0.1313145726,0.0439774778,0.0399355376
2025-12-03,0.1917012952,0.1993786465,0.1978093193,0.1951622140,0.1311444335,0.0440468387,0.0407572528
2025-12-04,0.1919209210,0.1992757168,0.1981998578,0.1953692201,0.1308850702,0.0441793940,0.0401698202
2025-12-05,0.1922577611,0.2000594164,0.1985640998,0.1949929156,0.1307224619,0.0444397060,0.0389636391
2025-12-08,0.1921210590,0.2001348725,0.1984162468,0.1949255578,0.1308135661,0.0439882493,0.0396004485
2025-12-09,0.1916600126,0.2000735069,0.1978865076,0.1956255805,0.1304946547,0.0438252780,0.0404344597
2025-12-10,0.1919710787,0.1998932846,0.1985778965,0.1954811740,0.1302617158,0.0438727467,0.0399421036
2025-12-11,0.1919090230,0.1987199045,0.1985960911,0.1970640271,0.1299432628,0.0437189069,0.0400487846
2025-12-12,0.1914458465,0.1965637390,0.1983876671,0.1998368996,0.1306328164,0.0437249557,0.0394080757
2025-12-15,0.1917036987,0.1961368690,0.1989554705,0.2005912914,0.1311379824,0.0436396502,0.0378350378
2025-12-16,0.1912597388,0.1966076351,0.1982774397,0.2007206951,0.1314422142,0.0432176568,0.0384746202
2025-12-17,0.1903181564,0.1941495037,0.1976671880,0.2036891977,0.1322107218,0.0440033203,0.0379619121
2025-12-18,0.1907834464,0.1959645037,0.1981467885,0.2022914305,0.1318692652,0.0434737442,0.0374708215
2025-12-19,0.1910880482,0.1970499800,0.1983392658,0.2010211985,0.1307023125,0.0434563353,0.0383428597
2025-12-22,0.1906324036,0.1962995049,0.1978169313,0.2039004371,0.1295314739,0.0436378173,0.0381814319
2025-12-23,0.1904649913,0.1961491437,0.1976766362,0.2054820043,0.1288289085,0.0438857343,0.0375125816
2025-12-24,0.1908999655,0.1964811192,0.1979201605,0.2043809085,0.1289541307,0.0438124116,0.0375513041
2025-12-26,0.1903898975,0.1959634260,0.1976055020,0.2062358602,0.1286483429,0.0438349572,0.0373220141
2025-12-29,0.1919387957,0.1973044972,0.1992381057,0.1995747579,0.1303149285,0.0439393341,0.0376895811
2025-12-30,0.1916639678,0.1968053576,0.1991540155,0.1996778420,0.1302354171,0.0442230641,0.0382403359
2025-12-31,0.2000000000,0.2000000000,0.2000000000,0.1500000000,0.1500000000,0.0500000000,0.0500000000
2026-01-02,0.1996452439,0.1988939538,0.2007492069,0.1502029183,0.1494150818,0.0498868311,0.0512067643
2026-01-05,0.1985880831,0.1980928549,0.2000402035,0.1523244393,0.1479215071,0.0502190421,0.0528138700
2026-01-06,0.1986559819,0.1987199225,0.2000916126,0.1531135994,0.1470678602,0.0499173219,0.0524337014
2026-01-07,0.1988933089,0.1997928384,0.2001418782,0.1523220076,0.1478674282,0.0496767730,0.0513057659
2026-01-08,0.1988655860,0.1986486954,0.2002737556,0.1531574092,0.1475959848,0.0503125933,0.0511459757
2026-01-09,0.1990249129,0.1994688567,0.2004342694,0.1533758373,0.1470668019,0.0500658140,0.0505635080
2026-01-12,0.1983080202,0.1986033846,0.2002955584,0.1554405354,0.1462342682,0.0504380057,0.0506802276
2026-01-13,0.1976820113,0.1980789383,0.1993194591,0.1550396613,0.1461960036,0.0507705645,0.0529133620
2026-01-14,0.1968059872,0.1960581644,0.1992785618,0.1567006567,0.1464860420,0.0508387145,0.0538318736
2026-01-15,0.1974667264,0.1968882804,0.1998596255,0.1558389218,0.1463887681,0.0504576318,0.0531000459
2026-01-16,0.1975839888,0.1970055065,0.2001460122,0.1553101838,0.1463498704,0.0504428120,0.0531616264
2026-01-20,0.1954439778,0.1946946597,0.1986340549,0.1627538813,0.1472117040,0.0516370516,0.0496246707
2026-01-21,0.1954968238,0.1951279777,0.1987235793,0.1632851951,0.1460534307,0.0516488722,0.0496641212
2026-01-22,0.1952270515,0.1952553478,0.1985140497,0.1652074581,0.1451230236,0.0512879924,0.0493850770
2026-01-23,0.1944334659,0.1950049093,0.1980172609,0.1667370150,0.1446107290,0.0520073600,0.0491892599
2026-01-26,0.1944619553,0.1949018941,0.1979141499,0.1683460736,0.1441167701,0.0519876039,0.0482715530
2026-01-27,0.1934231765,0.1948418860,0.1977025266,0.1708738066,0.1426783811,0.0522044270,0.0482757962
2026-01-28,0.1919485493,0.1940162791,0.1958814359,0.1761636646,0.1415483365,0.0524850689,0.0479566657
2026-01-29,0.1921247837,0.1934159154,0.1963440723,0.1771546968,0.1419599990,0.0533975141,0.0456030188
2026-01-30,0.1964421984,0.1959715340,0.1996139086,0.1630115576,0.1455552399,0.0528777064,0.0465278551
2026-02-02,0.1990807470,0.1989782881,0.2022631184,0.1578004019,0.1466115023,0.0513802795,0.0438856629
2026-02-03,0.1965740799,0.1951039815,0.2006752581,0.1671344357,0.1460146119,0.0524918459,0.0420057871
2026-02-04,0.1969200615,0.1929678097,0.2013410517,0.1681250363,0.1468951192,0.0529277066,0.0408232150
2026-02-05,0.1980718327,0.1937218378,0.2025929419,0.1666865379,0.1502686664,0.0529522696,0.0357059138
2026-02-06,0.1974289980,0.1934631472,0.2024046165,0.1680280157,0.1470496739,0.0523317902,0.0392937585
2026-02-09,0.1966699935,0.1932637794,0.2023167336,0.1708104307,0.1458251140,0.0523990382,0.0387149107
2026-02-10,0.1968956206,0.1930970628,0.2029606159,0.1697587448,0.1468022232,0.0523592664,0.0381264664
2026-02-11,0.1964362971,0.1932079556,0.2030828831,0.1713179125,0.1461582035,0.0527470179,0.0370497303
2026-02-12,0.1966841367,0.1924908900,0.2037105272,0.1681750896,0.1493063202,0.0523876148,0.0372454215
2026-02-13,0.1953776160,0.1914848055,0.2027413310,0.1710935902,0.1486812215,0.0521777815,0.0384436544
2026-02-17,0.1970058153,0.1925709569,0.2040318329,0.1668726957,0.1496935826,0.0518899586,0.0379351581
2026-02-18,0.1964769355,0.1925182318,0.2034606122,0.1693146334,0.1483375010,0.0528445650,0.0370475211
2026-02-19,0.1960436145,0.1918639965,0.2030917922,0.1698610609,0.1484311511,0.0533478656,0.0373605191
2026-02-20,0.1956597224,0.1917957081,0.2029811818,0.1716294106,0.1471060142,0.0532289589,0.0375990040
2026-02-23,0.1941925976,0.1899837622,0.2017491040,0.1767492115,0.1478016251,0.0537003155,0.0358233841
2026-02-24,0.1952000392,0.1916278234,0.2027738795,0.1739396253,0.1474817408,0.0535244331,0.0354524586
2026-02-25,0.1953259517,0.1929027565,0.2028551971,0.1721626689,0.1462696193,0.0531752498,0.0373085566
2026-02-26,0.1947581887,0.1910828623,0.2026986909,0.1741014289,0.1468912836,0.0533383709,0.0371291747
2026-02-27,0.1937974059,0.1904461294,0.2019071417,0.1763643616,0.1471621745,0.0540636724,0.0362591145
2026-03-02,0.1931431023,0.1899451983,0.1999004263,0.1779386699,0.1459961442,0.0553737860,0.0377026730
2026-03-03,0.1945223133,0.1909365391,0.1990959458,0.1727369304,0.1481841586,0.0564831366,0.0380409762
2026-03-04,0.1939124701,0.1918854680,0.1987505498,0.1723258097,0.1466263385,0.0564079008,0.0400914631
2026-03-05,0.1941273426,0.1925931707,0.1977585229,0.1713991611,0.1471860373,0.0576125532,0.0393232123
2026-03-06,0.1924515807,0.1905560905,0.1963859604,0.1749023152,0.1476764302,0.0600342308,0.0379933922
2026-03-09,0.1930766214,0.1920459161,0.1971155925,0.1735865816,0.1473388961,0.0589031556,0.0379332368
2026-03-10,0.1921930153,0.1914778908,0.1965018861,0.1750224748,0.1464180277,0.0597233562,0.0386633492
2026-03-11,0.1920409639,0.1915416246,0.1963460858,0.1745101664,0.1458275949,0.0608984941,0.0388350703
2026-03-12,0.1913933696,0.1905122358,0.1952423155,0.1731324554,0.1470288811,0.0632283010,0.0394624416
2026-03-13,0.1914712195,0.1905385386,0.1949940479,0.1719353361,0.1478067747,0.0632834458,0.0399706375
2026-03-16,0.1917747316,0.1910371617,0.1960654665,0.1703213323,0.1471257478,0.0618710182,0.0418045418
2026-03-17,0.1918003055,0.1914913419,0.1963097200,0.1694690858,0.1470540262,0.0626979393,0.0411775813
2026-03-18,0.1919546179,0.1916481200,0.1961614028,0.1665637689,0.1486268499,0.0647648030,0.0402804374
2026-03-19,0.1933889431,0.1929454625,0.1977328378,0.1612896150,0.1502734876,0.0644490086,0.0399206454
2026-03-20,0.1937301970,0.1924729130,0.1967723182,0.1589150900,0.1514539982,0.0657288705,0.0409266131
2026-03-23,0.1953664089,0.1942865501,0.1996567066,0.1550087817,0.1517129428,0.0628980065,0.0410706033
2026-03-24,0.1951968125,0.1934400887,0.1991443864,0.1554304677,0.1516771084,0.0641684736,0.0409426627
2026-03-25,0.1943971947,0.1928398090,0.1990458954,0.1585677441,0.1507510249,0.0633939293,0.0410044026
2026-03-26,0.1947488803,0.1920066575,0.1990491551,0.1556625708,0.1529010399,0.0652832006,0.0403484959
2026-03-27,0.1922361633,0.1890502166,0.1972230652,0.1618055650,0.1535309433,0.0670802022,0.0390738442
2026-03-30,0.1918637122,0.1878698791,0.1968704456,0.1619869175,0.1545276536,0.0675441741,0.0393372180
2026-03-31,0.1926839275,0.1895505105,0.1980404977,0.1640746550,0.1511548869,0.0652184961,0.0392770262
2026-04-01,0.1925889992,0.1903632373,0.1984085373,0.1656158530,0.1500521634,0.0640954817,0.0388757280
2026-04-02,0.1931724016,0.1909868583,0.1983750521,0.1627800486,0.1507206574,0.0656875464,0.0382774356
2026-04-06,0.1933927393,0.1914502958,0.1986598056,0.1615342300,0.1499102547,0.0657878253,0.0392648493
2026-04-07,0.1928099938,0.1908186349,0.1980588838,0.1625425680,0.1495737931,0.0653161150,0.0408800113
2026-04-08,0.1946024806,0.1933931278,0.2011256354,0.1609867798,0.1476007850,0.0625130382,0.0397781532
2026-04-09,0.1947561011,0.1937373996,0.2006420115,0.1614357672,0.1469586230,0.0625302315,0.0399398661
2026-04-10,0.1946525098,0.1940420149,0.2007095973,0.1611691629,0.1467265880,0.0620809215,0.0406192055
2026-04-13,0.1951190945,0.1946169410,0.2011950828,0.1593441375,0.1459481840,0.0626221662,0.0411543941
2026-04-14,0.1952030898,0.1958494950,0.2011542107,0.1610135721,0.1446301738,0.0616384732,0.0405109855
2026-04-15,0.1960489192,0.1978902487,0.2011614977,0.1587761725,0.1438885331,0.0615273709,0.0407072579
2026-04-16,0.1961416962,0.1984498022,0.2009929929,0.1583252024,0.1434019280,0.0618732046,0.0408151737
2026-04-17,0.1966043851,0.1991141710,0.2018039575,0.1588880033,0.1425519795,0.0595524109,0.0414850927
2026-04-20,0.1967551004,0.1990321799,0.2018803651,0.1579564098,0.1429327987,0.0605196243,0.0409235217
2026-04-21,0.1970347180,0.1998654644,0.2011735416,0.1547141027,0.1435452579,0.0621540535,0.0415128618
2026-04-22,0.1968553605,0.2009889961,0.2007677978,0.1550505646,0.1421766606,0.0621063147,0.0420543057
2026-04-23,0.1968914361,0.2006722722,0.2003110120,0.1541737413,0.1425273999,0.0631627016,0.0422614369
2026-04-24,0.1969497934,0.2029981488,0.2004159592,0.1538181536,0.1416724830,0.0626326514,0.0415128106
2026-04-27,0.1973980003,0.2032172829,0.2004999335,0.1527094967,0.1415371946,0.0631499252,0.0414881668
2026-04-28,0.1978347959,0.2026045980,0.2007709205,0.1509408785,0.1424866622,0.0641275417,0.0412346032
2026-04-29,0.1978986871,0.2039405775,0.2001679222,0.1494022869,0.1419236730,0.0657229977,0.0409438555
2026-04-30,0.1979527415,0.2038703713,0.2012583021,0.1501864492,0.1407627273,0.0651351835,0.0408342250
2026-05-01,0.1978606750,0.2051636035,0.2009276395,0.1495324454,0.1404934213,0.0643196929,0.0417025225
2026-05-04,0.1978772971,0.2055473057,0.2005113877,0.1470906960,0.1405798074,0.0656512592,0.0427422469
2026-05-05,0.1978488435,0.2065273380,0.2009477666,0.1471515518,0.1396955475,0.0648492128,0.0429797398
2026-05-06,0.1977920085,0.2078680111,0.2019654287,0.1494945823,0.1383266257,0.0619129040,0.0426404396
2026-05-07,0.1978473698,0.2083168655,0.2008920759,0.1502469240,0.1384550599,0.0622029541,0.0420387508
2026-05-08,0.1975704050,0.2111581885,0.2008578830,0.1495284813,0.1374478325,0.0617090700,0.0417281396
2026-05-11,0.1973226807,0.2110236375,0.2003307727,0.1493039190,0.1366044989,0.0630340099,0.0423804812
2026-05-12,0.1977556924,0.2100110859,0.1998192587,0.1492655635,0.1367100193,0.0645514734,0.0418869068
2026-05-13,0.1983414703,0.2116736484,0.2006518536,0.1480391578,0.1364074093,0.0637323515,0.0411541091
2026-05-14,0.1992751350,0.2125040853,0.2008154226,0.1464432773,0.1359347475,0.0630852817,0.0419420507
2026-05-15,0.1996779672,0.2122745128,0.2004078606,0.1450771494,0.1370014230,0.0640646373,0.0414964497
2026-05-18,0.1997654807,0.2116027394,0.2008851563,0.1456396980,0.1371439804,0.0645285421,0.0404344032
2026-05-19,0.1997580198,0.2117009957,0.2008037569,0.1441826497,0.1375231508,0.0654349281,0.0405964989
2026-05-20,0.1998179059,0.2130881444,0.2014315194,0.1448095998,0.1369916945,0.0632942353,0.0405669007
2026-05-21,0.1999628172,0.2132264791,0.2019332436,0.1444857435,0.1369868652,0.0628463003,0.0405585510
2026-05-22,0.2007892687,0.2141736749,0.2024422341,0.1434161303,0.1371536904,0.0625313096,0.0394936919
2026-05-26,0.2007021022,0.2164448420,0.2033586401,0.1424704130,0.1365774127,0.0610550578,0.0393915321
2026-05-27,0.2015172968,0.2171145891,0.2039345275,0.1411696744,0.1372670627,0.0602111228,0.0387857266
2026-05-28,0.2014868658,0.2177109837,0.2037011702,0.1418447562,0.1367696516,0.0603386972,0.0381478754
2026-05-29,0.2014586106,0.2179394292,0.2034881647,0.1429633168,0.1364932904,0.0596943244,0.0379628639
2026-06-01,0.2019328022,0.2191663643,0.2040307301,0.1409029545,0.1363753052,0.0607046617,0.0368871820
2026-06-02,0.2021258184,0.2200871062,0.2049132488,0.1410826836,0.1363619851,0.0609433235,0.0344858343
2026-06-03,0.2020262179,0.2209542565,0.2044474858,0.1406031849,0.1369659475,0.0616899828,0.0333129247
2026-06-04,0.2026058426,0.2196861572,0.2050252061,0.1416467721,0.1370641145,0.0607998077,0.0331720997
2026-06-05,0.2036356573,0.2157730021,0.2050423861,0.1407978038,0.1407081764,0.0613632492,0.0326797252
2026-06-08,0.2026919428,0.2176341111,0.2046911213,0.1401921794,0.1397396937,0.0614412605,0.0336096912
2026-06-09,0.2035109639,0.2166349391,0.2058831314,0.1388667933,0.1410040991,0.0610313630,0.0330687102
2026-06-10,0.2036523641,0.2158579633,0.2060975580,0.1353361250,0.1432748057,0.0622655116,0.0335156723
2026-06-11,0.2027944349,0.2184949576,0.2067009126,0.1366668984,0.1411001770,0.0602981411,0.0339444783
2026-06-12,0.2033714168,0.2192204438,0.2070749068,0.1363961235,0.1405696752,0.0595190018,0.0338484322
2026-06-15,0.2032728111,0.2220811817,0.2065502636,0.1374368838,0.1381926677,0.0577835633,0.0346826288
2026-06-16,0.2034559059,0.2193644243,0.2070196313,0.1387625707,0.1393155967,0.0575227113,0.0345591597
2026-06-17,0.2032510709,0.2196800440,0.2073321053,0.1371879905,0.1404226705,0.0577951993,0.0343309196
2026-06-18,0.2035437705,0.2231902021,0.2078847209,0.1354539965,0.1395871669,0.0571174820,0.0332226610
2026-06-22,0.2034109706,0.2231870835,0.2082727405,0.1349054922,0.1395544352,0.0568044871,0.0338647910
2026-06-23,0.2041918757,0.2198591429,0.2078040274,0.1348213322,0.1422698596,0.0572506525,0.0338031098
2026-06-24,0.2054988686,0.2204291343,0.2091362116,0.1316458792,0.1439434747,0.0562197303,0.0331267014
2026-06-25,0.2048591345,0.2212042913,0.2089804560,0.1323143789,0.1433748964,0.0569794099,0.0322874330
2026-06-26,0.2043421237,0.2191942157,0.2087510435,0.1344422887,0.1441853932,0.0564842886,0.0326006465
2026-06-29,0.2057264511,0.2224983363,0.2092838110,0.1313595011,0.1428525566,0.0559241980,0.0323551459
2026-06-30,0.2061695830,0.2250193119,0.2096098384,0.1305544206,0.1414965894,0.0558210032,0.0313292535
