date,strategy,operation,base_position_before,base_position_next,actual_position_before,actual_position_next,position_before_name,position_name,fraction_before,holding_fraction,exposure_effective,drifted_exposure_before_trade,final_exposure_after_overheat,rebalance_delta,buy_delta,sell_delta,turnover,cost,note,version,entry_case,position_before,position,pending_entry_target,pending_entry_since,pending_entry_days,trade_target,trade_fraction,staged_initial,fill_on_down_day,trade_blocked_by_stale_price,blocked_trade_target,stale_price_trade_assets,best_candidate,best_candidate_score,current_score,buffer_blocked,asset_return,asset_return_159915.SZ,asset_return_159941.SZ,asset_return_513030.SH,asset_return_513520.SH,asset_return_159985.SZ,asset_return_518880.SH,gross_return,asset_component,return,nav,trade_count,stop_count,stop_triggered,staged_initial_count,staged_fill_count,score_159915.SZ,score_159941.SZ,score_513030.SH,score_513520.SH,score_159985.SZ,score_518880.SH,raw_score_159915.SZ,raw_score_159941.SZ,raw_score_513030.SH,raw_score_513520.SH,raw_score_159985.SZ,raw_score_518880.SH,r2_159915.SZ,r2_159941.SZ,r2_513030.SH,r2_513520.SH,r2_159985.SZ,r2_518880.SH,buffer_blocked_count,scenario,weight,target_vol_scale_effective,target_vol_scale_next,overheat_scale,overheat_scale_effective,overheat_scale_next,overheat_on,overheat_on_effective,overheat_triggered,overheat_recovered,overheat_feature_missing,overheat_recovery_mode,actual_entry_state,actual_pending_target,actual_pending_days,actual_staged_initial,actual_fill_on_down_day,signal_price_159915.SZ,signal_price_159941.SZ,signal_price_513030.SH,signal_price_513520.SH,signal_price_159985.SZ,signal_price_518880.SH,price_ffill_159915.SZ,price_ffill_159941.SZ,price_ffill_513030.SH,price_ffill_513520.SH,price_ffill_159985.SZ,price_ffill_518880.SH,common_last_date,last_date_159915.SZ,last_date_159941.SZ,last_date_513030.SH,last_date_513520.SH,last_date_159985.SZ,last_date_518880.SH
2026-09-01,SubD V1.3,减: 黄金ETF(518880.SH) (100.00% NAV) / 加: 豆粕ETF(159985.SZ) (100.00% NAV),518880.SH,159985.SZ,518880.SH,159985.SZ,黄金ETF(518880.SH),豆粕ETF(159985.SZ),1.0,1.0,1.0,1.0,1.0,0.0,1.0,1.0,2.0,0.002,-,1.3,full_entry,518880.SH,159985.SZ,,,0,159985.SZ,1.0,False,False,False,,,159985.SZ,2.633678797966095,1.7042408455395037,False,-0.0018609742747672797,-0.01273148148148151,0.007259528130671544,-0.01096605744125334,-0.0017590149516271136,0.026452732003469093,-0.0018609742747672797,-0.0018609742747672797,-0.0018609742747672797,-0.003857252326217697,44.61604840579623,375,0,False,0,0,,,,,2.633678797966095,1.7042408455395037,-0.3962814873853535,0.020186312015614938,0.131722691591456,-0.08109025865225994,2.633678797966095,1.7042408455395037,0.1816904898509648,0.0008711450952476607,0.03153524471020752,0.010204174612344907,0.8082992628395325,0.5522390023801769,0,v1_3_naive_score_0p5_5p5_r2_0p25,1.0,1.0,1.0,1.0,1.0,1.0,False,False,False,False,False,,FULL_POSITION,,0,False,False,3.412,1.665,1.894,2.27,2.367,9.118,False,False,False,False,False,False,2026-09-02,2026-09-02,2026-09-02,2026-09-02,2026-09-02,2026-09-02,2026-09-02
2026-08-21,SubD V1.3,减: 德国ETF(513030.SH) (100.00% NAV) / 加: 黄金ETF(518880.SH) (100.00% NAV),513030.SH,518880.SH,513030.SH,518880.SH,德国ETF(513030.SH),黄金ETF(518880.SH),1.0,1.0,1.0,1.0,1.0,0.0,1.0,1.0,2.0,0.002,-,1.3,full_entry,513030.SH,518880.SH,,,0,518880.SH,1.0,False,False,False,,,518880.SH,2.7557961880838784,1.9125726946881931,False,-0.01565762004175364,0.013667425968109326,-0.007285974499089298,-0.01565762004175364,-0.006570302233902869,-0.022151898734177333,0.01667749620965986,-0.01565762004175364,-0.01565762004175364,-0.017626304801670156,46.029266520935586,374,0,False,0,0,,1.1039751124677886,1.9125726946881931,1.5563495168493797,,2.7557961880838784,0.8225830957455487,1.1039751124677886,1.9125726946881931,1.5563495168493797,0.2884989522494472,2.7557961880838784,0.19943877439794433,0.35577047044992693,0.6230164342142941,0.40293104998113116,0.07691123852418569,0.8224106123964402,0,v1_3_naive_score_0p5_5p5_r2_0p25,1.0,1.0,1.0,1.0,1.0,1.0,False,False,False,False,False,,FULL_POSITION,,0,False,False,3.56,1.635,1.886,2.268,2.163,9.388,False,False,False,False,False,False,2026-09-02,2026-09-02,2026-09-02,2026-09-02,2026-09-02,2026-09-02,2026-09-02
2026-08-05,SubD V1.3,加: 德国ETF(513030.SH) (100.00% NAV),CASH,513030.SH,CASH,513030.SH,现金,德国ETF(513030.SH),0.0,1.0,0.0,0.0,1.0,1.0,1.0,0.0,1.0,0.001,-,1.3,full_entry,CASH,513030.SH,,,0,513030.SH,1.0,False,False,False,,,513030.SH,0.7557342929378932,,False,0.0,0.013090495162208393,0.03617412630288164,0.02151694459386766,0.03866906474820131,-0.0038004750593824133,0.027592768791627087,0.0,0.0,-0.001000000000000112,46.43942026325009,373,0,False,0,0,,,0.7557342929378932,,,,-0.8255686388543981,0.002332946847656281,0.7557342929378932,-0.5517326546072256,-0.4191835655426104,-0.005150852638073133,0.5982260040912322,4.174087484876132e-06,0.3208299653766541,0.23748230980239415,0.19813386314431736,0.00012102850324013925,0,v1_3_naive_score_0p5_5p5_r2_0p25,1.0,1.0,1.0,1.0,1.0,1.0,False,False,False,False,False,,FULL_POSITION,,0,False,False,3.56,1.69,1.899,2.31,2.097,8.64,False,False,False,False,False,False,2026-09-02,2026-09-02,2026-09-02,2026-09-02,2026-09-02,2026-09-02,2026-09-02
2026-07-30,SubD V1.3,减: 豆粕ETF(159985.SZ) (100.00% NAV),159985.SZ,CASH,159985.SZ,CASH,豆粕ETF(159985.SZ),现金,1.0,0.0,1.0,1.0,0.0,-1.0,0.0,1.0,1.0,0.001,-,1.3,full_entry,159985.SZ,CASH,,,0,CASH,0.0,False,False,False,,,CASH,,,False,-0.019718309859154792,-0.03880070546737213,-0.014304291287386195,-0.0005589714924538747,-0.010019083969465603,-0.019718309859154792,-0.0038131553860819567,-0.019718309859154792,-0.019718309859154792,-0.020698591549295653,46.485906169419515,372,0,False,0,0,,,,,,,-0.9228861281102462,-0.5485058825180402,-0.09566768675249937,-0.8643818323416551,0.41862745209715313,-0.13603086065957903,0.8418025962356479,0.705558038092956,0.03441305997444288,0.8852360784543292,0.07251340702171616,0.09260909639726878,0,v1_3_naive_score_0p5_5p5_r2_0p25,1.0,1.0,1.0,1.0,1.0,1.0,False,False,False,False,False,,CASH,,0,False,False,3.27,1.516,1.788,2.075,2.088,8.36,False,False,False,False,False,False,2026-09-02,2026-09-02,2026-09-02,2026-09-02,2026-09-02,2026-09-02,2026-09-02
2026-07-07,SubD V1.3,加: 豆粕ETF(159985.SZ) (100.00% NAV),CASH,159985.SZ,CASH,159985.SZ,现金,豆粕ETF(159985.SZ),0.0,1.0,0.0,0.0,1.0,1.0,1.0,0.0,1.0,0.001,-,1.3,full_entry,CASH,159985.SZ,,,0,159985.SZ,1.0,False,False,False,,,159985.SZ,0.8314422032784414,,False,0.0,-0.009571788413098248,-0.0006153846153845732,0.012008733624454093,-0.02429149797570851,0.0122352941176469,-0.00393928861082149,0.0,0.0,-0.0009999999999998899,47.936434600511134,371,0,False,0,0,,,,,0.8314422032784414,,0.1324436505454878,-0.1522596792927282,0.39635867768631505,0.7437962348817106,0.8314422032784414,-0.5045469507862319,0.005216114483009515,0.040973555274876006,0.16128899474116354,0.13907158786337193,0.34152726215411144,0.3670041619228651,0,v1_3_naive_score_0p5_5p5_r2_0p25,1.0,1.0,1.0,1.0,1.0,1.0,False,False,False,False,False,,FULL_POSITION,,0,False,False,3.932,1.624,1.854,2.41,2.151,8.597,False,False,False,False,False,False,2026-09-02,2026-09-02,2026-09-02,2026-09-02,2026-09-02,2026-09-02,2026-09-02
2026-07-06,SubD V1.3,减: 日经ETF(513520.SH) (100.00% NAV),513520.SH,CASH,513520.SH,CASH,日经ETF(513520.SH),现金,1.0,0.0,1.0,1.0,0.0,-1.0,0.0,1.0,1.0,0.001,-,1.3,full_entry,513520.SH,CASH,,,0,CASH,0.0,False,False,False,,,CASH,,,False,0.011051985264019626,-0.016596482536537005,0.0018495684340320562,0.002188183807439792,0.011051985264019626,0.029055690072639306,-0.004727859778597798,0.011051985264019626,0.011051985264019626,0.01004093327875566,47.98441901953066,370,0,False,0,0,,,,,,,0.5678116780145812,-0.15831826858200848,0.1325586496020581,1.1809552449767113,0.41284052417259165,-0.5785007136986552,0.07070158484705802,0.03858800392746542,0.03202368196074479,0.24629702688844646,0.18957986929677373,0.4686395518510509,0,v1_3_naive_score_0p5_5p5_r2_0p25,1.0,1.0,1.0,1.0,1.0,1.0,False,False,False,False,False,,CASH,,0,False,False,3.97,1.625,1.832,2.47,2.125,8.631,False,False,False,False,False,False,2026-09-02,2026-09-02,2026-09-02,2026-09-02,2026-09-02,2026-09-02,2026-09-02
2026-06-23,SubD V1.3,加: 日经ETF(513520.SH) (100.00% NAV),CASH,513520.SH,CASH,513520.SH,现金,日经ETF(513520.SH),0.0,1.0,0.0,0.0,1.0,1.0,1.0,0.0,1.0,0.001,-,1.3,full_entry,CASH,513520.SH,,,0,513520.SH,1.0,False,False,False,,,513520.SH,5.41257004154795,,False,0.0,-0.03859328613838764,-0.03440094899169632,-0.014590347923681302,-0.06101304681504216,0.002513826043237799,-0.020536943552087905,0.0,0.0,-0.0010000000000000009,47.585185728559146,369,0,False,0,0,,,,5.41257004154795,,,1.13371102544694,0.17924112139998494,-0.2830941927446794,5.41257004154795,-0.38177978638794596,-0.6702051215489544,0.2100104693748086,0.015519440701203147,0.2477993491128775,0.6697325145223751,0.6093816735306248,0.6499289891891484,0,v1_3_naive_score_0p5_5p5_r2_0p25,1.0,1.0,1.0,1.0,1.0,1.0,False,False,False,False,False,,FULL_POSITION,,0,False,False,4.21,1.628,1.756,2.447,1.994,8.537,False,False,False,False,False,False,2026-09-02,2026-09-02,2026-09-02,2026-09-02,2026-09-02,2026-09-02,2026-09-02
2026-06-22,SubD V1.3,减: 日经ETF(513520.SH) (100.00% NAV),513520.SH,CASH,513520.SH,CASH,日经ETF(513520.SH),现金,1.0,0.0,1.0,1.0,0.0,-1.0,0.0,1.0,1.0,0.001,-,1.3,full_entry,513520.SH,CASH,,,0,CASH,0.0,False,False,False,,,CASH,,,False,0.030854430379746667,0.025767158585148664,-0.0041346721795629815,-0.0011210762331838042,0.030854430379746667,-0.007485029940119681,-0.021553659631791677,0.030854430379746667,0.030854430379746667,0.02982357594936702,47.632818547106254,368,0,False,0,0,,,,,,,0.9369841354823929,0.4011108654580655,-0.24010009691102419,6.324240057629631,-0.3950633177579085,-0.6410282718808432,0.16136130470358878,0.058105324441447004,0.16610766229626717,0.6969690937877001,0.6118518254852972,0.6101190417541786,0,v1_3_naive_score_0p5_5p5_r2_0p25,1.0,1.0,1.0,1.0,1.0,1.0,False,False,False,False,False,,CASH,,0,False,False,4.379,1.686,1.782,2.606,1.989,8.716,False,False,False,False,False,False,2026-09-02,2026-09-02,2026-09-02,2026-09-02,2026-09-02,2026-09-02,2026-09-02
2026-06-05,SubD V1.3,减: 纳指ETF(159941.SZ) (100.00% NAV) / 加: 日经ETF(513520.SH) (100.00% NAV),159941.SZ,513520.SH,159941.SZ,513520.SH,纳指ETF(159941.SZ),日经ETF(513520.SH),1.0,1.0,1.0,1.0,1.0,0.0,1.0,1.0,2.0,0.002,-,1.3,full_entry,159941.SZ,513520.SH,,,0,513520.SH,1.0,False,False,False,,,513520.SH,4.312843084753653,3.647677923922438,False,-0.019127316198445876,-0.029999999999999916,-0.019127316198445876,0.0027932960893854997,-0.026774330641734068,-0.009857072449482529,-0.00409041980624314,-0.019127316198445876,-0.019127316198445876,-0.02108906156604884,41.898826867110124,367,0,False,0,0,0.9103238008859917,3.647677923922438,,4.312843084753653,,,0.9103238008859917,3.647677923922438,0.1096123265827571,4.312843084753653,-0.518980006853232,-0.49631755313334636,0.44147666710703637,0.6556598258927637,0.027633598840938745,0.6564046839382693,0.8274757419886308,0.7262646192054705,0,v1_3_naive_score_0p5_5p5_r2_0p25,1.0,1.0,1.0,1.0,1.0,1.0,False,False,False,False,False,,FULL_POSITION,,0,False,False,3.977,1.641,1.795,2.29,2.009,9.252,False,False,False,False,False,False,2026-09-02,2026-09-02,2026-09-02,2026-09-02,2026-09-02,2026-09-02,2026-09-02
2026-06-04,SubD V1.3,减: 日经ETF(513520.SH) (100.00% NAV) / 加: 纳指ETF(159941.SZ) (100.00% NAV),513520.SH,159941.SZ,513520.SH,159941.SZ,日经ETF(513520.SH),纳指ETF(159941.SZ),1.0,1.0,1.0,1.0,1.0,0.0,1.0,1.0,2.0,0.002,-,1.3,full_entry,513520.SH,159941.SZ,,,0,159941.SZ,1.0,False,False,False,,,159941.SZ,4.762577368908889,4.4210531350158275,False,-0.01217464315701089,-0.010856453558504175,-0.01991798476859985,-0.011595803423522844,-0.01217464315701089,-0.012171372930866564,0.0009697230901841714,-0.01217464315701089,-0.01217464315701089,-0.014150293870696884,42.80146969666037,366,0,False,0,0,1.311191012254095,4.762577368908889,,4.4210531350158275,,,1.311191012254095,4.762577368908889,0.14869388815271,4.4210531350158275,-0.49125650016554323,-0.5002773849847162,0.6069357240620972,0.7531149004164489,0.0455133716543662,0.6455643934951709,0.8156120240785498,0.7122474995530215,0,v1_3_naive_score_0p5_5p5_r2_0p25,1.0,1.0,1.0,1.0,1.0,1.0,False,False,False,False,False,,FULL_POSITION,,0,False,False,4.1,1.673,1.79,2.353,2.029,9.29,False,False,False,False,False,False,2026-09-02,2026-09-02,2026-09-02,2026-09-02,2026-09-02,2026-09-02,2026-09-02
2026-06-02,SubD V1.3,减: 纳指ETF(159941.SZ) (100.00% NAV) / 加: 日经ETF(513520.SH) (100.00% NAV),159941.SZ,513520.SH,159941.SZ,513520.SH,纳指ETF(159941.SZ),日经ETF(513520.SH),1.0,1.0,1.0,1.0,1.0,0.0,1.0,1.0,2.0,0.002,-,1.3,full_entry,159941.SZ,513520.SH,,,0,513520.SH,1.0,False,False,False,,,513520.SH,2.644453383917408,,False,-0.01643990929705208,0.0269929364278505,-0.01643990929705208,-0.0054555373704310295,-0.005141388174807249,-0.01302460202604927,0.007063356164383583,-0.01643990929705208,-0.01643990929705208,-0.01840702947845796,42.32221886852556,365,0,False,0,0,1.416552888306804,,,2.644453383917408,,,1.416552888306804,5.586607967323066,0.22200011648536822,2.644453383917408,-0.4748476238233057,-0.5086743845010767,0.581928804069388,0.777711825241793,0.08341229883705858,0.518997055097427,0.7774879554254022,0.6893017074242853,0,v1_3_naive_score_0p5_5p5_r2_0p25,1.0,1.0,1.0,1.0,1.0,1.0,False,False,False,False,False,,FULL_POSITION,,0,False,False,4.071,1.735,1.823,2.322,2.046,9.41,False,False,False,False,False,False,2026-09-02,2026-09-02,2026-09-02,2026-09-02,2026-09-02,2026-09-02,2026-09-02
2026-05-18,SubD V1.3,减: 创业板100ETF(159915.SZ) (100.00% NAV) / 加: 纳指ETF(159941.SZ) (100.00% NAV),159915.SZ,159941.SZ,159915.SZ,159941.SZ,创业板100ETF(159915.SZ),纳指ETF(159941.SZ),1.0,1.0,1.0,1.0,1.0,0.0,1.0,1.0,2.0,0.002,-,1.3,full_entry,159915.SZ,159941.SZ,,,0,159941.SZ,1.0,False,False,False,,,159941.SZ,5.119030147651658,3.450085658106455,False,-0.011838790931989918,-0.011838790931989918,-0.025575447570332477,-0.027027027027027084,-0.013908872901678637,0.0014360938247965915,-0.0042913962738120315,-0.011838790931989918,-0.011838790931989918,-0.013815113350125863,37.24975111931815,364,0,False,0,0,3.450085658106455,5.119030147651658,,1.2346085965730733,,,3.450085658106455,5.119030147651658,-0.1716877416761634,1.2346085965730733,-0.004130418448754725,-0.3825216811599089,0.7957310820026943,0.8588142573742242,0.06395695138782942,0.4423888780977041,5.6296619054041486e-05,0.5384255452278601,0,v1_3_naive_score_0p5_5p5_r2_0p25,1.0,1.0,1.0,1.0,1.0,1.0,False,False,False,False,False,,FULL_POSITION,,0,False,False,3.923,1.524,1.728,2.056,2.092,9.513,False,False,False,False,False,False,2026-09-02,2026-09-02,2026-09-02,2026-09-02,2026-09-02,2026-09-02,2026-09-02
2026-05-11,SubD V1.3,减: 纳指ETF(159941.SZ) (100.00% NAV) / 加: 创业板100ETF(159915.SZ) (100.00% NAV),159941.SZ,159915.SZ,159941.SZ,159915.SZ,纳指ETF(159941.SZ),创业板100ETF(159915.SZ),1.0,1.0,1.0,1.0,1.0,0.0,1.0,1.0,2.0,0.002,-,1.3,full_entry,159941.SZ,159915.SZ,,,0,159915.SZ,1.0,False,False,False,,,159915.SZ,4.313752020046891,,False,0.02402597402597406,0.037046768260641016,0.02402597402597406,-0.008709853021230285,-0.005558128763316406,0.009799346710219536,-0.01072874493927145,0.02402597402597406,0.02402597402597406,0.021977922077922152,37.55274190183802,363,0,False,0,0,4.313752020046891,,0.6315589514164153,2.914047422252412,0.6425002327034397,,4.313752020046891,6.333894821775003,0.6315589514164153,2.914047422252412,0.6425002327034397,-0.2724130628819248,0.7653949009400643,0.9139896534734069,0.4394783837925884,0.745960978035361,0.6213896382819284,0.33145502450894027,0,v1_3_naive_score_0p5_5p5_r2_0p25,1.0,1.0,1.0,1.0,1.0,1.0,False,False,False,False,False,,FULL_POSITION,,0,False,False,3.947,1.577,1.821,2.147,2.164,9.774,False,False,False,False,False,False,2026-09-02,2026-09-02,2026-09-02,2026-09-02,2026-09-02,2026-09-02,2026-09-02
2026-05-07,SubD V1.3,减: 创业板100ETF(159915.SZ) (100.00% NAV) / 加: 纳指ETF(159941.SZ) (100.00% NAV),159915.SZ,159941.SZ,159915.SZ,159941.SZ,创业板100ETF(159915.SZ),纳指ETF(159941.SZ),1.0,1.0,1.0,1.0,1.0,0.0,1.0,1.0,2.0,0.002,-,1.3,full_entry,159915.SZ,159941.SZ,,,0,159941.SZ,1.0,False,False,False,,,159941.SZ,4.957368812703771,4.708692380843579,False,0.01558372952984688,0.01558372952984688,0.027406417112299408,0.015200868621064068,0.034171808258186775,-0.012505789717461635,0.012051884383617706,0.01558372952984688,0.01558372952984688,0.013552562070787255,36.673578166558244,362,0,False,0,0,4.708692380843579,4.957368812703771,0.8580685813500122,2.7031844207740576,0.7642484220597725,,4.708692380843579,4.957368812703771,0.8580685813500122,2.7031844207740576,0.7642484220597725,-0.2509772814917959,0.7505302889709021,0.9202135693315707,0.5004722640194004,0.707912988441933,0.6639348602958542,0.24378272740571139,0,v1_3_naive_score_0p5_5p5_r2_0p25,1.0,1.0,1.0,1.0,1.0,1.0,False,False,False,False,False,,FULL_POSITION,,0,False,False,3.845,1.537,1.87,2.179,2.132,9.909,False,False,False,False,False,False,2026-09-02,2026-09-02,2026-09-02,2026-09-02,2026-09-02,2026-09-02,2026-09-02
2026-04-30,SubD V1.3,减: 纳指ETF(159941.SZ) (100.00% NAV) / 加: 创业板100ETF(159915.SZ) (100.00% NAV),159941.SZ,159915.SZ,159941.SZ,159915.SZ,纳指ETF(159941.SZ),创业板100ETF(159915.SZ),1.0,1.0,1.0,1.0,1.0,0.0,1.0,1.0,2.0,0.002,-,1.3,full_entry,159941.SZ,159915.SZ,,,0,159915.SZ,1.0,False,False,False,,,159915.SZ,4.9942409604570255,4.05372893266338,False,0.0027548209366390353,-0.0013535462912831475,0.0027548209366390353,-0.003342618384401086,-0.007893438579181011,-0.001385681293302632,0.004254436027809616,0.0027548209366390353,0.0027548209366390353,0.0007493112947658531,35.256163785681466,361,0,False,0,0,4.9942409604570255,4.05372893266338,0.7580446226378774,2.1141563903906833,0.8458334115063979,,4.9942409604570255,4.05372893266338,0.7580446226378774,2.1141563903906833,0.8458334115063979,-0.19967901715073288,0.7254466987687598,0.9275220182644344,0.4369044887546659,0.683174077285433,0.6679416109323808,0.12006842835589682,0,v1_3_naive_score_0p5_5p5_r2_0p25,1.0,1.0,1.0,1.0,1.0,1.0,False,False,False,False,False,,FULL_POSITION,,0,False,False,3.689,1.456,1.789,2.011,2.162,9.678,False,False,False,False,False,False,2026-09-02,2026-09-02,2026-09-02,2026-09-02,2026-09-02,2026-09-02,2026-09-02
2026-04-24,SubD V1.3,减: 日经ETF(513520.SH) (100.00% NAV) / 加: 纳指ETF(159941.SZ) (100.00% NAV),513520.SH,159941.SZ,513520.SH,159941.SZ,日经ETF(513520.SH),纳指ETF(159941.SZ),1.0,1.0,1.0,1.0,1.0,0.0,1.0,1.0,2.0,0.002,-,1.3,full_entry,513520.SH,159941.SZ,,,0,159941.SZ,1.0,False,False,False,,,159941.SZ,3.842024423839166,3.572482989374472,False,0.0029806259314457684,-0.014484978540772575,0.0007057163020465218,-0.0016694490818029983,0.0029806259314457684,-0.014378478664193062,-0.007474747474747412,0.0029806259314457684,0.0029806259314457684,0.0009746646795829594,34.40482630652535,360,0,False,0,0,,3.842024423839166,1.734763717505328,3.572482989374472,,0.5285826265357583,8.55855965932266,3.842024423839166,1.734763717505328,3.572482989374472,0.2515134077679819,0.5285826265357583,0.8244652709658162,0.8837636308233201,0.7438103874133182,0.8091760469919863,0.08248468302065814,0.32063976666509186,0,v1_3_naive_score_0p5_5p5_r2_0p25,1.0,1.0,1.0,1.0,1.0,1.0,False,False,False,False,False,,FULL_POSITION,,0,False,False,3.674,1.418,1.794,2.019,2.125,9.826,False,False,False,False,False,False,2026-09-02,2026-09-02,2026-09-02,2026-09-02,2026-09-02,2026-09-02,2026-09-02
2026-04-21,SubD V1.3,减: 创业板100ETF(159915.SZ) (100.00% NAV) / 加: 日经ETF(513520.SH) (100.00% NAV),159915.SZ,513520.SH,159915.SZ,513520.SH,创业板100ETF(159915.SZ),日经ETF(513520.SH),1.0,1.0,1.0,1.0,1.0,0.0,1.0,1.0,2.0,0.002,-,1.3,full_entry,159915.SZ,513520.SH,,,0,513520.SH,1.0,False,False,False,,,513520.SH,3.590299677613306,,False,0.002450980392156854,0.002450980392156854,-0.002849002849002802,0.006053935057787729,0.005946481665014769,0.017216642754662725,-0.002590673575129543,0.002450980392156854,0.002450980392156854,0.0004460784313724542,34.66159530663428,359,0,False,0,0,,3.2791486457640886,1.8702571665546208,3.590299677613306,,0.8443942277550176,5.850467166874467,3.2791486457640886,1.8702571665546208,3.590299677613306,-0.2705885030370039,0.8443942277550176,0.6860105795748175,0.7721269534274842,0.7067780183478667,0.743074941100555,0.12412909891337554,0.3761230159991371,0,v1_3_naive_score_0p5_5p5_r2_0p25,1.0,1.0,1.0,1.0,1.0,1.0,False,False,False,False,False,,FULL_POSITION,,0,False,False,3.681,1.4,1.828,2.03,2.127,10.01,False,False,False,False,False,False,2026-09-02,2026-09-02,2026-09-02,2026-09-02,2026-09-02,2026-09-02,2026-09-02
2026-04-15,SubD V1.3,加: 创业板100ETF(159915.SZ) (100.00% NAV),CASH,159915.SZ,CASH,159915.SZ,现金,创业板100ETF(159915.SZ),0.0,1.0,0.0,0.0,1.0,1.0,1.0,0.0,1.0,0.001,-,1.3,full_entry,CASH,159915.SZ,,,0,159915.SZ,1.0,False,False,False,,,159915.SZ,1.2628181720091134,,False,0.0,-0.010985915492957687,0.017660044150110465,0.005053340819764163,-0.0020100502512563345,-0.006631927996210485,0.005294176405953532,0.0,0.0,-0.0010000000000000009,33.12706943950192,358,0,False,0,0,1.2628181720091134,1.1059211495350731,,1.1641116103887774,,,1.2628181720091134,1.1059211495350731,0.6216377196030249,1.1641116103887774,-0.604477126644039,0.10394669561067316,0.26329957911058455,0.3652180262591106,0.18132317484968985,0.30075888467073486,0.515256646225122,0.004945211137041827,0,v1_3_naive_score_0p5_5p5_r2_0p25,1.0,1.0,1.0,1.0,1.0,1.0,False,False,False,False,False,,FULL_POSITION,,0,False,False,3.511,1.383,1.79,1.986,2.097,10.064,False,False,False,False,False,False,2026-09-02,2026-09-02,2026-09-02,2026-09-02,2026-09-02,2026-09-02,2026-09-02
2026-03-27,SubD V1.3,减: 豆粕ETF(159985.SZ) (100.00% NAV),159985.SZ,CASH,159985.SZ,CASH,豆粕ETF(159985.SZ),现金,1.0,0.0,1.0,1.0,0.0,-1.0,0.0,1.0,1.0,0.001,-,1.3,full_entry,159985.SZ,CASH,,,0,CASH,0.0,False,False,False,,,CASH,,,False,-0.018047200370199024,0.009193993257738287,-0.0039032006245119932,-0.0023515579071134995,0.0027292576419213344,-0.018047200370199024,0.004656084656084802,-0.018047200370199024,-0.018047200370199024,-0.019029153169828783,33.160229669171095,357,0,False,0,0,,,,,,,0.10438191667903496,-0.5047094497320171,-0.8351341173935867,-0.7816360765179688,0.7422842153998583,-0.9211861501494125,0.025936984233511762,0.6904612629872295,0.8171008678679577,0.8141472067931105,0.14245399384391444,0.725108732056196,0,v1_3_naive_score_0p5_5p5_r2_0p25,1.0,1.0,1.0,1.0,1.0,1.0,False,False,False,False,False,,CASH,,0,False,False,3.293,1.276,1.697,1.837,2.122,9.494,False,False,False,False,False,False,2026-09-02,2026-09-02,2026-09-02,2026-09-02,2026-09-02,2026-09-02,2026-09-02
2026-03-20,SubD V1.3,加: 豆粕ETF(159985.SZ) (100.00% NAV),CASH,159985.SZ,CASH,159985.SZ,现金,豆粕ETF(159985.SZ),0.0,1.0,0.0,0.0,1.0,1.0,1.0,0.0,1.0,0.001,-,1.3,full_entry,CASH,159985.SZ,,,0,159985.SZ,1.0,False,False,False,,,159985.SZ,5.000867768648735,,False,0.0,0.011504692703602881,-0.006875477463712643,-0.010332950631458115,-0.011075949367088556,-0.017379679144385096,-0.02271380604384743,0.0,0.0,-0.0010000000000000009,34.49175208220579,356,0,False,0,0,,,,,5.000867768648735,,0.26272339050349536,-0.3735898992939708,-0.806436091869842,-0.7462857976976298,5.000867768648735,-0.585624656016945,0.11568288464433663,0.6535195239571137,0.7981606249266873,0.6904923973560887,0.7818970153343121,0.37810210916751064,0,v1_3_naive_score_0p5_5p5_r2_0p25,1.0,1.0,1.0,1.0,1.0,1.0,False,False,False,False,False,,FULL_POSITION,,0,False,False,3.341,1.3,1.724,1.875,2.205,9.896,False,False,False,False,False,False,2026-09-02,2026-09-02,2026-09-02,2026-09-02,2026-09-02,2026-09-02,2026-09-02
2026-03-13,SubD V1.3,减: 豆粕ETF(159985.SZ) (100.00% NAV),159985.SZ,CASH,159985.SZ,CASH,豆粕ETF(159985.SZ),现金,1.0,0.0,1.0,1.0,0.0,-1.0,0.0,1.0,1.0,0.001,-,1.3,full_entry,159985.SZ,CASH,,,0,CASH,0.0,False,False,False,,,CASH,,,False,0.039874551971326166,-0.00241837968561065,-0.009042954031650341,-0.004983388704319025,-0.015897435897435863,0.039874551971326166,-0.012433717315779913,0.039874551971326166,0.039874551971326166,0.03883467741935487,34.52627836056636,355,0,False,0,0,,,,,,,-0.0454615901194948,-0.39900319994831646,-0.6470550439877398,-0.45001652427981187,6.302642314981567,0.4068238991142459,0.004492622900175491,0.6743993830655897,0.4191925990268832,0.12252366466117381,0.8193482170502943,0.17152077498777352,0,v1_3_naive_score_0p5_5p5_r2_0p25,1.0,1.0,1.0,1.0,1.0,1.0,False,False,False,False,False,,CASH,,0,False,False,3.3,1.315,1.797,1.919,2.321,10.802,False,False,False,False,False,False,2026-09-02,2026-09-02,2026-09-02,2026-09-02,2026-09-02,2026-09-02,2026-09-02
2026-03-05,SubD V1.3,减: 日经ETF(513520.SH) (100.00% NAV) / 加: 豆粕ETF(159985.SZ) (100.00% NAV),513520.SH,159985.SZ,513520.SH,159985.SZ,日经ETF(513520.SH),豆粕ETF(159985.SZ),1.0,1.0,1.0,1.0,1.0,0.0,1.0,1.0,2.0,0.002,-,1.3,full_entry,513520.SH,159985.SZ,,,0,159985.SZ,1.0,False,False,False,,,159985.SZ,0.8847707923201353,,False,0.030287206266318645,0.016487000634115345,0.02440884820747513,0.021358159912376662,0.030287206266318645,-0.019505233111322462,-0.0014571948998178819,0.030287206266318645,0.030287206266318645,0.028226631853786044,30.68931046562601,354,0,False,0,0,,,,,0.8847707923201353,,-0.2820529327194242,-0.45365889910410406,0.11725205243361447,1.6438498459340636,0.8847707923201353,0.6596698636839524,0.22171728452487172,0.7189669645554464,0.008491119553815651,0.22237824343625645,0.6904236590383117,0.1579429463782448,0,v1_3_naive_score_0p5_5p5_r2_0p25,1.0,1.0,1.0,1.0,1.0,1.0,False,False,False,False,False,,FULL_POSITION,,0,False,False,3.206,1.343,1.865,1.973,2.061,10.964,False,False,False,False,False,False,2026-09-02,2026-09-02,2026-09-02,2026-09-02,2026-09-02,2026-09-02,2026-09-02
2026-03-03,SubD V1.3,减: 德国ETF(513030.SH) (100.00% NAV) / 加: 日经ETF(513520.SH) (100.00% NAV),513030.SH,513520.SH,513030.SH,513520.SH,德国ETF(513030.SH),日经ETF(513520.SH),1.0,1.0,1.0,1.0,1.0,0.0,1.0,1.0,2.0,0.002,-,1.3,full_entry,513030.SH,513520.SH,,,0,513520.SH,1.0,False,False,False,,,513520.SH,4.7730186949126425,0.8505073354446702,False,-0.028089887640449396,-0.023461304082876278,-0.0037397157816004833,-0.028089887640449396,-0.05621162021728865,0.008357915437561703,-0.013839011999649653,-0.028089887640449396,-0.028089887640449396,-0.030033707865168457,31.14045745333585,353,0,False,0,0,,,0.8505073354446702,4.7730186949126425,0.5316757991274443,,-0.08466595765846507,-0.41924899186862574,0.8505073354446702,4.7730186949126425,0.5316757991274443,0.7222811160518896,0.03121427563760415,0.7196354277486983,0.36314399699434263,0.648425352994821,0.7019482088611815,0.14786856136624071,0,v1_3_naive_score_0p5_5p5_r2_0p25,1.0,1.0,1.0,1.0,1.0,1.0,False,False,False,False,False,,FULL_POSITION,,0,False,False,3.205,1.332,1.903,1.998,2.051,11.259,False,False,False,False,False,False,2026-09-02,2026-09-02,2026-09-02,2026-09-02,2026-09-02,2026-09-02,2026-09-02
2026-02-25,SubD V1.3,减: 日经ETF(513520.SH) (100.00% NAV) / 加: 德国ETF(513030.SH) (100.00% NAV),513520.SH,513030.SH,513520.SH,513030.SH,日经ETF(513520.SH),德国ETF(513030.SH),1.0,1.0,1.0,1.0,1.0,0.0,1.0,1.0,2.0,0.002,-,1.3,full_entry,513520.SH,513030.SH,,,0,513030.SH,1.0,False,False,False,,,513030.SH,0.5073289325030945,,False,0.017102137767220915,0.01487101669195745,0.0007396449704140107,-0.005050505050505083,0.017102137767220915,0.009495252373813212,0.0008219178082191636,0.017102137767220915,0.017102137767220915,0.015067933491686558,32.301440075669795,352,0,False,0,0,,,0.5073289325030945,,,,-0.028597317298243996,-0.3729044021718648,0.5073289325030945,5.544985517800601,0.2716409834726077,0.39713598758256374,0.004665346720342578,0.5989710270115302,0.27111490969889085,0.7094353975876945,0.5314812662946635,0.048230149715397186,0,v1_3_naive_score_0p5_5p5_r2_0p25,1.0,1.0,1.0,1.0,1.0,1.0,False,False,False,False,False,,FULL_POSITION,,0,False,False,3.344,1.353,1.97,2.141,2.02,10.959,False,False,False,False,False,False,2026-09-02,2026-09-02,2026-09-02,2026-09-02,2026-09-02,2026-09-02,2026-09-02
2026-02-10,SubD V1.3,加: 日经ETF(513520.SH) (100.00% NAV),CASH,513520.SH,CASH,513520.SH,现金,日经ETF(513520.SH),0.0,1.0,0.0,0.0,1.0,1.0,1.0,0.0,1.0,0.001,-,1.3,full_entry,CASH,513520.SH,,,0,513520.SH,1.0,False,False,False,,,513520.SH,0.7756575036186859,,False,0.0,-0.003011141222523439,0.002188183807440014,0.01053185887309116,0.036923076923076836,-0.005037783375314908,-0.00466461423640252,0.0,0.0,-0.0010000000000000009,30.567211879623006,351,0,False,0,0,,,,0.7756575036186859,,,-0.15892625913793734,-0.3685122157949521,-0.2624020648074161,0.7756575036186859,0.10011203366530563,1.285170553450858,0.14877727003636698,0.5163579757807475,0.25146572934486955,0.3631472840631519,0.16762821787863535,0.16632602909528504,0,v1_3_naive_score_0p5_5p5_r2_0p25,1.0,1.0,1.0,1.0,1.0,1.0,False,False,False,False,False,,FULL_POSITION,,0,False,False,3.311,1.374,1.919,2.022,1.975,10.669,False,False,False,False,False,False,2026-09-02,2026-09-02,2026-09-02,2026-09-02,2026-09-02,2026-09-02,2026-09-02
2026-02-09,SubD V1.3,减: 黄金ETF(518880.SH) (100.00% NAV),518880.SH,CASH,518880.SH,CASH,黄金ETF(518880.SH),现金,1.0,0.0,1.0,1.0,0.0,-1.0,0.0,1.0,1.0,0.001,-,1.3,full_entry,518880.SH,CASH,,,0,CASH,0.0,False,False,False,,,CASH,,,False,0.03495220623732753,0.02849179312480654,0.020089285714285587,0.019871106337271627,0.032292218104817305,0.0015136226034309086,0.03495220623732753,0.03495220623732753,0.03495220623732753,0.03391725403109014,30.597809689312317,350,0,False,0,0,,,,,,,-0.19078027019877297,-0.3831865148553787,-0.32526395706040245,0.3974106742645378,0.11395701363888766,1.7082424612437808,0.209298653333295,0.5329038387406738,0.3920389051665003,0.3022589688064279,0.19813395678236234,0.21480774436598682,0,v1_3_naive_score_0p5_5p5_r2_0p25,1.0,1.0,1.0,1.0,1.0,1.0,False,False,False,False,False,,CASH,,0,False,False,3.321,1.371,1.899,1.95,1.985,10.719,False,False,False,False,False,False,2026-09-02,2026-09-02,2026-09-02,2026-09-02,2026-09-02,2026-09-02,2026-09-02
2026-02-03,SubD V1.3,加: 黄金ETF(518880.SH) (100.00% NAV),CASH,518880.SH,CASH,518880.SH,现金,黄金ETF(518880.SH),0.0,1.0,0.0,0.0,1.0,1.0,1.0,0.0,1.0,0.001,-,1.3,full_entry,CASH,518880.SH,,,0,518880.SH,1.0,False,False,False,,,518880.SH,5.12515858406748,,False,0.0,0.018757687576875792,0.021339220014716664,0.022102425876010745,0.0395663956639567,-0.001519756838905706,0.051877270892208394,0.0,0.0,-0.0010000000000000009,29.779791227183242,349,0,False,0,0,,,,,,5.12515858406748,-0.015380293852582327,-0.271521699586622,-0.22186277886407046,0.40148524738192504,0.10749439973155828,5.12515858406748,0.0014853054054658754,0.36829424814720413,0.1466533666462022,0.32824013226034465,0.14141637988180833,0.4784330050980894,0,v1_3_naive_score_0p5_5p5_r2_0p25,1.0,1.0,1.0,1.0,1.0,1.0,False,False,False,False,False,,FULL_POSITION,,0,False,False,3.313,1.388,1.896,1.918,1.971,10.422,False,False,False,False,False,False,2026-09-02,2026-09-02,2026-09-02,2026-09-02,2026-09-02,2026-09-02,2026-09-02
2026-02-02,SubD V1.3,减: 日经ETF(513520.SH) (100.00% NAV),513520.SH,CASH,513520.SH,CASH,日经ETF(513520.SH),现金,1.0,0.0,1.0,1.0,0.0,-1.0,0.0,1.0,1.0,0.001,-,1.3,full_entry,513520.SH,CASH,,,0,CASH,0.0,False,False,False,,,CASH,,,False,-0.021220159151193685,-0.024887556221889096,-0.026504297994269232,-0.01591511936339529,-0.021220159151193685,-0.004036326942482349,-0.10000908347715509,-0.021220159151193685,-0.021220159151193685,-0.022198938992042505,29.809600828011252,348,0,False,0,0,,,,,,,0.010137261703451639,-0.2723239004898623,-0.18731748029980766,0.35536530410648925,0.12534754592411712,6.964193359430372,0.000537178605176436,0.35707685002340317,0.09332307730495182,0.28311289251918126,0.1767314244920335,0.5711706011776783,0,v1_3_naive_score_0p5_5p5_r2_0p25,1.0,1.0,1.0,1.0,1.0,1.0,False,False,False,False,False,,CASH,,0,False,False,3.252,1.359,1.855,1.845,1.974,9.908,False,False,False,False,False,False,2026-09-02,2026-09-02,2026-09-02,2026-09-02,2026-09-02,2026-09-02,2026-09-02
2026-01-28,SubD V1.3,减: 黄金ETF(518880.SH) (100.00% NAV) / 加: 日经ETF(513520.SH) (100.00% NAV),518880.SH,513520.SH,518880.SH,513520.SH,黄金ETF(518880.SH),日经ETF(513520.SH),1.0,1.0,1.0,1.0,1.0,0.0,1.0,1.0,2.0,0.002,-,1.3,full_entry,518880.SH,513520.SH,,,0,513520.SH,1.0,False,False,False,,,513520.SH,0.6531015028408715,,False,0.03164441192610212,-0.006011421701232367,0.010691375623663513,0.005197505197505281,0.01377848436671969,0.0076142131979695105,0.03164441192610212,0.03164441192610212,0.03164441192610212,0.029581123102249807,30.93921367654133,347,0,False,0,0,,,,0.6531015028408715,,,0.25497135473105415,-0.2227066117124844,0.1047107456985863,0.6531015028408715,0.04309252599501834,7.495508041992736,0.21059689513612245,0.3551266946052156,0.023860288982087585,0.6118029513037079,0.044495003141591716,0.8400347561697699,0,v1_3_naive_score_0p5_5p5_r2_0p25,1.0,1.0,1.0,1.0,1.0,1.0,False,False,False,False,False,,FULL_POSITION,,0,False,False,3.307,1.418,1.934,1.913,1.985,11.28,False,False,False,False,False,False,2026-09-02,2026-09-02,2026-09-02,2026-09-02,2026-09-02,2026-09-02,2026-09-02
2026-01-20,SubD V1.3,减: 创业板100ETF(159915.SZ) (100.00% NAV) / 加: 黄金ETF(518880.SH) (100.00% NAV),159915.SZ,518880.SH,159915.SZ,518880.SH,创业板100ETF(159915.SZ),黄金ETF(518880.SH),1.0,1.0,1.0,1.0,1.0,0.0,1.0,1.0,2.0,0.002,-,1.3,full_entry,159915.SZ,518880.SH,,,0,518880.SH,1.0,False,False,False,,,518880.SH,1.280294647646763,0.9723563955673722,False,-0.016576250753466026,-0.016576250753466026,-0.006451612903225934,-0.007903055848261231,-0.013290802764486909,-0.0015298317185110655,0.007595442734359414,-0.016576250753466026,-0.016576250753466026,-0.0185430982519591,27.70871106458393,346,0,False,0,0,0.9723563955673722,,0.6709666820652813,0.7736212486728138,,1.280294647646763,0.9723563955673722,-0.20631879079673088,0.6709666820652813,0.7736212486728138,0.06546544583559699,1.280294647646763,0.6335406066278002,0.3482695556775073,0.37687272960499274,0.6369221904870263,0.07792914876630919,0.6925116170278998,0,v1_3_naive_score_0p5_5p5_r2_0p25,1.0,1.0,1.0,1.0,1.0,1.0,False,False,False,False,False,,FULL_POSITION,,0,False,False,3.263,1.386,1.883,1.856,1.958,10.082,False,False,False,False,False,False,2026-09-02,2026-09-02,2026-09-02,2026-09-02,2026-09-02,2026-09-02,2026-09-02
2026-01-05,SubD V1.3,减: 黄金ETF(518880.SH) (100.00% NAV) / 加: 创业板100ETF(159915.SZ) (100.00% NAV),518880.SH,159915.SZ,518880.SH,159915.SZ,黄金ETF(518880.SH),创业板100ETF(159915.SZ),1.0,1.0,1.0,1.0,1.0,0.0,1.0,1.0,2.0,0.002,-,1.3,full_entry,518880.SH,159915.SZ,,,0,159915.SZ,1.0,False,False,False,,,159915.SZ,0.8174353656840554,0.8064610571006716,False,0.02085797226104713,0.029817953546767084,0.012031139419674375,0.009615384615384581,0.021181716833890807,0.0035915854284247484,0.02085797226104713,0.02085797226104713,0.02085797226104713,0.01881625631652506,27.917398082373722,345,0,False,0,0,0.8174353656840554,,,,,0.8064610571006716,0.8174353656840554,-0.13529647875751882,0.28102200656352805,-0.19762382219154417,0.04820020203944675,0.8064610571006716,0.5464314064744414,0.10640317675276922,0.5521997283936073,0.18557974714335934,0.042111515884884154,0.4971960719693822,0,v1_3_naive_score_0p5_5p5_r2_0p25,1.0,1.0,1.0,1.0,1.0,1.0,False,False,False,False,False,,FULL_POSITION,,0,False,False,3.281,1.43,1.89,1.832,1.956,9.495,False,False,False,False,False,False,2026-09-02,2026-09-02,2026-09-02,2026-09-02,2026-09-02,2026-09-02,2026-09-02
2025-12-22,SubD V1.3,减: 创业板100ETF(159915.SZ) (100.00% NAV) / 加: 黄金ETF(518880.SH) (100.00% NAV),159915.SZ,518880.SH,159915.SZ,518880.SH,创业板100ETF(159915.SZ),黄金ETF(518880.SH),1.0,1.0,1.0,1.0,1.0,0.0,1.0,1.0,2.0,0.002,-,1.3,full_entry,159915.SZ,518880.SH,,,0,518880.SH,1.0,False,False,False,,,518880.SH,0.8691396428058384,0.8200910431006687,False,0.021886063727067695,0.021886063727067695,0.019094766619519143,0.01024811218985966,0.009335529928610642,-0.0010266940451745254,0.021260603457532223,0.021886063727067695,0.021886063727067695,0.019842291599613482,28.020482583012946,344,0,False,0,0,0.8200910431006687,,,,,0.8691396428058384,0.8200910431006687,-0.18393690675132746,0.19814288892265886,-0.21639414474624963,-0.3042722748741611,0.8691396428058384,0.41533814477362074,0.10164492614823328,0.3440914138844693,0.13523814351675356,0.6028598757821855,0.7849097073077234,0,v1_3_naive_score_0p5_5p5_r2_0p25,1.0,1.0,1.0,1.0,1.0,1.0,False,False,False,False,False,,FULL_POSITION,,0,False,False,3.175,1.441,1.873,1.838,1.946,9.511,False,False,False,False,False,False,2026-09-02,2026-09-02,2026-09-02,2026-09-02,2026-09-02,2026-09-02,2026-09-02
2025-12-11,SubD V1.3,加: 创业板100ETF(159915.SZ) (100.00% NAV),CASH,159915.SZ,CASH,159915.SZ,现金,创业板100ETF(159915.SZ),0.0,1.0,0.0,0.0,1.0,1.0,1.0,0.0,1.0,0.001,-,1.3,full_entry,CASH,159915.SZ,,,0,159915.SZ,1.0,False,False,False,,,159915.SZ,0.7468302502135911,,False,0.0,-0.01441102756892243,-0.008333333333333304,-0.00324324324324321,-0.014138118542686207,-0.0035915854284248594,0.0016492578339746267,0.0,0.0,-0.0010000000000000009,27.82018784219107,343,0,False,0,0,0.7468302502135911,,,,,,0.7468302502135911,0.25761765747475995,0.012048334435411201,-0.14498813501863828,-0.30536086726221445,0.31321062046720094,0.25589783089884544,0.1144335062116234,0.001229189913705353,0.035946864266054535,0.42365405531078604,0.36509452385098073,0,v1_3_naive_score_0p5_5p5_r2_0p25,1.0,1.0,1.0,1.0,1.0,1.0,False,False,False,False,False,,FULL_POSITION,,0,False,False,3.146,1.428,1.844,1.813,1.942,9.11,False,False,False,False,False,False,2026-09-02,2026-09-02,2026-09-02,2026-09-02,2026-09-02,2026-09-02,2026-09-02
2025-11-17,SubD V1.3,减: 纳指ETF(159941.SZ) (100.00% NAV),159941.SZ,CASH,159941.SZ,CASH,纳指ETF(159941.SZ),现金,1.0,0.0,1.0,1.0,0.0,-1.0,0.0,1.0,1.0,0.001,-,1.3,full_entry,159941.SZ,CASH,,,0,CASH,0.0,False,False,False,,,CASH,,,False,0.0007007708479327412,-0.0029097963142579175,0.0007007708479327412,-0.005888650963597475,-0.012098895318253589,-0.01501501501501501,-0.023526824978012395,0.0007007708479327412,0.0007007708479327412,-0.0002999299229151653,27.84803587806914,342,0,False,0,0,,,,,,,0.10319524034568217,0.4686419848527501,-0.10064394597727866,0.22199298147055568,0.29942603770766674,0.0022767833937238358,0.01114667983717832,0.20666552472496102,0.0716043116563575,0.048726768524986364,0.5948150827537138,5.988085612029792e-06,0,v1_3_naive_score_0p5_5p5_r2_0p25,1.0,1.0,1.0,1.0,1.0,1.0,False,False,False,False,False,,CASH,,0,False,False,3.084,1.428,1.857,1.878,1.968,8.882,False,False,False,False,False,False,2026-09-02,2026-09-02,2026-09-02,2026-09-02,2026-09-02,2026-09-02,2026-09-02
2025-11-13,SubD V1.3,减: 日经ETF(513520.SH) (100.00% NAV) / 加: 纳指ETF(159941.SZ) (100.00% NAV),513520.SH,159941.SZ,513520.SH,159941.SZ,日经ETF(513520.SH),纳指ETF(159941.SZ),1.0,1.0,1.0,1.0,1.0,0.0,1.0,1.0,2.0,0.002,-,1.3,full_entry,513520.SH,159941.SZ,,,0,159941.SZ,1.0,False,False,False,,,159941.SZ,1.1584303085032044,1.1227322908478858,False,-0.006122448979591799,0.023809523809523725,-0.0033967391304347005,0.007966011683483654,-0.006122448979591799,0.0025316455696202667,0.016170118507033093,-0.006122448979591799,-0.006122448979591799,-0.008110204081632655,28.6372287084896,341,0,False,0,0,,1.1584303085032044,,1.1227322908478858,,,0.5674346591634669,1.1584303085032044,-0.05938162659029411,1.1227322908478858,0.3102495584837175,-0.13478251524931517,0.18809584588686723,0.5583449706707164,0.02166371217771179,0.4413889929289938,0.6671859202044546,0.02050695017620574,0,v1_3_naive_score_0p5_5p5_r2_0p25,1.0,1.0,1.0,1.0,1.0,1.0,False,False,False,False,False,,FULL_POSITION,,0,False,False,3.182,1.467,1.898,1.948,1.98,9.175,False,False,False,False,False,False,2026-09-02,2026-09-02,2026-09-02,2026-09-02,2026-09-02,2026-09-02,2026-09-02
2025-11-05,SubD V1.3,减: 纳指ETF(159941.SZ) (100.00% NAV) / 加: 日经ETF(513520.SH) (100.00% NAV),159941.SZ,513520.SH,159941.SZ,513520.SH,纳指ETF(159941.SZ),日经ETF(513520.SH),1.0,1.0,1.0,1.0,1.0,0.0,1.0,1.0,2.0,0.002,-,1.3,full_entry,159941.SZ,513520.SH,,,0,513520.SH,1.0,False,False,False,,,513520.SH,4.835001922825837,2.281649718399471,False,-0.007660167130919104,0.009640102827763508,-0.007660167130919104,-0.004843918191603902,-0.00932642487046631,0.016393442622950838,-0.003548128648277471,-0.007660167130919104,-0.007660167130919104,-0.009644846796657225,28.16432726368142,340,0,False,0,0,,2.281649718399471,,4.835001922825837,,,0.7599862567689231,2.281649718399471,0.05795963705573781,4.835001922825837,0.24886977242112573,-0.2094666358305336,0.17767983082945593,0.705608701198631,0.01657387430845203,0.7607392938529717,0.4315434755899641,0.02942879030227008,0,v1_3_naive_score_0p5_5p5_r2_0p25,1.0,1.0,1.0,1.0,1.0,1.0,False,False,False,False,False,,FULL_POSITION,,0,False,False,3.142,1.425,1.849,1.912,1.984,8.706,False,False,False,False,False,False,2026-09-02,2026-09-02,2026-09-02,2026-09-02,2026-09-02,2026-09-02,2026-09-02
2025-10-29,SubD V1.3,减: 黄金ETF(518880.SH) (100.00% NAV) / 加: 纳指ETF(159941.SZ) (100.00% NAV),518880.SH,159941.SZ,518880.SH,159941.SZ,黄金ETF(518880.SH),纳指ETF(159941.SZ),1.0,1.0,1.0,1.0,1.0,0.0,1.0,1.0,2.0,0.002,-,1.3,full_entry,518880.SH,159941.SZ,,,0,159941.SZ,1.0,False,False,False,,,159941.SZ,2.998086239525208,1.7094450567925894,False,0.01105036640688617,0.029641185647425905,0.01717032967032983,-0.002109704641350185,0.02428940568475446,-0.003555104113763363,0.01105036640688617,0.01105036640688617,0.01105036640688617,0.009028265674072333,29.329795505053745,339,0,False,0,0,,2.998086239525208,0.5696911665966145,,,1.7094450567925894,0.34576962547076096,2.998086239525208,0.5696911665966145,8.086365820489293,0.07331782904117423,1.7094450567925894,0.04024234697644735,0.792048279408313,0.6943863333803766,0.8753186802820668,0.043742180534413255,0.25511075861833077,0,v1_3_naive_score_0p5_5p5_r2_0p25,1.0,1.0,1.0,1.0,1.0,1.0,False,False,False,False,False,,FULL_POSITION,,0,False,False,3.3,1.481,1.892,1.982,1.962,8.692,False,False,False,False,False,False,2026-09-02,2026-09-02,2026-09-02,2026-09-02,2026-09-02,2026-09-02,2026-09-02
2025-10-27,SubD V1.3,减: 纳指ETF(159941.SZ) (100.00% NAV) / 加: 黄金ETF(518880.SH) (100.00% NAV),159941.SZ,518880.SH,159941.SZ,518880.SH,纳指ETF(159941.SZ),黄金ETF(518880.SH),1.0,1.0,1.0,1.0,1.0,0.0,1.0,1.0,2.0,0.002,-,1.3,full_entry,159941.SZ,518880.SH,,,0,518880.SH,1.0,False,False,False,,,518880.SH,4.874078218586177,2.047783813469783,False,0.019580419580419672,0.01970130282809035,0.019580419580419672,0.006339144215530945,0.023280423280423346,0.007672634271099765,-0.004022346368715013,0.019580419580419672,0.019580419580419672,0.01754125874125889,30.139178164433915,338,0,False,0,0,,2.047783813469783,0.5632209407883402,,,4.874078218586177,-0.18724216628033907,2.047783813469783,0.5632209407883402,6.578212098376646,-0.0687624746980765,4.874078218586177,0.02619711679300929,0.7354264105883841,0.6509576899020648,0.8237076309329988,0.041465069295324675,0.6268035441717942,0,v1_3_naive_score_0p5_5p5_r2_0p25,1.0,1.0,1.0,1.0,1.0,1.0,False,False,False,False,False,,FULL_POSITION,,0,False,False,3.209,1.458,1.905,1.934,1.97,8.914,False,False,False,False,False,False,2026-09-02,2026-09-02,2026-09-02,2026-09-02,2026-09-02,2026-09-02,2026-09-02
2025-10-24,SubD V1.3,减: 日经ETF(513520.SH) (100.00% NAV) / 加: 纳指ETF(159941.SZ) (100.00% NAV),513520.SH,159941.SZ,513520.SH,159941.SZ,日经ETF(513520.SH),纳指ETF(159941.SZ),1.0,1.0,1.0,1.0,1.0,0.0,1.0,1.0,2.0,0.002,-,1.3,full_entry,513520.SH,159941.SZ,,,0,159941.SZ,1.0,False,False,False,,,159941.SZ,1.5889780848380637,,False,0.0021208907741250282,0.0358788676761026,0.014184397163120588,0.004777070063694433,0.0021208907741250282,-0.0025510204081632404,-0.004892150322437283,0.0021208907741250282,0.0021208907741250282,0.00011664899257679551,29.61961287124351,337,0,False,0,0,,1.5889780848380637,,,,,-0.34980645906099217,1.5889780848380637,0.48769516319594985,5.761149231163877,-0.15951052268771804,6.6702619505405325,0.12465042837015905,0.7266304105672731,0.5842348949532032,0.7890672114218922,0.24311388458316985,0.7286875954583845,0,v1_3_naive_score_0p5_5p5_r2_0p25,1.0,1.0,1.0,1.0,1.0,1.0,False,False,False,False,False,,FULL_POSITION,,0,False,False,3.147,1.43,1.893,1.89,1.955,8.95,False,False,False,False,False,False,2026-09-02,2026-09-02,2026-09-02,2026-09-02,2026-09-02,2026-09-02,2026-09-02
2025-10-15,SubD V1.3,减: 黄金ETF(518880.SH) (100.00% NAV) / 加: 日经ETF(513520.SH) (100.00% NAV),518880.SH,513520.SH,518880.SH,513520.SH,黄金ETF(518880.SH),日经ETF(513520.SH),1.0,1.0,1.0,1.0,1.0,0.0,1.0,1.0,2.0,0.002,-,1.3,full_entry,518880.SH,513520.SH,,,0,513520.SH,1.0,False,False,False,,,513520.SH,1.1894465396575247,,False,0.02350713012477712,0.023517382413087873,0.016528925619834656,0.009184224743381986,0.030867792661618987,0.0,0.02350713012477712,0.02350713012477712,0.02350713012477712,0.021460115864527562,27.794591713639463,336,0,False,0,0,,1.0799383363258546,,1.1894465396575247,,,0.45502239156448443,1.0799383363258546,0.18346040816223375,1.1894465396575247,-0.370345555309319,5.520907775825281,0.0710378107843268,0.7987015186798124,0.17744374243086325,0.6481199265718509,0.8017397624455578,0.799700809927234,0,v1_3_naive_score_0p5_5p5_r2_0p25,1.0,1.0,1.0,1.0,1.0,1.0,False,False,False,False,False,,FULL_POSITION,,0,False,False,3.003,1.353,1.868,1.77,1.938,9.187,False,False,False,False,False,False,2026-09-02,2026-09-02,2026-09-02,2026-09-02,2026-09-02,2026-09-02,2026-09-02
2025-10-13,SubD V1.3,减: 创业板100ETF(159915.SZ) (100.00% NAV) / 加: 黄金ETF(518880.SH) (100.00% NAV),159915.SZ,518880.SH,159915.SZ,518880.SH,创业板100ETF(159915.SZ),黄金ETF(518880.SH),1.0,1.0,1.0,1.0,1.0,0.0,1.0,1.0,2.0,0.002,-,1.3,full_entry,159915.SZ,518880.SH,,,0,518880.SH,1.0,False,False,False,,,518880.SH,3.097715133214142,1.969426975692118,False,-0.013247172859450873,-0.013247172859450873,-0.013909224011713128,-0.006393180607352167,-0.006343713956170616,0.006188757091284192,0.029876772843524746,-0.013247172859450873,-0.013247172859450873,-0.015220678513731989,26.85596380429652,335,0,False,0,0,1.969426975692118,1.3776518591369178,,1.1717458859566694,,3.097715133214142,1.969426975692118,1.3776518591369178,0.12124638208432126,1.1717458859566694,-0.3780604157898003,3.097715133214142,0.5581868471627895,0.9021923401568535,0.08120036945061604,0.6494731446964135,0.7828657518382012,0.7660557921101447,0,v1_3_naive_score_0p5_5p5_r2_0p25,1.0,1.0,1.0,1.0,1.0,1.0,False,False,False,False,False,,FULL_POSITION,,0,False,False,3.054,1.347,1.865,1.723,1.951,8.859,False,False,False,False,False,False,2026-09-02,2026-09-02,2026-09-02,2026-09-02,2026-09-02,2026-09-02,2026-09-02
2025-09-19,SubD V1.3,减: 黄金ETF(518880.SH) (100.00% NAV) / 加: 创业板100ETF(159915.SZ) (100.00% NAV),518880.SH,159915.SZ,518880.SH,159915.SZ,黄金ETF(518880.SH),创业板100ETF(159915.SZ),1.0,1.0,1.0,1.0,1.0,0.0,1.0,1.0,2.0,0.002,-,1.3,full_entry,518880.SH,159915.SZ,,,0,159915.SZ,1.0,False,False,False,,,159915.SZ,5.192389912889313,1.519457619453223,False,0.004578987534978429,-0.0016302575806979025,0.002295332823259555,0.00928454396504641,-0.020000000000000018,0.005555555555555536,0.004578987534978429,0.004578987534978429,0.004578987534978429,0.0025698295599083654,26.980273962711262,334,0,False,0,0,5.192389912889313,0.5758428407316418,,1.1907821953247395,,1.519457619453223,5.192389912889313,0.5758428407316418,-0.19714690676996516,1.1907821953247395,-0.06711034949111117,1.519457619453223,0.8349328942411695,0.6858270101785411,0.5902074782064075,0.7156414346943708,0.08015073168406739,0.7864527252254161,0,v1_3_naive_score_0p5_5p5_r2_0p25,1.0,1.0,1.0,1.0,1.0,1.0,False,False,False,False,False,,FULL_POSITION,,0,False,False,3.062,1.31,1.848,1.666,1.991,7.898,False,False,False,False,False,False,2026-09-02,2026-09-02,2026-09-02,2026-09-02,2026-09-02,2026-09-02,2026-09-02
2025-09-03,SubD V1.3,加: 黄金ETF(518880.SH) (100.00% NAV),CASH,518880.SH,CASH,518880.SH,现金,黄金ETF(518880.SH),0.0,1.0,0.0,0.0,1.0,1.0,1.0,0.0,1.0,0.001,-,1.3,full_entry,CASH,518880.SH,,,0,518880.SH,1.0,False,False,False,,,518880.SH,0.5321962422974484,,False,0.0,0.0077247191011236005,-0.0015898251192368873,-0.01768488745980712,-0.01133501259445846,0.011546184738955967,0.01277705345501956,0.0,0.0,-0.0010000000000000009,26.589361064791156,333,0,False,0,0,,,,,,0.5321962422974484,17.664501884420474,-0.13590289513177445,-0.17460741922573986,0.04742258964270074,0.06261685049793408,0.5321962422974484,0.9530435589560262,0.1333346340489182,0.2663212210956841,0.005050461440013976,0.026050002454660603,0.41901739637388047,0,v1_3_naive_score_0p5_5p5_r2_0p25,1.0,1.0,1.0,1.0,1.0,1.0,False,False,False,False,False,,FULL_POSITION,,0,False,False,2.87,1.256,1.833,1.57,2.015,7.768,False,False,False,False,False,False,2026-09-02,2026-09-02,2026-09-02,2026-09-02,2026-09-02,2026-09-02,2026-09-02
2025-09-01,SubD V1.3,减: 日经ETF(513520.SH) (100.00% NAV),513520.SH,CASH,513520.SH,CASH,日经ETF(513520.SH),现金,1.0,0.0,1.0,1.0,0.0,-1.0,0.0,1.0,1.0,0.001,-,1.3,full_entry,513520.SH,CASH,,,0,CASH,0.0,False,False,False,,,CASH,,,False,-0.008744534665833914,0.02164048865619539,-0.011014948859165985,0.004854368932038833,-0.008744534665833914,0.006526104417670542,0.021506812717071888,-0.008744534665833914,-0.008744534665833914,-0.009735790131168098,26.615977041832988,332,0,False,0,0,,,,,,,18.195623828007662,-0.024875276410980196,-0.07732205876654819,0.39078803769905157,0.11200602852081532,0.18810594785640933,0.9420363234408119,0.003991476448722442,0.06865236311487977,0.19661650623320304,0.06404773426898602,0.19763264111188195,0,v1_3_naive_score_0p5_5p5_r2_0p25,1.0,1.0,1.0,1.0,1.0,1.0,False,False,False,False,False,,CASH,,0,False,False,2.927,1.257,1.863,1.587,2.005,7.647,False,False,False,False,False,False,2026-09-02,2026-09-02,2026-09-02,2026-09-02,2026-09-02,2026-09-02,2026-09-02
2025-08-22,SubD V1.3,减: 创业板100ETF(159915.SZ) (100.00% NAV) / 加: 日经ETF(513520.SH) (100.00% NAV),159915.SZ,513520.SH,159915.SZ,513520.SH,创业板100ETF(159915.SZ),日经ETF(513520.SH),1.0,1.0,1.0,1.0,1.0,0.0,1.0,1.0,2.0,0.002,-,1.3,full_entry,159915.SZ,513520.SH,,,0,513520.SH,1.0,False,False,False,,,513520.SH,1.3310171881535728,,False,0.03499222395023316,0.03499222395023316,-0.009463722397476393,-0.0031982942430702765,-0.004369538077403368,-0.00851276915373067,-0.002163916689207457,0.03499222395023316,0.03499222395023316,0.03292223950233275,26.776923982409397,331,0,False,0,0,,,,1.3310171881535728,,,5.515609032749109,0.2083189832333956,0.013593063753459367,1.3310171881535728,0.48782809376031944,-0.06622863963365722,0.7942287447939491,0.14484734167087465,0.0013873718812517088,0.6224953162271831,0.46549179826147713,0.08777729889891794,0,v1_3_naive_score_0p5_5p5_r2_0p25,1.0,1.0,1.0,1.0,1.0,1.0,False,False,False,False,False,,FULL_POSITION,,0,False,False,2.662,1.256,1.87,1.595,1.98,7.378,False,False,False,False,False,False,2026-09-02,2026-09-02,2026-09-02,2026-09-02,2026-09-02,2026-09-02,2026-09-02
2025-06-26,SubD V1.3,加: 创业板100ETF(159915.SZ) (100.00% NAV),CASH,159915.SZ,CASH,159915.SZ,现金,创业板100ETF(159915.SZ),0.0,1.0,0.0,0.0,1.0,1.0,1.0,0.0,1.0,0.001,-,1.3,full_entry,CASH,159915.SZ,,,0,159915.SZ,1.0,False,False,False,,,159915.SZ,0.6043754312832943,,False,0.0,-0.007586533902323334,0.0024958402662229595,0.0005370569280342963,0.02288021534320328,-0.015447991761071034,0.0017586580086579318,0.0,0.0,-0.0009999999999998899,21.095572774091696,330,0,False,0,0,0.6043754312832943,,,,,,0.6043754312832943,0.24524533478318444,-0.28831019281604287,0.34832241142683373,0.19027727147715057,-0.015288561178031679,0.37842572533933516,0.2668015214906623,0.3872984403522798,0.3722775782533698,0.08079198207415683,0.0019145216723023273,0,v1_3_naive_score_0p5_5p5_r2_0p25,1.0,1.0,1.0,1.0,1.0,1.0,False,False,False,False,False,,FULL_POSITION,,0,False,False,2.093,1.205,1.863,1.52,1.912,7.405,False,False,False,False,False,False,2026-09-02,2026-09-02,2026-09-02,2026-09-02,2026-09-02,2026-09-02,2026-09-02
2025-06-25,SubD V1.3,减: 豆粕ETF(159985.SZ) (100.00% NAV),159985.SZ,CASH,159985.SZ,CASH,豆粕ETF(159985.SZ),现金,1.0,0.0,1.0,1.0,0.0,-1.0,0.0,1.0,1.0,0.001,-,1.3,full_entry,159985.SZ,CASH,,,0,CASH,0.0,False,False,False,,,CASH,,,False,-0.013211382113821113,0.03180039138943247,0.0016666666666667052,0.0,0.0013477088948787852,-0.013211382113821113,0.0027129679869777323,-0.013211382113821113,-0.013211382113821113,-0.01419817073170726,21.11668946355525,329,0,False,0,0,,,,,,,0.44513174398388733,0.18032754379390825,-0.33186243004189986,0.2031726091757564,0.41986979432054117,0.024566002450169933,0.28274232282930656,0.1868045767025014,0.5022863661137851,0.30888203256031543,0.3865071992575715,0.004582716900044748,0,v1_3_naive_score_0p5_5p5_r2_0p25,1.0,1.0,1.0,1.0,1.0,1.0,False,False,False,False,False,,CASH,,0,False,False,2.109,1.202,1.862,1.486,1.942,7.392,False,False,False,False,False,False,2026-09-02,2026-09-02,2026-09-02,2026-09-02,2026-09-02,2026-09-02,2026-09-02
2025-06-12,SubD V1.3,加: 豆粕ETF(159985.SZ) (100.00% NAV),CASH,159985.SZ,CASH,159985.SZ,现金,豆粕ETF(159985.SZ),0.0,1.0,0.0,0.0,1.0,1.0,1.0,0.0,1.0,0.001,-,1.3,full_entry,CASH,159985.SZ,,,0,159985.SZ,1.0,False,False,False,,,159985.SZ,0.5719865139718867,,False,0.0,0.0009813542688912325,-0.003372681281618939,-0.003735325506937115,0.001361470388019148,0.0015174506828528056,0.009289176090468532,0.0,0.0,-0.0010000000000000009,21.551440801171612,328,0,False,0,0,,,,,0.5719865139718867,,0.1671067905186716,0.3407445711250985,0.10135397743040575,0.23801669797029512,0.5719865139718867,0.35761537106745966,0.08238897740917073,0.4224643481792002,0.08223644644650108,0.5729951244237796,0.6354356954905899,0.3306955555475176,0,v1_3_naive_score_0p5_5p5_r2_0p25,1.0,1.0,1.0,1.0,1.0,1.0,False,False,False,False,False,,FULL_POSITION,,0,False,False,2.04,1.182,1.867,1.471,1.98,7.497,False,False,False,False,False,False,2026-09-02,2026-09-02,2026-09-02,2026-09-02,2026-09-02,2026-09-02,2026-09-02
2025-06-10,SubD V1.3,减: 纳指ETF(159941.SZ) (100.00% NAV),159941.SZ,CASH,159941.SZ,CASH,纳指ETF(159941.SZ),现金,1.0,0.0,1.0,1.0,0.0,-1.0,0.0,1.0,1.0,0.001,-,1.3,full_entry,159941.SZ,CASH,,,0,CASH,0.0,False,False,False,,,CASH,,,False,0.0008467400508043177,-0.010816125860373504,0.0008467400508043177,-0.006900212314224996,0.0006821282401092699,0.0035677879714577365,0.0006756756756756133,0.0008467400508043177,0.0008467400508043177,-0.00015410668924664694,21.5730138149866,327,0,False,0,0,,,,,,,0.007508889784916262,0.4644718484487451,0.22678100882571295,0.21479594023485227,0.3590916925255072,0.2558821496571164,0.00021697341920623447,0.44686717762360195,0.29001154979093324,0.4923350930707102,0.47305135489425876,0.15127241107646283,0,v1_3_naive_score_0p5_5p5_r2_0p25,1.0,1.0,1.0,1.0,1.0,1.0,False,False,False,False,False,,CASH,,0,False,False,2.012,1.182,1.871,1.467,1.969,7.405,False,False,False,False,False,False,2026-09-02,2026-09-02,2026-09-02,2026-09-02,2026-09-02,2026-09-02,2026-09-02
2025-05-16,SubD V1.3,减: 德国ETF(513030.SH) (100.00% NAV) / 加: 纳指ETF(159941.SZ) (100.00% NAV),513030.SH,159941.SZ,513030.SH,159941.SZ,德国ETF(513030.SH),纳指ETF(159941.SZ),1.0,1.0,1.0,1.0,1.0,0.0,1.0,1.0,2.0,0.002,-,1.3,full_entry,513030.SH,159941.SZ,,,0,159941.SZ,1.0,False,False,False,,,159941.SZ,3.8136011162826646,3.1746634281728117,False,0.02367841409691618,-0.001988071570576566,0.0017035775127769437,0.02367841409691618,0.0027681660899654403,-0.004181913225300593,0.01628433871424506,0.02367841409691618,0.02367841409691618,0.021631057268722387,21.484991121768335,326,0,False,0,0,2.09042188699599,3.8136011162826646,3.1746634281728117,1.0662807667482816,,,2.09042188699599,3.8136011162826646,3.1746634281728117,1.0662807667482816,-0.4216806266552595,-0.45557085638905803,0.8262603853012744,0.8608247528684103,0.809879793281545,0.8649698514162476,0.7715809556428643,0.29010672196912,0,v1_3_naive_score_0p5_5p5_r2_0p25,1.0,1.0,1.0,1.0,1.0,1.0,False,False,False,False,False,,FULL_POSITION,,0,False,False,2.008,1.176,1.859,1.449,1.905,7.177,False,False,False,False,False,False,2026-09-02,2026-09-02,2026-09-02,2026-09-02,2026-09-02,2026-09-02,2026-09-02
2025-05-14,SubD V1.3,减: 纳指ETF(159941.SZ) (100.00% NAV) / 加: 德国ETF(513030.SH) (100.00% NAV),159941.SZ,513030.SH,159941.SZ,513030.SH,纳指ETF(159941.SZ),德国ETF(513030.SH),1.0,1.0,1.0,1.0,1.0,0.0,1.0,1.0,2.0,0.002,-,1.3,full_entry,159941.SZ,513030.SH,,,0,513030.SH,1.0,False,False,False,,,513030.SH,5.024201546427606,3.175679652997582,False,0.027850304612706767,0.011822660098522286,0.027850304612706767,0.004333694474539573,0.008344923504867818,0.0047244094488188,-0.007501363884342527,0.027850304612706767,0.027850304612706767,0.025794604003481325,21.470144991305094,325,0,False,0,0,2.3871497188649458,3.175679652997582,5.024201546427606,1.4547061592791253,,,2.3871497188649458,3.175679652997582,5.024201546427606,1.4547061592791253,-0.4604921814341041,-0.05817366155405512,0.8468735408563755,0.8001944453451484,0.9132264462239617,0.8534166673008832,0.793666711730392,0.003857976947055586,0,v1_3_naive_score_0p5_5p5_r2_0p25,1.0,1.0,1.0,1.0,1.0,1.0,False,False,False,False,False,,FULL_POSITION,,0,False,False,2.054,1.181,1.854,1.45,1.914,7.277,False,False,False,False,False,False,2026-09-02,2026-09-02,2026-09-02,2026-09-02,2026-09-02,2026-09-02,2026-09-02
2025-05-12,SubD V1.3,减: 德国ETF(513030.SH) (100.00% NAV) / 加: 纳指ETF(159941.SZ) (100.00% NAV),513030.SH,159941.SZ,513030.SH,159941.SZ,德国ETF(513030.SH),纳指ETF(159941.SZ),1.0,1.0,1.0,1.0,1.0,0.0,1.0,1.0,2.0,0.002,-,1.3,full_entry,513030.SH,159941.SZ,,,0,159941.SZ,1.0,False,False,False,,,159941.SZ,2.160738083914568,,False,0.017130620985010614,0.02671370967741926,0.01878354203935584,0.017130620985010614,-0.002068965517241339,-0.002612330198537016,-0.02058159606957899,0.017130620985010614,0.017130620985010614,0.015096359743040688,20.748096654864767,324,0,False,0,0,1.606429251203446,2.160738083914568,,1.830175006905281,,,1.606429251203446,2.160738083914568,6.259591468821373,1.830175006905281,-0.46293276532683203,0.5190295136327068,0.6528809454349133,0.7053803006923776,0.9214902347167294,0.8347335800958925,0.7420355723385638,0.1573552328822726,0,v1_3_naive_score_0p5_5p5_r2_0p25,1.0,1.0,1.0,1.0,1.0,1.0,False,False,False,False,False,,FULL_POSITION,,0,False,False,2.037,1.139,1.9,1.447,1.909,7.376,False,False,False,False,False,False,2026-09-02,2026-09-02,2026-09-02,2026-09-02,2026-09-02,2026-09-02,2026-09-02
2025-04-30,SubD V1.3,减: 黄金ETF(518880.SH) (100.00% NAV) / 加: 德国ETF(513030.SH) (100.00% NAV),518880.SH,513030.SH,518880.SH,513030.SH,黄金ETF(518880.SH),德国ETF(513030.SH),1.0,1.0,1.0,1.0,1.0,0.0,1.0,1.0,2.0,0.002,-,1.3,full_entry,518880.SH,513030.SH,,,0,513030.SH,1.0,False,False,False,,,513030.SH,2.1848525457505055,1.929551106467446,False,-0.006119462551549826,0.009458749343142392,0.0009149130832570851,0.005064715813168252,-0.003506311360448766,-0.005202913631633721,-0.006119462551549826,-0.006119462551549826,-0.006119462551549826,-0.00810722362644678,19.542295446465815,323,0,False,0,0,,,2.1848525457505055,1.2199271337513524,,1.929551106467446,-0.1714464551065853,0.6810146318257455,2.1848525457505055,1.2199271337513524,-0.2271167429140396,1.929551106467446,0.022658396709249518,0.1591998559401233,0.47812091733464257,0.4443632561952585,0.14125744034511067,0.5244727940885403,0,v1_3_naive_score_0p5_5p5_r2_0p25,1.0,1.0,1.0,1.0,1.0,1.0,False,False,False,False,False,,FULL_POSITION,,0,False,False,1.921,1.094,1.786,1.421,1.912,7.471,False,False,False,False,False,False,2026-09-02,2026-09-02,2026-09-02,2026-09-02,2026-09-02,2026-09-02,2026-09-02
2025-03-28,SubD V1.3,减: 德国ETF(513030.SH) (100.00% NAV) / 加: 黄金ETF(518880.SH) (100.00% NAV),513030.SH,518880.SH,513030.SH,518880.SH,德国ETF(513030.SH),黄金ETF(518880.SH),1.0,1.0,1.0,1.0,1.0,0.0,1.0,1.0,2.0,0.002,-,1.3,full_entry,513030.SH,518880.SH,,,0,518880.SH,1.0,False,False,False,,,518880.SH,1.2179679714645135,1.0425398586161934,False,-0.006810442678774176,-0.006657156443176548,-0.0062611806797854275,-0.006810442678774176,-0.0098314606741573,-0.0067708333333332815,0.018496770405167284,-0.006810442678774176,-0.006810442678774176,-0.008796821793416676,18.184467691584466,322,0,False,0,0,,,1.0425398586161934,,,1.2179679714645135,-0.393571395263434,-0.10308992927992511,1.0425398586161934,-0.0060468984151663685,-0.35556032199431353,1.2179679714645135,0.5150977453206282,0.011566751387588892,0.464319043909765,0.0002906460921994203,0.5473423295042434,0.8579588918421666,0,v1_3_naive_score_0p5_5p5_r2_0p25,1.0,1.0,1.0,1.0,1.0,1.0,False,False,False,False,False,,FULL_POSITION,,0,False,False,2.089,1.111,1.75,1.41,1.907,6.938,False,False,False,False,False,False,2026-09-02,2026-09-02,2026-09-02,2026-09-02,2026-09-02,2026-09-02,2026-09-02
2025-03-14,SubD V1.3,加: 德国ETF(513030.SH) (100.00% NAV),CASH,513030.SH,CASH,513030.SH,现金,德国ETF(513030.SH),0.0,1.0,0.0,0.0,1.0,1.0,1.0,0.0,1.0,0.001,-,1.3,full_entry,CASH,513030.SH,,,0,513030.SH,1.0,False,False,False,,,513030.SH,0.5150852866108202,,False,0.0,0.028705882352941137,0.00838769804287054,0.004637681159420204,0.000710732054015617,0.00820512820512831,0.014904942965779489,0.0,0.0,-0.001000000000000112,18.04390638964551,321,0,False,0,0,,,0.5150852866108202,,,,-0.16738601099848183,-0.8388449777344466,0.5150852866108202,-0.530111514401542,-0.08990937699445078,0.0402811935066163,0.09873807826086145,0.9102656185924871,0.26816891410882593,0.9100571008218823,0.024639802447409154,0.012231736929020798,0,v1_3_naive_score_0p5_5p5_r2_0p25,1.0,1.0,1.0,1.0,1.0,1.0,False,False,False,False,False,,FULL_POSITION,,0,False,False,2.186,1.082,1.733,1.408,1.966,6.673,False,False,False,False,False,False,2026-09-02,2026-09-02,2026-09-02,2026-09-02,2026-09-02,2026-09-02,2026-09-02
2025-03-12,SubD V1.3,减: 德国ETF(513030.SH) (100.00% NAV),513030.SH,CASH,513030.SH,CASH,德国ETF(513030.SH),现金,1.0,0.0,1.0,1.0,0.0,-1.0,0.0,1.0,1.0,0.001,-,1.3,full_entry,513030.SH,CASH,,,0,CASH,0.0,False,False,False,,,CASH,,,False,-0.006391632771644451,-0.004631773969430153,0.005586592178770999,-0.006391632771644451,-0.00425230333097093,-0.00619514713474445,0.0032282859338970127,-0.006391632771644451,-0.006391632771644451,-0.0073852411388727335,18.061968358003515,320,0,False,0,0,,,,,,,-0.09377076767691295,-0.815601278593378,0.5316112532210948,-0.5409984341690788,-0.025100386389558915,-0.08168782856082235,0.028156154592859917,0.8738286203732397,0.240181866475759,0.907968312733286,0.0016205645891372855,0.0878876761582621,0,v1_3_naive_score_0p5_5p5_r2_0p25,1.0,1.0,1.0,1.0,1.0,1.0,False,False,False,False,False,,CASH,,0,False,False,2.149,1.08,1.71,1.405,1.925,6.526,False,False,False,False,False,False,2026-09-02,2026-09-02,2026-09-02,2026-09-02,2026-09-02,2026-09-02,2026-09-02
2025-03-10,SubD V1.3,加: 德国ETF(513030.SH) (100.00% NAV),CASH,513030.SH,CASH,513030.SH,现金,德国ETF(513030.SH),0.0,1.0,0.0,0.0,1.0,1.0,1.0,0.0,1.0,0.001,-,1.3,full_entry,CASH,513030.SH,,,0,513030.SH,1.0,False,False,False,,,513030.SH,0.6311498869121235,,False,0.0,-0.00046296296296310935,-0.004444444444444362,0.020930232558139528,0.005657708628005631,0.014788373278939337,0.0027581979773214638,0.0,0.0,-0.0010000000000000009,18.566412281670075,319,0,False,0,0,,,0.6311498869121235,,,,0.10179772903255957,-0.7374296162538295,0.6311498869121235,-0.5165307313547927,0.2399239421848467,-0.03464360464490246,0.01948954961332494,0.8591656009268392,0.26327504712951977,0.8643129836664858,0.14199036275611143,0.010636014683387929,0,v1_3_naive_score_0p5_5p5_r2_0p25,1.0,1.0,1.0,1.0,1.0,1.0,False,False,False,False,False,,FULL_POSITION,,0,False,False,2.159,1.12,1.756,1.422,1.99,6.544,False,False,False,False,False,False,2026-09-02,2026-09-02,2026-09-02,2026-09-02,2026-09-02,2026-09-02,2026-09-02
2025-03-05,SubD V1.3,减: 创业板100ETF(159915.SZ) (100.00% NAV),159915.SZ,CASH,159915.SZ,CASH,创业板100ETF(159915.SZ),现金,1.0,0.0,1.0,1.0,0.0,-1.0,0.0,1.0,1.0,0.001,-,1.3,full_entry,159915.SZ,CASH,,,0,CASH,0.0,False,False,False,,,CASH,,,False,0.0,0.0,0.008795074758135346,-0.012345679012345734,0.0021097046413502962,-0.030738720872583003,0.007385751654100714,0.0,0.0,-0.0010000000000000009,18.584997278949025,318,0,False,0,0,,,,,,,0.46177067493871116,-0.6911518499042231,0.12239068987146773,-0.5060564001481151,0.44664477163395944,0.11296383759821227,0.18122237992197776,0.7843398741584252,0.013057132913550817,0.8128641660624101,0.331170413110646,0.04191017648602158,0,v1_3_naive_score_0p5_5p5_r2_0p25,1.0,1.0,1.0,1.0,1.0,1.0,False,False,False,False,False,,CASH,,0,False,False,2.149,1.147,1.68,1.425,1.955,6.547,False,False,False,False,False,False,2026-09-02,2026-09-02,2026-09-02,2026-09-02,2026-09-02,2026-09-02,2026-09-02
2025-02-20,SubD V1.3,减: 黄金ETF(518880.SH) (100.00% NAV) / 加: 创业板100ETF(159915.SZ) (100.00% NAV),518880.SH,159915.SZ,518880.SH,159915.SZ,黄金ETF(518880.SH),创业板100ETF(159915.SZ),1.0,1.0,1.0,1.0,1.0,0.0,1.0,1.0,2.0,0.002,-,1.3,full_entry,518880.SH,159915.SZ,,,0,159915.SZ,1.0,False,False,False,,,159915.SZ,2.0675845405841713,2.0600344107067685,False,0.0031827826614125865,-0.0004576659038900699,-0.008921330089213364,-0.014442518775274471,-0.0053944706675657095,0.008130081300812941,0.0031827826614125865,0.0031827826614125865,0.0031827826614125865,0.0011764170960897324,18.90659112217135,317,0,False,0,0,2.0675845405841713,,,,0.6482129278682869,2.0600344107067685,2.0675845405841713,-0.2222072315282957,0.4350798679443375,-0.16463288987121594,0.6482129278682869,2.0600344107067685,0.8332568056340468,0.28537130710792913,0.040393974632123464,0.09453747178283867,0.4634659698522753,0.8677401405541882,0,v1_3_naive_score_0p5_5p5_r2_0p25,1.0,1.0,1.0,1.0,1.0,1.0,False,False,False,False,False,,FULL_POSITION,,0,False,False,2.184,1.222,1.706,1.475,1.984,6.619,False,False,False,False,False,False,2026-09-02,2026-09-02,2026-09-02,2026-09-02,2026-09-02,2026-09-02,2026-09-02
2025-02-18,SubD V1.3,减: 创业板100ETF(159915.SZ) (100.00% NAV) / 加: 黄金ETF(518880.SH) (100.00% NAV),159915.SZ,518880.SH,159915.SZ,518880.SH,创业板100ETF(159915.SZ),黄金ETF(518880.SH),1.0,1.0,1.0,1.0,1.0,0.0,1.0,1.0,2.0,0.002,-,1.3,full_entry,159915.SZ,518880.SH,,,0,518880.SH,1.0,False,False,False,,,518880.SH,2.186858832482334,2.085309288517602,False,-0.019248395967002674,-0.019248395967002674,0.006498781478472715,0.08756889161053283,0.010162601626016343,0.0020693222969476732,0.009393286110255694,-0.019248395967002674,-0.019248395967002674,-0.02120989917506866,18.761303359980754,316,0,False,0,0,2.085309288517602,,,,0.8011569078249006,2.186858832482334,2.085309288517602,-0.21813833375164204,0.5716534381822427,-0.07897104199380078,0.8011569078249006,2.186858832482334,0.8098963931372775,0.2420484497240163,0.05030641704414052,0.01703411794399523,0.4640649885200636,0.8656263241801555,0,v1_3_naive_score_0p5_5p5_r2_0p25,1.0,1.0,1.0,1.0,1.0,1.0,False,False,False,False,False,,FULL_POSITION,,0,False,False,2.14,1.239,1.776,1.491,1.937,6.555,False,False,False,False,False,False,2026-09-02,2026-09-02,2026-09-02,2026-09-02,2026-09-02,2026-09-02,2026-09-02
2025-02-17,SubD V1.3,减: 黄金ETF(518880.SH) (100.00% NAV) / 加: 创业板100ETF(159915.SZ) (100.00% NAV),518880.SH,159915.SZ,518880.SH,159915.SZ,黄金ETF(518880.SH),创业板100ETF(159915.SZ),1.0,1.0,1.0,1.0,1.0,0.0,1.0,1.0,2.0,0.002,-,1.3,full_entry,518880.SH,159915.SZ,,,0,159915.SZ,1.0,False,False,False,,,159915.SZ,2.2879986931077383,2.285100774085739,False,-0.016805450416351397,0.0036798528058876734,0.0,-0.01150121065375298,-0.005390835579514808,-0.011253196930946285,-0.016805450416351397,-0.016805450416351397,-0.016805450416351397,-0.01877183951551875,19.16785155894874,315,0,False,0,0,2.2879986931077383,,,,1.0525667837896875,2.285100774085739,2.2879986931077383,-0.2540238596322367,0.4003374269604745,-0.0574349044077177,1.0525667837896875,2.285100774085739,0.8311479489317588,0.3084634015406552,0.028049135403106495,0.007976263461071165,0.560821728286178,0.8706388612488963,0,v1_3_naive_score_0p5_5p5_r2_0p25,1.0,1.0,1.0,1.0,1.0,1.0,False,False,False,False,False,,FULL_POSITION,,0,False,False,2.182,1.231,1.633,1.476,1.933,6.494,False,False,False,False,False,False,2026-09-02,2026-09-02,2026-09-02,2026-09-02,2026-09-02,2026-09-02,2026-09-02
2025-02-12,SubD V1.3,减: 德国ETF(513030.SH) (100.00% NAV) / 加: 黄金ETF(518880.SH) (100.00% NAV),513030.SH,518880.SH,513030.SH,518880.SH,德国ETF(513030.SH),黄金ETF(518880.SH),1.0,1.0,1.0,1.0,1.0,0.0,1.0,1.0,2.0,0.002,-,1.3,full_entry,513030.SH,518880.SH,,,0,518880.SH,1.0,False,False,False,,,518880.SH,2.157603549511879,,False,-0.0012187690432663434,0.017510648367250248,-0.002454991816693841,-0.0012187690432663434,-0.0053583389149364224,-0.014249363867684495,-0.006986634264884439,-0.0012187690432663434,-0.0012187690432663434,-0.00321633150517997,19.336395842563924,314,0,False,0,0,1.7663296217646942,,,,1.9191345696429987,2.157603549511879,1.7663296217646942,-0.23585822078606333,2.2577918481479715,0.12036515362319777,1.9191345696429987,2.157603549511879,0.7173454918890787,0.22461960977381645,0.21994873267771575,0.023854335992370523,0.792656195804576,0.8522745483978357,0,v1_3_naive_score_0p5_5p5_r2_0p25,1.0,1.0,1.0,1.0,1.0,1.0,False,False,False,False,False,,FULL_POSITION,,0,False,False,2.15,1.219,1.639,1.485,1.937,6.538,False,False,False,False,False,False,2026-09-02,2026-09-02,2026-09-02,2026-09-02,2026-09-02,2026-09-02,2026-09-02
2025-02-10,SubD V1.3,减: 豆粕ETF(159985.SZ) (100.00% NAV) / 加: 德国ETF(513030.SH) (100.00% NAV),159985.SZ,513030.SH,159985.SZ,513030.SH,豆粕ETF(159985.SZ),德国ETF(513030.SH),1.0,1.0,1.0,1.0,1.0,0.0,1.0,1.0,2.0,0.002,-,1.3,full_entry,159985.SZ,513030.SH,,,0,513030.SH,1.0,False,False,False,,,513030.SH,5.207094081035793,2.3346826376078136,False,-0.003045685279187804,0.005161895823557083,-0.011317704122877914,-0.03239352129574091,-0.002010723860589758,-0.003045685279187804,0.015264797507788197,-0.003045685279187804,-0.003045685279187804,-0.005039593908629403,19.06779177271909,313,0,False,0,0,1.174484778430156,,5.207094081035793,,2.3346826376078136,1.6504295185593554,1.174484778430156,-0.12437757069868671,5.207094081035793,0.25747836411046077,2.3346826376078136,1.6504295185593554,0.46009565580961254,0.06324554361323576,0.403744668738957,0.08328012175787114,0.8519238843114865,0.8199187659697428,0,v1_3_naive_score_0p5_5p5_r2_0p25,1.0,1.0,1.0,1.0,1.0,1.0,False,False,False,False,False,,FULL_POSITION,,0,False,False,2.142,1.223,1.613,1.489,1.964,6.518,False,False,False,False,False,False,2026-09-02,2026-09-02,2026-09-02,2026-09-02,2026-09-02,2026-09-02,2026-09-02
2025-01-21,SubD V1.3,减: 德国ETF(513030.SH) (100.00% NAV) / 加: 豆粕ETF(159985.SZ) (100.00% NAV),513030.SH,159985.SZ,513030.SH,159985.SZ,德国ETF(513030.SH),豆粕ETF(159985.SZ),1.0,1.0,1.0,1.0,1.0,0.0,1.0,1.0,2.0,0.002,-,1.3,full_entry,513030.SH,159985.SZ,,,0,159985.SZ,1.0,False,False,False,,,159985.SZ,1.4448098005248915,,False,0.014101057579318566,0.0038797284190106307,0.0015847860538826808,0.014101057579318566,-0.0033222591362125353,0.01364829396325451,0.0,0.014101057579318566,0.014101057579318566,0.012072855464160037,18.784976221853356,312,0,False,0,0,,,,0.5661135094103131,1.4448098005248915,0.6651586961913352,-0.49449493529280053,0.011313341584636039,7.666472435693452,0.5661135094103131,1.4448098005248915,0.6651586961913352,0.22075237932197267,0.0004517818651587069,0.7350613034738778,0.3560154559780968,0.6737861063705642,0.8944991147196913,0,v1_3_naive_score_0p5_5p5_r2_0p25,1.0,1.0,1.0,1.0,1.0,1.0,False,False,False,False,False,,FULL_POSITION,,0,False,False,2.07,1.264,1.726,1.5,1.931,6.127,False,False,False,False,False,False,2026-09-02,2026-09-02,2026-09-02,2026-09-02,2026-09-02,2026-09-02,2026-09-02
2025-01-14,SubD V1.3,减: 日经ETF(513520.SH) (100.00% NAV) / 加: 德国ETF(513030.SH) (100.00% NAV),513520.SH,513030.SH,513520.SH,513030.SH,日经ETF(513520.SH),德国ETF(513030.SH),1.0,1.0,1.0,1.0,1.0,0.0,1.0,1.0,2.0,0.002,-,1.3,full_entry,513520.SH,513030.SH,,,0,513030.SH,1.0,False,False,False,,,513030.SH,0.7669795200112535,,False,0.0013812154696133394,0.04840370751802281,0.013980263157894912,0.029014844804318374,0.0013812154696133394,0.0037654653039269625,-0.008496732026143872,0.0013812154696133394,0.0013812154696133394,-0.0006215469613258806,16.63064758620739,311,0,False,0,0,,,0.7669795200112535,,0.5152321876946047,,-0.8065498125926533,-0.006738693358954828,0.7669795200112535,0.43049704840395564,0.5152321876946047,0.4596078661034839,0.7420690017290668,0.0001400779388441853,0.3360029569507025,0.279573127451485,0.3302001330969807,0.6159798909624327,0,v1_3_naive_score_0p5_5p5_r2_0p25,1.0,1.0,1.0,1.0,1.0,1.0,False,False,False,False,False,,FULL_POSITION,,0,False,False,2.036,1.233,1.525,1.45,1.866,6.068,False,False,False,False,False,False,2026-09-02,2026-09-02,2026-09-02,2026-09-02,2026-09-02,2026-09-02,2026-09-02
2025-01-08,SubD V1.3,减: 纳指ETF(159941.SZ) (100.00% NAV) / 加: 日经ETF(513520.SH) (100.00% NAV),159941.SZ,513520.SH,159941.SZ,513520.SH,纳指ETF(159941.SZ),日经ETF(513520.SH),1.0,1.0,1.0,1.0,1.0,0.0,1.0,1.0,2.0,0.002,-,1.3,full_entry,159941.SZ,513520.SH,,,0,513520.SH,1.0,False,False,False,,,513520.SH,0.6329949783267854,0.5094134022920116,False,-0.005537974683544444,-0.011055276381909507,-0.005537974683544444,0.014976174268209741,0.0033512064343164116,-0.0005571030640667551,0.0050000000000001155,-0.005537974683544444,-0.005537974683544444,-0.007526898734177223,17.204118192628336,310,0,False,0,0,,0.5094134022920116,,0.6329949783267854,,,-0.7865570365320266,0.5094134022920116,-0.071431994503518,0.6329949783267854,0.2671603276936194,0.14193754113412105,0.721795670522539,0.3651737453538224,0.021046506496591788,0.4873941760285143,0.17623452546909613,0.18451477041849262,0,v1_3_naive_score_0p5_5p5_r2_0p25,1.0,1.0,1.0,1.0,1.0,1.0,False,False,False,False,False,,FULL_POSITION,,0,False,False,1.968,1.257,1.491,1.497,1.794,6.03,False,False,False,False,False,False,2026-09-02,2026-09-02,2026-09-02,2026-09-02,2026-09-02,2026-09-02,2026-09-02
2024-12-16,SubD V1.3,减: 德国ETF(513030.SH) (100.00% NAV) / 加: 纳指ETF(159941.SZ) (100.00% NAV),513030.SH,159941.SZ,513030.SH,159941.SZ,德国ETF(513030.SH),纳指ETF(159941.SZ),1.0,1.0,1.0,1.0,1.0,0.0,1.0,1.0,2.0,0.002,-,1.3,full_entry,513030.SH,159941.SZ,,,0,159941.SZ,1.0,False,False,False,,,159941.SZ,1.8764230107127715,1.7065982075599915,False,0.003385240352064889,-0.015959872321021473,0.013029315960912058,0.003385240352064889,-0.003462603878116255,0.002788622420524245,-0.008998500249958408,0.003385240352064889,0.003385240352064889,0.0013784698713608101,17.060312376247843,309,0,False,0,0,,1.8764230107127715,1.7065982075599915,0.8836343848760069,,,0.11854601325409853,1.8764230107127715,1.7065982075599915,0.8836343848760069,-0.6434170694640204,0.44202153909924924,0.021382414069468947,0.8801035847792564,0.8550606671913893,0.6116960653185664,0.8705197759524241,0.5369635074969373,0,v1_3_naive_score_0p5_5p5_r2_0p25,1.0,1.0,1.0,1.0,1.0,1.0,False,False,False,False,False,,FULL_POSITION,,0,False,False,2.158,1.244,1.482,1.439,1.798,5.947,False,False,False,False,False,False,2026-09-02,2026-09-02,2026-09-02,2026-09-02,2026-09-02,2026-09-02,2026-09-02
2024-12-09,SubD V1.3,减: 日经ETF(513520.SH) (100.00% NAV) / 加: 德国ETF(513030.SH) (100.00% NAV),513520.SH,513030.SH,513520.SH,513030.SH,日经ETF(513520.SH),德国ETF(513030.SH),1.0,1.0,1.0,1.0,1.0,0.0,1.0,1.0,2.0,0.002,-,1.3,full_entry,513520.SH,513030.SH,,,0,513030.SH,1.0,False,False,False,,,513030.SH,1.2701830040817375,1.082626441361373,False,0.004135079255685792,-0.008093525179856176,0.015126050420168013,0.0027008777852801646,0.004135079255685792,0.01055555555555543,0.005590377774013167,0.004135079255685792,0.004135079255685792,0.0021268090971744424,17.129105632809512,308,0,False,0,0,,0.965701052561291,1.2701830040817375,1.082626441361373,,,-0.3409662683056832,0.965701052561291,1.2701830040817375,1.082626441361373,-0.6163848337837274,0.28166110873383143,0.1529788203947059,0.6779042965370411,0.6292000962106898,0.6108370340144137,0.7708007144860752,0.2509355164185134,0,v1_3_naive_score_0p5_5p5_r2_0p25,1.0,1.0,1.0,1.0,1.0,1.0,False,False,False,False,False,,FULL_POSITION,,0,False,False,2.206,1.208,1.485,1.457,1.819,5.936,False,False,False,False,False,False,2026-09-02,2026-09-02,2026-09-02,2026-09-02,2026-09-02,2026-09-02,2026-09-02
2024-12-05,SubD V1.3,减: 纳指ETF(159941.SZ) (100.00% NAV) / 加: 日经ETF(513520.SH) (100.00% NAV),159941.SZ,513520.SH,159941.SZ,513520.SH,纳指ETF(159941.SZ),日经ETF(513520.SH),1.0,1.0,1.0,1.0,1.0,0.0,1.0,1.0,2.0,0.002,-,1.3,full_entry,159941.SZ,513520.SH,,,0,513520.SH,1.0,False,False,False,,,513520.SH,0.8750182266596807,0.7709282202682775,False,0.007588532883642696,0.003225806451612856,0.007588532883642696,0.013085399449035862,0.005475701574264136,-0.014729950900163602,-0.00033732501264982506,0.007588532883642696,0.007588532883642696,0.005573355817875436,17.30479227129425,307,0,False,0,0,,0.7709282202682775,0.6485185117039101,0.8750182266596807,,,-0.4751122343154287,0.7709282202682775,0.6485185117039101,0.8750182266596807,-0.5218221164820305,0.21045323566797425,0.2919291243518646,0.5884321166010091,0.4076235900776036,0.4765479007634632,0.6182408745112604,0.12266849022952409,0,v1_3_naive_score_0p5_5p5_r2_0p25,1.0,1.0,1.0,1.0,1.0,1.0,False,False,False,False,False,,FULL_POSITION,,0,False,False,2.177,1.195,1.471,1.469,1.806,5.927,False,False,False,False,False,False,2026-09-02,2026-09-02,2026-09-02,2026-09-02,2026-09-02,2026-09-02,2026-09-02
2024-11-19,SubD V1.3,减: 创业板100ETF(159915.SZ) (100.00% NAV) / 加: 纳指ETF(159941.SZ) (100.00% NAV),159915.SZ,159941.SZ,159915.SZ,159941.SZ,创业板100ETF(159915.SZ),纳指ETF(159941.SZ),1.0,1.0,1.0,1.0,1.0,0.0,1.0,1.0,2.0,0.002,-,1.3,full_entry,159915.SZ,159941.SZ,,,0,159941.SZ,1.0,False,False,False,,,159941.SZ,0.9179896597109523,,False,0.030711959050721216,0.030711959050721216,0.0026548672566373277,0.0021489971346706493,0.003617945007236001,0.005232862375719627,0.01736714136853057,0.030711959050721216,0.030711959050721216,0.028650535132619837,16.43985011309345,306,0,False,0,0,,0.9179896597109523,,,,,1.1705416634152193,0.9179896597109523,-0.32297340122298723,-0.1813165932938785,0.4388700802523515,-0.5268718271096339,0.2236895217847028,0.47534394555451764,0.6362958684666782,0.15965818689154143,0.25162574840065677,0.6151295729404658,0,v1_3_naive_score_0p5_5p5_r2_0p25,1.0,1.0,1.0,1.0,1.0,1.0,False,False,False,False,False,,FULL_POSITION,,0,False,False,2.215,1.133,1.399,1.387,1.921,5.858,False,False,False,False,False,False,2026-09-02,2026-09-02,2026-09-02,2026-09-02,2026-09-02,2026-09-02,2026-09-02
2024-11-11,SubD V1.3,减: 纳指ETF(159941.SZ) (100.00% NAV) / 加: 创业板100ETF(159915.SZ) (100.00% NAV),159941.SZ,159915.SZ,159941.SZ,159915.SZ,纳指ETF(159941.SZ),创业板100ETF(159915.SZ),1.0,1.0,1.0,1.0,1.0,0.0,1.0,1.0,2.0,0.002,-,1.3,full_entry,159941.SZ,159915.SZ,,,0,159915.SZ,1.0,False,False,False,,,159915.SZ,2.0819314158365825,0.7170494288379157,False,0.006956521739130528,0.02936021034180558,0.006956521739130528,-0.0077247191011234895,0.0014104372355430161,0.020682523267838704,0.0011868429976265027,0.006956521739130528,0.006956521739130528,0.0049426086956523285,17.469344067664228,305,0,False,0,0,2.0819314158365825,0.7170494288379157,,,,,2.0819314158365825,0.7170494288379157,-0.23428277499680883,-0.20495998275632676,0.3551339369426241,0.11105179618347116,0.4012223579609927,0.36995412966771124,0.4533360918823467,0.15936286076823025,0.27074055274622344,0.023941926728559992,0,v1_3_naive_score_0p5_5p5_r2_0p25,1.0,1.0,1.0,1.0,1.0,1.0,False,False,False,False,False,,FULL_POSITION,,0,False,False,2.349,1.158,1.413,1.42,1.974,5.905,False,False,False,False,False,False,2026-09-02,2026-09-02,2026-09-02,2026-09-02,2026-09-02,2026-09-02,2026-09-02
2024-11-08,SubD V1.3,减: 黄金ETF(518880.SH) (100.00% NAV) / 加: 纳指ETF(159941.SZ) (100.00% NAV),518880.SH,159941.SZ,518880.SH,159941.SZ,黄金ETF(518880.SH),纳指ETF(159941.SZ),1.0,1.0,1.0,1.0,1.0,0.0,1.0,1.0,2.0,0.002,-,1.3,full_entry,518880.SH,159941.SZ,,,0,159941.SZ,1.0,False,False,False,,,159941.SZ,0.5047488537427676,,False,0.006484641638225153,-0.010407632263660038,0.00877192982456143,0.014245014245014342,0.007102272727272707,-0.009221311475409832,0.006484641638225153,0.006484641638225153,0.006484641638225153,0.004471672354948719,17.38342460206584,304,0,False,0,0,,0.5047488537427676,,,,,1.1847176644477861,0.5047488537427676,-0.23406337141922973,-0.27393357632384363,0.14468013066671181,0.2838516726866862,0.21792859560810252,0.2861424578257661,0.4194888978582971,0.28512560745090365,0.09148306728663169,0.1170343535679288,0,v1_3_naive_score_0p5_5p5_r2_0p25,1.0,1.0,1.0,1.0,1.0,1.0,False,False,False,False,False,,FULL_POSITION,,0,False,False,2.282,1.15,1.424,1.418,1.934,5.898,False,False,False,False,False,False,2026-09-02,2026-09-02,2026-09-02,2026-09-02,2026-09-02,2026-09-02,2026-09-02
2024-10-17,SubD V1.3,减: 纳指ETF(159941.SZ) (100.00% NAV) / 加: 黄金ETF(518880.SH) (100.00% NAV),159941.SZ,518880.SH,159941.SZ,518880.SH,纳指ETF(159941.SZ),黄金ETF(518880.SH),1.0,1.0,1.0,1.0,1.0,0.0,1.0,1.0,2.0,0.002,-,1.3,full_entry,159941.SZ,518880.SH,,,0,518880.SH,1.0,False,False,False,,,518880.SH,0.9528674738045819,0.8753071889856068,False,0.005464480874316946,-0.0024999999999999467,0.005464480874316946,0.001386001386001423,-0.000694444444444331,-0.01671891327063746,0.0035690006798096974,0.005464480874316946,0.005464480874316946,0.0034535519125682423,17.438933865560696,303,0,False,0,0,,0.8753071889856068,0.6595497509658241,,,0.9528674738045819,179.97534573989327,0.8753071889856068,0.6595497509658241,0.15978152232362564,-0.3780864532457613,0.9528674738045819,0.543253737738975,0.6214502860466952,0.6664466330520723,0.09217777221983525,0.4584860106683454,0.760757103046615,0,v1_3_naive_score_0p5_5p5_r2_0p25,1.0,1.0,1.0,1.0,1.0,1.0,False,False,False,False,False,,FULL_POSITION,,0,False,False,1.995,1.104,1.445,1.439,1.882,5.905,False,False,False,False,False,False,2026-09-02,2026-09-02,2026-09-02,2026-09-02,2026-09-02,2026-09-02,2026-09-02
2024-10-15,SubD V1.3,减: 黄金ETF(518880.SH) (100.00% NAV) / 加: 纳指ETF(159941.SZ) (100.00% NAV),518880.SH,159941.SZ,518880.SH,159941.SZ,黄金ETF(518880.SH),纳指ETF(159941.SZ),1.0,1.0,1.0,1.0,1.0,0.0,1.0,1.0,2.0,0.002,-,1.3,full_entry,518880.SH,159941.SZ,,,0,159941.SZ,1.0,False,False,False,,,159941.SZ,0.8492372539866591,0.7482175195034277,False,0.0,-0.03355387523629494,0.020220588235294157,0.015299026425591222,0.013821700069108545,0.000526315789473708,0.0,0.0,0.0,-0.0020000000000000018,17.568848376801043,302,0,False,0,0,,0.8492372539866591,0.6138389306559799,,,0.7482175195034277,423.69224836849634,0.8492372539866591,0.6138389306559799,0.22977398336763444,-0.31009306307385753,0.7482175195034277,0.6274411793300265,0.5441645667642205,0.5834497420234974,0.13913290608060125,0.31189846389983833,0.734499306821877,0,v1_3_naive_score_0p5_5p5_r2_0p25,1.0,1.0,1.0,1.0,1.0,1.0,False,False,False,False,False,,FULL_POSITION,,0,False,False,2.045,1.11,1.46,1.467,1.901,5.799,False,False,False,False,False,False,2026-09-02,2026-09-02,2026-09-02,2026-09-02,2026-09-02,2026-09-02,2026-09-02
2024-09-30,SubD V1.3,减: 创业板100ETF(159915.SZ) (100.00% NAV) / 加: 黄金ETF(518880.SH) (100.00% NAV),159915.SZ,518880.SH,159915.SZ,518880.SH,创业板100ETF(159915.SZ),黄金ETF(518880.SH),1.0,1.0,1.0,1.0,1.0,0.0,1.0,1.0,2.0,0.002,-,1.3,full_entry,159915.SZ,518880.SH,,,0,518880.SH,1.0,False,False,False,,,518880.SH,0.8847016939223207,,False,0.19999999999999996,0.19999999999999996,-0.004677268475210328,0.015416958654520085,-0.010330578512396604,0.021472392638036908,-0.0001751927119831853,0.19999999999999996,0.19999999999999996,0.1976,17.32477157909603,301,0,False,0,0,,,,,,0.8847016939223207,17.097864333674494,0.49755570278487293,0.3769671927444518,0.0346920079574462,0.37108992660145756,0.8847016939223207,0.3852719927238618,0.2124831921147653,0.30109634030561694,0.0021898215770628227,0.3588974189262162,0.8029832317072603,0,v1_3_naive_score_0p5_5p5_r2_0p25,1.0,1.0,1.0,1.0,1.0,1.0,False,False,False,False,False,,FULL_POSITION,,0,False,False,2.232,1.064,1.449,1.437,1.998,5.707,False,False,False,False,False,False,2026-09-02,2026-09-02,2026-09-02,2026-09-02,2026-09-02,2026-09-02,2026-09-02
2024-09-26,SubD V1.3,减: 黄金ETF(518880.SH) (100.00% NAV) / 加: 创业板100ETF(159915.SZ) (100.00% NAV),518880.SH,159915.SZ,518880.SH,159915.SZ,黄金ETF(518880.SH),创业板100ETF(159915.SZ),1.0,1.0,1.0,1.0,1.0,0.0,1.0,1.0,2.0,0.002,-,1.3,full_entry,518880.SH,159915.SZ,,,0,159915.SZ,1.0,False,False,False,,,159915.SZ,1.1085303149469032,0.8290064184111869,False,0.0019163763066203376,0.0472049689440992,0.01495327102803734,0.009936124911284594,0.013185287994448291,0.015979381443299134,0.0019163763066203376,0.0019163763066203376,0.0019163763066203376,-8.745644599295055e-05,13.112948514572112,300,0,False,0,0,1.1085303149469032,,,,,0.8290064184111869,1.1085303149469032,0.42101108792333486,0.1364272515573366,-0.09364210113032911,0.3933338601079128,0.8290064184111869,0.2885473938175179,0.13457516481937992,0.07359431158146168,0.014129110814408596,0.36573734158400506,0.7344386036537935,0,v1_3_naive_score_0p5_5p5_r2_0p25,1.0,1.0,1.0,1.0,1.0,1.0,False,False,False,False,False,,FULL_POSITION,,0,False,False,1.686,1.086,1.423,1.46,1.971,5.751,False,False,False,False,False,False,2026-09-02,2026-09-02,2026-09-02,2026-09-02,2026-09-02,2026-09-02,2026-09-02
2024-09-25,SubD V1.3,减: 豆粕ETF(159985.SZ) (100.00% NAV) / 加: 黄金ETF(518880.SH) (100.00% NAV),159985.SZ,518880.SH,159985.SZ,518880.SH,豆粕ETF(159985.SZ),黄金ETF(518880.SH),1.0,1.0,1.0,1.0,1.0,0.0,1.0,1.0,2.0,0.002,-,1.3,full_entry,159985.SZ,518880.SH,,,0,518880.SH,1.0,False,False,False,,,518880.SH,0.694623720439776,,False,-0.013726487036095691,0.01449275362318847,-0.0092592592592593,-0.0035360678925034916,-0.010302197802197766,-0.013726487036095691,0.007547832192382087,-0.013726487036095691,-0.013726487036095691,-0.015699034062023554,13.114095426750549,299,0,False,0,0,,,,,,0.694623720439776,0.41319961088948354,0.23665470096001018,0.0663608294781659,-0.20448273302128817,0.41884765398739154,0.694623720439776,0.15884424541796738,0.048313149039986625,0.019715606074613534,0.06916244918294145,0.36536795136764166,0.6643585922609725,0,v1_3_naive_score_0p5_5p5_r2_0p25,1.0,1.0,1.0,1.0,1.0,1.0,False,False,False,False,False,,FULL_POSITION,,0,False,False,1.61,1.07,1.409,1.441,1.94,5.74,False,False,False,False,False,False,2026-09-02,2026-09-02,2026-09-02,2026-09-02,2026-09-02,2026-09-02,2026-09-02
2024-09-09,SubD V1.3,减: 德国ETF(513030.SH) (100.00% NAV) / 加: 豆粕ETF(159985.SZ) (100.00% NAV),513030.SH,159985.SZ,513030.SH,159985.SZ,德国ETF(513030.SH),豆粕ETF(159985.SZ),1.0,1.0,1.0,1.0,1.0,0.0,1.0,1.0,2.0,0.002,-,1.3,full_entry,513030.SH,159985.SZ,,,0,159985.SZ,1.0,False,False,False,,,159985.SZ,0.9479964921957238,0.5360878753304872,False,-0.011486001435750182,0.003315649867373871,-0.008771929824561542,-0.011486001435750182,0.002133712660028486,-0.011088709677419373,-0.007250317201377587,-0.011486001435750182,-0.011486001435750182,-0.013463029432878804,13.289390754335773,298,0,False,0,0,,,0.5360878753304872,,0.9479964921957238,,-0.3140904904882712,-0.35773558314625087,0.5360878753304872,-0.08913901304247218,0.9479964921957238,0.09752829360727877,0.3952112649107139,0.1264058211588066,0.2837903120314105,0.005263401550723024,0.5516203210502356,0.11036440953722804,0,v1_3_naive_score_0p5_5p5_r2_0p25,1.0,1.0,1.0,1.0,1.0,1.0,False,False,False,False,False,,FULL_POSITION,,0,False,False,1.513,1.017,1.377,1.409,1.962,5.477,False,False,False,False,False,False,2026-09-02,2026-09-02,2026-09-02,2026-09-02,2026-09-02,2026-09-02,2026-09-02
2024-09-04,SubD V1.3,减: 日经ETF(513520.SH) (100.00% NAV) / 加: 德国ETF(513030.SH) (100.00% NAV),513520.SH,513030.SH,513520.SH,513030.SH,日经ETF(513520.SH),德国ETF(513030.SH),1.0,1.0,1.0,1.0,1.0,0.0,1.0,1.0,2.0,0.002,-,1.3,full_entry,513520.SH,513030.SH,,,0,513030.SH,1.0,False,False,False,,,513030.SH,1.4752841454304662,1.3135167528919856,False,-0.04259634888438146,0.0,-0.05312208760484616,-0.028109627547435068,-0.04259634888438146,-0.012827090815803022,-0.0069078349391020755,-0.04259634888438146,-0.04259634888438146,-0.04451115618661272,13.374044685774146,297,0,False,0,0,,,1.4752841454304662,1.3135167528919856,,,-0.42319606886972694,0.40101262511394653,1.4752841454304662,1.3135167528919856,0.18460023265878167,0.2423198304925427,0.569776146489046,0.07085850946628569,0.7209024250381553,0.3179072216345137,0.04782061023209172,0.3367423552915597,0,v1_3_naive_score_0p5_5p5_r2_0p25,1.0,1.0,1.0,1.0,1.0,1.0,False,False,False,False,False,,FULL_POSITION,,0,False,False,1.525,1.016,1.383,1.416,1.924,5.463,False,False,False,False,False,False,2026-09-02,2026-09-02,2026-09-02,2026-09-02,2026-09-02,2026-09-02,2026-09-02
2024-08-26,SubD V1.3,加: 日经ETF(513520.SH) (100.00% NAV),CASH,513520.SH,CASH,513520.SH,现金,日经ETF(513520.SH),0.0,1.0,0.0,0.0,1.0,1.0,1.0,0.0,1.0,0.001,-,1.3,full_entry,CASH,513520.SH,,,0,513520.SH,1.0,False,False,False,,,513520.SH,1.9997100461328063,,False,0.0,-0.0013183915622939635,0.0009182736455464191,0.005710206995003464,-0.004672897196261627,0.008068854222700539,0.006177325581395499,0.0,0.0,-0.0010000000000000009,14.11063697061443,296,0,False,0,0,,1.3734338463042586,0.9151622661828678,1.9997100461328063,,,-0.5876083989378735,1.3734338463042586,0.9151622661828678,1.9997100461328063,-0.6662263928840795,0.46130079288173587,0.8783872192315105,0.2827299885928387,0.33052536394551324,0.31503721575402677,0.7829143704337813,0.5698305366594072,0,v1_3_naive_score_0p5_5p5_r2_0p25,1.0,1.0,1.0,1.0,1.0,1.0,False,False,False,False,False,,FULL_POSITION,,0,False,False,1.515,1.09,1.409,1.491,1.874,5.538,False,False,False,False,False,False,2026-09-02,2026-09-02,2026-09-02,2026-09-02,2026-09-02,2026-09-02,2026-09-02
2024-07-25,SubD V1.3,减: 黄金ETF(518880.SH) (100.00% NAV),518880.SH,CASH,518880.SH,CASH,黄金ETF(518880.SH),现金,1.0,0.0,1.0,1.0,0.0,-1.0,0.0,1.0,1.0,0.001,-,1.3,full_entry,518880.SH,CASH,,,0,CASH,0.0,False,False,False,,,CASH,,,False,-0.025251601097895704,-0.0030883261272389717,-0.027472527472527486,-0.01869158878504673,-0.028178694158075723,-0.006350757205667024,-0.025251601097895704,-0.025251601097895704,-0.025251601097895704,-0.026226349496797807,14.124761732346776,295,0,False,0,0,,,,,,,0.04149752194321876,-0.3322054243827962,0.06663325443050083,-0.18467275875054145,-0.6273376525401282,0.3401064748469389,0.0029971133921570248,0.13859817201150382,0.014793464895257236,0.020718386508519537,0.6800786851334722,0.21664274654187865,0,v1_3_naive_score_0p5_5p5_r2_0p25,1.0,1.0,1.0,1.0,1.0,1.0,False,False,False,False,False,,CASH,,0,False,False,1.614,1.062,1.365,1.414,2.034,5.327,False,False,False,False,False,False,2026-09-02,2026-09-02,2026-09-02,2026-09-02,2026-09-02,2026-09-02,2026-09-02
2024-07-22,SubD V1.3,减: 日经ETF(513520.SH) (100.00% NAV) / 加: 黄金ETF(518880.SH) (100.00% NAV),513520.SH,518880.SH,513520.SH,518880.SH,日经ETF(513520.SH),黄金ETF(518880.SH),1.0,1.0,1.0,1.0,1.0,0.0,1.0,1.0,2.0,0.002,-,1.3,full_entry,513520.SH,518880.SH,,,0,518880.SH,1.0,False,False,False,,,518880.SH,0.7092384398984548,,False,-0.01154107264086901,0.0005910165484634966,-0.0018115942028985588,-0.004319654427645814,-0.01154107264086901,0.004411764705882337,-0.0007373271889400401,-0.01154107264086901,-0.01154107264086901,-0.013517990495587329,14.388395031233951,294,0,False,0,0,,,,,,0.7092384398984548,0.13091710118836497,0.24796970475964675,0.40946444778223157,1.0827716253944821,-0.6958383692269108,0.7092384398984548,0.022999294171418994,0.06064337184890689,0.3800232136127907,0.2184132385267531,0.7711873015758974,0.6187538311252685,0,v1_3_naive_score_0p5_5p5_r2_0p25,1.0,1.0,1.0,1.0,1.0,1.0,False,False,False,False,False,,FULL_POSITION,,0,False,False,1.693,1.102,1.383,1.456,2.049,5.421,False,False,False,False,False,False,2026-09-02,2026-09-02,2026-09-02,2026-09-02,2026-09-02,2026-09-02,2026-09-02
2024-07-15,SubD V1.3,减: 纳指ETF(159941.SZ) (100.00% NAV) / 加: 日经ETF(513520.SH) (100.00% NAV),159941.SZ,513520.SH,159941.SZ,513520.SH,纳指ETF(159941.SZ),日经ETF(513520.SH),1.0,1.0,1.0,1.0,1.0,0.0,1.0,1.0,2.0,0.002,-,1.3,full_entry,159941.SZ,513520.SH,,,0,513520.SH,1.0,False,False,False,,,513520.SH,5.258405259861148,1.415888833695404,False,0.02852049910873422,-0.007864488808227543,0.02852049910873422,0.01570306923625986,0.018741633199464536,-0.02046783625731008,-0.0007344840249723372,0.02852049910873422,0.02852049910873422,0.026463458110516758,15.070757750073,293,0,False,0,0,,1.415888833695404,0.6854694019851275,5.258405259861148,,,-0.576609304306237,1.415888833695404,0.6854694019851275,5.258405259861148,-0.6217632759026528,0.47883246050950046,0.6056337103450525,0.7111273788681653,0.6918033179987993,0.7714395147035338,0.6815743397150964,0.6913530186240355,0,v1_3_naive_score_0p5_5p5_r2_0p25,1.0,1.0,1.0,1.0,1.0,1.0,False,False,False,False,False,,FULL_POSITION,,0,False,False,1.64,1.154,1.423,1.522,2.01,5.442,False,False,False,False,False,False,2026-09-02,2026-09-02,2026-09-02,2026-09-02,2026-09-02,2026-09-02,2026-09-02
2024-07-10,SubD V1.3,减: 日经ETF(513520.SH) (100.00% NAV) / 加: 纳指ETF(159941.SZ) (100.00% NAV),513520.SH,159941.SZ,513520.SH,159941.SZ,日经ETF(513520.SH),纳指ETF(159941.SZ),1.0,1.0,1.0,1.0,1.0,0.0,1.0,1.0,2.0,0.002,-,1.3,full_entry,513520.SH,159941.SZ,,,0,159941.SZ,1.0,False,False,False,,,159941.SZ,1.723190982733874,,False,0.010197578075207048,-0.0012345679012345512,-0.007758620689655049,-0.014883061658398367,0.010197578075207048,-0.010900473933649124,0.006527415143603221,0.010197578075207048,0.010197578075207048,0.00817718291905667,15.061702408572799,292,0,False,0,0,,1.723190982733874,,,,,-0.7245782777279894,1.723190982733874,0.38471418304606964,5.799201373994449,-0.441676156482282,0.25855880587331614,0.9005597294319586,0.8135172511491623,0.32633530349791817,0.7948066209484731,0.6202643659996085,0.3714904618877588,0,v1_3_naive_score_0p5_5p5_r2_0p25,1.0,1.0,1.0,1.0,1.0,1.0,False,False,False,False,False,,FULL_POSITION,,0,False,False,1.618,1.151,1.39,1.585,2.087,5.397,False,False,False,False,False,False,2026-09-02,2026-09-02,2026-09-02,2026-09-02,2026-09-02,2026-09-02,2026-09-02
2024-07-04,SubD V1.3,减: 纳指ETF(159941.SZ) (100.00% NAV) / 加: 日经ETF(513520.SH) (100.00% NAV),159941.SZ,513520.SH,159941.SZ,513520.SH,纳指ETF(159941.SZ),日经ETF(513520.SH),1.0,1.0,1.0,1.0,1.0,0.0,1.0,1.0,2.0,0.002,-,1.3,full_entry,159941.SZ,513520.SH,,,0,513520.SH,1.0,False,False,False,,,513520.SH,1.945103621424121,1.3917545582975812,False,0.0035366931918656697,-0.007980356046654369,0.0035366931918656697,0.01669085631349798,0.0219853431045971,-0.022831050228310446,0.004681647940074862,0.0035366931918656697,0.0035366931918656697,0.001529619805481941,14.606279748614375,291,0,False,0,0,,1.3917545582975812,,1.945103621424121,,,-0.7252133324175826,1.3917545582975812,-0.06676265463837638,1.945103621424121,-0.3546136211546479,0.02981446623616435,0.8833010867366015,0.7568185629562684,0.02058509710944323,0.515954224002707,0.5378451309380561,0.008153547370115977,0,v1_3_naive_score_0p5_5p5_r2_0p25,1.0,1.0,1.0,1.0,1.0,1.0,False,False,False,False,False,,FULL_POSITION,,0,False,False,1.616,1.135,1.401,1.534,2.14,5.365,False,False,False,False,False,False,2026-09-02,2026-09-02,2026-09-02,2026-09-02,2026-09-02,2026-09-02,2026-09-02
2024-06-06,SubD V1.3,加: 纳指ETF(159941.SZ) (100.00% NAV),CASH,159941.SZ,CASH,159941.SZ,现金,纳指ETF(159941.SZ),0.0,1.0,0.0,0.0,1.0,1.0,1.0,0.0,1.0,0.001,-,1.3,full_entry,CASH,159941.SZ,,,0,159941.SZ,1.0,False,False,False,,,159941.SZ,0.5192038469945859,,False,0.0,-0.006124721603563588,0.02137998056365409,0.010729613733905685,0.004335260115607031,0.003992901508429458,0.013899323816679132,0.0,0.0,-0.0010000000000000009,13.552391139807106,290,0,False,0,0,,0.5192038469945859,,,,,-0.2940956933081469,0.5192038469945859,0.026009866899339817,-0.36119240672433495,-0.3352354317168412,-0.0734525135512255,0.4338125258278337,0.4837903362077599,0.004168698768520884,0.6050087611645854,0.37358042628218513,0.02313915547860701,0,v1_3_naive_score_0p5_5p5_r2_0p25,1.0,1.0,1.0,1.0,1.0,1.0,False,False,False,False,False,,FULL_POSITION,,0,False,False,1.785,1.051,1.413,1.39,2.263,5.398,False,False,False,False,False,False,2026-09-02,2026-09-02,2026-09-02,2026-09-02,2026-09-02,2026-09-02,2026-09-02
2024-06-05,SubD V1.3,减: 纳指ETF(159941.SZ) (100.00% NAV),159941.SZ,CASH,159941.SZ,CASH,纳指ETF(159941.SZ),现金,1.0,0.0,1.0,1.0,0.0,-1.0,0.0,1.0,1.0,0.001,-,1.3,full_entry,159941.SZ,CASH,,,0,CASH,0.0,False,False,False,,,CASH,,,False,0.007835455435847294,-0.0055370985603543366,0.007835455435847294,-0.0021413276231264655,-0.004316546762589968,0.007599463567277587,-0.004115226337448652,0.007835455435847294,0.007835455435847294,0.00682761998041137,13.565957096904011,289,0,False,0,0,,,,,,,-0.30966854613707895,0.47505123766629254,0.02880966423659248,-0.36669762086978497,-0.30419281915400553,-0.08482413198430283,0.44965397054305245,0.45164359901212403,0.004504066810972596,0.5967895629650984,0.27025558328357757,0.028978698844245865,0,v1_3_naive_score_0p5_5p5_r2_0p25,1.0,1.0,1.0,1.0,1.0,1.0,False,False,False,False,False,,CASH,,0,False,False,1.796,1.029,1.398,1.384,2.254,5.324,False,False,False,False,False,False,2026-09-02,2026-09-02,2026-09-02,2026-09-02,2026-09-02,2026-09-02,2026-09-02
2024-05-23,SubD V1.3,减: 豆粕ETF(159985.SZ) (100.00% NAV) / 加: 纳指ETF(159941.SZ) (100.00% NAV),159985.SZ,159941.SZ,159985.SZ,159941.SZ,豆粕ETF(159985.SZ),纳指ETF(159941.SZ),1.0,1.0,1.0,1.0,1.0,0.0,1.0,1.0,2.0,0.002,-,1.3,full_entry,159985.SZ,159941.SZ,,,0,159941.SZ,1.0,False,False,False,,,159941.SZ,1.7694620945736608,1.6329765222380508,False,0.0012831479897348341,-0.015225666122892889,0.008729388942774197,-0.0021276595744680327,0.012729844413012836,0.0012831479897348341,-0.02294246176256376,0.0012831479897348341,0.0012831479897348341,-0.000719418306244668,13.724701748181785,288,0,False,0,0,0.6392149599614618,1.7694620945736608,1.0879565412324386,,1.6329765222380508,0.5154860286481251,0.6392149599614618,1.7694620945736608,1.0879565412324386,0.04184296739831628,1.6329765222380508,0.5154860286481251,0.2967717563116835,0.9422625770056965,0.8299114630759092,0.008998442211536228,0.7923024589955056,0.3531285276978865,0,v1_3_naive_score_0p5_5p5_r2_0p25,1.0,1.0,1.0,1.0,1.0,1.0,False,False,False,False,False,,FULL_POSITION,,0,False,False,1.811,1.04,1.407,1.432,2.341,5.366,False,False,False,False,False,False,2026-09-02,2026-09-02,2026-09-02,2026-09-02,2026-09-02,2026-09-02,2026-09-02
2024-05-06,SubD V1.3,加: 豆粕ETF(159985.SZ) (100.00% NAV),CASH,159985.SZ,CASH,159985.SZ,现金,豆粕ETF(159985.SZ),0.0,1.0,0.0,0.0,1.0,1.0,1.0,0.0,1.0,0.001,-,1.3,full_entry,CASH,159985.SZ,,,0,159985.SZ,1.0,False,False,False,,,159985.SZ,0.5720580240892594,,False,0.0,0.020374449339207068,0.0030674846625766694,-0.002945508100147265,0.010460251046025215,0.025594149908592323,-0.006053726825577033,0.0,0.0,-0.0010000000000000009,13.182379591699387,287,0,False,0,0,,,,,0.5720580240892594,,0.4336123939779508,-0.3859658308096259,-0.28173443852831737,-0.6561343373889326,0.5720580240892594,-0.011409862259121883,0.09384221869797393,0.34910083923122526,0.21266223169899046,0.5298658258786707,0.5750562385572624,0.00021149239589302038,0,v1_3_naive_score_0p5_5p5_r2_0p25,1.0,1.0,1.0,1.0,1.0,1.0,False,False,False,False,False,,FULL_POSITION,,0,False,False,1.853,0.981,1.354,1.449,2.244,5.254,False,False,False,False,False,False,2026-09-02,2026-09-02,2026-09-02,2026-09-02,2026-09-02,2026-09-02,2026-09-02
2024-04-26,SubD V1.3,减: 黄金ETF(518880.SH) (100.00% NAV),518880.SH,CASH,518880.SH,CASH,黄金ETF(518880.SH),现金,1.0,0.0,1.0,1.0,0.0,-1.0,0.0,1.0,1.0,0.001,-,1.3,full_entry,518880.SH,CASH,,,0,CASH,0.0,False,False,False,,,CASH,,,False,0.007753403933434155,0.03379953379953382,0.018867924528301883,-0.002210759027265974,0.007784854918612805,0.0022914757103573713,0.007753403933434155,0.007753403933434155,0.007753403933434155,0.006745650529500713,13.195575166866254,286,0,False,0,0,,,,,,,-0.36833550467363874,-0.5463466155157721,-0.4341564555623123,-0.7808254765023664,0.3180294906047918,0.6347609748036072,0.3453209360584306,0.678756093289391,0.45004440417751146,0.7582674805016846,0.3626805247590371,0.22091889507847984,0,v1_3_naive_score_0p5_5p5_r2_0p25,1.0,1.0,1.0,1.0,1.0,1.0,False,False,False,False,False,,CASH,,0,False,False,1.774,0.972,1.354,1.424,2.187,5.329,False,False,False,False,False,False,2026-09-02,2026-09-02,2026-09-02,2026-09-02,2026-09-02,2026-09-02,2026-09-02
2024-03-28,SubD V1.3,减: 豆粕ETF(159985.SZ) (100.00% NAV) / 加: 黄金ETF(518880.SH) (100.00% NAV),159985.SZ,518880.SH,159985.SZ,518880.SH,豆粕ETF(159985.SZ),黄金ETF(518880.SH),1.0,1.0,1.0,1.0,1.0,0.0,1.0,1.0,2.0,0.002,-,1.3,full_entry,159985.SZ,518880.SH,,,0,518880.SH,1.0,False,False,False,,,518880.SH,1.0412692330302744,1.01922193055495,False,-0.017233348858872843,0.009184845005740572,0.0009930486593843213,0.003566333808844524,-0.006345177664974666,-0.017233348858872843,0.007815631262525047,-0.017233348858872843,-0.017233348858872843,-0.019198882161155062,12.465185679988563,285,0,False,0,0,,,0.8083419827450833,,1.01922193055495,1.0412692330302744,0.05527725491278557,0.24948433119736912,0.8083419827450833,-0.005569473529008273,1.01922193055495,1.0412692330302744,0.0026996248422376246,0.35132287856824496,0.8218060301087267,0.0002181274792323329,0.43362368694228504,0.8187106931217999,0,v1_3_naive_score_0p5_5p5_r2_0p25,1.0,1.0,1.0,1.0,1.0,1.0,False,False,False,False,False,,FULL_POSITION,,0,False,False,1.758,1.008,1.407,1.566,2.11,5.029,False,False,False,False,False,False,2026-09-02,2026-09-02,2026-09-02,2026-09-02,2026-09-02,2026-09-02,2026-09-02
2024-03-19,SubD V1.3,减: 创业板100ETF(159915.SZ) (100.00% NAV) / 加: 豆粕ETF(159985.SZ) (100.00% NAV),159915.SZ,159985.SZ,159915.SZ,159985.SZ,创业板100ETF(159915.SZ),豆粕ETF(159985.SZ),1.0,1.0,1.0,1.0,1.0,0.0,1.0,1.0,2.0,0.002,-,1.3,full_entry,159915.SZ,159985.SZ,,,0,159985.SZ,1.0,False,False,False,,,159985.SZ,2.7819588014713226,2.516943870586691,False,-0.011733333333333373,-0.011733333333333373,-0.006054490413723523,-0.007315288953913646,-0.0025839793281653423,0.009310986964618184,0.002057613168724215,-0.011733333333333373,-0.011733333333333373,-0.013709866666666737,12.833497589593982,284,0,False,0,0,2.516943870586691,,0.9555802525334678,,2.7819588014713226,1.2337382607394738,2.516943870586691,0.12718576513446078,0.9555802525334678,0.3279625775104895,2.7819588014713226,1.2337382607394738,0.8425583000145449,0.11462996187996477,0.827323314450014,0.10025039810840042,0.9185907343036762,0.785180374905631,0,v1_3_naive_score_0p5_5p5_r2_0p25,1.0,1.0,1.0,1.0,1.0,1.0,False,False,False,False,False,,FULL_POSITION,,0,False,False,1.853,0.985,1.357,1.544,2.168,4.87,False,False,False,False,False,False,2026-09-02,2026-09-02,2026-09-02,2026-09-02,2026-09-02,2026-09-02,2026-09-02
2024-02-27,SubD V1.3,减: 纳指ETF(159941.SZ) (100.00% NAV) / 加: 创业板100ETF(159915.SZ) (100.00% NAV),159941.SZ,159915.SZ,159941.SZ,159915.SZ,纳指ETF(159941.SZ),创业板100ETF(159915.SZ),1.0,1.0,1.0,1.0,1.0,0.0,1.0,1.0,2.0,0.002,-,1.3,full_entry,159941.SZ,159915.SZ,,,0,159915.SZ,1.0,False,False,False,,,159915.SZ,2.027477594904475,0.722843022148614,False,-0.0020283975659228792,0.02464788732394374,-0.0020283975659228792,0.003044140030441511,-0.013384321223709361,0.013211382113821113,-0.0010750376263168882,-0.0020283975659228792,-0.0020283975659228792,-0.004024340770791057,12.116670897883782,283,0,False,0,0,2.027477594904475,0.722843022148614,,,,,2.027477594904475,0.722843022148614,0.24321113931172889,1.1055083459347768,-0.03558723488097015,0.0237921792012723,0.3656900336751079,0.6003966902079455,0.1836187625052781,0.15748008825307003,0.008295339216778275,0.03378824952745563,0,v1_3_naive_score_0p5_5p5_r2_0p25,1.0,1.0,1.0,1.0,1.0,1.0,False,False,False,False,False,,FULL_POSITION,,0,False,False,1.746,0.984,1.318,1.548,1.994,4.646,False,False,False,False,False,False,2026-09-02,2026-09-02,2026-09-02,2026-09-02,2026-09-02,2026-09-02,2026-09-02
2024-01-31,SubD V1.3,减: 日经ETF(513520.SH) (100.00% NAV) / 加: 纳指ETF(159941.SZ) (100.00% NAV),513520.SH,159941.SZ,513520.SH,159941.SZ,日经ETF(513520.SH),纳指ETF(159941.SZ),1.0,1.0,1.0,1.0,1.0,0.0,1.0,1.0,2.0,0.002,-,1.3,full_entry,513520.SH,159941.SZ,,,0,159941.SZ,1.0,False,False,False,,,159941.SZ,1.7101601450180182,,False,-0.05470313542361582,-0.007124352331606243,-0.022587268993839893,-0.01598173515981749,-0.05470313542361582,0.018614270941054833,0.0012911555842478606,-0.05470313542361582,-0.05470313542361582,-0.056593729152768724,11.74612507004391,282,0,False,0,0,,1.7101601450180182,,,,,-0.7919629008424218,1.7101601450180182,0.41287697347468644,1.6781911334977937,-0.6489085335799105,-0.056896383377542104,0.8056595548467481,0.7170912526154841,0.3252476370247236,0.1906845743733795,0.8319659622009419,0.129762613280616,0,v1_3_naive_score_0p5_5p5_r2_0p25,1.0,1.0,1.0,1.0,1.0,1.0,False,False,False,False,False,,FULL_POSITION,,0,False,False,1.533,0.952,1.293,1.417,1.97,4.653,False,False,False,False,False,False,2026-09-02,2026-09-02,2026-09-02,2026-09-02,2026-09-02,2026-09-02,2026-09-02
2024-01-26,SubD V1.3,减: 纳指ETF(159941.SZ) (100.00% NAV) / 加: 日经ETF(513520.SH) (100.00% NAV),159941.SZ,513520.SH,159941.SZ,513520.SH,纳指ETF(159941.SZ),日经ETF(513520.SH),1.0,1.0,1.0,1.0,1.0,0.0,1.0,1.0,2.0,0.002,-,1.3,full_entry,159941.SZ,513520.SH,,,0,513520.SH,1.0,False,False,False,,,513520.SH,4.085199486775514,1.558279582041787,False,-0.010427528675703845,-0.02268656716417916,-0.010427528675703845,-0.013016845329249738,-0.009978617248752708,-0.015445939212755389,0.004343105320304019,-0.010427528675703845,-0.010427528675703845,-0.01240667361835246,11.53709516583696,281,0,False,0,0,,1.558279582041787,,4.085199486775514,,,-0.6703918715948929,1.558279582041787,0.2481446339790041,4.085199486775514,-0.6730944499122835,-0.10401362177728679,0.7809663636477546,0.6391206239712672,0.14012415488782004,0.3979063522915751,0.8393864810410291,0.38685625063579343,0,v1_3_naive_score_0p5_5p5_r2_0p25,1.0,1.0,1.0,1.0,1.0,1.0,False,False,False,False,False,,FULL_POSITION,,0,False,False,1.637,0.949,1.289,1.389,1.976,4.625,False,False,False,False,False,False,2026-09-02,2026-09-02,2026-09-02,2026-09-02,2026-09-02,2026-09-02,2026-09-02
2024-01-22,SubD V1.3,减: 日经ETF(513520.SH) (100.00% NAV) / 加: 纳指ETF(159941.SZ) (100.00% NAV),513520.SH,159941.SZ,513520.SH,159941.SZ,日经ETF(513520.SH),纳指ETF(159941.SZ),1.0,1.0,1.0,1.0,1.0,0.0,1.0,1.0,2.0,0.002,-,1.3,full_entry,513520.SH,159941.SZ,,,0,159941.SZ,1.0,False,False,False,,,159941.SZ,0.7292487053172263,,False,0.06301369863013706,-0.02756141402037149,0.03727369542066028,0.02202989771833197,0.06301369863013706,0.0035105315947843163,-0.003876803790652583,0.06301369863013706,0.06301369863013706,0.06088767123287675,11.86475236196861,280,0,False,0,0,,0.7292487053172263,,,,,-0.6809070037593105,0.7292487053172263,-0.07976529154593759,6.615784657416562,-0.761669165656286,-0.017306018241909582,0.7429813786613826,0.3391501487049394,0.030370850985650844,0.7198848553162248,0.9441235303448712,0.009920574262879733,0,v1_3_naive_score_0p5_5p5_r2_0p25,1.0,1.0,1.0,1.0,1.0,1.0,False,False,False,False,False,,FULL_POSITION,,0,False,False,1.623,0.974,1.299,1.552,2.001,4.625,False,False,False,False,False,False,2026-09-02,2026-09-02,2026-09-02,2026-09-02,2026-09-02,2026-09-02,2026-09-02
2023-12-20,SubD V1.3,减: 德国ETF(513030.SH) (100.00% NAV) / 加: 日经ETF(513520.SH) (100.00% NAV),513030.SH,513520.SH,513030.SH,513520.SH,德国ETF(513030.SH),日经ETF(513520.SH),1.0,1.0,1.0,1.0,1.0,0.0,1.0,1.0,2.0,0.002,-,1.3,full_entry,513030.SH,513520.SH,,,0,513520.SH,1.0,False,False,False,,,513520.SH,1.4748221004305688,1.0669316136877782,False,0.007849293563579218,-0.014598540145985384,0.003293084522502765,0.007849293563579218,0.029976940814758102,-0.006762849413886385,0.0032686859882327113,0.007849293563579218,0.007849293563579218,0.005833594976452083,10.26458081435935,279,0,False,0,0,,1.1178119833834606,1.0669316136877782,1.4748221004305688,,,-0.6097664217678977,1.1178119833834606,1.0669316136877782,1.4748221004305688,-0.18620260443401626,0.12319352188113175,0.8282445616202992,0.6808134830034223,0.8831414305193159,0.6837568262909631,0.1890320516031918,0.15853096697995483,0,v1_3_naive_score_0p5_5p5_r2_0p25,1.0,1.0,1.0,1.0,1.0,1.0,False,False,False,False,False,,FULL_POSITION,,0,False,False,1.755,0.914,1.284,1.34,2.203,4.604,False,False,False,False,False,False,2026-09-02,2026-09-02,2026-09-02,2026-09-02,2026-09-02,2026-09-02,2026-09-02
2023-11-22,SubD V1.3,减: 纳指ETF(159941.SZ) (100.00% NAV) / 加: 德国ETF(513030.SH) (100.00% NAV),159941.SZ,513030.SH,159941.SZ,513030.SH,纳指ETF(159941.SZ),德国ETF(513030.SH),1.0,1.0,1.0,1.0,1.0,0.0,1.0,1.0,2.0,0.002,-,1.3,full_entry,159941.SZ,513030.SH,,,0,513030.SH,1.0,False,False,False,,,513030.SH,2.2561314390285157,2.1948945277655962,False,-0.008018327605956443,-0.016571724495080264,-0.008018327605956443,-0.0049261083743842304,-0.007346938775510292,-0.00823937554206422,-0.0037643932683791848,-0.008018327605956443,-0.008018327605956443,-0.010002290950744563,9.7084136708023,278,0,False,0,0,,2.1948945277655962,2.2561314390285157,1.2764233673235617,,,0.4026437511039509,2.1948945277655962,2.2561314390285157,1.2764233673235617,0.3203192906110204,-0.20295778569294243,0.17058185508397217,0.8132220659414746,0.8634467358581608,0.7985264410271522,0.13907683973170604,0.5215290817177713,0,v1_3_naive_score_0p5_5p5_r2_0p25,1.0,1.0,1.0,1.0,1.0,1.0,False,False,False,False,False,,FULL_POSITION,,0,False,False,1.899,0.866,1.212,1.216,2.287,4.499,False,False,False,False,False,False,2026-09-02,2026-09-02,2026-09-02,2026-09-02,2026-09-02,2026-09-02,2026-09-02
2023-11-15,SubD V1.3,减: 豆粕ETF(159985.SZ) (100.00% NAV) / 加: 纳指ETF(159941.SZ) (100.00% NAV),159985.SZ,159941.SZ,159985.SZ,159941.SZ,豆粕ETF(159985.SZ),纳指ETF(159941.SZ),1.0,1.0,1.0,1.0,1.0,0.0,1.0,1.0,2.0,0.002,-,1.3,full_entry,159985.SZ,159941.SZ,,,0,159941.SZ,1.0,False,False,False,,,159941.SZ,1.3492782635351506,1.3053118994811141,False,0.010238907849829282,0.005120327700972815,0.016241299303944245,0.026450511945392607,0.026755852842809347,0.010238907849829282,0.0041684949539271265,0.010238907849829282,0.010238907849829282,0.008218430034129698,9.8402004651599,277,0,False,0,0,1.2898327360274635,1.3492782635351506,0.8235898796005123,0.757367496699632,1.3053118994811141,,1.2898327360274635,1.3492782635351506,0.8235898796005123,0.757367496699632,1.3053118994811141,-0.0018636966205349825,0.5812080403389752,0.47402947218347335,0.49415638147246077,0.4540910417097196,0.7618171365711378,3.185625542878601e-05,0,v1_3_naive_score_0p5_5p5_r2_0p25,1.0,1.0,1.0,1.0,1.0,1.0,False,False,False,False,False,,FULL_POSITION,,0,False,False,1.963,0.876,1.203,1.228,2.368,4.577,False,False,False,False,False,False,2026-09-02,2026-09-02,2026-09-02,2026-09-02,2026-09-02,2026-09-02,2026-09-02
2023-11-06,SubD V1.3,减: 黄金ETF(518880.SH) (100.00% NAV) / 加: 豆粕ETF(159985.SZ) (100.00% NAV),518880.SH,159985.SZ,518880.SH,159985.SZ,黄金ETF(518880.SH),豆粕ETF(159985.SZ),1.0,1.0,1.0,1.0,1.0,0.0,1.0,1.0,2.0,0.002,-,1.3,full_entry,518880.SH,159985.SZ,,,0,159985.SZ,1.0,False,False,False,,,159985.SZ,0.898108734923645,0.7531520587410454,False,-0.004989154013015362,0.03284671532846728,0.010856453558504287,0.005181347150259086,0.007531380753138084,0.018142548596112418,-0.004989154013015362,-0.004989154013015362,-0.004989154013015362,-0.006979175704989293,9.81411831110781,276,0,False,0,0,,,,,0.898108734923645,0.7531520587410454,0.027203206977629124,-0.2883474397743493,-0.14064854918546243,-0.09078885349411858,0.898108734923645,0.7531520587410454,0.0006178107699515989,0.13407820195554632,0.05061387742465939,0.015076146619497965,0.5571726373822861,0.6659572198387371,0,v1_3_naive_score_0p5_5p5_r2_0p25,1.0,1.0,1.0,1.0,1.0,1.0,False,False,False,False,False,,FULL_POSITION,,0,False,False,1.981,0.838,1.164,1.204,2.357,4.587,False,False,False,False,False,False,2026-09-02,2026-09-02,2026-09-02,2026-09-02,2026-09-02,2026-09-02,2026-09-02
2023-10-30,SubD V1.3,加: 黄金ETF(518880.SH) (100.00% NAV),CASH,518880.SH,CASH,518880.SH,现金,黄金ETF(518880.SH),0.0,1.0,0.0,0.0,1.0,1.0,1.0,0.0,1.0,0.001,-,1.3,full_entry,CASH,518880.SH,,,0,518880.SH,1.0,False,False,False,,,518880.SH,0.5237297817515012,,False,0.0,0.02392344497607657,0.0,-0.0026833631484795006,-0.0008703220191471628,0.017769880053309706,0.0021743857360294605,0.0,0.0,-0.0010000000000000009,9.880950323558805,275,0,False,0,0,,,,,,0.5237297817515012,-0.5393636076790235,-0.4590189043282016,-0.5158323181634166,-0.5270558981752976,0.09048621358251419,0.5237297817515012,0.4547299505004402,0.40946179925078474,0.7922913422410958,0.745135342890091,0.020967167317394897,0.30639956304804006,0,v1_3_naive_score_0p5_5p5_r2_0p25,1.0,1.0,1.0,1.0,1.0,1.0,False,False,False,False,False,,FULL_POSITION,,0,False,False,1.926,0.795,1.115,1.148,2.291,4.609,False,False,False,False,False,False,2026-09-02,2026-09-02,2026-09-02,2026-09-02,2026-09-02,2026-09-02,2026-09-02
2023-09-18,SubD V1.3,减: 纳指ETF(159941.SZ) (100.00% NAV),159941.SZ,CASH,159941.SZ,CASH,纳指ETF(159941.SZ),现金,1.0,0.0,1.0,1.0,0.0,-1.0,0.0,1.0,1.0,0.001,-,1.3,full_entry,159941.SZ,CASH,,,0,CASH,0.0,False,False,False,,,CASH,,,False,-0.016241299303944357,0.007164790174001956,-0.016241299303944357,-0.004125412541254092,-0.007199999999999873,-0.007758620689655049,-0.00527704485488123,-0.016241299303944357,-0.016241299303944357,-0.01722505800464036,9.890841164723529,274,0,False,0,0,,,,,,,-0.44025939256996804,0.39279220812932314,-0.1822516267156188,0.48408556053165985,-0.08552110695759407,0.43756481238917533,0.4983678244534093,0.3286746537982783,0.2822482807190875,0.5829817712899554,0.021257527549332855,0.8241387829946178,0,v1_3_naive_score_0p5_5p5_r2_0p25,1.0,1.0,1.0,1.0,1.0,1.0,False,False,False,False,False,,CASH,,0,False,False,1.968,0.848,1.207,1.241,2.302,4.524,False,False,False,False,False,False,2026-09-02,2026-09-02,2026-09-02,2026-09-02,2026-09-02,2026-09-02,2026-09-02
2023-09-12,SubD V1.3,减: 豆粕ETF(159985.SZ) (100.00% NAV) / 加: 纳指ETF(159941.SZ) (100.00% NAV),159985.SZ,159941.SZ,159985.SZ,159941.SZ,豆粕ETF(159985.SZ),纳指ETF(159941.SZ),1.0,1.0,1.0,1.0,1.0,0.0,1.0,1.0,2.0,0.002,-,1.3,full_entry,159985.SZ,159941.SZ,,,0,159941.SZ,1.0,False,False,False,,,159941.SZ,0.7038671001204833,0.5883919654124803,False,-0.011077971878994397,-0.006464445549477893,0.005847953216374213,0.0008230452674895528,0.00734693877551007,-0.011077971878994397,0.00022002200220039292,-0.011077971878994397,-0.011077971878994397,-0.013055815935236526,10.04084674493153,273,0,False,0,0,,0.7038671001204833,,,0.5883919654124803,,-0.32609153921102074,0.7038671001204833,-0.11880117837180026,0.4225562609658795,0.5883919654124803,0.4371685887423389,0.28918008826522223,0.5664138151321935,0.11510591575626217,0.4476443578208429,0.3749768469798993,0.9333425325205607,0,v1_3_naive_score_0p5_5p5_r2_0p25,1.0,1.0,1.0,1.0,1.0,1.0,False,False,False,False,False,,FULL_POSITION,,0,False,False,1.998,0.86,1.216,1.234,2.321,4.546,False,False,False,False,False,False,2026-09-02,2026-09-02,2026-09-02,2026-09-02,2026-09-02,2026-09-02,2026-09-02
2023-07-07,SubD V1.3,减: 纳指ETF(159941.SZ) (100.00% NAV) / 加: 豆粕ETF(159985.SZ) (100.00% NAV),159941.SZ,159985.SZ,159941.SZ,159985.SZ,纳指ETF(159941.SZ),豆粕ETF(159985.SZ),1.0,1.0,1.0,1.0,1.0,0.0,1.0,1.0,2.0,0.002,-,1.3,full_entry,159941.SZ,159985.SZ,,,0,159985.SZ,1.0,False,False,False,,,159985.SZ,5.242192008028703,0.9339201397713914,False,-0.004767580452920139,-0.008890968647636943,-0.004767580452920139,-0.011409942950285301,-0.008799999999999919,-0.005453644025780968,-0.0013745704467355013,-0.004767580452920139,-0.004767580452920139,-0.006758045292014181,8.695520541441624,272,0,False,0,0,,0.9339201397713914,,,5.242192008028703,,0.12556784617331185,0.9339201397713914,0.13854871976822647,-0.14006923232727342,5.242192008028703,-0.0026861362257678545,0.03109007715787493,0.7096796973158297,0.05938877723871172,0.05838361913270196,0.8443547630252024,0.00046416016778294544,0,v1_3_naive_score_0p5_5p5_r2_0p25,1.0,1.0,1.0,1.0,1.0,1.0,False,False,False,False,False,,FULL_POSITION,,0,False,False,2.118,0.835,1.213,1.239,2.006,4.359,False,False,False,False,False,False,2026-09-02,2026-09-02,2026-09-02,2026-09-02,2026-09-02,2026-09-02,2026-09-02
2023-07-06,SubD V1.3,减: 豆粕ETF(159985.SZ) (100.00% NAV) / 加: 纳指ETF(159941.SZ) (100.00% NAV),159985.SZ,159941.SZ,159985.SZ,159941.SZ,豆粕ETF(159985.SZ),纳指ETF(159941.SZ),1.0,1.0,1.0,1.0,1.0,0.0,1.0,1.0,2.0,0.002,-,1.3,full_entry,159985.SZ,159941.SZ,,,0,159941.SZ,1.0,False,False,False,,,159941.SZ,1.0652823806583163,,False,-0.00099058940069352,-0.008812615955473113,0.0011933174224343368,-0.008885298869143687,-0.011075949367088667,-0.00099058940069352,-0.0004579803068467392,-0.00099058940069352,-0.00099058940069352,-0.002988608221892064,8.754685099863826,271,0,False,0,0,,1.0652823806583163,,,,,0.2369841742214862,1.0652823806583163,0.3413232944808855,0.0025860317076271677,5.553734126314248,-0.005658030044361606,0.09628216298133963,0.7411651868778519,0.30377713637502834,1.6976313181427116e-05,0.8479786409395558,0.0018680920438919335,0,v1_3_naive_score_0p5_5p5_r2_0p25,1.0,1.0,1.0,1.0,1.0,1.0,False,False,False,False,False,,FULL_POSITION,,0,False,False,2.137,0.839,1.227,1.25,2.017,4.365,False,False,False,False,False,False,2026-09-02,2026-09-02,2026-09-02,2026-09-02,2026-09-02,2026-09-02,2026-09-02
2023-06-21,SubD V1.3,减: 纳指ETF(159941.SZ) (100.00% NAV) / 加: 豆粕ETF(159985.SZ) (100.00% NAV),159941.SZ,159985.SZ,159941.SZ,159985.SZ,纳指ETF(159941.SZ),豆粕ETF(159985.SZ),1.0,1.0,1.0,1.0,1.0,0.0,1.0,1.0,2.0,0.002,-,1.3,full_entry,159941.SZ,159985.SZ,,,0,159985.SZ,1.0,False,False,False,,,159985.SZ,2.834097365465619,2.552274001210456,False,0.0036363636363636598,-0.024434389140271406,0.0036363636363636598,0.0008032128514054993,0.01883830455259039,0.022093634928984862,-0.004115226337448541,0.0036363636363636598,0.0036363636363636598,0.0016290909090910244,8.450392678781167,270,0,False,0,0,,2.552274001210456,0.8599134485167164,1.552862084802796,2.834097365465619,,0.168050644895394,2.552274001210456,0.8599134485167164,1.552862084802796,2.834097365465619,0.09675308530680171,0.02873403748159309,0.8985942810823642,0.6319005861787861,0.5312955572725537,0.726598042675672,0.19804330300037276,0,v1_3_naive_score_0p5_5p5_r2_0p25,1.0,1.0,1.0,1.0,1.0,1.0,False,False,False,False,False,,FULL_POSITION,,0,False,False,2.156,0.828,1.246,1.298,1.943,4.356,False,False,False,False,False,False,2026-09-02,2026-09-02,2026-09-02,2026-09-02,2026-09-02,2026-09-02,2026-09-02
2023-05-29,SubD V1.3,减: 日经ETF(513520.SH) (100.00% NAV) / 加: 纳指ETF(159941.SZ) (100.00% NAV),513520.SH,159941.SZ,513520.SH,159941.SZ,日经ETF(513520.SH),纳指ETF(159941.SZ),1.0,1.0,1.0,1.0,1.0,0.0,1.0,1.0,2.0,0.002,-,1.3,full_entry,513520.SH,159941.SZ,,,0,159941.SZ,1.0,False,False,False,,,159941.SZ,3.3267463962372963,2.278938367969395,False,0.00927487352445211,-0.01107521919704657,0.03590425531914887,0.026050420168067356,0.00927487352445211,-0.009730967372638899,0.0009280742459398805,0.00927487352445211,0.00927487352445211,0.007256323777403262,7.966241537144979,269,0,False,0,0,,3.3267463962372963,,2.278938367969395,,,-0.30180541858995424,3.3267463962372963,0.15800769863207575,2.278938367969395,-0.17386534906015616,-0.10611387557688423,0.44590571940161694,0.9073468834395811,0.11136686422425346,0.2725458947895706,0.18362797851199575,0.15210598688824895,0,v1_3_naive_score_0p5_5p5_r2_0p25,1.0,1.0,1.0,1.0,1.0,1.0,False,False,False,False,False,,FULL_POSITION,,0,False,False,2.143,0.779,1.221,1.197,1.73,4.314,False,False,False,False,False,False,2026-09-02,2026-09-02,2026-09-02,2026-09-02,2026-09-02,2026-09-02,2026-09-02
2023-05-24,SubD V1.3,减: 纳指ETF(159941.SZ) (100.00% NAV) / 加: 日经ETF(513520.SH) (100.00% NAV),159941.SZ,513520.SH,159941.SZ,513520.SH,纳指ETF(159941.SZ),日经ETF(513520.SH),1.0,1.0,1.0,1.0,1.0,0.0,1.0,1.0,2.0,0.002,-,1.3,full_entry,159941.SZ,513520.SH,,,0,513520.SH,1.0,False,False,False,,,513520.SH,5.1152454304548804,2.414361891713655,False,-0.01468624833110821,-0.0018289894833104503,-0.01468624833110821,-0.014717906786590351,-0.006661115736885881,-0.011363636363636354,0.005080831408776021,-0.01468624833110821,-0.01468624833110821,-0.016656875834445972,7.9555319107839395,268,0,False,0,0,,2.414361891713655,,5.1152454304548804,,,-0.27048822558847474,2.414361891713655,0.26848617273941433,5.1152454304548804,-0.04332483979956869,0.04291192202366201,0.32050193844852914,0.8736291190037307,0.3150135102448106,0.4944026547603718,0.009485378023226798,0.019733351386721942,0,v1_3_naive_score_0p5_5p5_r2_0p25,1.0,1.0,1.0,1.0,1.0,1.0,False,False,False,False,False,,FULL_POSITION,,0,False,False,2.183,0.738,1.205,1.193,1.74,4.352,False,False,False,False,False,False,2026-09-02,2026-09-02,2026-09-02,2026-09-02,2026-09-02,2026-09-02,2026-09-02
2023-05-19,SubD V1.3,减: 日经ETF(513520.SH) (100.00% NAV) / 加: 纳指ETF(159941.SZ) (100.00% NAV),513520.SH,159941.SZ,513520.SH,159941.SZ,日经ETF(513520.SH),纳指ETF(159941.SZ),1.0,1.0,1.0,1.0,1.0,0.0,1.0,1.0,2.0,0.002,-,1.3,full_entry,513520.SH,159941.SZ,,,0,159941.SZ,1.0,False,False,False,,,159941.SZ,1.6611558231647137,,False,0.0821705426356587,0.0,0.027434842249657088,0.011570247933884392,0.0821705426356587,-0.010795454545454497,-0.0034522439585730202,0.0821705426356587,0.0821705426356587,0.08000620155038729,8.090290881460987,267,0,False,0,0,,1.6611558231647137,,,,,-0.3671080340140217,1.6611558231647137,0.16550053697326073,6.735431471541715,0.022485441678026685,0.14586289903519556,0.3789658184634478,0.7866669322973107,0.20139397441552953,0.5697373016627403,0.0019523229286726451,0.15872148698605426,0,v1_3_naive_score_0p5_5p5_r2_0p25,1.0,1.0,1.0,1.0,1.0,1.0,False,False,False,False,False,,FULL_POSITION,,0,False,False,2.215,0.749,1.224,1.396,1.741,4.33,False,False,False,False,False,False,2026-09-02,2026-09-02,2026-09-02,2026-09-02,2026-09-02,2026-09-02,2026-09-02
2023-05-08,SubD V1.3,减: 德国ETF(513030.SH) (100.00% NAV) / 加: 日经ETF(513520.SH) (100.00% NAV),513030.SH,513520.SH,513030.SH,513520.SH,德国ETF(513030.SH),日经ETF(513520.SH),1.0,1.0,1.0,1.0,1.0,0.0,1.0,1.0,2.0,0.002,-,1.3,full_entry,513030.SH,513520.SH,,,0,513520.SH,1.0,False,False,False,,,513520.SH,0.5863664204552972,0.5466232417020964,False,0.010896898575020852,0.004995458673932918,0.0159651669085632,0.010896898575020852,-0.0017605633802817433,0.0056242969628796935,-0.010645526613816458,0.010896898575020852,0.010896898575020852,0.00887510477787079,6.585082672204553,266,0,False,0,0,,,0.5466232417020964,0.5863664204552972,,,-0.6281053528641778,0.122339627080162,0.5466232417020964,0.5863664204552972,-0.3758769917177839,0.2459845800595184,0.7416429651172796,0.12521497840947193,0.7627186887919714,0.8020027045227927,0.3280492389330223,0.28912559946893457,0,v1_3_naive_score_0p5_5p5_r2_0p25,1.0,1.0,1.0,1.0,1.0,1.0,False,False,False,False,False,,FULL_POSITION,,0,False,False,2.213,0.7,1.206,1.134,1.788,4.368,False,False,False,False,False,False,2026-09-02,2026-09-02,2026-09-02,2026-09-02,2026-09-02,2026-09-02,2026-09-02
2023-04-12,SubD V1.3,减: 纳指ETF(159941.SZ) (100.00% NAV) / 加: 德国ETF(513030.SH) (100.00% NAV),159941.SZ,513030.SH,159941.SZ,513030.SH,纳指ETF(159941.SZ),德国ETF(513030.SH),1.0,1.0,1.0,1.0,1.0,0.0,1.0,1.0,2.0,0.002,-,1.3,full_entry,159941.SZ,513030.SH,,,0,513030.SH,1.0,False,False,False,,,513030.SH,1.3554121078896957,1.1797276382044202,False,-0.005805515239477366,-0.0038103302286197627,-0.005805515239477366,-0.0008525149190111714,0.0,-0.012651265126512712,0.00695894224077942,-0.005805515239477366,-0.005805515239477366,-0.007793904208998392,6.412258091492883,265,0,False,0,0,0.9598897194587541,1.1797276382044202,1.3554121078896957,0.5420751206371957,,0.5974370674689495,0.9598897194587541,1.1797276382044202,1.3554121078896957,0.5420751206371957,-0.39852826467580194,0.5974370674689495,0.7620661425213102,0.7595689359575697,0.7339309469319342,0.6011875460640588,0.3229827483183699,0.5993565133536134,0,v1_3_naive_score_0p5_5p5_r2_0p25,1.0,1.0,1.0,1.0,1.0,1.0,False,False,False,False,False,,FULL_POSITION,,0,False,False,2.353,0.685,1.172,1.095,1.795,4.341,False,False,False,False,False,False,2026-09-02,2026-09-02,2026-09-02,2026-09-02,2026-09-02,2026-09-02,2026-09-02
2023-03-30,SubD V1.3,减: 黄金ETF(518880.SH) (100.00% NAV) / 加: 纳指ETF(159941.SZ) (100.00% NAV),518880.SH,159941.SZ,518880.SH,159941.SZ,黄金ETF(518880.SH),纳指ETF(159941.SZ),1.0,1.0,1.0,1.0,1.0,0.0,1.0,1.0,2.0,0.002,-,1.3,full_entry,518880.SH,159941.SZ,,,0,159941.SZ,1.0,False,False,False,,,159941.SZ,1.289076206126671,1.1404335678062592,False,0.0018867924528302993,0.006965607313887734,0.008888888888888946,0.009708737864077666,0.0,-0.0005546311702716578,0.0018867924528302993,0.0018867924528302993,0.0018867924528302993,-0.00011698113207525562,6.387589427477805,264,0,False,0,0,,1.289076206126671,,,,1.1404335678062592,-0.10709770712994371,1.289076206126671,0.031274279081292544,0.38978857073737716,-0.7056297705683998,1.1404335678062592,0.032215697172077395,0.7229033866802077,0.001576141561312694,0.3258030285783893,0.8094195945879126,0.7171476351255232,0,v1_3_naive_score_0p5_5p5_r2_0p25,1.0,1.0,1.0,1.0,1.0,1.0,False,False,False,False,False,,FULL_POSITION,,0,False,False,2.313,0.681,1.144,1.091,1.802,4.248,False,False,False,False,False,False,2026-09-02,2026-09-02,2026-09-02,2026-09-02,2026-09-02,2026-09-02,2026-09-02
2023-03-16,SubD V1.3,加: 黄金ETF(518880.SH) (100.00% NAV),CASH,518880.SH,CASH,518880.SH,现金,黄金ETF(518880.SH),0.0,1.0,0.0,0.0,1.0,1.0,1.0,0.0,1.0,0.001,-,1.3,full_entry,CASH,518880.SH,,,0,518880.SH,1.0,False,False,False,,,518880.SH,0.594421573978485,,False,0.0,-0.015432098765431945,0.004643962848297267,-0.022301516503122176,0.0009523809523808158,-0.006237006237006293,0.008456148828219323,0.0,0.0,-0.0009999999999998899,6.288895651541398,263,0,False,0,0,,,,,,0.594421573978485,-0.6068986832429293,-0.14212716159349448,-0.13000159639712294,0.1421909415129552,-0.2302901939809061,0.594421573978485,0.9056189445939945,0.08302375796561012,0.04807272979437527,0.050341336842553375,0.4145464843901857,0.7067602361941795,0,v1_3_naive_score_0p5_5p5_r2_0p25,1.0,1.0,1.0,1.0,1.0,1.0,False,False,False,False,False,,FULL_POSITION,,0,False,False,2.233,0.649,1.096,1.051,1.912,4.174,False,False,False,False,False,False,2026-09-02,2026-09-02,2026-09-02,2026-09-02,2026-09-02,2026-09-02,2026-09-02
2023-02-23,SubD V1.3,减: 纳指ETF(159941.SZ) (100.00% NAV),159941.SZ,CASH,159941.SZ,CASH,纳指ETF(159941.SZ),现金,1.0,0.0,1.0,1.0,0.0,-1.0,0.0,1.0,1.0,0.001,-,1.3,full_entry,159941.SZ,CASH,,,0,CASH,0.0,False,False,False,,,CASH,,,False,0.006240249609984483,0.0033655868742112904,0.006240249609984483,0.008042895442359255,-0.0009615384615385691,-0.0075987841945288626,-0.0022404779686333587,0.006240249609984483,0.006240249609984483,0.005234009360374436,6.295190842383781,262,0,False,0,0,,,,,,,-0.5028383029599076,0.5008795024621475,0.3342486403700822,-0.16845348774804192,-0.16793326264551534,-0.2194032649894856,0.6499455281594237,0.22727483845187513,0.4458007370395842,0.1774519582663442,0.4076166635736901,0.5149329537459322,0,v1_3_naive_score_0p5_5p5_r2_0p25,1.0,1.0,1.0,1.0,1.0,1.0,False,False,False,False,False,,CASH,,0,False,False,2.385,0.645,1.128,1.039,1.959,4.008,False,False,False,False,False,False,2026-09-02,2026-09-02,2026-09-02,2026-09-02,2026-09-02,2026-09-02,2026-09-02
2023-02-07,SubD V1.3,减: 创业板100ETF(159915.SZ) (100.00% NAV) / 加: 纳指ETF(159941.SZ) (100.00% NAV),159915.SZ,159941.SZ,159915.SZ,159941.SZ,创业板100ETF(159915.SZ),纳指ETF(159941.SZ),1.0,1.0,1.0,1.0,1.0,0.0,1.0,1.0,2.0,0.002,-,1.3,full_entry,159915.SZ,159941.SZ,,,0,159941.SZ,1.0,False,False,False,,,159941.SZ,2.3955775314313152,1.811032478184595,False,-0.002836304700162162,-0.002836304700162162,0.001529051987767538,-0.006250000000000089,-0.004690431519699945,-0.011988011988011915,-0.0019910403185664505,-0.002836304700162162,-0.002836304700162162,-0.004830632090761844,6.399189890295529,261,0,False,0,0,1.811032478184595,2.3955775314313152,1.5299363595068005,1.0189458500833446,,,1.811032478184595,2.3955775314313152,1.5299363595068005,1.0189458500833446,0.16293156072743953,0.24609842158486694,0.6869472880340148,0.8322073414128641,0.8178238698246002,0.8134756508499692,0.13443077078166887,0.2661800677680731,0,v1_3_naive_score_0p5_5p5_r2_0p25,1.0,1.0,1.0,1.0,1.0,1.0,False,False,False,False,False,,FULL_POSITION,,0,False,False,2.461,0.655,1.113,1.061,1.978,4.01,False,False,False,False,False,False,2026-09-02,2026-09-02,2026-09-02,2026-09-02,2026-09-02,2026-09-02,2026-09-02
2023-01-11,SubD V1.3,加: 创业板100ETF(159915.SZ) (100.00% NAV),CASH,159915.SZ,CASH,159915.SZ,现金,创业板100ETF(159915.SZ),0.0,1.0,0.0,0.0,1.0,1.0,1.0,0.0,1.0,0.001,-,1.3,full_entry,CASH,159915.SZ,,,0,159915.SZ,1.0,False,False,False,,,159915.SZ,0.7234897595674141,,False,0.0,-0.011245314452311361,0.008305647840531671,0.014995313964386137,0.007835455435847294,0.010886469673405896,0.0029902815848492637,0.0,0.0,-0.0009999999999998899,6.185339716231159,260,0,False,0,0,0.7234897595674141,,,,,,0.7234897595674141,-0.3812095001349789,0.332105593011762,-0.43263790804279667,0.337381563235311,0.325408426551858,0.344240717402042,0.5397120880501973,0.17633928033819513,0.7181947097319465,0.16337373381014975,0.777173157194394,0,v1_3_naive_score_0p5_5p5_r2_0p25,1.0,1.0,1.0,1.0,1.0,1.0,False,False,False,False,False,,FULL_POSITION,,0,False,False,2.374,0.607,1.083,1.029,1.95,4.025,False,False,False,False,False,False,2026-09-02,2026-09-02,2026-09-02,2026-09-02,2026-09-02,2026-09-02,2026-09-02
2023-01-10,SubD V1.3,减: 豆粕ETF(159985.SZ) (100.00% NAV),159985.SZ,CASH,159985.SZ,CASH,豆粕ETF(159985.SZ),现金,1.0,0.0,1.0,1.0,0.0,-1.0,0.0,1.0,1.0,0.001,-,1.3,full_entry,159985.SZ,CASH,,,0,CASH,0.0,False,False,False,,,CASH,,,False,-0.01026167265264244,0.015221987315010344,-0.0033112582781457123,0.007554296506137925,-0.002929687500000111,-0.01026167265264244,-0.0004981320049812776,-0.01026167265264244,-0.01026167265264244,-0.011251410979989829,6.191531247478637,259,0,False,0,0,,,,,,,0.5057236864593719,-0.4463258582598866,0.11814097959779035,-0.4714401845953753,0.4408573995807805,0.3073195456103255,0.21349458091426277,0.6875002551750783,0.042002762846134245,0.7998470891199464,0.22915574656356685,0.7552383462733673,0,v1_3_naive_score_0p5_5p5_r2_0p25,1.0,1.0,1.0,1.0,1.0,1.0,False,False,False,False,False,,CASH,,0,False,False,2.401,0.602,1.067,1.021,1.929,4.013,False,False,False,False,False,False,2026-09-02,2026-09-02,2026-09-02,2026-09-02,2026-09-02,2026-09-02,2026-09-02
2022-12-08,SubD V1.3,减: 德国ETF(513030.SH) (100.00% NAV) / 加: 豆粕ETF(159985.SZ) (100.00% NAV),513030.SH,159985.SZ,513030.SH,159985.SZ,德国ETF(513030.SH),豆粕ETF(159985.SZ),1.0,1.0,1.0,1.0,1.0,0.0,1.0,1.0,2.0,0.002,-,1.3,full_entry,513030.SH,159985.SZ,,,0,159985.SZ,1.0,False,False,False,,,159985.SZ,0.6905119506773005,,False,0.00481695568400764,-0.0021340162185231604,-0.0031847133757961776,0.00481695568400764,0.0009478672985783199,0.025026624068157588,0.0030785017957926097,0.00481695568400764,0.00481695568400764,0.002807321772639648,6.184877283398678,258,0,False,0,0,,,,,0.6905119506773005,,0.04663776358809968,0.0009587088837381685,0.3581189011202681,0.25489358280029717,0.6905119506773005,-0.026439653846194844,0.005032728287876376,1.797934057856665e-06,0.124965614662083,0.09199081138409626,0.495337091145034,0.008346305462679893,0,v1_3_naive_score_0p5_5p5_r2_0p25,1.0,1.0,1.0,1.0,1.0,1.0,False,False,False,False,False,,FULL_POSITION,,0,False,False,2.338,0.626,1.043,1.056,1.925,3.91,False,False,False,False,False,False,2026-09-02,2026-09-02,2026-09-02,2026-09-02,2026-09-02,2026-09-02,2026-09-02
2022-11-22,SubD V1.3,减: 日经ETF(513520.SH) (100.00% NAV) / 加: 德国ETF(513030.SH) (100.00% NAV),513520.SH,513030.SH,513520.SH,513030.SH,日经ETF(513520.SH),德国ETF(513030.SH),1.0,1.0,1.0,1.0,1.0,0.0,1.0,1.0,2.0,0.002,-,1.3,full_entry,513520.SH,513030.SH,,,0,513030.SH,1.0,False,False,False,,,513030.SH,5.266278451242673,1.5227528202500538,False,0.0037664783427495685,-0.019836136265631632,-0.0078125,-0.0018957345971564177,0.0037664783427495685,0.007795100222717233,-0.00101626016260159,0.0037664783427495685,0.0037664783427495685,0.0017589453860640258,6.256689581866328,257,0,False,0,0,,,5.266278451242673,1.5227528202500538,,0.7732286349683277,0.20385681791003396,0.4902141969108105,5.266278451242673,1.5227528202500538,0.1354711023316062,0.7732286349683277,0.05716922675026248,0.1715039822978619,0.8952462835986128,0.8276389332414384,0.03696694277305468,0.7430431614655877,0,v1_3_naive_score_0p5_5p5_r2_0p25,1.0,1.0,1.0,1.0,1.0,1.0,False,False,False,False,False,,FULL_POSITION,,0,False,False,2.273,0.635,1.053,1.066,1.81,3.932,False,False,False,False,False,False,2026-09-02,2026-09-02,2026-09-02,2026-09-02,2026-09-02,2026-09-02,2026-09-02
2022-11-16,SubD V1.3,减: 德国ETF(513030.SH) (100.00% NAV) / 加: 日经ETF(513520.SH) (100.00% NAV),513030.SH,513520.SH,513030.SH,513520.SH,德国ETF(513030.SH),日经ETF(513520.SH),1.0,1.0,1.0,1.0,1.0,0.0,1.0,1.0,2.0,0.002,-,1.3,full_entry,513030.SH,513520.SH,,,0,513520.SH,1.0,False,False,False,,,513520.SH,1.493757948132958,,False,0.01057692307692304,-0.013130029648454111,0.010869565217391353,0.01057692307692304,0.011406844106463865,0.004988913525498795,0.005339435545385296,0.01057692307692304,0.01057692307692304,0.008555769230769172,6.257465884024871,256,0,False,0,0,,,,1.493757948132958,0.7760044875481706,0.760435079608625,0.3333669366097676,0.38406707307496735,5.528769788483873,1.493757948132958,0.7760044875481706,0.760435079608625,0.10008751976257602,0.09623568369620539,0.883018904397957,0.7943485961430758,0.465878995524576,0.6920842536418952,0,v1_3_naive_score_0p5_5p5_r2_0p25,1.0,1.0,1.0,1.0,1.0,1.0,False,False,False,False,False,,FULL_POSITION,,0,False,False,2.33,0.651,1.051,1.064,1.813,3.954,False,False,False,False,False,False,2026-09-02,2026-09-02,2026-09-02,2026-09-02,2026-09-02,2026-09-02,2026-09-02
2022-10-25,SubD V1.3,加: 德国ETF(513030.SH) (100.00% NAV),CASH,513030.SH,CASH,513030.SH,现金,德国ETF(513030.SH),0.0,1.0,0.0,0.0,1.0,1.0,1.0,0.0,1.0,0.001,-,1.3,full_entry,CASH,513030.SH,,,0,513030.SH,1.0,False,False,False,,,513030.SH,1.2441855635648085,,False,0.0,-0.01103265666372455,0.019017432646592836,0.022900763358778553,0.019328585961342792,-0.0017094017094015923,0.0018324607329842646,0.0,0.0,-0.0009999999999998899,5.595875861347179,255,0,False,0,0,,,1.2441855635648085,,,,0.34252324261697176,-0.04440102902233012,1.2441855635648085,-0.041174351612786375,-0.07959551263914044,0.2125437529351355,0.07582880751504628,0.0020678205865560795,0.3354738811636786,0.007847794415257736,0.03231570113477833,0.4352742764340094,0,v1_3_naive_score_0p5_5p5_r2_0p25,1.0,1.0,1.0,1.0,1.0,1.0,False,False,False,False,False,,FULL_POSITION,,0,False,False,2.241,0.643,0.938,1.002,1.752,3.827,False,False,False,False,False,False,2026-09-02,2026-09-02,2026-09-02,2026-09-02,2026-09-02,2026-09-02,2026-09-02
2022-10-18,SubD V1.3,减: 豆粕ETF(159985.SZ) (100.00% NAV),159985.SZ,CASH,159985.SZ,CASH,豆粕ETF(159985.SZ),现金,1.0,0.0,1.0,1.0,0.0,-1.0,0.0,1.0,1.0,0.001,-,1.3,full_entry,159985.SZ,CASH,,,0,CASH,0.0,False,False,False,,,CASH,,,False,-0.013068181818181812,0.004657070279424191,0.04347826086956519,0.034168564920273425,0.012295081967213184,-0.013068181818181812,0.002637130801687926,-0.013068181818181812,-0.013068181818181812,-0.014055113636363692,5.601477338685864,254,0,False,0,0,,,,,,,-0.1418423324147977,-0.6295360074802857,-0.33396666335876857,-0.3677890220890735,0.4046650925573556,0.24739662611825297,0.013041784619825192,0.6306796239691146,0.1095180170803528,0.49524555203059706,0.2758996958522696,0.5215841911653453,0,v1_3_naive_score_0p5_5p5_r2_0p25,1.0,1.0,1.0,1.0,1.0,1.0,False,False,False,False,False,,CASH,,0,False,False,2.373,0.624,0.908,0.988,1.737,3.802,False,False,False,False,False,False,2026-09-02,2026-09-02,2026-09-02,2026-09-02,2026-09-02,2026-09-02,2026-09-02
2022-08-24,SubD V1.3,减: 纳指ETF(159941.SZ) (100.00% NAV) / 加: 豆粕ETF(159985.SZ) (100.00% NAV),159941.SZ,159985.SZ,159941.SZ,159985.SZ,纳指ETF(159941.SZ),豆粕ETF(159985.SZ),1.0,1.0,1.0,1.0,1.0,0.0,1.0,1.0,2.0,0.002,-,1.3,full_entry,159941.SZ,159985.SZ,,,0,159985.SZ,1.0,False,False,False,,,159985.SZ,1.104148262732127,0.8049847516602777,False,0.005908419497784312,-0.03596588802373002,0.005908419497784312,-0.006615214994487362,0.001890359168241984,0.010791366906474753,0.006377889981397766,0.005908419497784312,0.005908419497784312,0.0038966026587887725,5.442455001359657,253,0,False,0,0,,0.8049847516602777,,0.5609802103172981,1.104148262732127,,0.41834984330695213,0.8049847516602777,-0.1003167302176402,0.5609802103172981,1.104148262732127,0.18815126103035995,0.25699258919687584,0.31797611464546993,0.014398416592063312,0.31251957985739176,0.5188003005513042,0.2427524710450082,0,v1_3_naive_score_0p5_5p5_r2_0p25,1.0,1.0,1.0,1.0,1.0,1.0,False,False,False,False,False,,FULL_POSITION,,0,False,False,2.6,0.681,0.901,1.06,1.686,3.787,False,False,False,False,False,False,2026-09-02,2026-09-02,2026-09-02,2026-09-02,2026-09-02,2026-09-02,2026-09-02
2022-07-15,SubD V1.3,加: 纳指ETF(159941.SZ) (100.00% NAV),CASH,159941.SZ,CASH,159941.SZ,现金,纳指ETF(159941.SZ),0.0,1.0,0.0,0.0,1.0,1.0,1.0,0.0,1.0,0.001,-,1.3,full_entry,CASH,159941.SZ,,,0,159941.SZ,1.0,False,False,False,,,159941.SZ,0.5012677183043561,,False,0.0,-0.02010968921389389,0.01317957166392092,-0.00692041522491349,0.005175983436852993,-0.012795905310300726,-0.006854949273375377,0.0,0.0,-0.0010000000000000009,4.924842086281504,252,0,False,0,0,,0.5012677183043561,,,,,0.3761063272856011,0.5012677183043561,-0.7467196328338379,-0.3147893150859685,-0.1810929391428261,-0.5956834708006116,0.11637125289801065,0.29693648739878087,0.9043919097289123,0.694345795840254,0.045398772422925227,0.8823417020128288,0,v1_3_naive_score_0p5_5p5_r2_0p25,1.0,1.0,1.0,1.0,1.0,1.0,False,False,False,False,False,,FULL_POSITION,,0,False,False,2.68,0.615,0.861,0.971,1.543,3.622,False,False,False,False,False,False,2026-09-02,2026-09-02,2026-09-02,2026-09-02,2026-09-02,2026-09-02,2026-09-02
2022-07-14,SubD V1.3,减: 创业板100ETF(159915.SZ) (100.00% NAV),159915.SZ,CASH,159915.SZ,CASH,创业板100ETF(159915.SZ),现金,1.0,0.0,1.0,1.0,0.0,-1.0,0.0,1.0,1.0,0.001,-,1.3,full_entry,159915.SZ,CASH,,,0,CASH,0.0,False,False,False,,,CASH,,,False,0.026266416510318802,0.026266416510318802,-0.008169934640522847,-0.008009153318077833,-0.0010341261633919352,0.012961762799740706,0.00027427317608341717,0.026266416510318802,0.026266416510318802,0.025240150093808422,4.9297718581396435,251,0,False,0,0,,,,,,,0.6341518727488651,0.47228014676862906,-0.7475420198057081,-0.350554468701188,-0.26606626455002746,-0.5767360433231392,0.22009476947709927,0.24750453576318,0.8953017849685738,0.7314623124515524,0.09034721280135494,0.8556341164609781,0,v1_3_naive_score_0p5_5p5_r2_0p25,1.0,1.0,1.0,1.0,1.0,1.0,False,False,False,False,False,,CASH,,0,False,False,2.735,0.607,0.867,0.966,1.563,3.647,False,False,False,False,False,False,2026-09-02,2026-09-02,2026-09-02,2026-09-02,2026-09-02,2026-09-02,2026-09-02
2022-07-01,SubD V1.3,加: 创业板100ETF(159915.SZ) (100.00% NAV),CASH,159915.SZ,CASH,159915.SZ,现金,创业板100ETF(159915.SZ),0.0,1.0,0.0,0.0,1.0,1.0,1.0,0.0,1.0,0.001,-,1.3,full_entry,CASH,159915.SZ,,,0,159915.SZ,1.0,False,False,False,,,159915.SZ,5.12205963121188,,False,0.0,-0.011355311355311426,-0.005033557046979831,-0.002192982456140302,-0.00512820512820511,-0.009727626459144045,-0.00890518596123635,0.0,0.0,-0.0010000000000000009,4.869752474638769,250,0,False,0,0,5.12205963121188,,,,,,5.12205963121188,-0.5380421076953057,-0.8038014829806803,-0.6273673344395019,-0.717658613920279,-0.21011530575967674,0.8727324088406085,0.2902243277102362,0.829163920915353,0.82491737294455,0.6844033883672893,0.5606380949448644,0,v1_3_naive_score_0p5_5p5_r2_0p25,1.0,1.0,1.0,1.0,1.0,1.0,False,False,False,False,False,,FULL_POSITION,,0,False,False,2.699,0.593,0.91,0.97,1.527,3.784,False,False,False,False,False,False,2026-09-02,2026-09-02,2026-09-02,2026-09-02,2026-09-02,2026-09-02,2026-09-02
2022-06-23,SubD V1.3,减: 创业板100ETF(159915.SZ) (100.00% NAV),159915.SZ,CASH,159915.SZ,CASH,创业板100ETF(159915.SZ),现金,1.0,0.0,1.0,1.0,0.0,-1.0,0.0,1.0,1.0,0.001,-,1.3,full_entry,159915.SZ,CASH,,,0,CASH,0.0,False,False,False,,,CASH,,,False,0.03235747303543923,0.03235747303543923,0.010135135135135087,0.009646302250803762,-0.0010152284263958977,-0.045311516677155494,0.0012990387113536173,0.03235747303543923,0.03235747303543923,0.031325115562403694,4.87462710174051,249,0,False,0,0,,,,,,,5.654729044295027,-0.7367822936127466,-0.8044623492837644,-0.6670011693946408,-0.4124085964539148,-0.10746386553187115,0.8901713516671709,0.5518822390428737,0.7129167180209697,0.7977498054118977,0.29110012321575207,0.2371127388541393,0,v1_3_naive_score_0p5_5p5_r2_0p25,1.0,1.0,1.0,1.0,1.0,1.0,False,False,False,False,False,,CASH,,0,False,False,2.68,0.598,0.942,0.984,1.517,3.854,False,False,False,False,False,False,2026-09-02,2026-09-02,2026-09-02,2026-09-02,2026-09-02,2026-09-02,2026-09-02
2022-06-07,SubD V1.3,减: 德国ETF(513030.SH) (100.00% NAV) / 加: 创业板100ETF(159915.SZ) (100.00% NAV),513030.SH,159915.SZ,513030.SH,159915.SZ,德国ETF(513030.SH),创业板100ETF(159915.SZ),1.0,1.0,1.0,1.0,1.0,0.0,1.0,1.0,2.0,0.002,-,1.3,full_entry,513030.SH,159915.SZ,,,0,159915.SZ,1.0,False,False,False,,,159915.SZ,1.9332483467797394,1.4667572625554115,False,-0.009469696969697017,0.00040371417036744184,-0.009230769230769265,-0.009469696969697017,-0.007525870178739402,-0.008552229688454482,-0.0038769707934867004,-0.009469696969697017,-0.009469696969697017,-0.011450757575757642,4.5117229013016695,248,0,False,0,0,1.9332483467797394,,1.4667572625554115,0.6173168956904458,0.597325437949509,,1.9332483467797394,0.00946517318612261,1.4667572625554115,0.6173168956904458,0.597325437949509,-0.0963740472435739,0.5318742184102028,7.682639155970339e-05,0.7600184734405876,0.644857971399018,0.36696209009237735,0.1571208084920076,0,v1_3_naive_score_0p5_5p5_r2_0p25,1.0,1.0,1.0,1.0,1.0,1.0,False,False,False,False,False,,FULL_POSITION,,0,False,False,2.478,0.644,1.046,1.055,1.623,3.854,False,False,False,False,False,False,2026-09-02,2026-09-02,2026-09-02,2026-09-02,2026-09-02,2026-09-02,2026-09-02
2022-05-31,SubD V1.3,减: 豆粕ETF(159985.SZ) (100.00% NAV) / 加: 德国ETF(513030.SH) (100.00% NAV),159985.SZ,513030.SH,159985.SZ,513030.SH,豆粕ETF(159985.SZ),德国ETF(513030.SH),1.0,1.0,1.0,1.0,1.0,0.0,1.0,1.0,2.0,0.002,-,1.3,full_entry,159985.SZ,513030.SH,,,0,513030.SH,1.0,False,False,False,,,513030.SH,1.1546945623709206,1.136331512095468,False,0.0048367593712213,0.025483304042179356,-0.010638297872340385,-0.015065913370998163,-0.011235955056179803,0.0048367593712213,-0.00205920205920207,0.0048367593712213,0.0048367593712213,0.0028270858524788167,4.520764430161994,247,0,False,0,0,0.7273444091194892,,1.1546945623709206,0.7417880600915698,1.136331512095468,,0.7273444091194892,-0.5054605390418,1.1546945623709206,0.7417880600915698,1.136331512095468,-0.07878241594254554,0.3282139163913489,0.27213667125512664,0.584133700005222,0.6581119849799842,0.6079497279589859,0.0867598388427957,0,v1_3_naive_score_0p5_5p5_r2_0p25,1.0,1.0,1.0,1.0,1.0,1.0,False,False,False,False,False,,FULL_POSITION,,0,False,False,2.334,0.651,1.046,1.056,1.662,3.877,False,False,False,False,False,False,2026-09-02,2026-09-02,2026-09-02,2026-09-02,2026-09-02,2026-09-02,2026-09-02
2022-05-27,SubD V1.3,减: 创业板100ETF(159915.SZ) (100.00% NAV) / 加: 豆粕ETF(159985.SZ) (100.00% NAV),159915.SZ,159985.SZ,159915.SZ,159985.SZ,创业板100ETF(159915.SZ),豆粕ETF(159985.SZ),1.0,1.0,1.0,1.0,1.0,0.0,1.0,1.0,2.0,0.002,-,1.3,full_entry,159915.SZ,159985.SZ,,,0,159985.SZ,1.0,False,False,False,,,159985.SZ,0.930193631250938,0.7382025598046327,False,0.0008892841262782003,0.0008892841262782003,0.03398058252427183,0.026522593320235766,0.0076045627376426506,0.02337023370233715,0.004101512432709509,0.0008892841262782003,0.0008892841262782003,-0.0011124944419742544,4.535275130157763,246,0,False,0,0,0.7382025598046327,,0.5600824508335513,0.5995747612693345,0.930193631250938,,0.7382025598046327,-0.724125824614058,0.5600824508335513,0.5995747612693345,0.930193631250938,-0.09859801470913343,0.29819401508621024,0.7215133278409789,0.34308030351265995,0.544837809796529,0.4669295925152267,0.1150433043542215,0,v1_3_naive_score_0p5_5p5_r2_0p25,1.0,1.0,1.0,1.0,1.0,1.0,False,False,False,False,False,,FULL_POSITION,,0,False,False,2.251,0.639,1.045,1.06,1.664,3.917,False,False,False,False,False,False,2026-09-02,2026-09-02,2026-09-02,2026-09-02,2026-09-02,2026-09-02,2026-09-02
2022-05-23,SubD V1.3,加: 创业板100ETF(159915.SZ) (100.00% NAV),CASH,159915.SZ,CASH,159915.SZ,现金,创业板100ETF(159915.SZ),0.0,1.0,0.0,0.0,1.0,1.0,1.0,0.0,1.0,0.001,-,1.3,full_entry,CASH,159915.SZ,,,0,159915.SZ,1.0,False,False,False,,,159915.SZ,1.0071934851496542,,False,0.0,-0.0063911376224968786,-0.004784688995215336,0.014955134596211561,0.007670182166826578,0.004252733900364625,0.0007747933884296732,0.0,0.0,-0.001000000000000112,4.70788827923635,245,0,False,0,0,1.0071934851496542,,,,0.7682041333419003,,1.0071934851496542,-0.7452622818641845,0.12589609474186014,0.43541132545630123,0.7682041333419003,-0.22546175186614126,0.2884062892546916,0.79511053221476,0.03566901771294473,0.345793264040943,0.3234901563909738,0.5016298857929555,0,v1_3_naive_score_0p5_5p5_r2_0p25,1.0,1.0,1.0,1.0,1.0,1.0,False,False,False,False,False,,FULL_POSITION,,0,False,False,2.332,0.624,1.018,1.051,1.653,3.875,False,False,False,False,False,False,2026-09-02,2026-09-02,2026-09-02,2026-09-02,2026-09-02,2026-09-02,2026-09-02
2022-04-13,SubD V1.3,减: 纳指ETF(159941.SZ) (100.00% NAV),159941.SZ,CASH,159941.SZ,CASH,纳指ETF(159941.SZ),现金,1.0,0.0,1.0,1.0,0.0,-1.0,0.0,1.0,1.0,0.001,-,1.3,full_entry,159941.SZ,CASH,,,0,CASH,0.0,False,False,False,,,CASH,,,False,0.005780346820809301,-0.01885245901639332,0.005780346820809301,0.0010080645161290036,0.011928429423459175,-0.0006485084306097066,0.004605936540429845,0.005780346820809301,0.005780346820809301,0.00477456647398844,4.712600880116467,244,0,False,0,0,,,,,,,-0.564349110712038,0.7453931536018403,-0.09785397205032453,-0.32324589879906185,-0.6717807719915251,0.05095577721137379,0.3864210645169187,0.1340789634370675,0.008588806877614319,0.11385109897924661,0.46567776825242635,0.015338301101745722,0,v1_3_naive_score_0p5_5p5_r2_0p25,1.0,1.0,1.0,1.0,1.0,1.0,False,False,False,False,False,,CASH,,0,False,False,2.394,0.696,0.993,1.018,1.541,3.926,False,False,False,False,False,False,2026-09-02,2026-09-02,2026-09-02,2026-09-02,2026-09-02,2026-09-02,2026-09-02
2022-03-29,SubD V1.3,减: 豆粕ETF(159985.SZ) (100.00% NAV) / 加: 纳指ETF(159941.SZ) (100.00% NAV),159985.SZ,159941.SZ,159985.SZ,159941.SZ,豆粕ETF(159985.SZ),纳指ETF(159941.SZ),1.0,1.0,1.0,1.0,1.0,0.0,1.0,1.0,2.0,0.002,-,1.3,full_entry,159985.SZ,159941.SZ,,,0,159941.SZ,1.0,False,False,False,,,159941.SZ,3.0401209266090676,2.313088825007404,False,-0.010928961748633892,-0.00039808917197448057,0.02203856749311295,0.022571148184494794,0.006529850746268551,-0.010928961748633892,-0.005940082644627975,-0.010928961748633892,-0.010928961748633892,-0.012907103825136712,5.02909497578961,243,0,False,0,0,,3.0401209266090676,1.5267467054062909,,2.313088825007404,,-0.34168741165319083,3.0401209266090676,1.5267467054062909,0.759652551226276,2.313088825007404,-0.0738311098987603,0.10613970543957463,0.5906396378308749,0.2932473044814816,0.24176022364386895,0.6723169230538137,0.015175174174572037,0,v1_3_naive_score_0p5_5p5_r2_0p25,1.0,1.0,1.0,1.0,1.0,1.0,False,False,False,False,False,,FULL_POSITION,,0,False,False,2.511,0.742,1.042,1.079,1.629,3.849,False,False,False,False,False,False,2026-09-02,2026-09-02,2026-09-02,2026-09-02,2026-09-02,2026-09-02,2026-09-02
2022-03-02,SubD V1.3,减: 黄金ETF(518880.SH) (100.00% NAV) / 加: 豆粕ETF(159985.SZ) (100.00% NAV),518880.SH,159985.SZ,518880.SH,159985.SZ,黄金ETF(518880.SH),豆粕ETF(159985.SZ),1.0,1.0,1.0,1.0,1.0,0.0,1.0,1.0,2.0,0.002,-,1.3,full_entry,518880.SH,159985.SZ,,,0,159985.SZ,1.0,False,False,False,,,159985.SZ,4.949765923809,1.0409876222842227,False,0.01347068145800323,-0.01932021466905187,-0.011544011544011412,-0.039272030651341105,-0.01919561243144441,0.0,0.01347068145800323,0.01347068145800323,0.01347068145800323,0.011443740095087307,4.652496425378428,242,0,False,0,0,,,,,4.949765923809,1.0409876222842227,-0.23321852926398867,-0.5623086503513204,-0.7989379592324982,-0.37730727802229036,4.949765923809,1.0409876222842227,0.0900211144705314,0.4219633576663847,0.7067458234190419,0.4945500758406366,0.7123206385488732,0.8069490366601436,0,v1_3_naive_score_0p5_5p5_r2_0p25,1.0,1.0,1.0,1.0,1.0,1.0,False,False,False,False,False,,FULL_POSITION,,0,False,False,2.741,0.685,1.003,1.073,1.504,3.837,False,False,False,False,False,False,2026-09-02,2026-09-02,2026-09-02,2026-09-02,2026-09-02,2026-09-02,2026-09-02
2022-02-22,SubD V1.3,加: 黄金ETF(518880.SH) (100.00% NAV),CASH,518880.SH,CASH,518880.SH,现金,黄金ETF(518880.SH),0.0,1.0,0.0,0.0,1.0,1.0,1.0,0.0,1.0,0.001,-,1.3,full_entry,CASH,518880.SH,,,0,518880.SH,1.0,False,False,False,,,518880.SH,0.6462293452616132,,False,0.0,-0.012900847769996338,-0.03571428571428559,-0.042190305206463274,-0.015510948905109623,0.020519835841313228,0.012519978689397915,0.0,0.0,-0.0010000000000000009,4.618081331509358,241,0,False,0,0,,,,,,0.6462293452616132,-0.746641327154316,-0.5316736061726594,-0.47473683593865845,-0.3881883586116368,11.354316399097595,0.6462293452616132,0.7782298085344108,0.37471246513190815,0.46243219684570935,0.4419246978736684,0.8196981792445952,0.5899680652915188,0,v1_3_naive_score_0p5_5p5_r2_0p25,1.0,1.0,1.0,1.0,1.0,1.0,False,False,False,False,False,,FULL_POSITION,,0,False,False,2.678,0.675,1.067,1.079,1.492,3.801,False,False,False,False,False,False,2026-09-02,2026-09-02,2026-09-02,2026-09-02,2026-09-02,2026-09-02,2026-09-02
2022-02-10,SubD V1.3,减: 豆粕ETF(159985.SZ) (100.00% NAV),159985.SZ,CASH,159985.SZ,CASH,豆粕ETF(159985.SZ),现金,1.0,0.0,1.0,1.0,0.0,-1.0,0.0,1.0,1.0,0.001,-,1.3,full_entry,159985.SZ,CASH,,,0,CASH,0.0,False,False,False,,,CASH,,,False,0.015950069348127593,-0.018273020422787445,0.015109890109890056,0.003493449781659441,0.0,0.015950069348127593,0.001913613996719521,0.015950069348127593,0.015950069348127593,0.014934119278779523,4.622704035544903,240,0,False,0,0,,,,,,,-0.7675152132284725,-0.7502147011562526,-0.525307500323732,-0.5468307643056896,7.873051575172978,0.05931709250511075,0.8464953295275408,0.568775506816328,0.5533763833396458,0.5820497057250349,0.6165383069643176,0.036640315044772276,0,v1_3_naive_score_0p5_5p5_r2_0p25,1.0,1.0,1.0,1.0,1.0,1.0,False,False,False,False,False,,CASH,,0,False,False,2.74,0.739,1.149,1.124,1.465,3.665,False,False,False,False,False,False,2026-09-02,2026-09-02,2026-09-02,2026-09-02,2026-09-02,2026-09-02,2026-09-02
2022-02-07,SubD V1.3,加: 豆粕ETF(159985.SZ) (100.00% NAV),CASH,159985.SZ,CASH,159985.SZ,现金,豆粕ETF(159985.SZ),0.0,1.0,0.0,0.0,1.0,1.0,1.0,0.0,1.0,0.001,-,1.3,full_entry,CASH,159985.SZ,,,0,159985.SZ,1.0,False,False,False,,,159985.SZ,1.4469126888617012,,False,0.0,0.003902092940759161,0.03586800573888094,-0.0026501766784451375,0.020239190432382648,0.0888717156105101,0.0072342793544797335,0.0,0.0,-0.001000000000000112,4.4504504409411245,239,0,False,0,0,,,,,1.4469126888617012,,-0.7216150013219157,-0.8697518042257526,-0.5931408346247353,-0.654502658845646,1.4469126888617012,0.028460757124237235,0.799234278973651,0.8580720679342478,0.6610013033375521,0.7884491687790794,0.326074933009879,0.007893151479544724,0,v1_3_naive_score_0p5_5p5_r2_0p25,1.0,1.0,1.0,1.0,1.0,1.0,False,False,False,False,False,,FULL_POSITION,,0,False,False,2.83,0.722,1.129,1.109,1.409,3.62,False,False,False,False,False,False,2026-09-02,2026-09-02,2026-09-02,2026-09-02,2026-09-02,2026-09-02,2026-09-02
2022-01-19,SubD V1.3,减: 德国ETF(513030.SH) (100.00% NAV),513030.SH,CASH,513030.SH,CASH,德国ETF(513030.SH),现金,1.0,0.0,1.0,1.0,0.0,-1.0,0.0,1.0,1.0,0.001,-,1.3,full_entry,513030.SH,CASH,,,0,CASH,0.0,False,False,False,,,CASH,,,False,-0.019491525423728784,-0.020347883163767677,-0.020969855832241202,-0.019491525423728784,-0.01736111111111116,0.009098428453267138,-0.0011022320198401658,-0.019491525423728784,-0.019491525423728784,-0.020472033898305098,4.454905346287412,238,0,False,0,0,,,,,,,-0.6827874130514865,-0.5571984757723455,0.29197181703952646,-0.3409246756737365,-0.13590040754245247,0.07588467987312497,0.7167924271319638,0.5469606630512986,0.19912384264243133,0.5234174334874026,0.0939857871923957,0.12015158625130462,0,v1_3_naive_score_0p5_5p5_r2_0p25,1.0,1.0,1.0,1.0,1.0,1.0,False,False,False,False,False,,CASH,,0,False,False,2.985,0.747,1.157,1.132,1.22,3.625,False,False,False,False,False,False,2026-09-02,2026-09-02,2026-09-02,2026-09-02,2026-09-02,2026-09-02,2026-09-02
2022-01-10,SubD V1.3,减: 豆粕ETF(159985.SZ) (100.00% NAV) / 加: 德国ETF(513030.SH) (100.00% NAV),159985.SZ,513030.SH,159985.SZ,513030.SH,豆粕ETF(159985.SZ),德国ETF(513030.SH),1.0,1.0,1.0,1.0,1.0,0.0,1.0,1.0,2.0,0.002,-,1.3,full_entry,159985.SZ,513030.SH,,,0,513030.SH,1.0,False,False,False,,,513030.SH,0.7115268936293184,0.6565098296297449,False,0.002431118314424774,-0.0016650016650016086,-0.008928571428571397,-0.002529510961214121,0.0,0.002431118314424774,0.0019487750556792527,0.002431118314424774,0.002431118314424774,0.0004262560777958946,4.5595751539421965,237,0,False,0,0,,,0.7115268936293184,,0.6565098296297449,,-0.756532392454317,-0.07444605788293801,0.7115268936293184,-0.1746062612421191,0.6565098296297449,0.090099106242435,0.8215111295282373,0.00972414570143909,0.6287822434365677,0.19936631815804506,0.5169391182780925,0.11397472966203026,0,v1_3_naive_score_0p5_5p5_r2_0p25,1.0,1.0,1.0,1.0,1.0,1.0,False,False,False,False,False,,FULL_POSITION,,0,False,False,2.998,0.777,1.183,1.158,1.237,3.599,False,False,False,False,False,False,2026-09-02,2026-09-02,2026-09-02,2026-09-02,2026-09-02,2026-09-02,2026-09-02
2021-12-17,SubD V1.3,加: 豆粕ETF(159985.SZ) (100.00% NAV),CASH,159985.SZ,CASH,159985.SZ,现金,豆粕ETF(159985.SZ),0.0,1.0,0.0,0.0,1.0,1.0,1.0,0.0,1.0,0.001,-,1.3,full_entry,CASH,159985.SZ,,,0,159985.SZ,1.0,False,False,False,,,159985.SZ,0.5496525059401984,,False,0.0,-0.014801657785672107,-0.026022304832713727,-0.007758620689655049,-0.014178482068390452,0.004946413849958864,0.012555803571428603,0.0,0.0,-0.0010000000000000009,4.50223171699546,236,0,False,0,0,,,,,0.5496525059401984,,0.037551891777433344,-0.24279361314121783,-0.25082618747141483,-0.19307254997449264,0.5496525059401984,-0.23771147287343286,0.006973028445280249,0.23314857708220216,0.19770691843931243,0.14031928500527646,0.5322296825640446,0.37227795897272287,0,v1_3_naive_score_0p5_5p5_r2_0p25,1.0,1.0,1.0,1.0,1.0,1.0,False,False,False,False,False,,FULL_POSITION,,0,False,False,3.328,0.786,1.151,1.182,1.219,3.629,False,False,False,False,False,False,2026-09-02,2026-09-02,2026-09-02,2026-09-02,2026-09-02,2026-09-02,2026-09-02
2021-12-06,SubD V1.3,减: 创业板100ETF(159915.SZ) (100.00% NAV),159915.SZ,CASH,159915.SZ,CASH,创业板100ETF(159915.SZ),现金,1.0,0.0,1.0,1.0,0.0,-1.0,0.0,1.0,1.0,0.001,-,1.3,full_entry,159915.SZ,CASH,,,0,CASH,0.0,False,False,False,,,CASH,,,False,-0.022551928783382857,-0.022551928783382857,-0.011406844106463865,-0.007901668129938644,0.0,-0.005897219882055715,0.007291082445316954,-0.022551928783382857,-0.022551928783382857,-0.023529376854599438,4.506738455450911,235,0,False,0,0,,,,,,,0.33697614307387247,-0.24194306209228178,-0.6539867417630951,-0.5569689586920911,0.4458128703255033,-0.3760909148466641,0.30917723515186724,0.20426678205488513,0.8565985182546592,0.7806246527708401,0.536546621001123,0.5163481252634727,0,v1_3_naive_score_0p5_5p5_r2_0p25,1.0,1.0,1.0,1.0,1.0,1.0,False,False,False,False,False,,CASH,,0,False,False,3.294,0.78,1.13,1.167,1.18,3.592,False,False,False,False,False,False,2026-09-02,2026-09-02,2026-09-02,2026-09-02,2026-09-02,2026-09-02,2026-09-02
2021-11-24,SubD V1.3,减: 纳指ETF(159941.SZ) (100.00% NAV) / 加: 创业板100ETF(159915.SZ) (100.00% NAV),159941.SZ,159915.SZ,159941.SZ,159915.SZ,纳指ETF(159941.SZ),创业板100ETF(159915.SZ),1.0,1.0,1.0,1.0,1.0,0.0,1.0,1.0,2.0,0.002,-,1.3,full_entry,159941.SZ,159915.SZ,,,0,159915.SZ,1.0,False,False,False,,,159915.SZ,0.8077063991564017,0.769667401542981,False,0.002466091245376001,-0.005325443786982187,0.002466091245376001,-0.0016877637130802148,-0.010682004930156253,-0.0008453085376163294,-0.005231277533039647,0.002466091245376001,0.002466091245376001,0.00046115906288535236,4.604378114369976,234,0,False,0,0,0.8077063991564017,0.769667401542981,,,,,0.8077063991564017,0.769667401542981,-0.11050596941340218,0.07629883502287127,0.23811346607372386,0.3206502768691184,0.7471164748918252,0.6390172733736139,0.0994120390313713,0.04512653788987897,0.0931685117140072,0.21065139804112942,0,v1_3_naive_score_0p5_5p5_r2_0p25,1.0,1.0,1.0,1.0,1.0,1.0,False,False,False,False,False,,FULL_POSITION,,0,False,False,3.362,0.813,1.183,1.204,1.182,3.613,False,False,False,False,False,False,2026-09-02,2026-09-02,2026-09-02,2026-09-02,2026-09-02,2026-09-02,2026-09-02
2021-11-02,SubD V1.3,减: 创业板100ETF(159915.SZ) (100.00% NAV) / 加: 纳指ETF(159941.SZ) (100.00% NAV),159915.SZ,159941.SZ,159915.SZ,159941.SZ,创业板100ETF(159915.SZ),纳指ETF(159941.SZ),1.0,1.0,1.0,1.0,1.0,0.0,1.0,1.0,2.0,0.002,-,1.3,full_entry,159915.SZ,159941.SZ,,,0,159941.SZ,1.0,False,False,False,,,159941.SZ,0.9426173188449056,0.765569530549203,False,0.001240694789081953,0.001240694789081953,0.0012690355329949554,0.003341687552213868,0.0008183306055646877,-0.0034632034632035014,0.006399554813578234,0.001240694789081953,0.001240694789081953,-0.0007617866004961948,4.477410333875514,233,0,False,0,0,0.765569530549203,0.9426173188449056,,,,,0.765569530549203,0.9426173188449056,0.16039891927465488,-0.263705909340859,-0.5625563182703921,0.12274472647643586,0.7039094439744936,0.6489201991642434,0.12289752606321047,0.14367411949218833,0.6667984149888969,0.24203894014919836,0,v1_3_naive_score_0p5_5p5_r2_0p25,1.0,1.0,1.0,1.0,1.0,1.0,False,False,False,False,False,,FULL_POSITION,,0,False,False,3.228,0.789,1.201,1.223,1.151,3.617,False,False,False,False,False,False,2026-09-02,2026-09-02,2026-09-02,2026-09-02,2026-09-02,2026-09-02,2026-09-02
2021-10-22,SubD V1.3,加: 创业板100ETF(159915.SZ) (100.00% NAV),CASH,159915.SZ,CASH,159915.SZ,现金,创业板100ETF(159915.SZ),0.0,1.0,0.0,0.0,1.0,1.0,1.0,0.0,1.0,0.001,-,1.3,full_entry,CASH,159915.SZ,,,0,159915.SZ,1.0,False,False,False,,,159915.SZ,0.5196602884768173,,False,0.0,0.003465658475110267,0.005235602094240788,0.003386960203217715,0.005046257359125228,0.005887300252312766,0.0038878089419607242,0.0,0.0,-0.001000000000000112,4.426620252088287,232,0,False,0,0,0.5196602884768173,,,,,,0.5196602884768173,-0.09401102496618186,-0.3544346363028166,-0.7247249469201578,-0.7210033618849463,-0.021380623225430884,0.4711312927713992,0.020043798828952797,0.41105148699214444,0.7643003493203862,0.8201919408335956,0.004974068542561549,0,v1_3_naive_score_0p5_5p5_r2_0p25,1.0,1.0,1.0,1.0,1.0,1.0,False,False,False,False,False,,FULL_POSITION,,0,False,False,3.185,0.768,1.185,1.195,1.196,3.615,False,False,False,False,False,False,2026-09-02,2026-09-02,2026-09-02,2026-09-02,2026-09-02,2026-09-02,2026-09-02
2021-09-30,SubD V1.3,减: 日经ETF(513520.SH) (100.00% NAV),513520.SH,CASH,513520.SH,CASH,日经ETF(513520.SH),现金,1.0,0.0,1.0,1.0,0.0,-1.0,0.0,1.0,1.0,0.001,-,1.3,full_entry,513520.SH,CASH,,,0,CASH,0.0,False,False,False,,,CASH,,,False,-0.0015847860538826808,0.02108336036328251,0.004016064257028162,-0.0008382229673093988,-0.0015847860538826808,-0.0047355958958168465,-0.003935901040202361,-0.0015847860538826808,-0.0015847860538826808,-0.0025832012678288496,4.431051303391679,231,0,False,0,0,,,,,,,-0.0011016993064066893,-0.43551965548852234,-0.4407749335884088,0.32162735066584447,-0.03352044663423992,-0.4009323603413548,5.368412376860476e-06,0.6901854993368685,0.8358686166248266,0.09057167845467906,0.009365031132716917,0.8409543627785785,0,v1_3_naive_score_0p5_5p5_r2_0p25,1.0,1.0,1.0,1.0,1.0,1.0,False,False,False,False,False,,CASH,,0,False,False,3.148,0.75,1.192,1.26,1.261,3.543,False,False,False,False,False,False,2026-09-02,2026-09-02,2026-09-02,2026-09-02,2026-09-02,2026-09-02,2026-09-02
2021-09-07,SubD V1.3,减: 纳指ETF(159941.SZ) (100.00% NAV) / 加: 日经ETF(513520.SH) (100.00% NAV),159941.SZ,513520.SH,159941.SZ,513520.SH,纳指ETF(159941.SZ),日经ETF(513520.SH),1.0,1.0,1.0,1.0,1.0,0.0,1.0,1.0,2.0,0.002,-,1.3,full_entry,159941.SZ,513520.SH,,,0,513520.SH,1.0,False,False,False,,,513520.SH,1.2809712878783182,0.9066549778015034,False,0.0,0.005752636625119711,0.0,0.0015961691939345712,0.0031201248049921304,0.011829652996845352,-0.003236245954692518,0.0,0.0,-0.0019999999999998908,4.527012708074504,230,0,False,0,0,,0.9066549778015034,,1.2809712878783182,,,-0.5638405006344742,0.9066549778015034,0.15208100788681,1.2809712878783182,-0.2816171864858926,0.4194962411834069,0.5591635583461602,0.7790690047280877,0.34330192076702415,0.5433720893302876,0.4516402207161486,0.6684675966583018,0,v1_3_naive_score_0p5_5p5_r2_0p25,1.0,1.0,1.0,1.0,1.0,1.0,False,False,False,False,False,,FULL_POSITION,,0,False,False,3.147,0.788,1.255,1.286,1.283,3.696,False,False,False,False,False,False,2026-09-02,2026-09-02,2026-09-02,2026-09-02,2026-09-02,2026-09-02,2026-09-02
2021-08-31,SubD V1.3,加: 纳指ETF(159941.SZ) (100.00% NAV),CASH,159941.SZ,CASH,159941.SZ,现金,纳指ETF(159941.SZ),0.0,1.0,0.0,0.0,1.0,1.0,1.0,0.0,1.0,0.001,-,1.3,full_entry,CASH,159941.SZ,,,0,159941.SZ,1.0,False,False,False,,,159941.SZ,0.6622986074291539,,False,0.0,-0.018331226295828174,0.01412066752246477,0.006420545746388395,0.012500000000000178,-0.003117692907248615,-0.0002709292874559788,0.0,0.0,-0.0010000000000000009,4.547597783611459,229,0,False,0,0,,0.6622986074291539,,,,,-0.6076764382509803,0.6622986074291539,0.1278144159025436,0.030894562452697505,-0.24457745110083473,0.22553007086901622,0.6325754631126517,0.583316092983256,0.21897737066531375,0.008905807559754009,0.2822315784715762,0.17743709311548483,0,v1_3_naive_score_0p5_5p5_r2_0p25,1.0,1.0,1.0,1.0,1.0,1.0,False,False,False,False,False,,FULL_POSITION,,0,False,False,3.106,0.79,1.254,1.215,1.279,3.69,False,False,False,False,False,False,2026-09-02,2026-09-02,2026-09-02,2026-09-02,2026-09-02,2026-09-02,2026-09-02
2021-07-30,SubD V1.3,减: 纳指ETF(159941.SZ) (100.00% NAV),159941.SZ,CASH,159941.SZ,CASH,纳指ETF(159941.SZ),现金,1.0,0.0,1.0,1.0,0.0,-1.0,0.0,1.0,1.0,0.001,-,1.3,full_entry,159941.SZ,CASH,,,0,CASH,0.0,False,False,False,,,CASH,,,False,-0.017218543046357615,-0.008933889219773783,-0.017218543046357615,-0.005677210056772242,-0.01739850869925441,0.008461538461538298,0.003236245954692629,-0.017218543046357615,-0.017218543046357615,-0.018201324503311245,4.552149933545004,228,0,False,0,0,,,,,,,-0.16676021103343142,0.367355647663016,-0.1142453384889155,-0.31238620234212733,-0.06449356224276181,0.16890939474336886,0.02639172577407356,0.3712119049925209,0.10337775756162915,0.6321129270241287,0.009423346229705643,0.3203373296619242,0,v1_3_naive_score_0p5_5p5_r2_0p25,1.0,1.0,1.0,1.0,1.0,1.0,False,False,False,False,False,,CASH,,0,False,False,3.328,0.742,1.226,1.186,1.311,3.72,False,False,False,False,False,False,2026-09-02,2026-09-02,2026-09-02,2026-09-02,2026-09-02,2026-09-02,2026-09-02
2021-07-26,SubD V1.3,减: 创业板100ETF(159915.SZ) (100.00% NAV) / 加: 纳指ETF(159941.SZ) (100.00% NAV),159915.SZ,159941.SZ,159915.SZ,159941.SZ,创业板100ETF(159915.SZ),纳指ETF(159941.SZ),1.0,1.0,1.0,1.0,1.0,0.0,1.0,1.0,2.0,0.002,-,1.3,full_entry,159915.SZ,159941.SZ,,,0,159941.SZ,1.0,False,False,False,,,159941.SZ,0.5655645639672191,,False,-0.028809028809028803,-0.028809028809028803,0.013280212483399723,0.002452984464431651,-0.008237232289950547,-0.023328149300155587,0.0024429967426709,-0.028809028809028803,-0.028809028809028803,-0.030751410751410857,4.685670035662128,227,0,False,0,0,,0.5655645639672191,,,,,0.5296566640664813,0.5655645639672191,-0.24015572749842995,-0.3173853907830929,0.3289138960899376,0.2553792142096831,0.22102012199367072,0.5669567922026728,0.39979512401601014,0.6493974780196131,0.10638017133116273,0.4823067372039834,0,v1_3_naive_score_0p5_5p5_r2_0p25,1.0,1.0,1.0,1.0,1.0,1.0,False,False,False,False,False,,FULL_POSITION,,0,False,False,3.27,0.763,1.226,1.204,1.256,3.693,False,False,False,False,False,False,2026-09-02,2026-09-02,2026-09-02,2026-09-02,2026-09-02,2026-09-02,2026-09-02
2021-07-22,SubD V1.3,减: 豆粕ETF(159985.SZ) (100.00% NAV) / 加: 创业板100ETF(159915.SZ) (100.00% NAV),159985.SZ,159915.SZ,159985.SZ,159915.SZ,豆粕ETF(159985.SZ),创业板100ETF(159915.SZ),1.0,1.0,1.0,1.0,1.0,0.0,1.0,1.0,2.0,0.002,-,1.3,full_entry,159985.SZ,159915.SZ,,,0,159915.SZ,1.0,False,False,False,,,159915.SZ,1.0906591155384002,1.0670117569706217,False,-0.014426727410781992,-0.004920405209840828,0.009459459459459474,0.014987510407993287,0.007506255212677226,-0.014426727410781992,-0.007577807848443863,-0.014426727410781992,-0.014426727410781992,-0.016397873955960485,4.9362742557305435,226,0,False,0,0,1.0906591155384002,0.5160071775945296,,,1.0670117569706217,,1.0906591155384002,0.5160071775945296,-0.26208779185063147,-0.3281243447272877,1.0670117569706217,0.3159061200097566,0.5566355446142752,0.5250025589589946,0.4323647286966238,0.6431711076427256,0.5583944535796008,0.5685098332235237,0,v1_3_naive_score_0p5_5p5_r2_0p25,1.0,1.0,1.0,1.0,1.0,1.0,False,False,False,False,False,,FULL_POSITION,,0,False,False,3.438,0.747,1.219,1.208,1.298,3.667,False,False,False,False,False,False,2026-09-02,2026-09-02,2026-09-02,2026-09-02,2026-09-02,2026-09-02,2026-09-02
2021-07-19,SubD V1.3,减: 创业板100ETF(159915.SZ) (100.00% NAV) / 加: 豆粕ETF(159985.SZ) (100.00% NAV),159915.SZ,159985.SZ,159915.SZ,159985.SZ,创业板100ETF(159915.SZ),豆粕ETF(159985.SZ),1.0,1.0,1.0,1.0,1.0,0.0,1.0,1.0,2.0,0.002,-,1.3,full_entry,159915.SZ,159985.SZ,,,0,159985.SZ,1.0,False,False,False,,,159985.SZ,1.5055154747759896,1.2283501021498662,False,0.006610576923077094,0.006610576923077094,-0.006747638326585648,-0.008928571428571397,-0.00906095551894559,0.013719512195121908,-0.008623012665049834,0.006610576923077094,0.006610576923077094,0.004597355769230926,5.068105980930754,225,0,False,0,0,1.2283501021498662,0.9762080401399982,,,1.5055154747759896,,1.2283501021498662,0.9762080401399982,-0.10794061992419401,-0.25247627868094547,1.5055154747759896,0.3306453963791589,0.5521644273577417,0.7598540825124738,0.21419828631625992,0.5044548080557214,0.6531058650704683,0.5292062588758606,0,v1_3_naive_score_0p5_5p5_r2_0p25,1.0,1.0,1.0,1.0,1.0,1.0,False,False,False,False,False,,FULL_POSITION,,0,False,False,3.35,0.736,1.221,1.203,1.33,3.679,False,False,False,False,False,False,2026-09-02,2026-09-02,2026-09-02,2026-09-02,2026-09-02,2026-09-02,2026-09-02
2021-07-15,SubD V1.3,减: 纳指ETF(159941.SZ) (100.00% NAV) / 加: 创业板100ETF(159915.SZ) (100.00% NAV),159941.SZ,159915.SZ,159941.SZ,159915.SZ,纳指ETF(159941.SZ),创业板100ETF(159915.SZ),1.0,1.0,1.0,1.0,1.0,0.0,1.0,1.0,2.0,0.002,-,1.3,full_entry,159941.SZ,159915.SZ,,,0,159915.SZ,1.0,False,False,False,,,159915.SZ,1.7072631205980957,1.5014693304075912,False,0.0026773761713521083,0.013897102306327458,0.0026773761713521083,0.001615508885298933,-0.006498781478472826,0.009237875288683695,0.007854821235102838,0.0026773761713521083,0.0026773761713521083,0.0006720214190094609,5.198018547127555,224,0,False,0,0,1.7072631205980957,1.5014693304075912,,,1.2857090045979773,,1.7072631205980957,1.5014693304075912,-0.07341362201535351,-0.18376771060108665,1.2857090045979773,0.2224754097834969,0.6668629194808229,0.9478591186340777,0.11514489701894981,0.37583312039265027,0.5258704440535324,0.2298470258004296,0,v1_3_naive_score_0p5_5p5_r2_0p25,1.0,1.0,1.0,1.0,1.0,1.0,False,False,False,False,False,,FULL_POSITION,,0,False,False,3.429,0.749,1.24,1.223,1.311,3.721,False,False,False,False,False,False,2026-09-02,2026-09-02,2026-09-02,2026-09-02,2026-09-02,2026-09-02,2026-09-02
2021-06-16,SubD V1.3,减: 创业板100ETF(159915.SZ) (100.00% NAV) / 加: 纳指ETF(159941.SZ) (100.00% NAV),159915.SZ,159941.SZ,159915.SZ,159941.SZ,创业板100ETF(159915.SZ),纳指ETF(159941.SZ),1.0,1.0,1.0,1.0,1.0,0.0,1.0,1.0,2.0,0.002,-,1.3,full_entry,159915.SZ,159941.SZ,,,0,159941.SZ,1.0,False,False,False,,,159941.SZ,0.5419035237018535,,False,-0.041521394611727325,-0.041521394611727325,-0.010014306151645225,-0.002375296912113911,-0.006334125098970689,-0.006389776357827448,-0.0002680965147452419,-0.041521394611727325,-0.041521394611727325,-0.043438351822503884,4.812065833418864,223,0,False,0,0,,0.5419035237018535,,,,,0.5024575481446634,0.5419035237018535,0.18902241470336834,0.3149748755521242,-0.0030037030395534403,-0.21737013621998647,0.213430366762401,0.5869363842848063,0.4341718875433671,0.6558270499774521,1.9474353261439425e-05,0.341427909563095,0,v1_3_naive_score_0p5_5p5_r2_0p25,1.0,1.0,1.0,1.0,1.0,1.0,False,False,False,False,False,,FULL_POSITION,,0,False,False,3.024,0.692,1.26,1.255,1.244,3.729,False,False,False,False,False,False,2026-09-02,2026-09-02,2026-09-02,2026-09-02,2026-09-02,2026-09-02,2026-09-02
2021-05-14,SubD V1.3,减: 豆粕ETF(159985.SZ) (100.00% NAV) / 加: 创业板100ETF(159915.SZ) (100.00% NAV),159985.SZ,159915.SZ,159985.SZ,159915.SZ,豆粕ETF(159985.SZ),创业板100ETF(159915.SZ),1.0,1.0,1.0,1.0,1.0,0.0,1.0,1.0,2.0,0.002,-,1.3,full_entry,159985.SZ,159915.SZ,,,0,159915.SZ,1.0,False,False,False,,,159915.SZ,1.00651234597927,0.9633574829137599,False,-0.024205748865355536,0.032337434094903195,0.012195121951219523,0.018151815181518094,0.0016420361247948545,-0.024205748865355536,0.005918751681463386,-0.024205748865355536,-0.024205748865355536,-0.026157337367624822,4.682989442095569,222,0,False,0,0,1.00651234597927,,,,0.9633574829137599,0.5090144783589068,1.00651234597927,-0.5685246097873098,-0.19724318916518158,-0.5605475962828219,0.9633574829137599,0.5090144783589068,0.3376270874022782,0.6259682371059507,0.3528014435129423,0.7124988457282193,0.49700800000498235,0.665845509540313,0,v1_3_naive_score_0p5_5p5_r2_0p25,1.0,1.0,1.0,1.0,1.0,1.0,False,False,False,False,False,,FULL_POSITION,,0,False,False,2.937,0.664,1.234,1.22,1.29,3.739,False,False,False,False,False,False,2026-09-02,2026-09-02,2026-09-02,2026-09-02,2026-09-02,2026-09-02,2026-09-02
2021-05-12,SubD V1.3,减: 创业板100ETF(159915.SZ) (100.00% NAV) / 加: 豆粕ETF(159985.SZ) (100.00% NAV),159915.SZ,159985.SZ,159915.SZ,159985.SZ,创业板100ETF(159915.SZ),豆粕ETF(159985.SZ),1.0,1.0,1.0,1.0,1.0,0.0,1.0,1.0,2.0,0.002,-,1.3,full_entry,159915.SZ,159985.SZ,,,0,159985.SZ,1.0,False,False,False,,,159985.SZ,1.3696765244185656,1.2823663125620555,False,0.014877789585547418,0.014877789585547418,-0.0014992503748125774,-0.005691056910569037,-0.011199999999999988,0.029657794676806182,0.0018791946308724938,0.014877789585547418,0.014877789585547418,0.012848034006376352,4.925174150314117,221,0,False,0,0,1.2823663125620555,,,,1.3696765244185656,,1.2823663125620555,-0.40794623701170474,-0.12431007758093349,-0.42863954242303326,1.3696765244185656,0.4641512306855067,0.4009302782753186,0.391293786477363,0.1792075226422548,0.6545932584937314,0.6779437969512195,0.601405275560443,0,v1_3_naive_score_0p5_5p5_r2_0p25,1.0,1.0,1.0,1.0,1.0,1.0,False,False,False,False,False,,FULL_POSITION,,0,False,False,2.865,0.666,1.223,1.236,1.354,3.732,False,False,False,False,False,False,2026-09-02,2026-09-02,2026-09-02,2026-09-02,2026-09-02,2026-09-02,2026-09-02
2021-04-23,SubD V1.3,减: 纳指ETF(159941.SZ) (100.00% NAV) / 加: 创业板100ETF(159915.SZ) (100.00% NAV),159941.SZ,159915.SZ,159941.SZ,159915.SZ,纳指ETF(159941.SZ),创业板100ETF(159915.SZ),1.0,1.0,1.0,1.0,1.0,0.0,1.0,1.0,2.0,0.002,-,1.3,full_entry,159941.SZ,159915.SZ,,,0,159915.SZ,1.0,False,False,False,,,159915.SZ,1.6927217883968368,1.5015494506624485,False,-0.011412268188302432,0.019034191046880533,-0.011412268188302432,-0.003225806451612856,-0.00462962962962965,0.004608294930875667,-0.0021762785636560977,-0.011412268188302432,-0.011412268188302432,-0.013389443651925848,4.979829980574801,220,0,False,0,0,1.6927217883968368,1.5015494506624485,0.7791878267497958,,1.1721735527072328,0.5009438593270021,1.6927217883968368,1.5015494506624485,0.7791878267497958,0.06464380780840684,1.1721735527072328,0.5009438593270021,0.6149529104203675,0.6596075942449595,0.6149103535420253,0.01783821647029682,0.6316926824879353,0.6722889030076798,0,v1_3_naive_score_0p5_5p5_r2_0p25,1.0,1.0,1.0,1.0,1.0,1.0,False,False,False,False,False,,FULL_POSITION,,0,False,False,2.891,0.693,1.236,1.29,1.308,3.668,False,False,False,False,False,False,2026-09-02,2026-09-02,2026-09-02,2026-09-02,2026-09-02,2026-09-02,2026-09-02
2021-04-07,SubD V1.3,减: 德国ETF(513030.SH) (100.00% NAV) / 加: 纳指ETF(159941.SZ) (100.00% NAV),513030.SH,159941.SZ,513030.SH,159941.SZ,德国ETF(513030.SH),纳指ETF(159941.SZ),1.0,1.0,1.0,1.0,1.0,0.0,1.0,1.0,2.0,0.002,-,1.3,full_entry,513030.SH,159941.SZ,,,0,159941.SZ,1.0,False,False,False,,,159941.SZ,1.021903112140928,0.9039656159492007,False,-0.001626016260162566,-0.008424908424908506,0.0,-0.001626016260162566,0.0038402457757296116,0.015212169735788539,0.004455583402951824,-0.001626016260162566,-0.001626016260162566,-0.0036227642276422944,4.932207180152136,219,0,False,0,0,0.792482679653912,1.021903112140928,0.9039656159492007,,0.9894634124097064,,0.792482679653912,1.021903112140928,0.9039656159492007,0.09591175704099753,0.9894634124097064,0.14879476477593068,0.3069538119337347,0.5628640286464146,0.63419886731617,0.0275863930489596,0.5040290376305383,0.12988557798727196,0,v1_3_naive_score_0p5_5p5_r2_0p25,1.0,1.0,1.0,1.0,1.0,1.0,False,False,False,False,False,,FULL_POSITION,,0,False,False,2.707,0.685,1.228,1.307,1.268,3.607,False,False,False,False,False,False,2026-09-02,2026-09-02,2026-09-02,2026-09-02,2026-09-02,2026-09-02,2026-09-02
2021-03-11,SubD V1.3,加: 德国ETF(513030.SH) (100.00% NAV),CASH,513030.SH,CASH,513030.SH,现金,德国ETF(513030.SH),0.0,1.0,0.0,0.0,1.0,1.0,1.0,0.0,1.0,0.001,-,1.3,full_entry,CASH,513030.SH,,,0,513030.SH,1.0,False,False,False,,,513030.SH,0.6666918829715973,,False,0.0,0.024748646558391263,0.010954616588419341,0.025466893039049365,0.003129890453834161,-0.02006688963210701,0.008752117447769603,0.0,0.0,-0.0010000000000000009,4.861601275534607,218,0,False,0,0,,,0.6666918829715973,,,,-0.936129563570969,-0.6472250547608703,0.6666918829715973,-0.4433364567450633,-0.6163731898753584,-0.579860983466779,0.8286903104466068,0.6490282273686607,0.3377622064186534,0.3338496587177241,0.5236013642931499,0.7425573858059902,0,v1_3_naive_score_0p5_5p5_r2_0p25,1.0,1.0,1.0,1.0,1.0,1.0,False,False,False,False,False,,FULL_POSITION,,0,False,False,2.65,0.646,1.208,1.282,1.172,3.573,False,False,False,False,False,False,2026-09-02,2026-09-02,2026-09-02,2026-09-02,2026-09-02,2026-09-02,2026-09-02
2021-03-03,SubD V1.3,减: 日经ETF(513520.SH) (100.00% NAV),513520.SH,CASH,513520.SH,CASH,日经ETF(513520.SH),现金,1.0,0.0,1.0,1.0,0.0,-1.0,0.0,1.0,1.0,0.001,-,1.3,full_entry,513520.SH,CASH,,,0,CASH,0.0,False,False,False,,,CASH,,,False,0.004580152671755711,0.014340678558936615,-0.00303030303030305,0.007929515418502175,0.004580152671755711,0.01631321370309946,0.003676470588235281,0.004580152671755711,0.004580152671755711,0.003575572519084025,4.866467743277885,217,0,False,0,0,,,,,,,-0.7523564519982249,-0.3326247377243764,0.1488571897980191,0.4571719207245577,-0.13894812069077045,-0.5465100511924259,0.5175916713906225,0.20464189740382444,0.13777087668909593,0.18899504210850393,0.03048228769625083,0.7468216497172433,0,v1_3_naive_score_0p5_5p5_r2_0p25,1.0,1.0,1.0,1.0,1.0,1.0,False,False,False,False,False,,CASH,,0,False,False,2.9,0.658,1.144,1.316,1.246,3.549,False,False,False,False,False,False,2026-09-02,2026-09-02,2026-09-02,2026-09-02,2026-09-02,2026-09-02,2026-09-02
2021-02-23,SubD V1.3,减: 纳指ETF(159941.SZ) (100.00% NAV) / 加: 日经ETF(513520.SH) (100.00% NAV),159941.SZ,513520.SH,159941.SZ,513520.SH,纳指ETF(159941.SZ),日经ETF(513520.SH),1.0,1.0,1.0,1.0,1.0,0.0,1.0,1.0,2.0,0.002,-,1.3,full_entry,159941.SZ,513520.SH,,,0,513520.SH,1.0,False,False,False,,,513520.SH,0.8484688306395458,0.5912190166454583,False,-0.013333333333333308,-0.007585751978891886,-0.013333333333333308,0.007957559681697424,-0.0007358351729211954,0.02568093385214021,0.010340136054421745,-0.013333333333333308,-0.013333333333333308,-0.01530666666666669,5.02680735094621,216,0,False,0,0,,0.5912190166454583,,0.8484688306395458,,,0.05055329031177802,0.5912190166454583,0.059771632425191124,0.8484688306395458,-0.08805640490165545,-0.373946497760292,0.0018832720526421598,0.364818324283274,0.01980786681724367,0.3896377927939838,0.014799941166413033,0.5694025476574056,0,v1_3_naive_score_0p5_5p5_r2_0p25,1.0,1.0,1.0,1.0,1.0,1.0,False,False,False,False,False,,FULL_POSITION,,0,False,False,3.009,0.666,1.14,1.358,1.318,3.713,False,False,False,False,False,False,2026-09-02,2026-09-02,2026-09-02,2026-09-02,2026-09-02,2026-09-02,2026-09-02
2021-02-02,SubD V1.3,减: 创业板100ETF(159915.SZ) (100.00% NAV) / 加: 纳指ETF(159941.SZ) (100.00% NAV),159915.SZ,159941.SZ,159915.SZ,159941.SZ,创业板100ETF(159915.SZ),纳指ETF(159941.SZ),1.0,1.0,1.0,1.0,1.0,0.0,1.0,1.0,2.0,0.002,-,1.3,full_entry,159915.SZ,159941.SZ,,,0,159941.SZ,1.0,False,False,False,,,159941.SZ,0.6866776934012948,,False,0.020287958115183136,0.020287958115183136,0.0260736196319018,0.008093525179855954,0.007874015748031482,-0.019607843137254832,-0.008115183246073188,0.020287958115183136,0.020287958115183136,0.018247382198952833,5.059569766835494,215,0,False,0,0,,0.6866776934012948,,,,,0.8109068879573667,0.6866776934012948,-0.3896011371168836,-0.06534616514160063,-0.441259431800591,-0.20139006858427044,0.23953578042709822,0.3873036980797593,0.5983781578698593,0.008938516531721064,0.23087281443076824,0.29517303545086493,0,v1_3_naive_score_0p5_5p5_r2_0p25,1.0,1.0,1.0,1.0,1.0,1.0,False,False,False,False,False,,FULL_POSITION,,0,False,False,3.118,0.669,1.121,1.28,1.25,3.789,False,False,False,False,False,False,2026-09-02,2026-09-02,2026-09-02,2026-09-02,2026-09-02,2026-09-02,2026-09-02
2021-01-21,SubD V1.3,减: 豆粕ETF(159985.SZ) (100.00% NAV) / 加: 创业板100ETF(159915.SZ) (100.00% NAV),159985.SZ,159915.SZ,159985.SZ,159915.SZ,豆粕ETF(159985.SZ),创业板100ETF(159915.SZ),1.0,1.0,1.0,1.0,1.0,0.0,1.0,1.0,2.0,0.002,-,1.3,full_entry,159985.SZ,159915.SZ,,,0,159915.SZ,1.0,False,False,False,,,159915.SZ,3.509714454300191,2.953431393403652,False,0.007716049382715973,0.025839793281653867,0.02611367127496167,0.008787346221441172,0.008448540706605057,0.007716049382715973,0.009501187648456089,0.007716049382715973,0.007716049382715973,0.005700617283950438,5.1640142309858765,214,0,False,0,0,3.509714454300191,,,1.2780162163161704,2.953431393403652,,3.509714454300191,0.2607886966543933,0.06872263759726227,1.2780162163161704,2.953431393403652,-0.2571978035214758,0.7210816093342296,0.18352017637194584,0.020934951362892584,0.7323765964551224,0.6180535431774049,0.3006407716635532,0,v1_3_naive_score_0p5_5p5_r2_0p25,1.0,1.0,1.0,1.0,1.0,1.0,False,False,False,False,False,,FULL_POSITION,,0,False,False,3.176,0.668,1.148,1.313,1.306,3.825,False,False,False,False,False,False,2026-09-02,2026-09-02,2026-09-02,2026-09-02,2026-09-02,2026-09-02,2026-09-02
2021-01-20,SubD V1.3,减: 创业板100ETF(159915.SZ) (100.00% NAV) / 加: 豆粕ETF(159985.SZ) (100.00% NAV),159915.SZ,159985.SZ,159915.SZ,159985.SZ,创业板100ETF(159915.SZ),豆粕ETF(159985.SZ),1.0,1.0,1.0,1.0,1.0,0.0,1.0,1.0,2.0,0.002,-,1.3,full_entry,159915.SZ,159985.SZ,,,0,159985.SZ,1.0,False,False,False,,,159985.SZ,4.0462418265096005,3.243987773662976,False,0.040322580645161255,0.040322580645161255,0.007739938080495445,-0.004374453193350947,-0.005347593582887611,-0.03066566940912485,0.002646202699126743,0.040322580645161255,0.040322580645161255,0.038241935483871003,5.134743026142405,213,0,False,0,0,3.243987773662976,,,1.3148964518328405,4.0462418265096005,,3.243987773662976,0.08643535149378989,0.09420901126038994,1.3148964518328405,4.0462418265096005,-0.27079039116693215,0.6993742394546307,0.052750582617347996,0.03409695120667089,0.7272818691791676,0.7319813312393264,0.3171016815999885,0,v1_3_naive_score_0p5_5p5_r2_0p25,1.0,1.0,1.0,1.0,1.0,1.0,False,False,False,False,False,,FULL_POSITION,,0,False,False,3.096,0.651,1.138,1.302,1.296,3.789,False,False,False,False,False,False,2026-09-02,2026-09-02,2026-09-02,2026-09-02,2026-09-02,2026-09-02,2026-09-02
2021-01-15,SubD V1.3,减: 日经ETF(513520.SH) (100.00% NAV) / 加: 创业板100ETF(159915.SZ) (100.00% NAV),513520.SH,159915.SZ,513520.SH,159915.SZ,日经ETF(513520.SH),创业板100ETF(159915.SZ),1.0,1.0,1.0,1.0,1.0,0.0,1.0,1.0,2.0,0.002,-,1.3,full_entry,513520.SH,159915.SZ,,,0,159915.SZ,1.0,False,False,False,,,159915.SZ,4.692733050188697,1.4221184385755476,False,0.019756838905775176,0.001004352192835567,-0.007727975270479193,-0.00954861111111105,0.019756838905775176,-0.004379562043795637,0.0034464475079534207,0.019756838905775176,0.019756838905775176,0.017717325227963654,4.968878858545835,212,0,False,0,0,4.692733050188697,,,1.4221184385755476,,,4.692733050188697,0.09814412476187062,0.45317761878983975,1.4221184385755476,7.79565794627648,-0.11489884459532596,0.7835183157697516,0.06096977748318255,0.39978226163794117,0.7180855044860392,0.9322469450038161,0.048024387060108364,0,v1_3_naive_score_0p5_5p5_r2_0p25,1.0,1.0,1.0,1.0,1.0,1.0,False,False,False,False,False,,FULL_POSITION,,0,False,False,2.99,0.642,1.141,1.342,1.364,3.785,False,False,False,False,False,False,2026-09-02,2026-09-02,2026-09-02,2026-09-02,2026-09-02,2026-09-02,2026-09-02
2021-01-13,SubD V1.3,减: 德国ETF(513030.SH) (100.00% NAV) / 加: 日经ETF(513520.SH) (100.00% NAV),513030.SH,513520.SH,513030.SH,513520.SH,德国ETF(513030.SH),日经ETF(513520.SH),1.0,1.0,1.0,1.0,1.0,0.0,1.0,1.0,2.0,0.002,-,1.3,full_entry,513030.SH,513520.SH,,,0,513520.SH,1.0,False,False,False,,,513520.SH,0.8529080553164055,0.6998134061888912,False,-0.002601908065915093,-0.016579973992197683,-0.004643962848297267,-0.002601908065915093,0.012441679626749691,0.044494720965309265,-0.002102496714848856,-0.002601908065915093,-0.002601908065915093,-0.004596704249783312,4.830436038863627,211,0,False,0,0,,,0.6998134061888912,0.8529080553164055,,,6.502646513648235,0.14499126944729368,0.6998134061888912,0.8529080553164055,7.099592446879873,0.10451568645287224,0.865364913944996,0.10312915806745604,0.5936620236330689,0.6406334956598475,0.9163308406190992,0.033694450622816285,0,v1_3_naive_score_0p5_5p5_r2_0p25,1.0,1.0,1.0,1.0,1.0,1.0,False,False,False,False,False,,FULL_POSITION,,0,False,False,3.025,0.643,1.15,1.302,1.385,3.797,False,False,False,False,False,False,2026-09-02,2026-09-02,2026-09-02,2026-09-02,2026-09-02,2026-09-02,2026-09-02
2021-01-12,SubD V1.3,减: 豆粕ETF(159985.SZ) (100.00% NAV) / 加: 德国ETF(513030.SH) (100.00% NAV),159985.SZ,513030.SH,159985.SZ,513030.SH,豆粕ETF(159985.SZ),德国ETF(513030.SH),1.0,1.0,1.0,1.0,1.0,0.0,1.0,1.0,2.0,0.002,-,1.3,full_entry,159985.SZ,513030.SH,,,0,513030.SH,1.0,False,False,False,,,513030.SH,0.8097695208033173,,False,0.00302571860816947,0.029106724657075977,-0.006153846153846176,-0.0060344827586206184,0.0031201248049921304,0.00302571860816947,0.00741329097167065,0.00302571860816947,0.00302571860816947,0.0010196671709530314,4.852742661679675,210,0,False,0,0,,,0.8097695208033173,0.7115204212933375,,,6.82763385537246,0.17440890222326066,0.8097695208033173,0.7115204212933375,5.698735050490382,0.22770227011184696,0.8675022262916496,0.13088466370472918,0.6510497757393616,0.5801152320517395,0.9314563929544831,0.13997878441048184,0,v1_3_naive_score_0p5_5p5_r2_0p25,1.0,1.0,1.0,1.0,1.0,1.0,False,False,False,False,False,,FULL_POSITION,,0,False,False,3.076,0.646,1.153,1.286,1.326,3.805,False,False,False,False,False,False,2026-09-02,2026-09-02,2026-09-02,2026-09-02,2026-09-02,2026-09-02,2026-09-02
2021-01-08,SubD V1.3,减: 创业板100ETF(159915.SZ) (100.00% NAV) / 加: 豆粕ETF(159985.SZ) (100.00% NAV),159915.SZ,159985.SZ,159915.SZ,159985.SZ,创业板100ETF(159915.SZ),豆粕ETF(159985.SZ),1.0,1.0,1.0,1.0,1.0,0.0,1.0,1.0,2.0,0.002,-,1.3,full_entry,159915.SZ,159985.SZ,,,0,159985.SZ,1.0,False,False,False,,,159985.SZ,4.848090686298021,,False,-0.00654450261780104,-0.00654450261780104,0.020504731861198833,0.006013745704467555,0.019778481012658222,0.0038880248833592645,-0.006405329233922563,-0.00654450261780104,-0.00654450261780104,-0.008531413612565486,4.734121921239508,209,0,False,0,0,,,0.9159954737029683,0.5693669486590713,4.848090686298021,0.6001333137625973,6.241696366693094,0.13644388620516046,0.9159954737029683,0.5693669486590713,4.848090686298021,0.6001333137625973,0.8362281586279613,0.08064358842635166,0.6743927618611458,0.46350960524569595,0.9070583609953873,0.7295376052565502,0,v1_3_naive_score_0p5_5p5_r2_0p25,1.0,1.0,1.0,1.0,1.0,1.0,False,False,False,False,False,,FULL_POSITION,,0,False,False,3.036,0.647,1.171,1.289,1.291,3.878,False,False,False,False,False,False,2026-09-02,2026-09-02,2026-09-02,2026-09-02,2026-09-02,2026-09-02,2026-09-02
2021-01-07,SubD V1.3,减: 豆粕ETF(159985.SZ) (100.00% NAV) / 加: 创业板100ETF(159915.SZ) (100.00% NAV),159985.SZ,159915.SZ,159985.SZ,159915.SZ,豆粕ETF(159985.SZ),创业板100ETF(159915.SZ),1.0,1.0,1.0,1.0,1.0,0.0,1.0,1.0,2.0,0.002,-,1.3,full_entry,159985.SZ,159915.SZ,,,0,159915.SZ,1.0,False,False,False,,,159915.SZ,5.443342220453402,4.713352175650352,False,-0.0031007751937984773,0.017649017649017607,0.0031645569620253333,0.0237467018469657,0.009584664536741228,-0.0031007751937984773,-0.007122869498855211,-0.0031007751937984773,-0.0031007751937984773,-0.005094573643410816,4.774858211583885,208,0,False,0,0,5.443342220453402,,0.8179941070700127,,4.713352175650352,0.6645261292707585,5.443342220453402,0.1112493561253336,0.8179941070700127,0.431022273461545,4.713352175650352,0.6645261292707585,0.8046821135569652,0.05437621586493735,0.6366647323808468,0.3724601246535345,0.8933318374122604,0.7727545526190323,0,v1_3_naive_score_0p5_5p5_r2_0p25,1.0,1.0,1.0,1.0,1.0,1.0,False,False,False,False,False,,FULL_POSITION,,0,False,False,3.056,0.634,1.164,1.264,1.286,3.903,False,False,False,False,False,False,2026-09-02,2026-09-02,2026-09-02,2026-09-02,2026-09-02,2026-09-02,2026-09-02
2020-12-29,SubD V1.3,减: 创业板100ETF(159915.SZ) (100.00% NAV) / 加: 豆粕ETF(159985.SZ) (100.00% NAV),159915.SZ,159985.SZ,159915.SZ,159985.SZ,创业板100ETF(159915.SZ),豆粕ETF(159985.SZ),1.0,1.0,1.0,1.0,1.0,0.0,1.0,1.0,2.0,0.002,-,1.3,full_entry,159915.SZ,159985.SZ,,,0,159985.SZ,1.0,False,False,False,,,159985.SZ,1.360521439235196,1.3170031926217205,False,-0.010200364298724951,-0.010200364298724951,0.009316770186335477,0.02108963093145877,0.02657004830917864,-0.007468879668049877,-0.005443234836702948,-0.010200364298724951,-0.010200364298724951,-0.012179963570127628,4.449591579001179,207,0,False,0,0,1.3170031926217205,,0.8149050034780565,,1.360521439235196,0.6556153856235372,1.3170031926217205,0.4018122277305065,0.8149050034780565,0.09649680071942113,1.360521439235196,0.6556153856235372,0.7934838905044284,0.5367180617676659,0.6093485227937234,0.045862467134598406,0.5680563151166137,0.733878991017832,0,v1_3_naive_score_0p5_5p5_r2_0p25,1.0,1.0,1.0,1.0,1.0,1.0,False,False,False,False,False,,FULL_POSITION,,0,False,False,2.717,0.65,1.162,1.275,1.196,3.837,False,False,False,False,False,False,2026-09-02,2026-09-02,2026-09-02,2026-09-02,2026-09-02,2026-09-02,2026-09-02
2020-12-15,SubD V1.3,减: 日经ETF(513520.SH) (100.00% NAV) / 加: 创业板100ETF(159915.SZ) (100.00% NAV),513520.SH,159915.SZ,513520.SH,159915.SZ,日经ETF(513520.SH),创业板100ETF(159915.SZ),1.0,1.0,1.0,1.0,1.0,0.0,1.0,1.0,2.0,0.002,-,1.3,full_entry,513520.SH,159915.SZ,,,0,159915.SZ,1.0,False,False,False,,,159915.SZ,0.5629642324119672,0.55908721722542,False,-0.0008090614886731018,0.009844755774327751,0.006379585326953707,0.007339449541284404,-0.0008090614886731018,-0.0026385224274407815,0.007754010695187219,-0.0008090614886731018,-0.0008090614886731018,-0.0028074433656957165,4.376460223057874,206,0,False,0,0,0.5629642324119672,,,0.55908721722542,,,0.5629642324119672,0.4503945300665233,0.4369843045001618,0.55908721722542,-0.40743480871427484,-0.1767966136871476,0.45058488182097944,0.4701272009535402,0.6208307739056487,0.4846780714405715,0.5391182168411353,0.09416383659236993,0,v1_3_naive_score_0p5_5p5_r2_0p25,1.0,1.0,1.0,1.0,1.0,1.0,False,False,False,False,False,,FULL_POSITION,,0,False,False,2.667,0.631,1.098,1.235,1.134,3.769,False,False,False,False,False,False,2026-09-02,2026-09-02,2026-09-02,2026-09-02,2026-09-02,2026-09-02,2026-09-02
2020-11-10,SubD V1.3,加: 日经ETF(513520.SH) (100.00% NAV),CASH,513520.SH,CASH,513520.SH,现金,日经ETF(513520.SH),0.0,1.0,0.0,0.0,1.0,1.0,1.0,0.0,1.0,0.001,-,1.3,full_entry,CASH,513520.SH,,,0,513520.SH,1.0,False,False,False,,,513520.SH,0.6485756064708468,,False,0.0,-0.01655020228025006,-0.044546850998463894,0.01734104046242768,-0.0034572169403630504,0.003530450132391838,-0.025313283208020176,0.0,0.0,-0.001000000000000112,4.094065570157098,205,0,False,0,0,,,,0.6485756064708468,,,0.501980870601938,-0.4560854421773296,-0.5022260227036718,0.6485756064708468,-0.02085976780829768,-0.06375978883055178,0.208887487647612,0.20026824462358772,0.31435086305977544,0.41330595269726145,0.001838379311079552,0.037255588444067955,0,v1_3_naive_score_0p5_5p5_r2_0p25,1.0,1.0,1.0,1.0,1.0,1.0,False,False,False,False,False,,FULL_POSITION,,0,False,False,2.674,0.622,1.056,1.153,1.137,3.889,False,False,False,False,False,False,2026-09-02,2026-09-02,2026-09-02,2026-09-02,2026-09-02,2026-09-02,2026-09-02
2020-10-30,SubD V1.3,减: 豆粕ETF(159985.SZ) (100.00% NAV),159985.SZ,CASH,159985.SZ,CASH,豆粕ETF(159985.SZ),现金,1.0,0.0,1.0,1.0,0.0,-1.0,0.0,1.0,1.0,0.001,-,1.3,full_entry,159985.SZ,CASH,,,0,CASH,0.0,False,False,False,,,CASH,,,False,-0.0017873100983020196,-0.016877637130801704,-0.02442996742671011,-0.01879327398615227,-0.01359927470534894,-0.0017873100983020196,-0.005867346938775553,-0.0017873100983020196,-0.0017873100983020196,-0.0027855227882037648,4.098163733890989,204,0,False,0,0,,,,,,,0.20395551868795647,-0.5771534519947392,-0.6119486804013304,-0.0737084069565046,0.4869692359022444,-0.10896510986853147,0.03257049804988088,0.2981608193661932,0.6775035124282893,0.10723895283407536,0.23343760500555477,0.1231584836134395,0,v1_3_naive_score_0p5_5p5_r2_0p25,1.0,1.0,1.0,1.0,1.0,1.0,False,False,False,False,False,,CASH,,0,False,False,2.563,0.599,0.992,1.088,1.117,3.897,False,False,False,False,False,False,2026-09-02,2026-09-02,2026-09-02,2026-09-02,2026-09-02,2026-09-02,2026-09-02
2020-10-23,SubD V1.3,减: 创业板100ETF(159915.SZ) (100.00% NAV) / 加: 豆粕ETF(159985.SZ) (100.00% NAV),159915.SZ,159985.SZ,159915.SZ,159985.SZ,创业板100ETF(159915.SZ),豆粕ETF(159985.SZ),1.0,1.0,1.0,1.0,1.0,0.0,1.0,1.0,2.0,0.002,-,1.3,full_entry,159915.SZ,159985.SZ,,,0,159985.SZ,1.0,False,False,False,,,159985.SZ,1.4225724326639568,1.0850663491409973,False,-0.025561580170410436,-0.025561580170410436,-0.006319115323854652,0.0,0.0036330608537693543,-0.012227074235807822,-0.0035264483627204246,-0.025561580170410436,-0.025561580170410436,-0.02751045701006949,4.153682046442781,203,0,False,0,0,1.0850663491409973,,,,1.4225724326639568,,1.0850663491409973,0.03511485333303832,-0.40883048802943434,0.02019786856268424,1.4225724326639568,-0.14952750153094052,0.31091844984039707,0.0006751403347611262,0.4453796342089552,0.009071540439827053,0.647678394803554,0.13807714536492488,0,v1_3_naive_score_0p5_5p5_r2_0p25,1.0,1.0,1.0,1.0,1.0,1.0,False,False,False,False,False,,FULL_POSITION,,0,False,False,2.516,0.629,1.044,1.105,1.131,3.956,False,False,False,False,False,False,2026-09-02,2026-09-02,2026-09-02,2026-09-02,2026-09-02,2026-09-02,2026-09-02
2020-10-15,SubD V1.3,减: 豆粕ETF(159985.SZ) (100.00% NAV) / 加: 创业板100ETF(159915.SZ) (100.00% NAV),159985.SZ,159915.SZ,159985.SZ,159915.SZ,豆粕ETF(159985.SZ),创业板100ETF(159915.SZ),1.0,1.0,1.0,1.0,1.0,0.0,1.0,1.0,2.0,0.002,-,1.3,full_entry,159985.SZ,159915.SZ,,,0,159915.SZ,1.0,False,False,False,,,159915.SZ,1.6753842537767665,1.4051931665381967,False,0.0,-0.006746626686656709,-0.03392330383480824,-0.011981566820276401,-0.00629496402877705,0.0,-0.0012632642748864331,0.0,0.0,-0.0020000000000000018,4.383670928133441,202,0,False,0,0,1.6753842537767665,,,,1.4051931665381967,,1.6753842537767665,0.00835485305216288,-0.3852081002950315,0.18717259692084487,1.4051931665381967,-0.32634603657629624,0.420538504268789,2.694061533792258e-05,0.3088327498495824,0.38010530454574243,0.5756172526396856,0.3696926223103927,0,v1_3_naive_score_0p5_5p5_r2_0p25,1.0,1.0,1.0,1.0,1.0,1.0,False,False,False,False,False,,FULL_POSITION,,0,False,False,2.65,0.655,1.072,1.105,1.127,3.953,False,False,False,False,False,False,2026-09-02,2026-09-02,2026-09-02,2026-09-02,2026-09-02,2026-09-02,2026-09-02
2020-09-14,SubD V1.3,减: 纳指ETF(159941.SZ) (100.00% NAV) / 加: 豆粕ETF(159985.SZ) (100.00% NAV),159941.SZ,159985.SZ,159941.SZ,159985.SZ,纳指ETF(159941.SZ),豆粕ETF(159985.SZ),1.0,1.0,1.0,1.0,1.0,0.0,1.0,1.0,2.0,0.002,-,1.3,full_entry,159941.SZ,159985.SZ,,,0,159985.SZ,1.0,False,False,False,,,159985.SZ,1.14318082169931,,False,0.021180030257186067,0.014291547570437046,0.021180030257186067,0.009786476868327343,0.010009099181073733,0.016838166510757757,-0.0002446782481035914,0.021180030257186067,0.021180030257186067,0.019137670196671674,4.236556786048626,201,0,False,0,0,,,,,1.14318082169931,,-0.49022425813758863,2.3084766467525024,0.04883863713061398,-0.0627463725063444,1.14318082169931,-0.10506197227281533,0.2292956233822958,0.21736401508458614,0.011111267887717546,0.05492428114019221,0.7599827331156357,0.0815965777677633,0,v1_3_naive_score_0p5_5p5_r2_0p25,1.0,1.0,1.0,1.0,1.0,1.0,False,False,False,False,False,,FULL_POSITION,,0,False,False,2.484,0.675,1.135,1.11,1.087,4.086,False,False,False,False,False,False,2026-09-02,2026-09-02,2026-09-02,2026-09-02,2026-09-02,2026-09-02,2026-09-02
2020-09-11,SubD V1.3,减: 豆粕ETF(159985.SZ) (100.00% NAV) / 加: 纳指ETF(159941.SZ) (100.00% NAV),159985.SZ,159941.SZ,159985.SZ,159941.SZ,豆粕ETF(159985.SZ),纳指ETF(159941.SZ),1.0,1.0,1.0,1.0,1.0,0.0,1.0,1.0,2.0,0.002,-,1.3,full_entry,159985.SZ,159941.SZ,,,0,159941.SZ,1.0,False,False,False,,,159941.SZ,3.399846937686066,0.8733195101238345,False,0.021012416427889313,0.019142738243861812,-0.02363367799113736,-0.0061892130857647,0.004570383912248621,0.021012416427889313,-0.002197265625000111,0.021012416427889313,0.021012416427889313,0.018970391595033442,4.1570014630418495,200,0,False,0,0,,3.399846937686066,,,0.8733195101238345,,-0.438263630684083,3.399846937686066,0.01332586782060452,-0.1086271182706936,0.8733195101238345,-0.1314589148109363,0.16936704270158565,0.29513815222653594,0.0008717580691045557,0.19659005290287268,0.7942641358776678,0.10124806517103402,0,v1_3_naive_score_0p5_5p5_r2_0p25,1.0,1.0,1.0,1.0,1.0,1.0,False,False,False,False,False,,FULL_POSITION,,0,False,False,2.449,0.661,1.124,1.099,1.069,4.087,False,False,False,False,False,False,2026-09-02,2026-09-02,2026-09-02,2026-09-02,2026-09-02,2026-09-02,2026-09-02
2020-09-04,SubD V1.3,加: 豆粕ETF(159985.SZ) (100.00% NAV),CASH,159985.SZ,CASH,159985.SZ,现金,豆粕ETF(159985.SZ),0.0,1.0,0.0,0.0,1.0,1.0,1.0,0.0,1.0,0.001,-,1.3,full_entry,CASH,159985.SZ,,,0,159985.SZ,1.0,False,False,False,,,159985.SZ,0.5094054981288403,,False,0.0,-0.005653976630229929,-0.10063694267515932,-0.02617801047120405,-0.01084010840108407,0.018572825024438133,0.002960769800148144,0.0,0.0,-0.001000000000000112,4.060127293398402,199,0,False,0,0,,,,,0.5094054981288403,,0.31206538661825234,21.410717903897634,0.3511997999382641,0.10877642001575016,0.5094054981288403,-0.3097932404494621,0.09629016707498617,0.8088996897963853,0.4600340524400559,0.11955739120622244,0.6526115460489765,0.22709567714085566,0,v1_3_naive_score_0p5_5p5_r2_0p25,1.0,1.0,1.0,1.0,1.0,1.0,False,False,False,False,False,,FULL_POSITION,,0,False,False,2.638,0.706,1.116,1.095,1.042,4.065,False,False,False,False,False,False,2026-09-02,2026-09-02,2026-09-02,2026-09-02,2026-09-02,2026-09-02,2026-09-02
2020-08-31,SubD V1.3,减: 纳指ETF(159941.SZ) (100.00% NAV),159941.SZ,CASH,159941.SZ,CASH,纳指ETF(159941.SZ),现金,1.0,0.0,1.0,1.0,0.0,-1.0,0.0,1.0,1.0,0.001,-,1.3,full_entry,159941.SZ,CASH,,,0,CASH,0.0,False,False,False,,,CASH,,,False,0.019174041297934874,-0.01087771942985738,0.019174041297934874,-0.0035335689045936647,0.005479452054794498,0.0166015625,0.0034071550255536653,0.019174041297934874,0.019174041297934874,0.018154867256636953,4.064191484883286,198,0,False,0,0,,,,,,,-0.268454256937669,5.985273732050456,0.4832977954696125,0.2953894310506979,0.2878099575535298,-0.41540151888627586,0.0963598981336925,0.8091822863783558,0.7222469270374086,0.4559426008337054,0.2926925393116282,0.3254251690718205,0,v1_3_naive_score_0p5_5p5_r2_0p25,1.0,1.0,1.0,1.0,1.0,1.0,False,False,False,False,False,,CASH,,0,False,False,2.637,0.691,1.128,1.101,1.041,4.123,False,False,False,False,False,False,2026-09-02,2026-09-02,2026-09-02,2026-09-02,2026-09-02,2026-09-02,2026-09-02
2020-08-13,SubD V1.3,减: 黄金ETF(518880.SH) (100.00% NAV) / 加: 纳指ETF(159941.SZ) (100.00% NAV),518880.SH,159941.SZ,518880.SH,159941.SZ,黄金ETF(518880.SH),纳指ETF(159941.SZ),1.0,1.0,1.0,1.0,1.0,0.0,1.0,1.0,2.0,0.002,-,1.3,full_entry,518880.SH,159941.SZ,,,0,159941.SZ,1.0,False,False,False,,,159941.SZ,0.8547090798825885,,False,0.016294810729506226,-0.005102040816326481,0.01686340640809436,0.008992805755395628,0.016528925619834656,0.011055276381909618,0.016294810729506226,0.016294810729506226,0.016294810729506226,0.014262221108047202,3.550160095529135,197,0,False,0,0,,0.8547090798825885,,,,,-0.20573150763533632,0.8547090798825885,0.2899617319380816,0.052268241609264354,-0.2711149692755651,0.9133899920504873,0.0336624399130353,0.4762125195617538,0.26833146295706733,0.019107126146404196,0.28177236990416177,0.2066853675412077,0,v1_3_naive_score_0p5_5p5_r2_0p25,1.0,1.0,1.0,1.0,1.0,1.0,False,False,False,False,False,,FULL_POSITION,,0,False,False,2.535,0.603,1.122,1.107,1.006,4.054,False,False,False,False,False,False,2026-09-02,2026-09-02,2026-09-02,2026-09-02,2026-09-02,2026-09-02,2026-09-02
2020-07-30,SubD V1.3,减: 德国ETF(513030.SH) (100.00% NAV) / 加: 黄金ETF(518880.SH) (100.00% NAV),513030.SH,518880.SH,513030.SH,518880.SH,德国ETF(513030.SH),黄金ETF(518880.SH),1.0,1.0,1.0,1.0,1.0,0.0,1.0,1.0,2.0,0.002,-,1.3,full_entry,513030.SH,518880.SH,,,0,518880.SH,1.0,False,False,False,,,518880.SH,1.8237476374226156,1.5602464624713965,False,-0.000904159132007365,-0.010447761194029903,-0.0034482758620689724,-0.000904159132007365,-0.0036596523330283404,-0.004873294346978696,-0.007608178792201659,-0.000904159132007365,-0.000904159132007365,-0.0029023508137433485,3.662571378261853,196,0,False,0,0,,,1.5602464624713965,,0.587738796806125,1.8237476374226156,0.8415677216477933,0.4377104607993918,1.5602464624713965,0.27483485756853554,0.587738796806125,1.8237476374226156,0.12952950534654073,0.12138141376601697,0.7932011895738345,0.4457231990994086,0.510957528751021,0.7178335838337842,0,v1_3_naive_score_0p5_5p5_r2_0p25,1.0,1.0,1.0,1.0,1.0,1.0,False,False,False,False,False,,FULL_POSITION,,0,False,False,2.652,0.578,1.105,1.089,1.021,4.174,False,False,False,False,False,False,2026-09-02,2026-09-02,2026-09-02,2026-09-02,2026-09-02,2026-09-02,2026-09-02
2020-07-28,SubD V1.3,减: 创业板100ETF(159915.SZ) (100.00% NAV) / 加: 德国ETF(513030.SH) (100.00% NAV),159915.SZ,513030.SH,159915.SZ,513030.SH,创业板100ETF(159915.SZ),德国ETF(513030.SH),1.0,1.0,1.0,1.0,1.0,0.0,1.0,1.0,2.0,0.002,-,1.3,full_entry,159915.SZ,513030.SH,,,0,513030.SH,1.0,False,False,False,,,513030.SH,1.7624606158003555,,False,0.012992125984252034,0.012992125984252034,0.013913043478260834,0.006363636363636349,-0.0009090909090909705,-0.02854424357754526,-0.0011896264572923698,0.012992125984252034,0.012992125984252034,0.010966141732283496,3.67655357387705,195,0,False,0,0,,,1.7624606158003555,,0.762023566949724,1.3253109746691445,1.3927931008020114,0.6579869420534257,1.7624606158003555,0.25495736234206023,0.762023566949724,1.3253109746691445,0.19208591923332674,0.1926532795554181,0.8108528013961771,0.3535317456562127,0.6147685530836098,0.6035383182227921,0,v1_3_naive_score_0p5_5p5_r2_0p25,1.0,1.0,1.0,1.0,1.0,1.0,False,False,False,False,False,,FULL_POSITION,,0,False,False,2.573,0.583,1.107,1.099,1.021,4.198,False,False,False,False,False,False,2026-09-02,2026-09-02,2026-09-02,2026-09-02,2026-09-02,2026-09-02,2026-09-02
2020-07-24,SubD V1.3,减: 德国ETF(513030.SH) (100.00% NAV) / 加: 创业板100ETF(159915.SZ) (100.00% NAV),513030.SH,159915.SZ,513030.SH,159915.SZ,德国ETF(513030.SH),创业板100ETF(159915.SZ),1.0,1.0,1.0,1.0,1.0,0.0,1.0,1.0,2.0,0.002,-,1.3,full_entry,513030.SH,159915.SZ,,,0,159915.SZ,1.0,False,False,False,,,159915.SZ,3.8926356026307056,1.7970650975144733,False,-0.02140945584299736,-0.06245380635624542,-0.033726812816188945,-0.02140945584299736,-0.007359705611775569,0.016520894071914594,0.010575504181013384,-0.02140945584299736,-0.02140945584299736,-0.023366636931311358,3.6323780156216343,194,0,False,0,0,3.8926356026307056,0.8956328976638273,1.7970650975144733,,0.7127520877331581,0.6358845557422701,3.8926356026307056,0.8956328976638273,1.7970650975144733,0.09850741806742125,0.7127520877331581,0.6358845557422701,0.45331420855031135,0.26085623915817713,0.7886880924568994,0.09017314278293598,0.6512589556365782,0.5119569970830526,0,v1_3_naive_score_0p5_5p5_r2_0p25,1.0,1.0,1.0,1.0,1.0,1.0,False,False,False,False,False,,FULL_POSITION,,0,False,False,2.537,0.573,1.097,1.079,1.046,4.109,False,False,False,False,False,False,2026-09-02,2026-09-02,2026-09-02,2026-09-02,2026-09-02,2026-09-02,2026-09-02
2020-07-16,SubD V1.3,减: 纳指ETF(159941.SZ) (100.00% NAV) / 加: 德国ETF(513030.SH) (100.00% NAV),159941.SZ,513030.SH,159941.SZ,513030.SH,纳指ETF(159941.SZ),德国ETF(513030.SH),1.0,1.0,1.0,1.0,1.0,0.0,1.0,1.0,2.0,0.002,-,1.3,full_entry,159941.SZ,513030.SH,,,0,513030.SH,1.0,False,False,False,,,513030.SH,0.6815715885919125,,False,-0.08777969018932863,-0.0602498163115357,-0.08777969018932863,0.00280636108512633,-0.009124087591240837,0.00700700700700696,-0.003299492385786751,-0.08777969018932863,-0.08777969018932863,-0.08960413080895002,3.5567116299567156,193,0,False,0,0,,,0.6815715885919125,,,,21.436977958682093,0.813518911108396,0.6815715885919125,-0.0030551742803300863,0.4735356885900983,0.3158396775296606,0.8476722215805004,0.21337009981984434,0.5033037418846722,5.3456080018277063e-05,0.5122580952829766,0.7012199842375018,0,v1_3_naive_score_0p5_5p5_r2_0p25,1.0,1.0,1.0,1.0,1.0,1.0,False,False,False,False,False,,FULL_POSITION,,0,False,False,2.558,0.53,1.072,1.086,1.006,3.927,False,False,False,False,False,False,2026-09-02,2026-09-02,2026-09-02,2026-09-02,2026-09-02,2026-09-02,2026-09-02
2020-06-30,SubD V1.3,减: 创业板100ETF(159915.SZ) (100.00% NAV) / 加: 纳指ETF(159941.SZ) (100.00% NAV),159915.SZ,159941.SZ,159915.SZ,159941.SZ,创业板100ETF(159915.SZ),纳指ETF(159941.SZ),1.0,1.0,1.0,1.0,1.0,0.0,1.0,1.0,2.0,0.002,-,1.3,full_entry,159915.SZ,159941.SZ,,,0,159941.SZ,1.0,False,False,False,,,159941.SZ,0.635752609889112,,False,0.02788671023965139,0.02788671023965139,0.009225092250922495,0.008884501480750373,-0.001865671641791078,0.002053388090349051,0.001023017902813228,0.02788671023965139,0.02788671023965139,0.025830936819172035,3.6781511354526475,192,0,False,0,0,,0.635752609889112,,,,,5.53531030203576,0.635752609889112,0.13847360651948315,0.020809640044972655,0.028333610647551355,0.2729141730947675,0.9463309342783761,0.3715028834609564,0.01226830204537166,0.0009634861193513755,0.02198590647612164,0.35028543769974085,0,v1_3_naive_score_0p5_5p5_r2_0p25,1.0,1.0,1.0,1.0,1.0,1.0,False,False,False,False,False,,FULL_POSITION,,0,False,False,2.359,0.547,1.022,1.07,0.976,3.914,False,False,False,False,False,False,2026-09-02,2026-09-02,2026-09-02,2026-09-02,2026-09-02,2026-09-02,2026-09-02
2020-06-19,SubD V1.3,减: 德国ETF(513030.SH) (100.00% NAV) / 加: 创业板100ETF(159915.SZ) (100.00% NAV),513030.SH,159915.SZ,513030.SH,159915.SZ,德国ETF(513030.SH),创业板100ETF(159915.SZ),1.0,1.0,1.0,1.0,1.0,0.0,1.0,1.0,2.0,0.002,-,1.3,full_entry,513030.SH,159915.SZ,,,0,159915.SZ,1.0,False,False,False,,,159915.SZ,2.7970832420400855,2.2023676752188055,False,0.0009643201542912649,0.020054694621695512,0.0072727272727273196,0.0009643201542912649,0.004608294930875667,-0.003064351378958108,0.002085505735140769,0.0009643201542912649,0.0009643201542912649,-0.0010376084860174162,3.496480982797739,191,0,False,0,0,2.7970832420400855,0.7968485532186407,2.2023676752188055,0.9025800381260811,,,2.7970832420400855,0.7968485532186407,2.2023676752188055,0.9025800381260811,0.2081984899100655,-0.0933169788673861,0.8870126902382468,0.44928753458792947,0.3626752347511423,0.3269833528500614,0.3589266768208592,0.10360976409844702,0,v1_3_naive_score_0p5_5p5_r2_0p25,1.0,1.0,1.0,1.0,1.0,1.0,False,False,False,False,False,,FULL_POSITION,,0,False,False,2.238,0.554,1.038,1.09,0.976,3.844,False,False,False,False,False,False,2026-09-02,2026-09-02,2026-09-02,2026-09-02,2026-09-02,2026-09-02,2026-09-02
2020-06-16,SubD V1.3,减: 日经ETF(513520.SH) (100.00% NAV) / 加: 德国ETF(513030.SH) (100.00% NAV),513520.SH,513030.SH,513520.SH,513030.SH,日经ETF(513520.SH),德国ETF(513030.SH),1.0,1.0,1.0,1.0,1.0,0.0,1.0,1.0,2.0,0.002,-,1.3,full_entry,513520.SH,513030.SH,,,0,513030.SH,1.0,False,False,False,,,513030.SH,5.108814717959878,1.805308990332938,False,0.05187319884726227,0.01961700140121425,0.044230769230769296,0.052093973442288055,0.05187319884726227,0.00820512820512831,-0.0010405827263267886,0.05187319884726227,0.05187319884726227,0.049769452449567764,3.476486124736633,190,0,False,0,0,1.6952520059923653,0.6423536575307829,5.108814717959878,1.805308990332938,,,1.6952520059923653,0.6423536575307829,5.108814717959878,1.805308990332938,0.40488387946987525,-0.12729793005247758,0.7392614922059948,0.34600015483108215,0.5383292625014876,0.5001934141158545,0.5809258036496623,0.14262461513241653,0,v1_3_naive_score_0p5_5p5_r2_0p25,1.0,1.0,1.0,1.0,1.0,1.0,False,False,False,False,False,,FULL_POSITION,,0,False,False,2.183,0.543,1.03,1.095,0.983,3.84,False,False,False,False,False,False,2026-09-02,2026-09-02,2026-09-02,2026-09-02,2026-09-02,2026-09-02,2026-09-02
2020-06-03,SubD V1.3,减: 德国ETF(513030.SH) (100.00% NAV) / 加: 日经ETF(513520.SH) (100.00% NAV),513030.SH,513520.SH,513030.SH,513520.SH,德国ETF(513030.SH),日经ETF(513520.SH),1.0,1.0,1.0,1.0,1.0,0.0,1.0,1.0,2.0,0.002,-,1.3,full_entry,513030.SH,513520.SH,,,0,513520.SH,1.0,False,False,False,,,513520.SH,3.7807394501369007,,False,0.02202202202202197,-0.0033865505563619447,0.005639097744360999,0.02202202202202197,0.0036866359447005337,0.007246376811594235,-0.009002057613168635,0.02202202202202197,0.02202202202202197,0.019977977977977845,3.464365616930842,189,0,False,0,0,,,,3.7807394501369007,,0.5079512458607949,0.1481788201759957,0.2816006731140168,6.134647033243193,3.7807394501369007,0.47026554565722,0.5079512458607949,0.037109374642780746,0.1285512501777233,0.7788517010877194,0.8357317509580364,0.5639473656464391,0.5096025441816903,0,v1_3_naive_score_0p5_5p5_r2_0p25,1.0,1.0,1.0,1.0,1.0,1.0,False,False,False,False,False,,FULL_POSITION,,0,False,False,2.06,0.535,1.021,1.089,0.973,3.853,False,False,False,False,False,False,2026-09-02,2026-09-02,2026-09-02,2026-09-02,2026-09-02,2026-09-02,2026-09-02
2020-05-26,SubD V1.3,减: 日经ETF(513520.SH) (100.00% NAV) / 加: 德国ETF(513030.SH) (100.00% NAV),513520.SH,513030.SH,513520.SH,513030.SH,日经ETF(513520.SH),德国ETF(513030.SH),1.0,1.0,1.0,1.0,1.0,0.0,1.0,1.0,2.0,0.002,-,1.3,full_entry,513520.SH,513030.SH,,,0,513030.SH,1.0,False,False,False,,,513030.SH,1.2718524199607377,1.2687796711177342,False,0.019743336623889496,0.031898734177215005,0.018975332068311257,0.029252437703141787,0.019743336623889496,0.0020682523267838704,0.00466562986003094,0.019743336623889496,0.019743336623889496,0.01770384995064167,3.2299146148166074,188,0,False,0,0,,,1.2718524199607377,1.2687796711177342,,0.9395442339271205,0.3435820393383857,0.46065227050677615,1.2718524199607377,1.2687796711177342,0.09626235068270561,0.9395442339271205,0.1437610805543803,0.13004122489231362,0.42435555790427437,0.7282626860408623,0.05379413009508771,0.7368911172479774,0,v1_3_naive_score_0p5_5p5_r2_0p25,1.0,1.0,1.0,1.0,1.0,1.0,False,False,False,False,False,,FULL_POSITION,,0,False,False,2.038,0.537,0.95,1.033,0.969,3.876,False,False,False,False,False,False,2026-09-02,2026-09-02,2026-09-02,2026-09-02,2026-09-02,2026-09-02,2026-09-02
2020-05-25,SubD V1.3,减: 黄金ETF(518880.SH) (100.00% NAV) / 加: 日经ETF(513520.SH) (100.00% NAV),518880.SH,513520.SH,518880.SH,513520.SH,黄金ETF(518880.SH),日经ETF(513520.SH),1.0,1.0,1.0,1.0,1.0,0.0,1.0,1.0,2.0,0.002,-,1.3,full_entry,518880.SH,513520.SH,,,0,513520.SH,1.0,False,False,False,,,513520.SH,1.0502286163966463,0.9616527995103759,False,-0.0018111254851229663,0.0015212981744423537,0.02529182879377445,0.032438478747203625,0.02323232323232305,0.009394572025052117,-0.0018111254851229663,-0.0018111254851229663,-0.0018111254851229663,-0.003807503234152687,3.1737274207749704,187,0,False,0,0,,,0.8461801713291335,1.0502286163966463,,0.9616527995103759,0.37931999812026373,0.4002644301907472,0.8461801713291335,1.0502286163966463,0.005267804826190714,0.9616527995103759,0.15556851760078794,0.10040901369746646,0.3341025316052423,0.7171431669583974,0.00021593999446745116,0.7313894343052396,0,v1_3_naive_score_0p5_5p5_r2_0p25,1.0,1.0,1.0,1.0,1.0,1.0,False,False,False,False,False,,FULL_POSITION,,0,False,False,1.975,0.527,0.923,1.013,0.967,3.858,False,False,False,False,False,False,2026-09-02,2026-09-02,2026-09-02,2026-09-02,2026-09-02,2026-09-02,2026-09-02
2020-05-22,SubD V1.3,减: 日经ETF(513520.SH) (100.00% NAV) / 加: 黄金ETF(518880.SH) (100.00% NAV),513520.SH,518880.SH,513520.SH,518880.SH,日经ETF(513520.SH),黄金ETF(518880.SH),1.0,1.0,1.0,1.0,1.0,0.0,1.0,1.0,2.0,0.002,-,1.3,full_entry,513520.SH,518880.SH,,,0,518880.SH,1.0,False,False,False,,,518880.SH,1.002301039815526,0.9709971042616938,False,-0.008016032064128265,-0.023762376237623783,-0.01908396946564883,-0.021881838074398252,-0.008016032064128265,0.008421052631578885,-0.0012919896640826156,-0.008016032064128265,-0.008016032064128265,-0.010000000000000009,3.185857583828949,186,0,False,0,0,0.6609494435139593,,,0.9709971042616938,,1.002301039815526,0.6609494435139593,0.4566607388251349,0.6422113332690647,0.9709971042616938,-0.08716178366126848,1.002301039815526,0.3625612897318279,0.1105251841349022,0.249813869318945,0.6855319775831478,0.07889383634482272,0.7362222018181953,0,v1_3_naive_score_0p5_5p5_r2_0p25,1.0,1.0,1.0,1.0,1.0,1.0,False,False,False,False,False,,FULL_POSITION,,0,False,False,1.972,0.514,0.894,0.99,0.958,3.865,False,False,False,False,False,False,2026-09-02,2026-09-02,2026-09-02,2026-09-02,2026-09-02,2026-09-02,2026-09-02
2020-05-21,SubD V1.3,减: 创业板100ETF(159915.SZ) (100.00% NAV) / 加: 日经ETF(513520.SH) (100.00% NAV),159915.SZ,513520.SH,159915.SZ,513520.SH,创业板100ETF(159915.SZ),日经ETF(513520.SH),1.0,1.0,1.0,1.0,1.0,0.0,1.0,1.0,2.0,0.002,-,1.3,full_entry,159915.SZ,513520.SH,,,0,513520.SH,1.0,False,False,False,,,513520.SH,1.0757456049462246,1.0577905310926203,False,-0.010289073983341446,-0.010289073983341446,0.009633911368015502,0.007717750826901959,0.0,-0.006276150627615107,-0.009216589861751112,-0.010289073983341446,-0.010289073983341446,-0.012268495835374815,3.218037963463585,185,0,False,0,0,1.0577905310926203,,,1.0757456049462246,,0.9978799865310162,1.0577905310926203,0.7307661079362135,0.652671989787629,1.0757456049462246,-0.14651023944891872,0.9978799865310162,0.6864436566694314,0.19827407848351875,0.2417908888017969,0.7158688537000351,0.22047880330979108,0.7183489410119142,0,v1_3_naive_score_0p5_5p5_r2_0p25,1.0,1.0,1.0,1.0,1.0,1.0,False,False,False,False,False,,FULL_POSITION,,0,False,False,2.02,0.524,0.914,0.998,0.95,3.87,False,False,False,False,False,False,2026-09-02,2026-09-02,2026-09-02,2026-09-02,2026-09-02,2026-09-02,2026-09-02
2020-05-19,SubD V1.3,减: 纳指ETF(159941.SZ) (100.00% NAV) / 加: 创业板100ETF(159915.SZ) (100.00% NAV),159941.SZ,159915.SZ,159941.SZ,159915.SZ,纳指ETF(159941.SZ),创业板100ETF(159915.SZ),1.0,1.0,1.0,1.0,1.0,0.0,1.0,1.0,2.0,0.002,-,1.3,full_entry,159941.SZ,159915.SZ,,,0,159915.SZ,1.0,False,False,False,,,159915.SZ,1.5145372781432047,1.2693220358833508,False,0.01945525291828787,0.010789602746444249,0.01945525291828787,0.05034324942791768,0.014184397163120366,-0.0021008403361344463,-0.015788133435192253,0.01945525291828787,0.01945525291828787,0.01741634241245138,3.289934444482256,184,0,False,0,0,1.5145372781432047,1.2693220358833508,,1.1007695408683658,,0.7975983014157046,1.5145372781432047,1.2693220358833508,0.34970857543796785,1.1007695408683658,-0.23355427604960122,0.7975983014157046,0.8278488880406197,0.3077950419063207,0.10222390183589536,0.6871235974979486,0.46091691372751387,0.6340342689621244,0,v1_3_naive_score_0p5_5p5_r2_0p25,1.0,1.0,1.0,1.0,1.0,1.0,False,False,False,False,False,,FULL_POSITION,,0,False,False,2.061,0.524,0.918,1.001,0.95,3.865,False,False,False,False,False,False,2026-09-02,2026-09-02,2026-09-02,2026-09-02,2026-09-02,2026-09-02,2026-09-02
2020-05-13,SubD V1.3,减: 创业板100ETF(159915.SZ) (100.00% NAV) / 加: 纳指ETF(159941.SZ) (100.00% NAV),159915.SZ,159941.SZ,159915.SZ,159941.SZ,创业板100ETF(159915.SZ),纳指ETF(159941.SZ),1.0,1.0,1.0,1.0,1.0,0.0,1.0,1.0,2.0,0.002,-,1.3,full_entry,159915.SZ,159941.SZ,,,0,159941.SZ,1.0,False,False,False,,,159941.SZ,4.710281809195398,1.8396296935091474,False,0.007342143906020393,0.007342143906020393,-0.015296367112810683,-0.004540295119182747,0.0060975609756097615,-0.004210526315789442,0.002936465563267543,0.007342143906020393,0.007342143906020393,0.005327459618208241,3.239907752352724,183,0,False,0,0,1.8396296935091474,4.710281809195398,0.624893362544656,1.5285695103647297,,,1.8396296935091474,4.710281809195398,0.624893362544656,1.5285695103647297,-0.2737557323676233,0.3575145188958122,0.8354982181138557,0.7412774599559686,0.3128478928521381,0.7924549626660193,0.6044228848735654,0.5846237537998142,0,v1_3_naive_score_0p5_5p5_r2_0p25,1.0,1.0,1.0,1.0,1.0,1.0,False,False,False,False,False,,FULL_POSITION,,0,False,False,2.058,0.515,0.877,0.99,0.946,3.757,False,False,False,False,False,False,2026-09-02,2026-09-02,2026-09-02,2026-09-02,2026-09-02,2026-09-02,2026-09-02
2020-05-07,SubD V1.3,减: 日经ETF(513520.SH) (100.00% NAV) / 加: 创业板100ETF(159915.SZ) (100.00% NAV),513520.SH,159915.SZ,513520.SH,159915.SZ,日经ETF(513520.SH),创业板100ETF(159915.SZ),1.0,1.0,1.0,1.0,1.0,0.0,1.0,1.0,2.0,0.002,-,1.3,full_entry,513520.SH,159915.SZ,,,0,159915.SZ,1.0,False,False,False,,,159915.SZ,1.6642340277269305,1.574764940422777,False,-0.0051440329218107594,-0.0019714144898964614,-0.011131725417439675,-0.015659955257270708,-0.0051440329218107594,-0.0010449320794148065,-0.004811547714514863,-0.0051440329218107594,-0.0051440329218107594,-0.0071337448559671834,3.1943445679085416,182,0,False,0,0,1.6642340277269305,,1.0690776731033131,1.574764940422777,,0.5134054430928598,1.6642340277269305,8.629469268029057,1.0690776731033131,1.574764940422777,-0.36371547455085906,0.5134054430928598,0.7709214811970964,0.8871346199082177,0.42341488044806286,0.7261042425483856,0.657431473352399,0.5900545624082054,0,v1_3_naive_score_0p5_5p5_r2_0p25,1.0,1.0,1.0,1.0,1.0,1.0,False,False,False,False,False,,FULL_POSITION,,0,False,False,2.025,0.533,0.88,0.967,0.956,3.723,False,False,False,False,False,False,2026-09-02,2026-09-02,2026-09-02,2026-09-02,2026-09-02,2026-09-02,2026-09-02
2020-04-30,SubD V1.3,减: 纳指ETF(159941.SZ) (100.00% NAV) / 加: 日经ETF(513520.SH) (100.00% NAV),159941.SZ,513520.SH,159941.SZ,513520.SH,纳指ETF(159941.SZ),日经ETF(513520.SH),1.0,1.0,1.0,1.0,1.0,0.0,1.0,1.0,2.0,0.002,-,1.3,full_entry,159941.SZ,513520.SH,,,0,513520.SH,1.0,False,False,False,,,513520.SH,1.746458220147305,,False,0.03435114503816794,0.021004098360655865,0.03435114503816794,0.0338600451467268,0.0,0.002111932418162654,0.003482453790516926,0.03435114503816794,0.03435114503816794,0.032282442748091666,3.243775738188239,181,0,False,0,0,1.400251044955716,,1.27465405501467,1.746458220147305,,0.6483839499152366,1.400251044955716,7.043900028298758,1.27465405501467,1.746458220147305,-0.45179257162668596,0.6483839499152366,0.7300123957187519,0.8555293462592866,0.4451330006813794,0.721026684163498,0.7635327491471868,0.6565062194840652,0,v1_3_naive_score_0p5_5p5_r2_0p25,1.0,1.0,1.0,1.0,1.0,1.0,False,False,False,False,False,,FULL_POSITION,,0,False,False,1.993,0.542,0.916,0.98,0.949,3.746,False,False,False,False,False,False,2026-09-02,2026-09-02,2026-09-02,2026-09-02,2026-09-02,2026-09-02,2026-09-02
2020-04-23,SubD V1.3,减: 德国ETF(513030.SH) (100.00% NAV) / 加: 纳指ETF(159941.SZ) (100.00% NAV),513030.SH,159941.SZ,513030.SH,159941.SZ,德国ETF(513030.SH),纳指ETF(159941.SZ),1.0,1.0,1.0,1.0,1.0,0.0,1.0,1.0,2.0,0.002,-,1.3,full_entry,513030.SH,159941.SZ,,,0,159941.SZ,1.0,False,False,False,,,159941.SZ,3.535994887141997,2.7854102357188055,False,0.005868544600938996,-0.00813421453990848,0.010288065843621519,0.005868544600938996,0.009687836383207582,0.0031250000000000444,0.017691888949374013,0.005868544600938996,0.005868544600938996,0.0038568075117371148,2.944438484811736,180,0,False,0,0,2.010860222050484,3.535994887141997,2.7854102357188055,2.1057280194990415,,0.9380212075881535,2.010860222050484,3.535994887141997,2.7854102357188055,2.1057280194990415,-0.5385481855053418,0.9380212075881535,0.7885473911119922,0.7565987161405824,0.6160966368805103,0.6883565902078763,0.7527314048028252,0.6241548063998152,0,v1_3_naive_score_0p5_5p5_r2_0p25,1.0,1.0,1.0,1.0,1.0,1.0,False,False,False,False,False,,FULL_POSITION,,0,False,False,1.951,0.491,0.857,0.938,0.963,3.739,False,False,False,False,False,False,2026-09-02,2026-09-02,2026-09-02,2026-09-02,2026-09-02,2026-09-02,2026-09-02
2020-04-21,SubD V1.3,减: 日经ETF(513520.SH) (100.00% NAV) / 加: 德国ETF(513030.SH) (100.00% NAV),513520.SH,513030.SH,513520.SH,513030.SH,日经ETF(513520.SH),德国ETF(513030.SH),1.0,1.0,1.0,1.0,1.0,0.0,1.0,1.0,2.0,0.002,-,1.3,full_entry,513520.SH,513030.SH,,,0,513030.SH,1.0,False,False,False,,,513030.SH,4.9245189714517,3.314976788733463,False,-0.013669821240799185,-0.01015744032503807,-0.010141987829614618,-0.0182648401826484,-0.013669821240799185,-0.001051524710830698,0.009038619556286154,-0.013669821240799185,-0.013669821240799185,-0.015642481598317604,2.9606670715270598,179,0,False,0,0,1.8473844942603255,3.7620852075728797,4.9245189714517,3.314976788733463,,1.308773678722356,1.8473844942603255,3.7620852075728797,4.9245189714517,3.314976788733463,-0.5249457864467449,1.308773678722356,0.7248765877400583,0.7337955964152595,0.7708194672216345,0.7941743534723873,0.6075767422290285,0.6510849275223627,0,v1_3_naive_score_0p5_5p5_r2_0p25,1.0,1.0,1.0,1.0,1.0,1.0,False,False,False,False,False,,FULL_POSITION,,0,False,False,1.949,0.488,0.86,0.938,0.95,3.684,False,False,False,False,False,False,2026-09-02,2026-09-02,2026-09-02,2026-09-02,2026-09-02,2026-09-02,2026-09-02
2020-04-17,SubD V1.3,减: 德国ETF(513030.SH) (100.00% NAV) / 加: 日经ETF(513520.SH) (100.00% NAV),513030.SH,513520.SH,513030.SH,513520.SH,德国ETF(513030.SH),日经ETF(513520.SH),1.0,1.0,1.0,1.0,1.0,0.0,1.0,1.0,2.0,0.002,-,1.3,full_entry,513030.SH,513520.SH,,,0,513520.SH,1.0,False,False,False,,,513520.SH,4.0380946277525505,,False,0.011587485515643037,0.005693581780538359,0.030991735537190035,0.011587485515643037,0.018143009605122717,-0.0010395010395010118,-0.01635388739946375,0.011587485515643037,0.011587485515643037,0.00956431054461171,3.0172032617867024,178,0,False,0,0,1.312088627152968,3.2264166410045565,,4.0380946277525505,,1.9491339157422791,1.312088627152968,3.2264166410045565,5.765780368489633,4.0380946277525505,-0.3829302188177931,1.9491339157422791,0.5687197979425693,0.6684108516191354,0.7505242413404782,0.8054797601582074,0.29410298435507254,0.7500356261970675,0,v1_3_naive_score_0p5_5p5_r2_0p25,1.0,1.0,1.0,1.0,1.0,1.0,False,False,False,False,False,,FULL_POSITION,,0,False,False,1.943,0.499,0.873,0.954,0.961,3.669,False,False,False,False,False,False,2026-09-02,2026-09-02,2026-09-02,2026-09-02,2026-09-02,2026-09-02,2026-09-02
2020-04-14,SubD V1.3,减: 日经ETF(513520.SH) (100.00% NAV) / 加: 德国ETF(513030.SH) (100.00% NAV),513520.SH,513030.SH,513520.SH,513030.SH,日经ETF(513520.SH),德国ETF(513030.SH),1.0,1.0,1.0,1.0,1.0,0.0,1.0,1.0,2.0,0.002,-,1.3,full_entry,513520.SH,513030.SH,,,0,513030.SH,1.0,False,False,False,,,513030.SH,2.9821134274631,2.68277514071068,False,0.03056768558951961,0.030221262817053507,0.03083700440528636,0.035169988276670505,0.03056768558951961,0.0,0.011444141689373355,0.03056768558951961,0.03056768558951961,0.028506550218340587,3.0578803427676187,177,0,False,0,0,,1.2598610252936866,2.9821134274631,2.68277514071068,,1.9539939109543711,0.39195263506548583,1.2598610252936866,2.9821134274631,2.68277514071068,-0.08020032180745384,1.9539939109543711,0.09262257700442922,0.4074790165904838,0.3387785740381454,0.5121583051875782,0.0079774336644437,0.6266548710694697,0,v1_3_naive_score_0p5_5p5_r2_0p25,1.0,1.0,1.0,1.0,1.0,1.0,False,False,False,False,False,,FULL_POSITION,,0,False,False,1.909,0.468,0.883,0.944,0.976,3.712,False,False,False,False,False,False,2026-09-02,2026-09-02,2026-09-02,2026-09-02,2026-09-02,2026-09-02,2026-09-02
2020-04-13,SubD V1.3,减: 黄金ETF(518880.SH) (100.00% NAV) / 加: 日经ETF(513520.SH) (100.00% NAV),518880.SH,513520.SH,518880.SH,513520.SH,黄金ETF(518880.SH),日经ETF(513520.SH),1.0,1.0,1.0,1.0,1.0,0.0,1.0,1.0,2.0,0.002,-,1.3,full_entry,518880.SH,513520.SH,,,0,513520.SH,1.0,False,False,False,,,513520.SH,1.8363062250338502,1.66641325644088,False,-0.0002724053391446324,-0.012786361214704334,-0.008733624454148492,-0.01044083526682138,-0.007583965330444253,-0.007121057985757906,-0.0002724053391446324,-0.0002724053391446324,-0.0002724053391446324,-0.002271860528466396,2.973126755603515,176,0,False,0,0,,0.9685880296283218,,1.8363062250338502,,1.66641325644088,0.10527756970503477,0.9685880296283218,1.5636347366563754,1.8363062250338502,0.04732077428766801,1.66641325644088,0.007761848725419629,0.2909167117458781,0.1551580685590911,0.3354440939594988,0.0022218591913262253,0.5186513110450441,0,v1_3_naive_score_0p5_5p5_r2_0p25,1.0,1.0,1.0,1.0,1.0,1.0,False,False,False,False,False,,FULL_POSITION,,0,False,False,1.853,0.454,0.853,0.916,0.976,3.67,False,False,False,False,False,False,2026-09-02,2026-09-02,2026-09-02,2026-09-02,2026-09-02,2026-09-02,2026-09-02
2020-04-09,SubD V1.3,加: 黄金ETF(518880.SH) (100.00% NAV),CASH,518880.SH,CASH,518880.SH,现金,黄金ETF(518880.SH),0.0,1.0,0.0,0.0,1.0,1.0,1.0,0.0,1.0,0.001,-,1.3,full_entry,CASH,518880.SH,,,0,518880.SH,1.0,False,False,False,,,518880.SH,1.1257850825454851,,False,0.0,0.016402116402116418,0.013071895424836555,0.016568047337278013,0.01422319474835887,0.0010193679918450993,0.0024718483932986146,0.0,0.0,-0.0009999999999998899,2.9628501302203403,175,0,False,0,0,,,,,,1.1257850825454851,-0.237214715765093,0.6292080632694264,0.04031054156992209,0.7204180444004129,0.351770446602955,1.1257850825454851,0.0363873034465797,0.12220310518728572,0.00021163138695945438,0.07579315849658319,0.07828963704923608,0.29536480539371623,0,v1_3_naive_score_0p5_5p5_r2_0p25,1.0,1.0,1.0,1.0,1.0,1.0,False,False,False,False,False,,FULL_POSITION,,0,False,False,1.921,0.465,0.859,0.927,0.982,3.65,False,False,False,False,False,False,2026-09-02,2026-09-02,2026-09-02,2026-09-02,2026-09-02,2026-09-02,2026-09-02
2020-04-07,SubD V1.3,减: 豆粕ETF(159985.SZ) (100.00% NAV),159985.SZ,CASH,159985.SZ,CASH,豆粕ETF(159985.SZ),现金,1.0,0.0,1.0,1.0,0.0,-1.0,0.0,1.0,1.0,0.001,-,1.3,full_entry,159985.SZ,CASH,,,0,CASH,0.0,False,False,False,,,CASH,,,False,0.0030737704918033515,0.03271537622682641,0.04761904761904767,0.07547169811320753,0.05069124423963145,0.0030737704918033515,0.028251748251748143,0.0030737704918033515,0.0030737704918033515,0.002070696721311549,2.9658159461665066,174,0,False,0,0,,,,,,,-0.6294724683886537,-0.04541279883154892,-0.6857319175019958,-0.2091672101875539,0.7427683999821773,0.5936459552280975,0.3460514708802349,0.0009081992855030085,0.13045309692358653,0.011590732189939112,0.22331216558727107,0.10869520514583852,0,v1_3_naive_score_0p5_5p5_r2_0p25,1.0,1.0,1.0,1.0,1.0,1.0,False,False,False,False,False,,CASH,,0,False,False,1.894,0.462,0.855,0.912,0.979,3.676,False,False,False,False,False,False,2026-09-02,2026-09-02,2026-09-02,2026-09-02,2026-09-02,2026-09-02,2026-09-02
2020-03-24,SubD V1.3,加: 豆粕ETF(159985.SZ) (100.00% NAV),CASH,159985.SZ,CASH,159985.SZ,现金,豆粕ETF(159985.SZ),0.0,1.0,0.0,0.0,1.0,1.0,1.0,0.0,1.0,0.001,-,1.3,full_entry,CASH,159985.SZ,,,0,159985.SZ,1.0,False,False,False,,,159985.SZ,0.8816565678766424,,False,0.0,0.0255536626916526,0.05896226415094352,0.04225352112676051,0.06195786864931829,-0.013605442176870763,0.05573868744381172,0.0,0.0,-0.0010000000000000009,3.077953525904867,173,0,False,0,0,,,,,0.8816565678766424,,-0.9195420086846477,-0.9432513089709511,-0.9972133115094843,-0.9772208671912137,0.8816565678766424,-0.7100638627750916,0.8300132111068765,0.7942802074037884,0.9284013746912033,0.8447453636193086,0.34325486157883656,0.5106888502978312,0,v1_3_naive_score_0p5_5p5_r2_0p25,1.0,1.0,1.0,1.0,1.0,1.0,False,False,False,False,False,,FULL_POSITION,,0,False,False,1.806,0.449,0.74,0.857,1.015,3.523,False,False,False,False,False,False,2026-09-02,2026-09-02,2026-09-02,2026-09-02,2026-09-02,2026-09-02,2026-09-02
2020-03-12,SubD V1.3,减: 黄金ETF(518880.SH) (100.00% NAV),518880.SH,CASH,518880.SH,CASH,黄金ETF(518880.SH),现金,1.0,0.0,1.0,1.0,0.0,-1.0,0.0,1.0,1.0,0.001,-,1.3,full_entry,518880.SH,CASH,,,0,CASH,0.0,False,False,False,,,CASH,,,False,-0.010964912280701733,-0.026185770750988158,-0.026086956521739202,-0.043248945147679296,-0.0456431535269709,-0.004210526315789442,-0.010964912280701733,-0.010964912280701733,-0.010964912280701733,-0.011953947368421036,3.0810345604653326,172,0,False,0,0,,,,,,,-0.2265775947431965,-0.9491058182325185,-0.925841014044916,-0.8621379778495416,0.09865379315546252,0.39703061296472186,0.043196343667233905,0.9107622578780044,0.8806922093901505,0.9196102297483333,0.038727698640579566,0.22175093121195766,0,v1_3_naive_score_0p5_5p5_r2_0p25,1.0,1.0,1.0,1.0,1.0,1.0,False,False,False,False,False,,CASH,,0,False,False,1.971,0.448,0.907,0.92,0.946,3.608,False,False,False,False,False,False,2026-09-02,2026-09-02,2026-09-02,2026-09-02,2026-09-02,2026-09-02,2026-09-02
2020-03-09,SubD V1.3,减: 创业板100ETF(159915.SZ) (100.00% NAV) / 加: 黄金ETF(518880.SH) (100.00% NAV),159915.SZ,518880.SH,159915.SZ,518880.SH,创业板100ETF(159915.SZ),黄金ETF(518880.SH),1.0,1.0,1.0,1.0,1.0,0.0,1.0,1.0,2.0,0.002,-,1.3,full_entry,159915.SZ,518880.SH,,,0,518880.SH,1.0,False,False,False,,,518880.SH,0.7297574935554869,,False,-0.046423495973472395,-0.046423495973472395,-0.06160164271047219,-0.038345105953582315,-0.025075225677031132,-0.016597510373444035,-0.007325013564839944,-0.046423495973472395,-0.046423495973472395,-0.048330648981525504,3.1277134830902553,171,0,False,0,0,,,,,,0.7297574935554869,0.6462977438853759,-0.9023319539316059,-0.8468435453987784,-0.7973343741931718,0.22768863675736184,0.7297574935554869,0.1340690404732484,0.7503598941054977,0.7895952010569297,0.9330709073627681,0.1583813885122779,0.40496966997508876,0,v1_3_naive_score_0p5_5p5_r2_0p25,1.0,1.0,1.0,1.0,1.0,1.0,False,False,False,False,False,,FULL_POSITION,,0,False,False,2.013,0.457,0.953,0.972,0.948,3.659,False,False,False,False,False,False,2026-09-02,2026-09-02,2026-09-02,2026-09-02,2026-09-02,2026-09-02,2026-09-02
2020-02-28,SubD V1.3,减: 黄金ETF(518880.SH) (100.00% NAV) / 加: 创业板100ETF(159915.SZ) (100.00% NAV),518880.SH,159915.SZ,518880.SH,159915.SZ,黄金ETF(518880.SH),创业板100ETF(159915.SZ),1.0,1.0,1.0,1.0,1.0,0.0,1.0,1.0,2.0,0.002,-,1.3,full_entry,518880.SH,159915.SZ,,,0,159915.SZ,1.0,False,False,False,,,159915.SZ,4.662422832845276,1.5178834931321932,False,-0.012537476151539884,-0.054950260540028495,-0.044315992292870976,-0.028864059590316682,-0.008687258687258836,-0.012698412698412542,-0.012537476151539884,-0.012537476151539884,-0.012537476151539884,-0.014512401199236802,3.105957766882527,170,0,False,0,0,4.662422832845276,,,,,1.5178834931321932,4.662422832845276,-0.3271898421907218,-0.40901555555732005,-0.5779747600546523,-0.08638987696091882,1.5178834931321932,0.6072507292472085,0.035587507353057934,0.2864861872712482,0.6764495723326213,0.06411804294493562,0.7665181848063282,0,v1_3_naive_score_0p5_5p5_r2_0p25,1.0,1.0,1.0,1.0,1.0,1.0,False,False,False,False,False,,FULL_POSITION,,0,False,False,1.995,0.496,1.043,1.027,0.933,3.623,False,False,False,False,False,False,2026-09-02,2026-09-02,2026-09-02,2026-09-02,2026-09-02,2026-09-02,2026-09-02
2020-02-25,SubD V1.3,减: 纳指ETF(159941.SZ) (100.00% NAV) / 加: 黄金ETF(518880.SH) (100.00% NAV),159941.SZ,518880.SH,159941.SZ,518880.SH,纳指ETF(159941.SZ),黄金ETF(518880.SH),1.0,1.0,1.0,1.0,1.0,0.0,1.0,1.0,2.0,0.002,-,1.3,full_entry,159941.SZ,518880.SH,,,0,518880.SH,1.0,False,False,False,,,518880.SH,1.4208583612783774,,False,0.017142857142857126,0.007805325987144229,0.017142857142857126,-0.0073260073260073,-0.005665722379603388,0.005336179295624133,-0.02067114093959732,0.017142857142857126,0.017142857142857126,0.015108571428571471,3.1336573045587337,169,0,False,0,0,,,,,,1.4208583612783774,9.182402061429384,1.5011924573242688,0.004337645986493666,-0.353319122713149,-0.029639066047009055,1.4208583612783774,0.8401810866760555,0.2059910599673842,5.600782335801746e-05,0.4063840987723427,0.006652742275787049,0.7281504047439313,0,v1_3_naive_score_0p5_5p5_r2_0p25,1.0,1.0,1.0,1.0,1.0,1.0,False,False,False,False,False,,FULL_POSITION,,0,False,False,2.195,0.534,1.084,1.053,0.942,3.648,False,False,False,False,False,False,2026-09-02,2026-09-02,2026-09-02,2026-09-02,2026-09-02,2026-09-02,2026-09-02
2020-02-21,SubD V1.3,减: 创业板100ETF(159915.SZ) (100.00% NAV) / 加: 纳指ETF(159941.SZ) (100.00% NAV),159915.SZ,159941.SZ,159915.SZ,159941.SZ,创业板100ETF(159915.SZ),纳指ETF(159941.SZ),1.0,1.0,1.0,1.0,1.0,0.0,1.0,1.0,2.0,0.002,-,1.3,full_entry,159915.SZ,159941.SZ,,,0,159941.SZ,1.0,False,False,False,,,159941.SZ,4.148588301836405,,False,0.019002375296912177,0.019002375296912177,-0.02146690518783545,-0.010676156583629859,-0.009250693802035137,0.0,0.020145495243424794,0.019002375296912177,0.019002375296912177,0.016964370546318275,3.216377597129892,168,0,False,0,0,,4.148588301836405,,,,0.9017457792964236,6.246496235862934,4.148588301836405,0.26221161511477664,-0.16534237933897455,0.042395054178433256,0.9017457792964236,0.7563464083829348,0.5536275245653601,0.23431903493214634,0.15948862500321315,0.012877982369217111,0.7255655205099655,0,v1_3_naive_score_0p5_5p5_r2_0p25,1.0,1.0,1.0,1.0,1.0,1.0,False,False,False,False,False,,FULL_POSITION,,0,False,False,2.145,0.547,1.112,1.071,0.951,3.646,False,False,False,False,False,False,2026-09-02,2026-09-02,2026-09-02,2026-09-02,2026-09-02,2026-09-02,2026-09-02
2020-02-13,SubD V1.3,减: 纳指ETF(159941.SZ) (100.00% NAV) / 加: 创业板100ETF(159915.SZ) (100.00% NAV),159941.SZ,159915.SZ,159941.SZ,159915.SZ,纳指ETF(159941.SZ),创业板100ETF(159915.SZ),1.0,1.0,1.0,1.0,1.0,0.0,1.0,1.0,2.0,0.002,-,1.3,full_entry,159941.SZ,159915.SZ,,,0,159915.SZ,1.0,False,False,False,,,159915.SZ,2.0066545487371203,,False,0.04861111111111116,-0.008973080757726737,0.04861111111111116,0.00805008944543828,0.0,0.0158898305084747,0.00721500721500723,0.04861111111111116,0.04861111111111116,0.046513888888888966,2.9869336169281335,167,0,False,0,0,2.0066545487371203,,,,,,2.0066545487371203,7.5538443357771,0.033462492027938495,0.09007696822584066,-0.22583357408797844,0.29135002472995053,0.4378630209222155,0.700498290077932,0.004717627503587618,0.06755540666444226,0.23199991383175878,0.311151895414734,0,v1_3_naive_score_0p5_5p5_r2_0p25,1.0,1.0,1.0,1.0,1.0,1.0,False,False,False,False,False,,FULL_POSITION,,0,False,False,1.988,0.604,1.127,1.106,0.959,3.49,False,False,False,False,False,False,2026-09-02,2026-09-02,2026-09-02,2026-09-02,2026-09-02,2026-09-02,2026-09-02
2020-02-04,SubD V1.3,减: 创业板100ETF(159915.SZ) (100.00% NAV) / 加: 纳指ETF(159941.SZ) (100.00% NAV),159915.SZ,159941.SZ,159915.SZ,159941.SZ,创业板100ETF(159915.SZ),纳指ETF(159941.SZ),1.0,1.0,1.0,1.0,1.0,0.0,1.0,1.0,2.0,0.002,-,1.3,full_entry,159915.SZ,159941.SZ,,,0,159941.SZ,1.0,False,False,False,,,159941.SZ,0.5429668833014658,,False,0.06323185011709609,0.06323185011709609,0.036437246963562764,0.012115563839701915,0.005565862708719838,0.029379760609357986,-0.007954545454545436,0.06323185011709609,0.06323185011709609,0.06110538641686181,2.5370443069370605,166,0,False,0,0,,0.5429668833014658,,,,,0.8591512014534284,0.5429668833014658,-0.2857423665137232,-0.270375273479442,-0.4499610665942606,0.29678215674286346,0.1836919636635277,0.5018166823360514,0.4150033879659324,0.6928148534829522,0.6401385957189585,0.19329495985457135,0,v1_3_naive_score_0p5_5p5_r2_0p25,1.0,1.0,1.0,1.0,1.0,1.0,False,False,False,False,False,,FULL_POSITION,,0,False,False,1.816,0.512,1.086,1.084,0.946,3.492,False,False,False,False,False,False,2026-09-02,2026-09-02,2026-09-02,2026-09-02,2026-09-02,2026-09-02,2026-09-02
2019-12-13,SubD V1.3,加: 创业板100ETF(159915.SZ) (100.00% NAV),CASH,159915.SZ,CASH,159915.SZ,现金,创业板100ETF(159915.SZ),0.0,1.0,0.0,0.0,1.0,1.0,1.0,0.0,1.0,0.001,-,1.3,full_entry,CASH,159915.SZ,,,0,159915.SZ,1.0,False,False,False,,,159915.SZ,0.5581125438396248,,False,0.0,0.021726010863005518,0.008474576271186418,0.008968609865470878,0.012578616352201255,-0.010152284263959421,-0.011818181818181728,0.0,0.0,-0.0010000000000000009,2.3699469487678235,165,0,False,0,0,0.5581125438396248,,,,,,0.5581125438396248,0.11953638710357772,0.10339474436661367,0.1573110177872079,,0.04881616598090366,0.3710117108905574,0.021069986381430428,0.12041810865888691,0.39301109384507893,,0.03146673172736825,0,v1_3_naive_score_0p5_5p5_r2_0p25,1.0,1.0,1.0,1.0,1.0,1.0,False,False,False,False,False,,FULL_POSITION,,0,False,False,1.693,0.476,1.125,1.127,0.975,3.261,False,False,False,False,False,False,2026-09-02,2026-09-02,2026-09-02,2026-09-02,2026-09-02,2026-09-02,2026-09-02
2019-12-09,SubD V1.3,减: 纳指ETF(159941.SZ) (100.00% NAV),159941.SZ,CASH,159941.SZ,CASH,纳指ETF(159941.SZ),现金,1.0,0.0,1.0,1.0,0.0,-1.0,0.0,1.0,1.0,0.001,-,1.3,full_entry,159941.SZ,CASH,,,0,CASH,0.0,False,False,False,,,CASH,,,False,0.0064102564102563875,-0.0036101083032491488,0.0064102564102563875,0.0,0.0027002700270029045,0.004065040650406582,-0.006672732787382563,0.0064102564102563875,0.0064102564102563875,0.005403846153846148,2.3723192680358594,164,0,False,0,0,,,,,,,0.08887396487002008,0.5245085636982947,0.025491805632840148,0.0985315785076144,,0.08659945633202559,0.02180088435881633,0.2020739652071215,0.012642089195371686,0.26405665842970993,,0.07519466506339156,0,v1_3_naive_score_0p5_5p5_r2_0p25,1.0,1.0,1.0,1.0,1.0,1.0,False,False,False,False,False,,CASH,,0,False,False,1.656,0.471,1.108,1.114,0.988,3.275,False,False,False,False,False,False,2026-09-02,2026-09-02,2026-09-02,2026-09-02,2026-09-02,2026-09-02,2026-09-02
2019-11-13,SubD V1.3,减: 德国ETF(513030.SH) (100.00% NAV) / 加: 纳指ETF(159941.SZ) (100.00% NAV),513030.SH,159941.SZ,513030.SH,159941.SZ,德国ETF(513030.SH),纳指ETF(159941.SZ),1.0,1.0,1.0,1.0,1.0,0.0,1.0,1.0,2.0,0.002,-,1.3,full_entry,513030.SH,159941.SZ,,,0,159941.SZ,1.0,False,False,False,,,159941.SZ,0.620384387915778,0.5586486447239409,False,0.008196721311475308,0.005586592178770999,0.0021834061135370675,0.008196721311475308,-0.0018066847335139746,,0.010516548097742051,0.008196721311475308,0.008196721311475308,0.006180327868852364,2.314192205004279,163,0,False,0,0,,0.620384387915778,0.5586486447239409,,,,0.2854247945273263,0.620384387915778,0.5586486447239409,0.4646468171842222,,-0.39157612124887686,0.25053181328371954,0.8254742567374048,0.650321733229804,0.7966472561782021,,0.5691005707286846,0,v1_3_naive_score_0p5_5p5_r2_0p25,1.0,1.0,1.0,1.0,1.0,1.0,False,False,False,False,False,,FULL_POSITION,,0,False,False,1.62,0.459,1.107,1.105,,3.267,False,False,False,False,False,False,2026-09-02,2026-09-02,2026-09-02,2026-09-02,2026-09-02,2026-09-02,2026-09-02
2019-10-22,SubD V1.3,加: 德国ETF(513030.SH) (100.00% NAV),CASH,513030.SH,CASH,513030.SH,现金,德国ETF(513030.SH),0.0,1.0,0.0,0.0,1.0,1.0,1.0,0.0,1.0,0.001,-,1.3,full_entry,CASH,513030.SH,,,0,513030.SH,1.0,False,False,False,,,513030.SH,0.5943066693798247,,False,0.0,0.013249211356467061,0.006772009029345272,0.009319664492078328,0.011142061281337101,,-0.003858711783912283,0.0,0.0,-0.0010000000000000009,2.268557130538978,162,0,False,0,0,,,0.5943066693798247,,,,-0.1908743891722935,0.0827447175156375,0.5943066693798247,0.4704253374906715,,-0.24930609369838752,0.12744424137167454,0.03729668674289721,0.34158702911450267,0.5487701087596328,,0.4634223380037148,0,v1_3_naive_score_0p5_5p5_r2_0p25,1.0,1.0,1.0,1.0,1.0,1.0,False,False,False,False,False,,FULL_POSITION,,0,False,False,1.606,0.446,1.083,1.089,,3.356,False,False,False,False,False,False,2026-09-02,2026-09-02,2026-09-02,2026-09-02,2026-09-02,2026-09-02,2026-09-02
2019-10-11,SubD V1.3,减: 日经ETF(513520.SH) (100.00% NAV),513520.SH,CASH,513520.SH,CASH,日经ETF(513520.SH),现金,1.0,0.0,1.0,1.0,0.0,-1.0,0.0,1.0,1.0,0.001,-,1.3,full_entry,513520.SH,CASH,,,0,CASH,0.0,False,False,False,,,CASH,,,False,0.006692160611854625,0.0012468827930174342,0.009237875288683695,0.009794319294809117,0.006692160611854625,,-0.004967855055523218,0.006692160611854625,0.006692160611854625,0.005685468451242848,2.2708279584974753,161,0,False,0,0,,,,,,,-0.41009168268984564,-0.29611581929422726,-0.1494346375884852,0.4233222817842759,,-0.108186694940695,0.3959485718890482,0.5994238454728982,0.11052811689760711,0.48823503636898014,,0.08363728525259051,0,v1_3_naive_score_0p5_5p5_r2_0p25,1.0,1.0,1.0,1.0,1.0,1.0,False,False,False,False,False,,CASH,,0,False,False,1.606,0.437,1.031,1.053,,3.405,False,False,False,False,False,False,2026-09-02,2026-09-02,2026-09-02,2026-09-02,2026-09-02,2026-09-02,2026-09-02
2019-09-23,SubD V1.3,减: 创业板100ETF(159915.SZ) (100.00% NAV) / 加: 日经ETF(513520.SH) (100.00% NAV),159915.SZ,513520.SH,159915.SZ,513520.SH,创业板100ETF(159915.SZ),日经ETF(513520.SH),1.0,1.0,1.0,1.0,1.0,0.0,1.0,1.0,2.0,0.002,-,1.3,full_entry,159915.SZ,513520.SH,,,0,513520.SH,1.0,False,False,False,,,513520.SH,1.1804694610265543,0.8813918483845395,False,-0.010989010989010839,-0.010989010989010839,-0.006726457399103158,-0.00189753320683117,0.004743833017077703,,0.00849941383352859,-0.010989010989010839,-0.010989010989010839,-0.012967032967032943,2.2860532023465305,160,0,False,0,0,0.8813918483845395,,1.0646627239844717,1.1804694610265543,,,0.8813918483845395,0.3672762214141845,1.0646627239844717,1.1804694610265543,,-0.3092003869120883,0.5019187845740856,0.4595933739735366,0.9410071718501216,0.9649584139558866,,0.3295494186308917,0,v1_3_naive_score_0p5_5p5_r2_0p25,1.0,1.0,1.0,1.0,1.0,1.0,False,False,False,False,False,,FULL_POSITION,,0,False,False,1.62,0.443,1.052,1.059,,3.441,False,False,False,False,False,False,2026-09-02,2026-09-02,2026-09-02,2026-09-02,2026-09-02,2026-09-02,2026-09-02
2019-09-02,SubD V1.3,减: 黄金ETF(518880.SH) (100.00% NAV) / 加: 创业板100ETF(159915.SZ) (100.00% NAV),518880.SH,159915.SZ,518880.SH,159915.SZ,黄金ETF(518880.SH),创业板100ETF(159915.SZ),1.0,1.0,1.0,1.0,1.0,0.0,1.0,1.0,2.0,0.002,-,1.3,full_entry,518880.SH,159915.SZ,,,0,159915.SZ,1.0,False,False,False,,,159915.SZ,1.5835845592406446,1.418717055374373,False,-0.0034207525655644,0.02775984506132989,-0.002277904328018221,0.004950495049504955,0.0029850746268658135,,-0.0034207525655644,-0.0034207525655644,-0.0034207525655644,-0.0054139110604333185,2.2510432582050997,159,0,False,0,0,1.5835845592406446,,,,,1.418717055374373,1.5835845592406446,0.16259104621044718,0.029046653664901223,0.07571068076369936,,1.418717055374373,0.7104214775911373,0.0981049787620305,0.007910019562033077,0.1373753378909921,,0.6956973886818656,0,v1_3_naive_score_0p5_5p5_r2_0p25,1.0,1.0,1.0,1.0,1.0,1.0,False,False,False,False,False,,FULL_POSITION,,0,False,False,1.592,0.438,1.015,1.008,,3.496,False,False,False,False,False,False,2026-09-02,2026-09-02,2026-09-02,2026-09-02,2026-09-02,2026-09-02,2026-09-02
2019-08-06,SubD V1.3,加: 黄金ETF(518880.SH) (100.00% NAV),CASH,518880.SH,CASH,518880.SH,现金,黄金ETF(518880.SH),0.0,1.0,0.0,0.0,1.0,1.0,1.0,0.0,1.0,0.001,-,1.3,full_entry,CASH,518880.SH,,,0,518880.SH,1.0,False,False,False,,,518880.SH,0.6911370598402782,,False,0.0,-0.014935505770536373,-0.02784222737819031,-0.0029910269192421346,-0.00995024875621886,,0.00212830647613238,0.0,0.0,-0.0010000000000000009,2.126518075924162,158,0,False,0,0,,,,,,0.6911370598402782,0.183131070667635,-0.05961513793605999,-0.386034202198525,-0.05231123380929714,,0.6911370598402782,0.07282391745821293,0.010896081679951042,0.5807050693144715,0.05700308173666302,,0.45084614193713135,0,v1_3_naive_score_0p5_5p5_r2_0p25,1.0,1.0,1.0,1.0,1.0,1.0,False,False,False,False,False,,FULL_POSITION,,0,False,False,1.451,0.419,1.0,0.995,,3.296,False,False,False,False,False,False,2026-09-02,2026-09-02,2026-09-02,2026-09-02,2026-09-02,2026-09-02,2026-09-02
2019-08-05,SubD V1.3,减: 创业板100ETF(159915.SZ) (100.00% NAV),159915.SZ,CASH,159915.SZ,CASH,创业板100ETF(159915.SZ),现金,1.0,0.0,1.0,1.0,0.0,-1.0,0.0,1.0,1.0,0.001,-,1.3,full_entry,159915.SZ,CASH,,,0,CASH,0.0,False,False,False,,,CASH,,,False,-0.0186542305129912,-0.0186542305129912,-0.00919540229885063,-0.015701668302257166,0.004999999999999893,,0.03297738693467345,-0.0186542305129912,-0.0186542305129912,-0.01963557628247825,2.128646722646809,157,0,False,0,0,,,,,,,0.38202209804611464,0.16260654881394299,-0.32468118664545165,-0.02161714392724845,,0.454067329477009,0.33083562950800305,0.14203051067651828,0.534570613251846,0.01070804123700475,,0.3644214056703461,0,v1_3_naive_score_0p5_5p5_r2_0p25,1.0,1.0,1.0,1.0,1.0,1.0,False,False,False,False,False,,CASH,,0,False,False,1.473,0.431,1.003,1.005,,3.289,False,False,False,False,False,False,2026-09-02,2026-09-02,2026-09-02,2026-09-02,2026-09-02,2026-09-02,2026-09-02
2019-08-01,SubD V1.3,加: 创业板100ETF(159915.SZ) (100.00% NAV),CASH,159915.SZ,CASH,159915.SZ,现金,创业板100ETF(159915.SZ),0.0,1.0,0.0,0.0,1.0,1.0,1.0,0.0,1.0,0.001,-,1.3,full_entry,CASH,159915.SZ,,,0,159915.SZ,1.0,False,False,False,,,159915.SZ,0.5323516382122742,,False,0.0,0.002645502645502562,-0.009111617312072884,0.0,-0.0029940119760478723,,-0.01643489254108721,0.0,0.0,-0.0010000000000000009,2.1929794230976136,156,0,False,0,0,0.5323516382122742,,,,,,0.5323516382122742,0.3766336249495035,-0.20976264593612315,-0.016994146260066567,,0.18604358687788336,0.524994069951999,0.5516387365174478,0.4674491358949502,0.005921716169305258,,0.26614676829469464,0,v1_3_naive_score_0p5_5p5_r2_0p25,1.0,1.0,1.0,1.0,1.0,1.0,False,False,False,False,False,,FULL_POSITION,,0,False,False,1.516,0.435,1.027,0.999,,3.112,False,False,False,False,False,False,2026-09-02,2026-09-02,2026-09-02,2026-09-02,2026-09-02,2026-09-02,2026-09-02
2019-07-31,SubD V1.3,减: 纳指ETF(159941.SZ) (100.00% NAV),159941.SZ,CASH,159941.SZ,CASH,纳指ETF(159941.SZ),现金,1.0,0.0,1.0,1.0,0.0,-1.0,0.0,1.0,1.0,0.001,-,1.3,full_entry,159941.SZ,CASH,,,0,CASH,0.0,False,False,False,,,CASH,,,False,-0.006787330316742057,-0.006570302233902758,-0.006787330316742057,-0.016283524904214697,-0.0049652432969214955,,0.0038071065989848663,-0.006787330316742057,-0.006787330316742057,-0.007780542986425276,2.195174597695309,155,0,False,0,0,,,,,,,0.4697951992511622,0.4897828147562955,-0.18270351670647134,0.008713891374637406,,0.2660201616506488,0.4383230214989131,0.7251767328458403,0.3885092983809886,0.001521690549320609,,0.4662397946215676,0,v1_3_naive_score_0p5_5p5_r2_0p25,1.0,1.0,1.0,1.0,1.0,1.0,False,False,False,False,False,,CASH,,0,False,False,1.512,0.439,1.027,1.002,,3.164,False,False,False,False,False,False,2026-09-02,2026-09-02,2026-09-02,2026-09-02,2026-09-02,2026-09-02,2026-09-02
2019-07-25,SubD V1.3,加: 纳指ETF(159941.SZ) (100.00% NAV),CASH,159941.SZ,CASH,159941.SZ,现金,纳指ETF(159941.SZ),0.0,1.0,0.0,0.0,1.0,1.0,1.0,0.0,1.0,0.001,-,1.3,full_entry,CASH,159941.SZ,,,0,159941.SZ,1.0,False,False,False,,,159941.SZ,0.5318960695582098,,False,0.0,0.005340453938584844,0.009153318077803174,0.0009560229445506607,0.001978239366963397,,0.0012726694241171899,0.0,0.0,-0.0010000000000000009,2.207382775904905,154,0,False,0,0,,0.5318960695582098,,,,,0.19363674665996666,0.5318960695582098,-0.1339667990176704,,,0.25390332050161213,0.12072790947318568,0.6825655632716263,0.2005994175819017,,,0.3332084600237917,0,v1_3_naive_score_0p5_5p5_r2_0p25,1.0,1.0,1.0,1.0,1.0,1.0,False,False,False,False,False,,FULL_POSITION,,0,False,False,1.506,0.441,1.047,1.013,,3.147,False,False,False,False,False,False,2026-09-02,2026-09-02,2026-09-02,2026-09-02,2026-09-02,2026-09-02,2026-09-02
2019-07-24,SubD V1.3,减: 纳指ETF(159941.SZ) (100.00% NAV),159941.SZ,CASH,159941.SZ,CASH,纳指ETF(159941.SZ),现金,1.0,0.0,1.0,1.0,0.0,-1.0,0.0,1.0,1.0,0.001,-,1.3,full_entry,159941.SZ,CASH,,,0,CASH,0.0,False,False,False,,,CASH,,,False,0.002293577981651307,0.011478730587440866,0.002293577981651307,0.009652509652509744,0.0029761904761904656,,0.0041533546325878135,0.002293577981651307,0.002293577981651307,0.001291284403669657,2.2095923682731784,153,0,False,0,0,,,,,,,0.12506115322476918,0.4934439944251121,-0.14856695761862526,,,0.24589103782961952,0.05850926705538617,0.6383677936810592,0.23176096005580005,,,0.29671402962929094,0,v1_3_naive_score_0p5_5p5_r2_0p25,1.0,1.0,1.0,1.0,1.0,1.0,False,False,False,False,False,,CASH,,0,False,False,1.498,0.437,1.046,1.011,,3.143,False,False,False,False,False,False,2026-09-02,2026-09-02,2026-09-02,2026-09-02,2026-09-02,2026-09-02,2026-09-02
2019-07-11,SubD V1.3,减: 创业板100ETF(159915.SZ) (100.00% NAV) / 加: 纳指ETF(159941.SZ) (100.00% NAV),159915.SZ,159941.SZ,159915.SZ,159941.SZ,创业板100ETF(159915.SZ),纳指ETF(159941.SZ),1.0,1.0,1.0,1.0,1.0,0.0,1.0,1.0,2.0,0.002,-,1.3,full_entry,159915.SZ,159941.SZ,,,0,159941.SZ,1.0,False,False,False,,,159941.SZ,0.6607575137178592,0.6141742092765081,False,0.0013736263736263687,0.0013736263736263687,0.011655011655011593,0.0057526366251199335,0.006999999999999895,,0.017213380967846748,0.0013736263736263687,0.0013736263736263687,-0.0006291208791210368,2.1966201621084687,152,0,False,0,0,0.6141742092765081,0.6607575137178592,,,,0.5525797530203578,0.6141742092765081,0.6607575137178592,0.3778484659735972,,,0.5525797530203578,0.303121165066239,0.6120155761755106,0.500892456914258,,,0.3997872349913981,0,v1_3_naive_score_0p5_5p5_r2_0p25,1.0,1.0,1.0,1.0,1.0,1.0,False,False,False,False,False,,FULL_POSITION,,0,False,False,1.458,0.434,1.049,1.007,,3.132,False,False,False,False,False,False,2026-09-02,2026-09-02,2026-09-02,2026-09-02,2026-09-02,2026-09-02,2026-09-02
2019-07-02,SubD V1.3,减: 纳指ETF(159941.SZ) (100.00% NAV) / 加: 创业板100ETF(159915.SZ) (100.00% NAV),159941.SZ,159915.SZ,159941.SZ,159915.SZ,纳指ETF(159941.SZ),创业板100ETF(159915.SZ),1.0,1.0,1.0,1.0,1.0,0.0,1.0,1.0,2.0,0.002,-,1.3,full_entry,159941.SZ,159915.SZ,,,0,159915.SZ,1.0,False,False,False,,,159915.SZ,1.5614068790243754,1.5416164338587688,False,-0.0092592592592593,0.0,-0.0092592592592593,-0.0037735849056603765,0.0009970089730808596,,0.01054713249835193,-0.0092592592592593,-0.0092592592592593,-0.011240740740740773,2.2810319300781923,151,0,False,0,0,1.5614068790243754,1.5416164338587688,0.7866516894924112,,,1.2495430503210865,1.5614068790243754,1.5416164338587688,0.7866516894924112,,,1.2495430503210865,0.6551492560928445,0.7205978758380387,0.7856677314721501,,,0.6737145562060193,0,v1_3_naive_score_0p5_5p5_r2_0p25,1.0,1.0,1.0,1.0,1.0,1.0,False,False,False,False,False,,FULL_POSITION,,0,False,False,1.511,0.428,1.056,1.004,,3.066,False,False,False,False,False,False,2026-09-02,2026-09-02,2026-09-02,2026-09-02,2026-09-02,2026-09-02,2026-09-02
2019-07-01,SubD V1.3,减: 黄金ETF(518880.SH) (100.00% NAV) / 加: 纳指ETF(159941.SZ) (100.00% NAV),518880.SH,159941.SZ,518880.SH,159941.SZ,黄金ETF(518880.SH),纳指ETF(159941.SZ),1.0,1.0,1.0,1.0,1.0,0.0,1.0,1.0,2.0,0.002,-,1.3,full_entry,518880.SH,159941.SZ,,,0,159941.SZ,1.0,False,False,False,,,159941.SZ,1.5768741062280012,1.488280642191239,False,-0.024123512383403045,0.037062457103637536,0.03349282296650724,0.018251681075888593,0.005010020040079999,,-0.024123512383403045,-0.024123512383403045,-0.024123512383403045,-0.026075265358636357,2.306963913326136,150,0,False,0,0,1.1961372271947588,1.5768741062280012,0.7385012017512069,,,1.488280642191239,1.1961372271947588,1.5768741062280012,0.7385012017512069,,,1.488280642191239,0.560031383106405,0.7050251591384967,0.7445588732464081,,,0.743115932067403,0,v1_3_naive_score_0p5_5p5_r2_0p25,1.0,1.0,1.0,1.0,1.0,1.0,False,False,False,False,False,,FULL_POSITION,,0,False,False,1.511,0.432,1.06,1.003,,3.034,False,False,False,False,False,False,2026-09-02,2026-09-02,2026-09-02,2026-09-02,2026-09-02,2026-09-02,2026-09-02
2019-06-04,SubD V1.3,加: 黄金ETF(518880.SH) (100.00% NAV),CASH,518880.SH,CASH,518880.SH,现金,黄金ETF(518880.SH),0.0,1.0,0.0,0.0,1.0,1.0,1.0,0.0,1.0,0.001,-,1.3,full_entry,CASH,518880.SH,,,0,518880.SH,1.0,False,False,False,,,518880.SH,0.5656645410282757,,False,0.0,-0.007795889440113446,-0.0077319587628865705,-0.0030364372469635637,,,0.010295126973232538,0.0,0.0,-0.0010000000000000009,2.2430166069885793,149,0,False,0,0,,,,,,0.5656645410282757,-0.32574348496475936,-0.6428281953510766,-0.20633939575663507,,,0.5656645410282757,0.25188330463737074,0.8225539441654917,0.21635269125656276,,,0.6695232138951313,0,v1_3_naive_score_0p5_5p5_r2_0p25,1.0,1.0,1.0,1.0,1.0,1.0,False,False,False,False,False,,FULL_POSITION,,0,False,False,1.4,0.385,0.985,,,2.944,False,False,False,False,False,False,2026-09-02,2026-09-02,2026-09-02,2026-09-02,2026-09-02,2026-09-02,2026-09-02
2019-05-28,SubD V1.3,减: 黄金ETF(518880.SH) (100.00% NAV),518880.SH,CASH,518880.SH,CASH,黄金ETF(518880.SH),现金,1.0,0.0,1.0,1.0,0.0,-1.0,0.0,1.0,1.0,0.001,-,1.3,full_entry,518880.SH,CASH,,,0,CASH,0.0,False,False,False,,,CASH,,,False,-0.0013995801259621965,0.0028011204481792618,-0.0024691358024691024,0.0029527559055118058,,,-0.0013995801259621965,-0.0013995801259621965,-0.0013995801259621965,-0.0023981805458360705,2.245261868857437,148,0,False,0,0,,,,,,,-0.6776077580456021,-0.4828626393535317,0.07642630987262611,,,0.46687551001025196,0.51847896541909,0.6732815806248857,0.05766612597293619,,,0.762395993359112,0,v1_3_naive_score_0p5_5p5_r2_0p25,1.0,1.0,1.0,1.0,1.0,1.0,False,False,False,False,False,,CASH,,0,False,False,1.432,0.404,1.019,,,2.854,False,False,False,False,False,False,2026-09-02,2026-09-02,2026-09-02,2026-09-02,2026-09-02,2026-09-02,2026-09-02
2019-05-17,SubD V1.3,加: 黄金ETF(518880.SH) (100.00% NAV),CASH,518880.SH,CASH,518880.SH,现金,黄金ETF(518880.SH),0.0,1.0,0.0,0.0,1.0,1.0,1.0,0.0,1.0,0.001,-,1.3,full_entry,CASH,518880.SH,,,0,518880.SH,1.0,False,False,False,,,518880.SH,0.5622280259333134,,False,0.0,-0.03542234332425076,0.012135922330097193,0.009842519685039353,,,-0.0013995801259621965,0.0,0.0,-0.0009999999999998899,2.247509378235672,147,0,False,0,0,,,,,,0.5622280259333134,-0.8589783054223982,-0.2223840869122593,-0.007870967960340591,,,0.5622280259333134,0.7177320117561462,0.10471804177206023,0.0004932805784346739,,,0.7037119180354368,0,v1_3_naive_score_0p5_5p5_r2_0p25,1.0,1.0,1.0,1.0,1.0,1.0,False,False,False,False,False,,FULL_POSITION,,0,False,False,1.416,0.417,1.026,,,2.854,False,False,False,False,False,False,2026-09-02,2026-09-02,2026-09-02,2026-09-02,2026-09-02,2026-09-02,2026-09-02
2019-05-10,SubD V1.3,减: 纳指ETF(159941.SZ) (100.00% NAV),159941.SZ,CASH,159941.SZ,CASH,纳指ETF(159941.SZ),现金,1.0,0.0,1.0,1.0,0.0,-1.0,0.0,1.0,1.0,0.001,-,1.3,full_entry,159941.SZ,CASH,,,0,CASH,0.0,False,False,False,,,CASH,,,False,0.0023980815347721673,0.039744499645138376,0.0023980815347721673,0.0009950248756220859,,,0.0007127583749109156,0.0023980815347721673,0.0023980815347721673,0.001395683453237373,2.249759137373045,146,0,False,0,0,,,,,,,-0.8854837642443255,0.4222640362788992,0.0894469389483834,,,0.04707302712859418,0.7312360630268564,0.23989425623226057,0.04309055439422094,,,0.022972107958512122,0,v1_3_naive_score_0p5_5p5_r2_0p25,1.0,1.0,1.0,1.0,1.0,1.0,False,False,False,False,False,,CASH,,0,False,False,1.465,0.418,1.006,,,2.808,False,False,False,False,False,False,2026-09-02,2026-09-02,2026-09-02,2026-09-02,2026-09-02,2026-09-02,2026-09-02
2019-04-26,SubD V1.3,减: 德国ETF(513030.SH) (100.00% NAV) / 加: 纳指ETF(159941.SZ) (100.00% NAV),513030.SH,159941.SZ,513030.SH,159941.SZ,德国ETF(513030.SH),纳指ETF(159941.SZ),1.0,1.0,1.0,1.0,1.0,0.0,1.0,1.0,2.0,0.002,-,1.3,full_entry,513030.SH,159941.SZ,,,0,159941.SZ,1.0,False,False,False,,,159941.SZ,1.0112783771720455,0.8432389665067275,False,-0.006849315068493289,-0.005632040050062681,0.011737089201877993,-0.006849315068493289,,,0.0021684134441635194,-0.006849315068493289,-0.006849315068493289,-0.008835616438356286,2.322049772757883,145,0,False,0,0,,1.0112783771720455,0.8432389665067275,,,,-0.2627177441471119,1.0112783771720455,0.8432389665067275,,,-0.26078807516223945,0.12922404933539655,0.8143002637080522,0.8472099716239263,,,0.6124913793688003,0,v1_3_naive_score_0p5_5p5_r2_0p25,1.0,1.0,1.0,1.0,1.0,1.0,False,False,False,False,False,,FULL_POSITION,,0,False,False,1.589,0.431,1.015,,,2.773,False,False,False,False,False,False,2026-09-02,2026-09-02,2026-09-02,2026-09-02,2026-09-02,2026-09-02,2026-09-02
2019-04-19,SubD V1.3,减: 纳指ETF(159941.SZ) (100.00% NAV) / 加: 德国ETF(513030.SH) (100.00% NAV),159941.SZ,513030.SH,159941.SZ,513030.SH,纳指ETF(159941.SZ),德国ETF(513030.SH),1.0,1.0,1.0,1.0,1.0,0.0,1.0,1.0,2.0,0.002,-,1.3,full_entry,159941.SZ,513030.SH,,,0,513030.SH,1.0,False,False,False,,,513030.SH,0.7774159803235268,0.6988689575360107,False,0.0024154589371980784,0.009821976672805377,0.0024154589371980784,0.003917727717923647,,,0.003998545983278756,0.0024154589371980784,0.0024154589371980784,0.00041062801932367776,2.3496263631468164,144,0,False,0,0,,0.6988689575360107,0.7774159803235268,,,,0.12959338125085762,0.6988689575360107,0.7774159803235268,,,-0.26398909241017776,0.01636774862175494,0.8019397411931556,0.7533902475324984,,,0.5394135305045068,0,v1_3_naive_score_0p5_5p5_r2_0p25,1.0,1.0,1.0,1.0,1.0,1.0,False,False,False,False,False,,FULL_POSITION,,0,False,False,1.645,0.415,1.025,,,2.762,False,False,False,False,False,False,2026-09-02,2026-09-02,2026-09-02,2026-09-02,2026-09-02,2026-09-02,2026-09-02
2019-03-26,SubD V1.3,减: 创业板100ETF(159915.SZ) (100.00% NAV) / 加: 纳指ETF(159941.SZ) (100.00% NAV),159915.SZ,159941.SZ,159915.SZ,159941.SZ,创业板100ETF(159915.SZ),纳指ETF(159941.SZ),1.0,1.0,1.0,1.0,1.0,0.0,1.0,1.0,2.0,0.002,-,1.3,full_entry,159915.SZ,159941.SZ,,,0,159941.SZ,1.0,False,False,False,,,159941.SZ,0.8872276136917685,,False,-0.026282853566958697,-0.026282853566958697,0.005063291139240533,0.0,,,0.0003510003510003301,-0.026282853566958697,-0.026282853566958697,-0.028230287859824732,2.2522192968329096,143,0,False,0,0,,0.8872276136917685,,,,,1.1205089277422982,0.8872276136917685,-0.04152172577201396,,,0.12284014326838788,0.22863565032783228,0.5709738447418812,0.02085844017121674,,,0.10604633967109944,0,v1_3_naive_score_0p5_5p5_r2_0p25,1.0,1.0,1.0,1.0,1.0,1.0,False,False,False,False,False,,FULL_POSITION,,0,False,False,1.556,0.397,0.967,,,2.85,False,False,False,False,False,False,2026-09-02,2026-09-02,2026-09-02,2026-09-02,2026-09-02,2026-09-02,2026-09-02
2019-03-21,SubD V1.3,减: 纳指ETF(159941.SZ) (100.00% NAV) / 加: 创业板100ETF(159915.SZ) (100.00% NAV),159941.SZ,159915.SZ,159941.SZ,159915.SZ,纳指ETF(159941.SZ),创业板100ETF(159915.SZ),1.0,1.0,1.0,1.0,1.0,0.0,1.0,1.0,2.0,0.002,-,1.3,full_entry,159941.SZ,159915.SZ,,,0,159915.SZ,1.0,False,False,False,,,159915.SZ,4.661214417580512,0.7328739170392273,False,0.005012531328320913,0.008679479231246123,0.005012531328320913,-0.005070993914807254,,,0.007094714437743788,0.005012531328320913,0.005012531328320913,0.0030025062656642287,2.3597070722081326,142,0,False,0,0,4.661214417580512,0.7328739170392273,,,,,4.661214417580512,0.7328739170392273,0.0864855225649872,,,-0.10408528533955674,0.603871304727863,0.5119157233975284,0.09451203233439087,,,0.07828942437215691,0,v1_3_naive_score_0p5_5p5_r2_0p25,1.0,1.0,1.0,1.0,1.0,1.0,False,False,False,False,False,,FULL_POSITION,,0,False,False,1.627,0.401,0.981,,,2.839,False,False,False,False,False,False,2026-09-02,2026-09-02,2026-09-02,2026-09-02,2026-09-02,2026-09-02,2026-09-02
2019-03-20,SubD V1.3,加: 纳指ETF(159941.SZ) (100.00% NAV),CASH,159941.SZ,CASH,159941.SZ,现金,纳指ETF(159941.SZ),0.0,1.0,0.0,0.0,1.0,1.0,1.0,0.0,1.0,0.001,-,1.3,full_entry,CASH,159941.SZ,,,0,159941.SZ,1.0,False,False,False,,,159941.SZ,0.59727154041851,,False,0.0,-0.012247397428046591,0.0,0.004073319755600879,,,-0.001416932341480659,0.0,0.0,-0.001000000000000112,2.3526432461207825,141,0,False,0,0,,0.59727154041851,,,,,6.308616406899485,0.59727154041851,0.10345054186404368,,,-0.17227013323031048,0.6566515588190269,0.4239412294245578,0.1125945034681195,,,0.2115251580100811,0,v1_3_naive_score_0p5_5p5_r2_0p25,1.0,1.0,1.0,1.0,1.0,1.0,False,False,False,False,False,,FULL_POSITION,,0,False,False,1.613,0.399,0.986,,,2.819,False,False,False,False,False,False,2026-09-02,2026-09-02,2026-09-02,2026-09-02,2026-09-02,2026-09-02,2026-09-02
2019-03-08,SubD V1.3,减: 德国ETF(513030.SH) (100.00% NAV),513030.SH,CASH,513030.SH,CASH,德国ETF(513030.SH),现金,1.0,0.0,1.0,1.0,0.0,-1.0,0.0,1.0,1.0,0.001,-,1.3,full_entry,513030.SH,CASH,,,0,CASH,0.0,False,False,False,,,CASH,,,False,-0.008196721311475419,-0.022825416409623656,-0.018276762402088753,-0.008196721311475419,,,0.009376126938333895,-0.008196721311475419,-0.008196721311475419,-0.00918852459016406,2.354998244365148,140,0,False,0,0,,,,,,,36.85203072504068,0.08659475359433699,0.41609890484097933,,,-0.33683959031578414,0.9448571609614485,0.03177286076168706,0.5099055699582261,,,0.5084390632226263,0,v1_3_naive_score_0p5_5p5_r2_0p25,1.0,1.0,1.0,1.0,1.0,1.0,False,False,False,False,False,,CASH,,0,False,False,1.584,0.376,0.968,,,2.799,False,False,False,False,False,False,2026-09-02,2026-09-02,2026-09-02,2026-09-02,2026-09-02,2026-09-02,2026-09-02
2019-03-04,SubD V1.3,减: 纳指ETF(159941.SZ) (100.00% NAV) / 加: 德国ETF(513030.SH) (100.00% NAV),159941.SZ,513030.SH,159941.SZ,513030.SH,纳指ETF(159941.SZ),德国ETF(513030.SH),1.0,1.0,1.0,1.0,1.0,0.0,1.0,1.0,2.0,0.002,-,1.3,full_entry,159941.SZ,513030.SH,,,0,513030.SH,1.0,False,False,False,,,513030.SH,0.7152848842021908,0.6471915889173088,False,0.002577319587628857,0.03733333333333344,0.002577319587628857,0.0010131712259371373,,,-0.014861995753715607,0.002577319587628857,0.002577319587628857,0.0005721649484535796,2.406061294179268,139,0,False,0,0,,0.6471915889173088,0.7152848842021908,,,,25.408964914371282,0.6471915889173088,0.7152848842021908,,,-0.04971495063930098,0.9353797037644125,0.625562515556874,0.8356864194942097,,,0.015689325436970658,0,v1_3_naive_score_0p5_5p5_r2_0p25,1.0,1.0,1.0,1.0,1.0,1.0,False,False,False,False,False,,FULL_POSITION,,0,False,False,1.556,0.389,0.988,,,2.784,False,False,False,False,False,False,2026-09-02,2026-09-02,2026-09-02,2026-09-02,2026-09-02,2026-09-02,2026-09-02
2019-02-22,SubD V1.3,减: 创业板100ETF(159915.SZ) (100.00% NAV) / 加: 纳指ETF(159941.SZ) (100.00% NAV),159915.SZ,159941.SZ,159915.SZ,159941.SZ,创业板100ETF(159915.SZ),纳指ETF(159941.SZ),1.0,1.0,1.0,1.0,1.0,0.0,1.0,1.0,2.0,0.002,-,1.3,full_entry,159915.SZ,159941.SZ,,,0,159941.SZ,1.0,False,False,False,,,159941.SZ,1.0805373145198178,,False,0.03763837638376377,0.03763837638376377,-0.005181347150259086,0.0,,,-0.00694444444444442,0.03763837638376377,0.03763837638376377,0.03556309963099635,2.379894846157195,138,0,False,0,0,,1.0805373145198178,,,,,7.02105860290737,1.0805373145198178,0.37944722439007283,,,0.45306729832444614,0.80144455653255,0.7619198425182127,0.6110295468142445,,,0.80822066481498,0,v1_3_naive_score_0p5_5p5_r2_0p25,1.0,1.0,1.0,1.0,1.0,1.0,False,False,False,False,False,,FULL_POSITION,,0,False,False,1.406,0.384,0.971,,,2.86,False,False,False,False,False,False,2026-09-02,2026-09-02,2026-09-02,2026-09-02,2026-09-02,2026-09-02,2026-09-02
2019-02-14,SubD V1.3,减: 纳指ETF(159941.SZ) (100.00% NAV) / 加: 创业板100ETF(159915.SZ) (100.00% NAV),159941.SZ,159915.SZ,159941.SZ,159915.SZ,纳指ETF(159941.SZ),创业板100ETF(159915.SZ),1.0,1.0,1.0,1.0,1.0,0.0,1.0,1.0,2.0,0.002,-,1.3,full_entry,159941.SZ,159915.SZ,,,0,159915.SZ,1.0,False,False,False,,,159915.SZ,1.297007850720282,1.028899556895103,False,-0.002590673575129543,0.002305918524212247,-0.002590673575129543,-0.0020920502092049986,,,-0.0014049877063575522,-0.002590673575129543,-0.002590673575129543,-0.004585492227979215,2.2116657777781614,137,0,False,0,0,1.297007850720282,1.028899556895103,,,,,1.297007850720282,1.028899556895103,0.22467410756651174,,,0.2443092158084863,0.3662055505143329,0.6845775397069501,0.45179348493158733,,,0.5410601734855102,0,v1_3_naive_score_0p5_5p5_r2_0p25,1.0,1.0,1.0,1.0,1.0,1.0,False,False,False,False,False,,FULL_POSITION,,0,False,False,1.304,0.385,0.954,,,2.843,False,False,False,False,False,False,2026-09-02,2026-09-02,2026-09-02,2026-09-02,2026-09-02,2026-09-02,2026-09-02
2019-01-18,SubD V1.3,加: 纳指ETF(159941.SZ) (100.00% NAV),CASH,159941.SZ,CASH,159941.SZ,现金,纳指ETF(159941.SZ),0.0,1.0,0.0,0.0,1.0,1.0,1.0,0.0,1.0,0.001,-,1.3,full_entry,CASH,159941.SZ,,,0,159941.SZ,1.0,False,False,False,,,159941.SZ,1.1148384491501608,,False,0.0,0.015025041736226985,0.016393442622950838,0.005330490405117239,,,0.000355871886120962,0.0,0.0,-0.0010000000000000009,2.141268691495917,136,0,False,0,0,,1.1148384491501608,,,,,-0.03483590476122622,1.1148384491501608,0.183629082226352,,,0.048992919059213325,0.00447828495337288,0.3550960320695987,0.21735149309214785,,,0.020048989015583718,0,v1_3_naive_score_0p5_5p5_r2_0p25,1.0,1.0,1.0,1.0,1.0,1.0,False,False,False,False,False,,FULL_POSITION,,0,False,False,1.216,0.372,0.943,,,2.811,False,False,False,False,False,False,2026-09-02,2026-09-02,2026-09-02,2026-09-02,2026-09-02,2026-09-02,2026-09-02
2019-01-11,SubD V1.3,减: 黄金ETF(518880.SH) (100.00% NAV),518880.SH,CASH,518880.SH,CASH,黄金ETF(518880.SH),现金,1.0,0.0,1.0,1.0,0.0,-1.0,0.0,1.0,1.0,0.001,-,1.3,full_entry,518880.SH,CASH,,,0,CASH,0.0,False,False,False,,,CASH,,,False,-0.006376195536663021,0.001657000828500399,0.005509641873278293,0.0021208907741250282,,,-0.006376195536663021,-0.006376195536663021,-0.006376195536663021,-0.007369819341126349,2.1434121035995166,135,0,False,0,0,,,,,,,-0.40037903379039264,-0.15181420818363056,-0.06581759809868792,,,0.4334548273045875,0.365978426032429,0.012653398938648697,0.01785600609874638,,,0.5360891508602906,0,v1_3_naive_score_0p5_5p5_r2_0p25,1.0,1.0,1.0,1.0,1.0,1.0,False,False,False,False,False,,CASH,,0,False,False,1.209,0.365,0.945,,,2.805,False,False,False,False,False,False,2026-09-02,2026-09-02,2026-09-02,2026-09-02,2026-09-02,2026-09-02,2026-09-02
2018-12-26,SubD V1.3,加: 黄金ETF(518880.SH) (100.00% NAV),CASH,518880.SH,CASH,518880.SH,现金,黄金ETF(518880.SH),0.0,1.0,0.0,0.0,1.0,1.0,1.0,0.0,1.0,0.001,-,1.3,full_entry,CASH,518880.SH,,,0,518880.SH,1.0,False,False,False,,,518880.SH,0.5252019115683648,,False,0.0,-0.004930156121610518,-0.003012048192771122,0.0021715526601520097,,,-0.00035460992907798694,0.0,0.0,-0.0010000000000000009,2.1562663269497793,134,0,False,0,0,,,,,,0.5252019115683648,-0.574902153923903,-0.8430394260435663,-0.6952078881591152,,,0.5252019115683648,0.6203484232116567,0.6951682716176657,0.877985351495519,,,0.7900406377557387,0,v1_3_naive_score_0p5_5p5_r2_0p25,1.0,1.0,1.0,1.0,1.0,1.0,False,False,False,False,False,,FULL_POSITION,,0,False,False,1.211,0.331,0.923,,,2.819,False,False,False,False,False,False,2026-09-02,2026-09-02,2026-09-02,2026-09-02,2026-09-02,2026-09-02,2026-09-02
2018-11-26,SubD V1.3,减: 创业板100ETF(159915.SZ) (100.00% NAV),159915.SZ,CASH,159915.SZ,CASH,创业板100ETF(159915.SZ),现金,1.0,0.0,1.0,1.0,0.0,-1.0,0.0,1.0,1.0,0.001,-,1.3,full_entry,159915.SZ,CASH,,,0,CASH,0.0,False,False,False,,,CASH,,,False,-0.0032051282051281937,-0.0032051282051281937,0.008152173913043459,0.006091370558375608,,,-0.0014646649578908821,-0.0032051282051281937,-0.0032051282051281937,-0.00420192307692302,2.1584247517014807,133,0,False,0,0,,,,,,,0.4681096919766172,-0.6096926525695845,-0.28612930587741936,,,-0.06114705368931328,0.09594079089047292,0.5715309781349469,0.49422096938266036,,,0.06331105804348502,0,v1_3_naive_score_0p5_5p5_r2_0p25,1.0,1.0,1.0,1.0,1.0,1.0,False,False,False,False,False,,CASH,,0,False,False,1.244,0.371,0.991,,,2.727,False,False,False,False,False,False,2026-09-02,2026-09-02,2026-09-02,2026-09-02,2026-09-02,2026-09-02,2026-09-02
2018-11-08,SubD V1.3,加: 创业板100ETF(159915.SZ) (100.00% NAV),CASH,159915.SZ,CASH,159915.SZ,现金,创业板100ETF(159915.SZ),0.0,1.0,0.0,0.0,1.0,1.0,1.0,0.0,1.0,0.001,-,1.3,full_entry,CASH,159915.SZ,,,0,159915.SZ,1.0,False,False,False,,,159915.SZ,1.31650560814396,,False,0.0,-0.013260530421216998,0.0227848101265824,0.005899705014749346,,,-0.004021937842778711,0.0,0.0,-0.0010000000000000009,2.197058240638044,132,0,False,0,0,1.31650560814396,,,,,,1.31650560814396,-0.36158717492475545,-0.2647148268753611,,,0.14000053241519295,0.34239687017124043,0.24169301944985788,0.244858127198192,,,0.16700110678742863,0,v1_3_naive_score_0p5_5p5_r2_0p25,1.0,1.0,1.0,1.0,1.0,1.0,False,False,False,False,False,,FULL_POSITION,,0,False,False,1.265,0.404,1.023,,,2.724,False,False,False,False,False,False,2026-09-02,2026-09-02,2026-09-02,2026-09-02,2026-09-02,2026-09-02,2026-09-02
2018-11-02,SubD V1.3,减: 黄金ETF(518880.SH) (100.00% NAV),518880.SH,CASH,518880.SH,CASH,黄金ETF(518880.SH),现金,1.0,0.0,1.0,1.0,0.0,-1.0,0.0,1.0,1.0,0.001,-,1.3,full_entry,518880.SH,CASH,,,0,CASH,0.0,False,False,False,,,CASH,,,False,0.000366300366300365,0.05215973920130379,0.012690355329949332,0.013806706114398493,,,0.000366300366300365,0.000366300366300365,0.000366300366300365,-0.0006340659340658972,2.19925749813618,131,0,False,0,0,,,,,,,-0.20711202214345292,-0.6154896369120966,-0.5470817202747484,,,0.46344718668945895,0.023285048576473955,0.6129286242191824,0.5963818040412457,,,0.5655724593934428,0,v1_3_naive_score_0p5_5p5_r2_0p25,1.0,1.0,1.0,1.0,1.0,1.0,False,False,False,False,False,,CASH,,0,False,False,1.291,0.399,1.028,,,2.731,False,False,False,False,False,False,2026-09-02,2026-09-02,2026-09-02,2026-09-02,2026-09-02,2026-09-02,2026-09-02
2018-10-18,SubD V1.3,加: 黄金ETF(518880.SH) (100.00% NAV),CASH,518880.SH,CASH,518880.SH,现金,黄金ETF(518880.SH),0.0,1.0,0.0,0.0,1.0,1.0,1.0,0.0,1.0,0.001,-,1.3,full_entry,CASH,518880.SH,,,0,518880.SH,1.0,False,False,False,,,518880.SH,0.5388164292988102,,False,0.0,-0.017887563884156688,-0.011990407673860948,-0.018043684710351338,,,0.001103346818683404,0.0,0.0,-0.001000000000000112,2.1942040575642223,130,0,False,0,0,,,,,,0.5388164292988102,-0.8677315900651041,-0.5130167026127048,-0.5485644067741621,,,0.5388164292988102,0.6972143767765098,0.4223321454478627,0.4481563301447289,,,0.6092645108447508,0,v1_3_naive_score_0p5_5p5_r2_0p25,1.0,1.0,1.0,1.0,1.0,1.0,False,False,False,False,False,,FULL_POSITION,,0,False,False,1.153,0.412,1.034,,,2.722,False,False,False,False,False,False,2026-09-02,2026-09-02,2026-09-02,2026-09-02,2026-09-02,2026-09-02,2026-09-02
2018-09-07,SubD V1.3,减: 纳指ETF(159941.SZ) (100.00% NAV),159941.SZ,CASH,159941.SZ,CASH,纳指ETF(159941.SZ),现金,1.0,0.0,1.0,1.0,0.0,-1.0,0.0,1.0,1.0,0.001,-,1.3,full_entry,159941.SZ,CASH,,,0,CASH,0.0,False,False,False,,,CASH,,,False,-0.0117647058823529,0.0036900369003691758,-0.0117647058823529,0.0,,,0.003418154196733747,-0.0117647058823529,-0.0117647058823529,-0.012752941176470522,2.1964004580222447,129,0,False,0,0,,,,,,,-0.36645579374696946,0.42042896341357827,-0.17231818278509559,,,-0.0004708382023624891,0.35417173696671755,0.3043082742051283,0.09970393487987328,,,4.967787714083016e-06,0,v1_3_naive_score_0p5_5p5_r2_0p25,1.0,1.0,1.0,1.0,1.0,1.0,False,False,False,False,False,,CASH,,0,False,False,1.36,0.42,1.072,,,2.642,False,False,False,False,False,False,2026-09-02,2026-09-02,2026-09-02,2026-09-02,2026-09-02,2026-09-02,2026-09-02
2018-09-03,SubD V1.3,加: 纳指ETF(159941.SZ) (100.00% NAV),CASH,159941.SZ,CASH,159941.SZ,现金,纳指ETF(159941.SZ),0.0,1.0,0.0,0.0,1.0,1.0,1.0,0.0,1.0,0.001,-,1.3,full_entry,CASH,159941.SZ,,,0,159941.SZ,1.0,False,False,False,,,159941.SZ,0.5338207348323498,,False,0.0,0.0043827611395179655,0.002309468822170979,-0.01526032315978465,,,-0.00415721844293282,0.0,0.0,-0.0010000000000000009,2.271885692315301,128,0,False,0,0,,0.5338207348323498,,,,,-0.27652602708971963,0.5338207348323498,-0.08966393242466375,,,-0.055444978272437995,0.1694603509723046,0.5092834434270331,0.025369220775482315,,,0.04665343164013791,0,v1_3_naive_score_0p5_5p5_r2_0p25,1.0,1.0,1.0,1.0,1.0,1.0,False,False,False,False,False,,FULL_POSITION,,0,False,False,1.375,0.434,1.097,,,2.635,False,False,False,False,False,False,2026-09-02,2026-09-02,2026-09-02,2026-09-02,2026-09-02,2026-09-02,2026-09-02
2018-08-10,SubD V1.3,减: 纳指ETF(159941.SZ) (100.00% NAV),159941.SZ,CASH,159941.SZ,CASH,纳指ETF(159941.SZ),现金,1.0,0.0,1.0,1.0,0.0,-1.0,0.0,1.0,1.0,0.001,-,1.3,full_entry,159941.SZ,CASH,,,0,CASH,0.0,False,False,False,,,CASH,,,False,0.0,0.007713884992987419,0.0,-0.001777777777777767,,,-0.0007524454477049192,0.0,0.0,-0.0009999999999998899,2.274159852167468,127,0,False,0,0,,,,,,,-0.7541372307292862,0.47530255356722395,0.18963210529284402,,,-0.02259855660216592,0.6901312889532722,0.3856747304004643,0.08460310401909832,,,0.04058493363822013,0,v1_3_naive_score_0p5_5p5_r2_0p25,1.0,1.0,1.0,1.0,1.0,1.0,False,False,False,False,False,,CASH,,0,False,False,1.437,0.419,1.123,,,2.656,False,False,False,False,False,False,2026-09-02,2026-09-02,2026-09-02,2026-09-02,2026-09-02,2026-09-02,2026-09-02
2018-08-08,SubD V1.3,减: 德国ETF(513030.SH) (100.00% NAV) / 加: 纳指ETF(159941.SZ) (100.00% NAV),513030.SH,159941.SZ,513030.SH,159941.SZ,德国ETF(513030.SH),纳指ETF(159941.SZ),1.0,1.0,1.0,1.0,1.0,0.0,1.0,1.0,2.0,0.002,-,1.3,full_entry,513030.SH,159941.SZ,,,0,159941.SZ,1.0,False,False,False,,,159941.SZ,0.5345418185383157,,False,-0.002671415850400649,-0.02195467422096309,-0.007058823529411784,-0.002671415850400649,,,-0.0015026296018031404,-0.002671415850400649,-0.002671415850400649,-0.004666073018699923,2.2927353549603815,126,0,False,0,0,,0.5345418185383157,,,,,-0.7509736791845574,0.5345418185383157,0.47438402613881014,,,-0.007823471458544118,0.6328556338759346,0.3989794440171728,0.3037758267471077,,,0.004454415229246389,0,v1_3_naive_score_0p5_5p5_r2_0p25,1.0,1.0,1.0,1.0,1.0,1.0,False,False,False,False,False,,FULL_POSITION,,0,False,False,1.381,0.422,1.12,,,2.658,False,False,False,False,False,False,2026-09-02,2026-09-02,2026-09-02,2026-09-02,2026-09-02,2026-09-02,2026-09-02
2018-07-19,SubD V1.3,减: 纳指ETF(159941.SZ) (100.00% NAV) / 加: 德国ETF(513030.SH) (100.00% NAV),159941.SZ,513030.SH,159941.SZ,513030.SH,纳指ETF(159941.SZ),德国ETF(513030.SH),1.0,1.0,1.0,1.0,1.0,0.0,1.0,1.0,2.0,0.002,-,1.3,full_entry,159941.SZ,513030.SH,,,0,513030.SH,1.0,False,False,False,,,513030.SH,1.4824018401304482,1.4317387948712534,False,0.0,-0.011749347258485643,0.0,0.00534283170080152,,,0.004168245547556015,0.0,0.0,-0.0020000000000000018,2.31579070261082,125,0,False,0,0,0.7503673472322883,1.4317387948712534,1.4824018401304482,,,,0.7503673472322883,1.4317387948712534,1.4824018401304482,,,-0.021899961703688797,0.40037156808005314,0.7545451023972675,0.7552946102265797,,,0.015839098815259578,0,v1_3_naive_score_0p5_5p5_r2_0p25,1.0,1.0,1.0,1.0,1.0,1.0,False,False,False,False,False,,FULL_POSITION,,0,False,False,1.514,0.41,1.129,,,2.65,False,False,False,False,False,False,2026-09-02,2026-09-02,2026-09-02,2026-09-02,2026-09-02,2026-09-02,2026-09-02
2018-07-10,SubD V1.3,加: 纳指ETF(159941.SZ) (100.00% NAV),CASH,159941.SZ,CASH,159941.SZ,现金,纳指ETF(159941.SZ),0.0,1.0,0.0,0.0,1.0,1.0,1.0,0.0,1.0,0.001,-,1.3,full_entry,CASH,159941.SZ,,,0,159941.SZ,1.0,False,False,False,,,159941.SZ,0.6414690956458657,,False,0.0,0.007978723404255428,0.00995024875621886,-0.0009174311926606338,,,-0.0033619723571161053,0.0,0.0,-0.001000000000000112,2.2977932090033555,124,0,False,0,0,,0.6414690956458657,,,,,-0.45184820150302896,0.6414690956458657,0.053605856973902855,,,0.06421110771740746,0.21379380288228655,0.4800256810708915,0.0060027994692855025,,,0.1618573322178527,0,v1_3_naive_score_0p5_5p5_r2_0p25,1.0,1.0,1.0,1.0,1.0,1.0,False,False,False,False,False,,FULL_POSITION,,0,False,False,1.516,0.406,1.089,,,2.668,False,False,False,False,False,False,2026-09-02,2026-09-02,2026-09-02,2026-09-02,2026-09-02,2026-09-02,2026-09-02
2018-07-02,SubD V1.3,减: 纳指ETF(159941.SZ) (100.00% NAV),159941.SZ,CASH,159941.SZ,CASH,纳指ETF(159941.SZ),现金,1.0,0.0,1.0,1.0,0.0,-1.0,0.0,1.0,1.0,0.001,-,1.3,full_entry,159941.SZ,CASH,,,0,CASH,0.0,False,False,False,,,CASH,,,False,-0.005115089514066473,-0.013779527559055205,-0.005115089514066473,-0.004752851711026684,,,0.0022547914317925244,-0.005115089514066473,-0.005115089514066473,-0.006109974424552411,2.3000933023056613,123,0,False,0,0,,,,,,,-0.7834100611640896,0.4744190222680298,-0.40002280937704804,,,-0.0651381432686653,0.6403998794599888,0.3292349217553133,0.6330657336635424,,,0.19030750134751484,0,v1_3_naive_score_0p5_5p5_r2_0p25,1.0,1.0,1.0,1.0,1.0,1.0,False,False,False,False,False,,CASH,,0,False,False,1.503,0.389,1.047,,,2.667,False,False,False,False,False,False,2026-09-02,2026-09-02,2026-09-02,2026-09-02,2026-09-02,2026-09-02,2026-09-02
2018-05-10,SubD V1.3,加: 纳指ETF(159941.SZ) (100.00% NAV),CASH,159941.SZ,CASH,159941.SZ,现金,纳指ETF(159941.SZ),0.0,1.0,0.0,0.0,1.0,1.0,1.0,0.0,1.0,0.001,-,1.3,full_entry,CASH,159941.SZ,,,0,159941.SZ,1.0,False,False,False,,,159941.SZ,0.5861715114957371,,False,0.0,0.007432818753573489,0.011235955056179803,0.005464480874316946,,,0.00037188545927846484,0.0,0.0,-0.0010000000000000009,2.130751802779742,122,0,False,0,0,,0.5861715114957371,,,,,0.3104937256733462,0.5861715114957371,0.23538416948486773,,,-0.1777308588681199,0.15437546466461427,0.4524021904913439,0.30401269036985323,,,0.63972519041518,0,v1_3_naive_score_0p5_5p5_r2_0p25,1.0,1.0,1.0,1.0,1.0,1.0,False,False,False,False,False,,FULL_POSITION,,0,False,False,1.762,0.36,1.104,,,2.69,False,False,False,False,False,False,2026-09-02,2026-09-02,2026-09-02,2026-09-02,2026-09-02,2026-09-02,2026-09-02
2018-03-23,SubD V1.3,减: 创业板100ETF(159915.SZ) (100.00% NAV),159915.SZ,CASH,159915.SZ,CASH,创业板100ETF(159915.SZ),现金,1.0,0.0,1.0,1.0,0.0,-1.0,0.0,1.0,1.0,0.001,-,1.3,full_entry,159915.SZ,CASH,,,0,CASH,0.0,False,False,False,,,CASH,,,False,-0.05201636469900639,-0.05201636469900639,-0.03878116343490312,-0.013761467889908396,,,0.010320678215997026,-0.05201636469900639,-0.05201636469900639,-0.05296434833430741,2.132884687467209,121,0,False,0,0,,,,,,,0.7710669638279302,0.19469641484796063,-0.10271822198023173,,,-0.009318851776586312,0.18553302209698297,0.04728409373563991,0.08957319395721586,,,0.0014634925682538436,0,v1_3_naive_score_0p5_5p5_r2_0p25,1.0,1.0,1.0,1.0,1.0,1.0,False,False,False,False,False,,CASH,,0,False,False,1.622,0.347,1.075,,,2.741,False,False,False,False,False,False,2026-09-02,2026-09-02,2026-09-02,2026-09-02,2026-09-02,2026-09-02,2026-09-02
2018-03-07,SubD V1.3,加: 创业板100ETF(159915.SZ) (100.00% NAV),CASH,159915.SZ,CASH,159915.SZ,现金,创业板100ETF(159915.SZ),0.0,1.0,0.0,0.0,1.0,1.0,1.0,0.0,1.0,0.001,-,1.3,full_entry,CASH,159915.SZ,,,0,159915.SZ,1.0,False,False,False,,,159915.SZ,1.7333134461611222,,False,0.0,-0.008269344359125852,0.008379888268156499,-0.005540166204986208,,,0.0036913990402360763,0.0,0.0,-0.001000000000000112,2.210048143246479,120,0,False,0,0,1.7333134461611222,,,,,,1.7333134461611222,0.8156383614792135,-0.47897313369812045,,,-0.059781646349258755,0.3797852853550745,0.15344820764342948,0.4058300080757842,,,0.0617174996991251,0,v1_3_naive_score_0p5_5p5_r2_0p25,1.0,1.0,1.0,1.0,1.0,1.0,False,False,False,False,False,,FULL_POSITION,,0,False,False,1.679,0.361,1.077,,,2.719,False,False,False,False,False,False,2026-09-02,2026-09-02,2026-09-02,2026-09-02,2026-09-02,2026-09-02,2026-09-02
2018-02-02,SubD V1.3,减: 纳指ETF(159941.SZ) (100.00% NAV),159941.SZ,CASH,159941.SZ,CASH,纳指ETF(159941.SZ),现金,1.0,0.0,1.0,1.0,0.0,-1.0,0.0,1.0,1.0,0.001,-,1.3,full_entry,159941.SZ,CASH,,,0,CASH,0.0,False,False,False,,,CASH,,,False,0.0,0.0024953212726137597,0.0,-0.011120615911035192,,,0.0007328691828507594,0.0,0.0,-0.0009999999999998899,2.2122604036501294,119,0,False,0,0,,,,,,,-0.2514103739543524,0.4176786871121636,-0.052870604741352634,,,-0.04386915342565989,0.08753409374345977,0.45089239269484604,0.009216512050091885,,,0.021483930098979975,0,v1_3_naive_score_0p5_5p5_r2_0p25,1.0,1.0,1.0,1.0,1.0,1.0,False,False,False,False,False,,CASH,,0,False,False,1.607,0.362,1.156,,,2.731,False,False,False,False,False,False,2026-09-02,2026-09-02,2026-09-02,2026-09-02,2026-09-02,2026-09-02,2026-09-02
2018-01-16,SubD V1.3,减: 黄金ETF(518880.SH) (100.00% NAV) / 加: 纳指ETF(159941.SZ) (100.00% NAV),518880.SH,159941.SZ,518880.SH,159941.SZ,黄金ETF(518880.SH),纳指ETF(159941.SZ),1.0,1.0,1.0,1.0,1.0,0.0,1.0,1.0,2.0,0.002,-,1.3,full_entry,518880.SH,159941.SZ,,,0,159941.SZ,1.0,False,False,False,,,159941.SZ,0.6636699151380874,0.655430809491059,False,-0.0007186489399927387,-0.001835985312117483,0.0027624309392264568,0.0025423728813560587,,,-0.0007186489399927387,-0.0007186489399927387,-0.0007186489399927387,-0.0027172116421128045,2.220592212447246,118,0,False,0,0,,0.6636699151380874,,,,0.655430809491059,0.06001876166226361,0.6636699151380874,0.129325130749262,,,0.655430809491059,0.007654027325244228,0.6534811757251398,0.18160963595872304,,,0.8725709244696288,0,v1_3_naive_score_0p5_5p5_r2_0p25,1.0,1.0,1.0,1.0,1.0,1.0,False,False,False,False,False,,FULL_POSITION,,0,False,False,1.631,0.363,1.183,,,2.781,False,False,False,False,False,False,2026-09-02,2026-09-02,2026-09-02,2026-09-02,2026-09-02,2026-09-02,2026-09-02
2018-01-12,SubD V1.3,加: 黄金ETF(518880.SH) (100.00% NAV),CASH,518880.SH,CASH,518880.SH,现金,黄金ETF(518880.SH),0.0,1.0,0.0,0.0,1.0,1.0,1.0,0.0,1.0,0.001,-,1.3,full_entry,CASH,518880.SH,,,0,518880.SH,1.0,False,False,False,,,518880.SH,0.5333079334288917,,False,0.0,-0.009406231628453887,0.0027932960893854997,0.001699235344095218,,,0.014630577907827291,0.0,0.0,-0.0009999999999998899,2.2194416871602467,117,0,False,0,0,,,,,,0.5333079334288917,0.34456759706754436,0.42349988499708524,0.0836008581710701,,,0.5333079334288917,0.26805699839530206,0.5049958176247289,0.07526175185477102,,,0.8650751616405288,0,v1_3_naive_score_0p5_5p5_r2_0p25,1.0,1.0,1.0,1.0,1.0,1.0,False,False,False,False,False,,FULL_POSITION,,0,False,False,1.685,0.359,1.179,,,2.774,False,False,False,False,False,False,2026-09-02,2026-09-02,2026-09-02,2026-09-02,2026-09-02,2026-09-02,2026-09-02
2017-11-23,SubD V1.3,减: 纳指ETF(159941.SZ) (100.00% NAV),159941.SZ,CASH,159941.SZ,CASH,纳指ETF(159941.SZ),现金,1.0,0.0,1.0,1.0,0.0,-1.0,0.0,1.0,1.0,0.001,-,1.3,full_entry,159941.SZ,CASH,,,0,CASH,0.0,False,False,False,,,CASH,,,False,-0.0057636887608069065,-0.029816513761467878,-0.0057636887608069065,-0.013628620102214661,,,0.0007336757153340034,-0.0057636887608069065,-0.0057636887608069065,-0.0067579250720462,2.2216633505107573,116,0,False,0,0,,,,,,,-0.3429698648479017,0.42288238988339844,-0.1117637141816401,,,0.08720545978571592,0.3382126294012352,0.5342986531349295,0.08719336303320713,,,0.404352991596742,0,v1_3_naive_score_0p5_5p5_r2_0p25,1.0,1.0,1.0,1.0,1.0,1.0,False,False,False,False,False,,CASH,,0,False,False,1.692,0.345,1.158,,,2.728,False,False,False,False,False,False,2026-09-02,2026-09-02,2026-09-02,2026-09-02,2026-09-02,2026-09-02,2026-09-02
2017-10-24,SubD V1.3,减: 德国ETF(513030.SH) (100.00% NAV) / 加: 纳指ETF(159941.SZ) (100.00% NAV),513030.SH,159941.SZ,513030.SH,159941.SZ,德国ETF(513030.SH),纳指ETF(159941.SZ),1.0,1.0,1.0,1.0,1.0,0.0,1.0,1.0,2.0,0.002,-,1.3,full_entry,513030.SH,159941.SZ,,,0,159941.SZ,1.0,False,False,False,,,159941.SZ,0.6347564043333431,0.5930609475321575,False,-0.004325259515570834,0.0033222591362125353,-0.0030211480362537513,-0.004325259515570834,,,0.0036859565057132393,-0.004325259515570834,-0.004325259515570834,-0.006316608996539741,2.12719648828118,115,0,False,0,0,,0.6347564043333431,0.5930609475321575,,,,0.19745644424052866,0.6347564043333431,0.5930609475321575,,,-0.1451573964581273,0.11236673562270838,0.7809562950134153,0.8271003765833859,,,0.5412705665998788,0,v1_3_naive_score_0p5_5p5_r2_0p25,1.0,1.0,1.0,1.0,1.0,1.0,False,False,False,False,False,,FULL_POSITION,,0,False,False,1.812,0.33,1.151,,,2.723,False,False,False,False,False,False,2026-09-02,2026-09-02,2026-09-02,2026-09-02,2026-09-02,2026-09-02,2026-09-02
2017-09-21,SubD V1.3,减: 创业板100ETF(159915.SZ) (100.00% NAV) / 加: 德国ETF(513030.SH) (100.00% NAV),159915.SZ,513030.SH,159915.SZ,513030.SH,创业板100ETF(159915.SZ),德国ETF(513030.SH),1.0,1.0,1.0,1.0,1.0,0.0,1.0,1.0,2.0,0.002,-,1.3,full_entry,159915.SZ,513030.SH,,,0,513030.SH,1.0,False,False,False,,,513030.SH,0.5806757601890784,,False,-0.011660188784008874,-0.011660188784008874,0.0,-0.0008928571428572507,,,-0.010499637943519158,-0.011660188784008874,-0.011660188784008874,-0.01363686840644085,2.0722007615462386,114,0,False,0,0,,,0.5806757601890784,,,,0.42231303819181387,0.07417613976018567,0.5806757601890784,,,-0.07443862777954602,0.4111665291004081,0.07143769640282971,0.6546945675564966,,,0.08629652869234583,0,v1_3_naive_score_0p5_5p5_r2_0p25,1.0,1.0,1.0,1.0,1.0,1.0,False,False,False,False,False,,FULL_POSITION,,0,False,False,1.78,0.322,1.119,,,2.733,False,False,False,False,False,False,2026-09-02,2026-09-02,2026-09-02,2026-09-02,2026-09-02,2026-09-02,2026-09-02
2017-08-11,SubD V1.3,加: 创业板100ETF(159915.SZ) (100.00% NAV),CASH,159915.SZ,CASH,159915.SZ,现金,创业板100ETF(159915.SZ),0.0,1.0,0.0,0.0,1.0,1.0,1.0,0.0,1.0,0.001,-,1.3,full_entry,CASH,159915.SZ,,,0,159915.SZ,1.0,False,False,False,,,159915.SZ,0.6023093482734401,,False,0.0,-0.005991611743559,-0.01851851851851849,-0.01823154056517773,,,0.005092761004001467,0.0,0.0,-0.0010000000000000009,1.935208092254852,113,0,False,0,0,0.6023093482734401,,,,,,0.6023093482734401,-0.030216076994993957,-0.19718724515464192,,,0.24715122215512797,0.32799670200326225,0.007609394211534393,0.26142018852291027,,,0.5318593362856063,0,v1_3_naive_score_0p5_5p5_r2_0p25,1.0,1.0,1.0,1.0,1.0,1.0,False,False,False,False,False,,FULL_POSITION,,0,False,False,1.659,0.318,1.077,,,2.763,False,False,False,False,False,False,2026-09-02,2026-09-02,2026-09-02,2026-09-02,2026-09-02,2026-09-02,2026-09-02
2017-08-04,SubD V1.3,减: 纳指ETF(159941.SZ) (100.00% NAV),159941.SZ,CASH,159941.SZ,CASH,纳指ETF(159941.SZ),现金,1.0,0.0,1.0,1.0,0.0,-1.0,0.0,1.0,1.0,0.001,-,1.3,full_entry,159941.SZ,CASH,,,0,CASH,0.0,False,False,False,,,CASH,,,False,-0.003076923076923088,-0.0090854027861903,-0.003076923076923088,-0.0009017132551847329,,,0.006224826071036471,-0.003076923076923088,-0.003076923076923088,-0.004073846153846206,1.9371452374923444,112,0,False,0,0,,,,,,,-0.24413803163849668,0.40909038813717635,-0.06114441385549474,,,0.399566851106369,0.06294486490369622,0.5105253496191902,0.036778357618730384,,,0.8036438559627272,0,v1_3_naive_score_0p5_5p5_r2_0p25,1.0,1.0,1.0,1.0,1.0,1.0,False,False,False,False,False,,CASH,,0,False,False,1.636,0.324,1.108,,,2.748,False,False,False,False,False,False,2026-09-02,2026-09-02,2026-09-02,2026-09-02,2026-09-02,2026-09-02,2026-09-02
2017-07-25,SubD V1.3,加: 纳指ETF(159941.SZ) (100.00% NAV),CASH,159941.SZ,CASH,159941.SZ,现金,纳指ETF(159941.SZ),0.0,1.0,0.0,0.0,1.0,1.0,1.0,0.0,1.0,0.001,-,1.3,full_entry,CASH,159941.SZ,,,0,159941.SZ,1.0,False,False,False,,,159941.SZ,0.5342908181966051,,False,0.0,0.0,0.0030674846625766694,-0.0018115942028985588,,,0.002200220022002375,0.0,0.0,-0.0010000000000000009,1.9570388062754012,111,0,False,0,0,,0.5342908181966051,,,,,-0.7931364021058014,0.5342908181966051,0.09748475831004044,,,0.02276260403653274,0.7771045571162702,0.43397546341472737,0.05012861909781374,,,0.0033184911868193723,0,v1_3_naive_score_0p5_5p5_r2_0p25,1.0,1.0,1.0,1.0,1.0,1.0,False,False,False,False,False,,FULL_POSITION,,0,False,False,1.599,0.327,1.102,,,2.733,False,False,False,False,False,False,2026-09-02,2026-09-02,2026-09-02,2026-09-02,2026-09-02,2026-09-02,2026-09-02
2017-06-29,SubD V1.3,减: 创业板100ETF(159915.SZ) (100.00% NAV),159915.SZ,CASH,159915.SZ,CASH,创业板100ETF(159915.SZ),现金,1.0,0.0,1.0,1.0,0.0,-1.0,0.0,1.0,1.0,0.001,-,1.3,full_entry,159915.SZ,CASH,,,0,CASH,0.0,False,False,False,,,CASH,,,False,0.0046136101499423265,0.0046136101499423265,0.009433962264151052,0.008115419296663706,,,-0.002548234437568131,0.0046136101499423265,0.0046136101499423265,0.0036089965397922974,1.9589978040794807,110,0,False,0,0,,,,,,,0.4527905905302152,-0.28317656149472203,-0.09970991641725835,,,-0.2140738261079107,0.5724886967574803,0.39799664321415673,0.12310475241927576,,,0.567762847095935,0,v1_3_naive_score_0p5_5p5_r2_0p25,1.0,1.0,1.0,1.0,1.0,1.0,False,False,False,False,False,,CASH,,0,False,False,1.742,0.321,1.118,,,2.74,False,False,False,False,False,False,2026-09-02,2026-09-02,2026-09-02,2026-09-02,2026-09-02,2026-09-02,2026-09-02
2017-06-21,SubD V1.3,加: 创业板100ETF(159915.SZ) (100.00% NAV),CASH,159915.SZ,CASH,159915.SZ,现金,创业板100ETF(159915.SZ),0.0,1.0,0.0,0.0,1.0,1.0,1.0,0.0,1.0,0.001,-,1.3,full_entry,CASH,159915.SZ,,,0,159915.SZ,1.0,False,False,False,,,159915.SZ,0.5577663349908177,,False,0.0,0.0028604118993134087,-0.012307692307692353,-0.009769094138543433,,,0.0007291286912141093,0.0,0.0,-0.0010000000000000009,1.9733413956731294,109,0,False,0,0,0.5577663349908177,,,,,,0.5577663349908177,-0.23973915007519064,-0.13840596640476122,,,-0.19396493134206283,0.5172778884592217,0.22089172310400063,0.13713621225397454,,,0.3751040130401855,0,v1_3_naive_score_0p5_5p5_r2_0p25,1.0,1.0,1.0,1.0,1.0,1.0,False,False,False,False,False,,FULL_POSITION,,0,False,False,1.753,0.321,1.115,,,2.745,False,False,False,False,False,False,2026-09-02,2026-09-02,2026-09-02,2026-09-02,2026-09-02,2026-09-02,2026-09-02
2017-05-26,SubD V1.3,减: 德国ETF(513030.SH) (100.00% NAV),513030.SH,CASH,513030.SH,CASH,德国ETF(513030.SH),现金,1.0,0.0,1.0,1.0,0.0,-1.0,0.0,1.0,1.0,0.001,-,1.3,full_entry,513030.SH,CASH,,,0,CASH,0.0,False,False,False,,,CASH,,,False,-0.0017857142857142794,-0.008220786846741102,0.012307692307692353,-0.0017857142857142794,,,0.001436781609195359,-0.0017857142857142794,-0.0017857142857142794,-0.0027839285714286177,1.9753167123855149,108,0,False,0,0,,,,,,,-0.3439619884873425,-0.1605132340651081,0.3872088817840367,,,0.11206132159033477,0.4479244940861511,0.16817454862751802,0.19271973858542835,,,0.08274386579128401,0,v1_3_naive_score_0p5_5p5_r2_0p25,1.0,1.0,1.0,1.0,1.0,1.0,False,False,False,False,False,,CASH,,0,False,False,1.689,0.329,1.118,,,2.788,False,False,False,False,False,False,2026-09-02,2026-09-02,2026-09-02,2026-09-02,2026-09-02,2026-09-02,2026-09-02
2017-05-02,SubD V1.3,加: 德国ETF(513030.SH) (100.00% NAV),CASH,513030.SH,CASH,513030.SH,现金,德国ETF(513030.SH),0.0,1.0,0.0,0.0,1.0,1.0,1.0,0.0,1.0,0.001,-,1.3,full_entry,CASH,513030.SH,,,0,513030.SH,1.0,False,False,False,,,513030.SH,0.8077347209603749,,False,0.0,-0.0022509848058525073,0.0030487804878047697,0.005535055350553542,,,-0.008534850640113834,0.0,0.0,-0.0010000000000000009,1.9277732262676013,107,0,False,0,0,,,0.8077347209603749,,,,-0.5253606164694913,0.40131189297248815,0.8077347209603749,,,-0.037556858494037004,0.6879766673938078,0.1260440289674324,0.3131348521023819,,,0.011802857841483383,0,v1_3_naive_score_0p5_5p5_r2_0p25,1.0,1.0,1.0,1.0,1.0,1.0,False,False,False,False,False,,FULL_POSITION,,0,False,False,1.773,0.329,1.09,,,2.788,False,False,False,False,False,False,2026-09-02,2026-09-02,2026-09-02,2026-09-02,2026-09-02,2026-09-02,2026-09-02
2017-04-21,SubD V1.3,减: 黄金ETF(518880.SH) (100.00% NAV),518880.SH,CASH,518880.SH,CASH,黄金ETF(518880.SH),现金,1.0,0.0,1.0,1.0,0.0,-1.0,0.0,1.0,1.0,0.001,-,1.3,full_entry,518880.SH,CASH,,,0,CASH,0.0,False,False,False,,,CASH,,,False,-0.003173483779971731,-0.005084745762711895,0.0,0.0019588638589618235,,,-0.003173483779971731,-0.003173483779971731,-0.003173483779971731,-0.004170310296191748,1.929702929196798,106,0,False,0,0,,,,,,,-0.545590678827995,-0.4346551014347645,-0.26762443952823556,,,0.44761716819622643,0.7671130752586159,0.6416681368074802,0.37838862814984653,,,0.6948205005128005,0,v1_3_naive_score_0p5_5p5_r2_0p25,1.0,1.0,1.0,1.0,1.0,1.0,False,False,False,False,False,,CASH,,0,False,False,1.761,0.309,1.023,,,2.827,False,False,False,False,False,False,2026-09-02,2026-09-02,2026-09-02,2026-09-02,2026-09-02,2026-09-02,2026-09-02
2017-04-11,SubD V1.3,减: 德国ETF(513030.SH) (100.00% NAV) / 加: 黄金ETF(518880.SH) (100.00% NAV),513030.SH,518880.SH,513030.SH,518880.SH,德国ETF(513030.SH),黄金ETF(518880.SH),1.0,1.0,1.0,1.0,1.0,0.0,1.0,1.0,2.0,0.002,-,1.3,full_entry,513030.SH,518880.SH,,,0,518880.SH,1.0,False,False,False,,,518880.SH,0.5168350585444339,0.5067384537846358,False,-0.004766444232602418,0.0021834061135370675,0.0,-0.004766444232602418,,,0.002136752136752129,-0.004766444232602418,-0.004766444232602418,-0.006756911344137251,1.9227519145462366,105,0,False,0,0,,,0.5067384537846358,,,0.5168350585444339,-0.25310775120721174,-0.13918955369318886,0.5067384537846358,,,0.5168350585444339,0.4107701569533987,0.298426904375367,0.6970201956578546,,,0.7780654804190807,0,v1_3_naive_score_0p5_5p5_r2_0p25,1.0,1.0,1.0,1.0,1.0,1.0,False,False,False,False,False,,FULL_POSITION,,0,False,False,1.836,0.321,1.044,,,2.814,False,False,False,False,False,False,2026-09-02,2026-09-02,2026-09-02,2026-09-02,2026-09-02,2026-09-02,2026-09-02
2017-03-20,SubD V1.3,加: 德国ETF(513030.SH) (100.00% NAV),CASH,513030.SH,CASH,513030.SH,现金,德国ETF(513030.SH),0.0,1.0,0.0,0.0,1.0,1.0,1.0,0.0,1.0,0.001,-,1.3,full_entry,CASH,513030.SH,,,0,513030.SH,1.0,False,False,False,,,513030.SH,0.6176723002791151,,False,0.0,0.004296455424275036,0.0,0.007729468599033895,,,0.004357298474945592,0.0,0.0,-0.0010000000000000009,1.9247597175881694,104,0,False,0,0,,,0.6176723002791151,,,,0.35905536252454184,0.044154601248178826,0.6176723002791151,,,-0.052546959144334604,0.4812441701477679,0.0617565302347699,0.7394807885042958,,,0.02011537391875884,0,v1_3_naive_score_0p5_5p5_r2_0p25,1.0,1.0,1.0,1.0,1.0,1.0,False,False,False,False,False,,FULL_POSITION,,0,False,False,1.87,0.325,1.043,,,2.766,False,False,False,False,False,False,2026-09-02,2026-09-02,2026-09-02,2026-09-02,2026-09-02,2026-09-02,2026-09-02
2017-03-17,SubD V1.3,减: 创业板100ETF(159915.SZ) (100.00% NAV),159915.SZ,CASH,159915.SZ,CASH,创业板100ETF(159915.SZ),现金,1.0,0.0,1.0,1.0,0.0,-1.0,0.0,1.0,1.0,0.001,-,1.3,full_entry,159915.SZ,CASH,,,0,CASH,0.0,False,False,False,,,CASH,,,False,-0.010626992561105109,-0.010626992561105109,0.0,0.0038797284190106307,,,0.001454545454545375,-0.010626992561105109,-0.010626992561105109,-0.011616365568543952,1.9266864039921616,103,0,False,0,0,,,,,,,0.4262683920254289,0.05993964168537502,0.4994040932375874,,,-0.10338256388927991,0.5571798287249041,0.08293863907116927,0.7107527205872624,,,0.08733284286698961,0,v1_3_naive_score_0p5_5p5_r2_0p25,1.0,1.0,1.0,1.0,1.0,1.0,False,False,False,False,False,,CASH,,0,False,False,1.862,0.325,1.035,,,2.754,False,False,False,False,False,False,2026-09-02,2026-09-02,2026-09-02,2026-09-02,2026-09-02,2026-09-02,2026-09-02
2017-03-07,SubD V1.3,减: 纳指ETF(159941.SZ) (100.00% NAV) / 加: 创业板100ETF(159915.SZ) (100.00% NAV),159941.SZ,159915.SZ,159941.SZ,159915.SZ,纳指ETF(159941.SZ),创业板100ETF(159915.SZ),1.0,1.0,1.0,1.0,1.0,0.0,1.0,1.0,2.0,0.002,-,1.3,full_entry,159941.SZ,159915.SZ,,,0,159915.SZ,1.0,False,False,False,,,159915.SZ,0.5625572312421325,0.5479916825253639,False,-0.0030674846625766694,0.006372809346786967,-0.0030674846625766694,-0.0039447731755424265,,,-0.003650967506389158,-0.0030674846625766694,-0.0030674846625766694,-0.00506134969325156,1.9627956289077184,102,0,False,0,0,0.5625572312421325,0.5479916825253639,,,,,0.5625572312421325,0.5479916825253639,0.1638048577126896,,,0.21880714239025867,0.6480428838942885,0.6811680480131748,0.23817277513588697,,,0.30278122235255944,0,v1_3_naive_score_0p5_5p5_r2_0p25,1.0,1.0,1.0,1.0,1.0,1.0,False,False,False,False,False,,FULL_POSITION,,0,False,False,1.895,0.325,1.01,,,2.729,False,False,False,False,False,False,2026-09-02,2026-09-02,2026-09-02,2026-09-02,2026-09-02,2026-09-02,2026-09-02
2017-02-09,SubD V1.3,加: 纳指ETF(159941.SZ) (100.00% NAV),CASH,159941.SZ,CASH,159941.SZ,现金,纳指ETF(159941.SZ),0.0,1.0,0.0,0.0,1.0,1.0,1.0,0.0,1.0,0.001,-,1.3,full_entry,CASH,159941.SZ,,,0,159941.SZ,1.0,False,False,False,,,159941.SZ,0.5266563203543668,,False,0.0,0.006037321624588365,0.0,0.0,,,0.006612784717119791,0.0,0.0,-0.0010000000000000009,1.9062143459409007,101,0,False,0,0,,0.5266563203543668,,,,,-0.2469578986970179,0.5266563203543668,0.3642938115233254,,,0.4003672570750956,0.1344881649139178,0.2563377864431241,0.3337757968533427,,,0.49656260859485646,0,v1_3_naive_score_0p5_5p5_r2_0p25,1.0,1.0,1.0,1.0,1.0,1.0,False,False,False,False,False,,FULL_POSITION,,0,False,False,1.833,0.315,0.994,,,2.74,False,False,False,False,False,False,2026-09-02,2026-09-02,2026-09-02,2026-09-02,2026-09-02,2026-09-02,2026-09-02
2017-02-07,SubD V1.3,减: 德国ETF(513030.SH) (100.00% NAV),513030.SH,CASH,513030.SH,CASH,德国ETF(513030.SH),现金,1.0,0.0,1.0,1.0,0.0,-1.0,0.0,1.0,1.0,0.001,-,1.3,full_entry,513030.SH,CASH,,,0,CASH,0.0,False,False,False,,,CASH,,,False,-0.015888778550148808,-0.0071428571428572285,-0.0031847133757961776,-0.015888778550148808,,,0.007774898185856971,-0.015888778550148808,-0.015888778550148808,-0.01687288977159862,1.9081224684093099,100,0,False,0,0,,,,,,,-0.42196282837366483,0.24566621584967785,0.44228598971018585,,,0.28207209103384967,0.3883559807771648,0.06916613136464356,0.4007111131978305,,,0.39414014968251854,0,v1_3_naive_score_0p5_5p5_r2_0p25,1.0,1.0,1.0,1.0,1.0,1.0,False,False,False,False,False,,CASH,,0,False,False,1.807,0.313,0.991,,,2.722,False,False,False,False,False,False,2026-09-02,2026-09-02,2026-09-02,2026-09-02,2026-09-02,2026-09-02,2026-09-02
2017-02-06,SubD V1.3,加: 德国ETF(513030.SH) (100.00% NAV),CASH,513030.SH,CASH,513030.SH,现金,德国ETF(513030.SH),0.0,1.0,0.0,0.0,1.0,1.0,1.0,0.0,1.0,0.001,-,1.3,full_entry,CASH,513030.SH,,,0,513030.SH,1.0,False,False,False,,,513030.SH,0.5059536280427757,,False,0.0,0.00998890122086582,0.009646302250803762,-0.002970297029703084,,,0.010097232610321694,0.0,0.0,-0.0010000000000000009,1.940870563487983,99,0,False,0,0,,,0.5059536280427757,,,,-0.46928192057884166,0.10703256131039329,0.5059536280427757,,,0.22820185338096421,0.45798451441562815,0.014071141500435536,0.4625347773364281,,,0.34335882557925457,0,v1_3_naive_score_0p5_5p5_r2_0p25,1.0,1.0,1.0,1.0,1.0,1.0,False,False,False,False,False,,FULL_POSITION,,0,False,False,1.82,0.314,1.007,,,2.701,False,False,False,False,False,False,2026-09-02,2026-09-02,2026-09-02,2026-09-02,2026-09-02,2026-09-02,2026-09-02
2017-01-24,SubD V1.3,减: 黄金ETF(518880.SH) (100.00% NAV),518880.SH,CASH,518880.SH,CASH,黄金ETF(518880.SH),现金,1.0,0.0,1.0,1.0,0.0,-1.0,0.0,1.0,1.0,0.001,-,1.3,full_entry,518880.SH,CASH,,,0,CASH,0.0,False,False,False,,,CASH,,,False,-0.0014919806042521522,-0.011621472053126691,-0.0066225165562914245,-0.0020304568527919065,,,-0.0014919806042521522,-0.0014919806042521522,-0.0014919806042521522,-0.0024904886236478685,1.942813376864848,98,0,False,0,0,,,,,,,-0.602967691484372,-0.25484750550891144,0.135784516870588,,,0.47948134518377183,0.6780178985853005,0.10749239349617856,0.27434507782197415,,,0.7893523265837644,0,v1_3_naive_score_0p5_5p5_r2_0p25,1.0,1.0,1.0,1.0,1.0,1.0,False,False,False,False,False,,CASH,,0,False,False,1.786,0.3,0.983,,,2.677,False,False,False,False,False,False,2026-09-02,2026-09-02,2026-09-02,2026-09-02,2026-09-02,2026-09-02,2026-09-02
2017-01-16,SubD V1.3,加: 黄金ETF(518880.SH) (100.00% NAV),CASH,518880.SH,CASH,518880.SH,现金,黄金ETF(518880.SH),0.0,1.0,0.0,0.0,1.0,1.0,1.0,0.0,1.0,0.001,-,1.3,full_entry,CASH,518880.SH,,,0,518880.SH,1.0,False,False,False,,,518880.SH,0.5022368299837439,,False,0.0,-0.03516483516483515,0.003225806451612856,0.007150153217568844,,,0.007513148009015813,0.0,0.0,-0.0010000000000000009,1.9483904811615955,97,0,False,0,0,,,,,,0.5022368299837439,-0.4428389471023977,0.2925220168251208,0.34418413749860255,,,0.5022368299837439,0.4340228725160655,0.04400505150363809,0.6770641752979685,,,0.7369867857428276,0,v1_3_naive_score_0p5_5p5_r2_0p25,1.0,1.0,1.0,1.0,1.0,1.0,False,False,False,False,False,,FULL_POSITION,,0,False,False,1.756,0.311,0.986,,,2.682,False,False,False,False,False,False,2026-09-02,2026-09-02,2026-09-02,2026-09-02,2026-09-02,2026-09-02,2026-09-02
2017-01-10,SubD V1.3,减: 德国ETF(513030.SH) (100.00% NAV),513030.SH,CASH,513030.SH,CASH,德国ETF(513030.SH),现金,1.0,0.0,1.0,1.0,0.0,-1.0,0.0,1.0,1.0,0.001,-,1.3,full_entry,513030.SH,CASH,,,0,CASH,0.0,False,False,False,,,CASH,,,False,-0.0010193679918450993,-0.004792332268370503,0.010135135135135087,-0.0010193679918450993,,,0.006805293005671009,-0.0010193679918450993,-0.0010193679918450993,-0.0020183486238533055,1.9503408219835792,96,0,False,0,0,,,,,,,-0.26578697776420257,0.6014447585022604,0.463972294808884,,,0.20516738223558728,0.27958291545730174,0.09519568702479353,0.7220319217547297,,,0.246654851775438,0,v1_3_naive_score_0p5_5p5_r2_0p25,1.0,1.0,1.0,1.0,1.0,1.0,False,False,False,False,False,,CASH,,0,False,False,1.869,0.299,0.98,,,2.663,False,False,False,False,False,False,2026-09-02,2026-09-02,2026-09-02,2026-09-02,2026-09-02,2026-09-02,2026-09-02
2017-01-09,SubD V1.3,减: 纳指ETF(159941.SZ) (100.00% NAV) / 加: 德国ETF(513030.SH) (100.00% NAV),159941.SZ,513030.SH,159941.SZ,513030.SH,纳指ETF(159941.SZ),德国ETF(513030.SH),1.0,1.0,1.0,1.0,1.0,0.0,1.0,1.0,2.0,0.002,-,1.3,full_entry,159941.SZ,513030.SH,,,0,513030.SH,1.0,False,False,False,,,513030.SH,0.5416747654364633,,False,0.003389830508474523,-0.0042417815482502785,0.003389830508474523,0.0010204081632652073,,,0.004557538928978255,0.003389830508474523,0.003389830508474523,0.0013830508474574899,1.9542852509304114,95,0,False,0,0,,,0.5416747654364633,,,,-0.30926165643561543,1.053401239364875,0.5416747654364633,,,0.11736519990998584,0.29216827815295887,0.19446600448327445,0.724643512486459,,,0.10838330869757318,0,v1_3_naive_score_0p5_5p5_r2_0p25,1.0,1.0,1.0,1.0,1.0,1.0,False,False,False,False,False,,FULL_POSITION,,0,False,False,1.878,0.296,0.981,,,2.645,False,False,False,False,False,False,2026-09-02,2026-09-02,2026-09-02,2026-09-02,2026-09-02,2026-09-02,2026-09-02
2017-01-04,SubD V1.3,减: 德国ETF(513030.SH) (100.00% NAV) / 加: 纳指ETF(159941.SZ) (100.00% NAV),513030.SH,159941.SZ,513030.SH,159941.SZ,德国ETF(513030.SH),纳指ETF(159941.SZ),1.0,1.0,1.0,1.0,1.0,0.0,1.0,1.0,2.0,0.002,-,1.3,full_entry,513030.SH,159941.SZ,,,0,159941.SZ,1.0,False,False,False,,,159941.SZ,4.31628553857715,0.8189787379791493,False,-0.0060606060606061,0.013822434875066403,-0.019292604501607746,-0.0060606060606061,,,0.004569687738004591,-0.0060606060606061,-0.0060606060606061,-0.00804848484848475,2.0177415694015584,94,0,False,0,0,,4.31628553857715,0.8189787379791493,,,,-0.5287278404414305,4.31628553857715,0.8189787379791493,,,-0.04421150635650495,0.5138324654295493,0.7374282558570575,0.7287331320044654,,,0.018633914867710155,0,v1_3_naive_score_0p5_5p5_r2_0p25,1.0,1.0,1.0,1.0,1.0,1.0,False,False,False,False,False,,FULL_POSITION,,0,False,False,1.907,0.305,0.984,,,2.638,False,False,False,False,False,False,2026-09-02,2026-09-02,2026-09-02,2026-09-02,2026-09-02,2026-09-02,2026-09-02
2016-12-28,SubD V1.3,减: 纳指ETF(159941.SZ) (100.00% NAV) / 加: 德国ETF(513030.SH) (100.00% NAV),159941.SZ,513030.SH,159941.SZ,513030.SH,纳指ETF(159941.SZ),德国ETF(513030.SH),1.0,1.0,1.0,1.0,1.0,0.0,1.0,1.0,2.0,0.002,-,1.3,full_entry,159941.SZ,513030.SH,,,0,513030.SH,1.0,False,False,False,,,513030.SH,1.0683932583145817,,False,-0.009345794392523366,-0.005847953216374213,-0.009345794392523366,0.0041407867494824835,,,0.003082851637765005,-0.009345794392523366,-0.009345794392523366,-0.011327102803738276,1.9930199039537526,93,0,False,0,0,,,1.0683932583145817,,,,-0.7270007957935105,5.667501823224134,1.0683932583145817,,,-0.2745100912957915,0.770219365848696,0.789162055242202,0.7347301697297116,,,0.7076569685800553,0,v1_3_naive_score_0p5_5p5_r2_0p25,1.0,1.0,1.0,1.0,1.0,1.0,False,False,False,False,False,,FULL_POSITION,,0,False,False,1.87,0.318,0.97,,,2.603,False,False,False,False,False,False,2026-09-02,2026-09-02,2026-09-02,2026-09-02,2026-09-02,2026-09-02,2026-09-02
2016-12-22,SubD V1.3,减: 德国ETF(513030.SH) (100.00% NAV) / 加: 纳指ETF(159941.SZ) (100.00% NAV),513030.SH,159941.SZ,513030.SH,159941.SZ,德国ETF(513030.SH),纳指ETF(159941.SZ),1.0,1.0,1.0,1.0,1.0,0.0,1.0,1.0,2.0,0.002,-,1.3,full_entry,513030.SH,159941.SZ,,,0,159941.SZ,1.0,False,False,False,,,159941.SZ,1.7560511739992957,1.4725407330434117,False,-0.006166495375128478,-0.003676470588235281,0.006578947368421018,-0.006166495375128478,,,-0.006936416184971206,-0.006166495375128478,-0.006166495375128478,-0.008154162384378272,1.9216549155223912,92,0,False,0,0,,1.7560511739992957,1.4725407330434117,,,,-0.7728918339645808,1.7560511739992957,1.4725407330434117,,,-0.33587080592378515,0.78884357485254,0.5923154496459638,0.8059735871333839,,,0.7746047577116548,0,v1_3_naive_score_0p5_5p5_r2_0p25,1.0,1.0,1.0,1.0,1.0,1.0,False,False,False,False,False,,FULL_POSITION,,0,False,False,1.897,0.306,0.967,,,2.577,False,False,False,False,False,False,2026-09-02,2026-09-02,2026-09-02,2026-09-02,2026-09-02,2026-09-02,2026-09-02
2016-12-13,SubD V1.3,加: 德国ETF(513030.SH) (100.00% NAV),CASH,513030.SH,CASH,513030.SH,现金,德国ETF(513030.SH),0.0,1.0,0.0,0.0,1.0,1.0,1.0,0.0,1.0,0.001,-,1.3,full_entry,CASH,513030.SH,,,0,513030.SH,1.0,False,False,False,,,513030.SH,0.6581580565847645,,False,0.0,-0.001051524710830698,0.0,0.004206098843322792,,,0.0007604562737644205,0.0,0.0,-0.0010000000000000009,1.9016113346899421,91,0,False,0,0,,,0.6581580565847645,,,,-0.5850136331265106,0.41372191615919784,0.6581580565847645,,,-0.39074503700788654,0.47502426081928384,0.1956788535797115,0.38916909014107526,,,0.7582222143756739,0,v1_3_naive_score_0p5_5p5_r2_0p25,1.0,1.0,1.0,1.0,1.0,1.0,False,False,False,False,False,,FULL_POSITION,,0,False,False,1.9,0.284,0.955,,,2.632,False,False,False,False,False,False,2026-09-02,2026-09-02,2026-09-02,2026-09-02,2026-09-02,2026-09-02,2026-09-02
2016-12-07,SubD V1.3,减: 纳指ETF(159941.SZ) (100.00% NAV),159941.SZ,CASH,159941.SZ,CASH,纳指ETF(159941.SZ),现金,1.0,0.0,1.0,1.0,0.0,-1.0,0.0,1.0,1.0,0.001,-,1.3,full_entry,159941.SZ,CASH,,,0,CASH,0.0,False,False,False,,,CASH,,,False,0.0036101083032491488,0.003929273084479323,0.0036101083032491488,0.009750812567713929,,,-0.0019040365575018203,0.0036101083032491488,0.0036101083032491488,0.00260649819494585,1.9035148495394816,90,0,False,0,0,,,,,,,-0.08643625658650378,0.48615235098729936,-0.03862539440122259,,,-0.5246076994892075,0.06602525483363242,0.1978842879255469,0.014777294707563837,,,0.8519340106577645,0,v1_3_naive_score_0p5_5p5_r2_0p25,1.0,1.0,1.0,1.0,1.0,1.0,False,False,False,False,False,,CASH,,0,False,False,2.044,0.278,0.932,,,2.621,False,False,False,False,False,False,2026-09-02,2026-09-02,2026-09-02,2026-09-02,2026-09-02,2026-09-02,2026-09-02
2016-11-24,SubD V1.3,加: 纳指ETF(159941.SZ) (100.00% NAV),CASH,159941.SZ,CASH,159941.SZ,现金,纳指ETF(159941.SZ),0.0,1.0,0.0,0.0,1.0,1.0,1.0,0.0,1.0,0.001,-,1.3,full_entry,CASH,159941.SZ,,,0,159941.SZ,1.0,False,False,False,,,159941.SZ,0.5409161357477072,,False,0.0,-0.010120481927710978,0.0,-0.0032679738562091387,,,-0.012145748987854255,0.0,0.0,-0.0010000000000000009,1.9191283293043218,89,0,False,0,0,,0.5409161357477072,,,,,0.005004059322112786,0.5409161357477072,-0.04166013502393717,,,-0.44522010453423133,0.00023471167445265895,0.37174474594511464,0.027774758268262256,,,0.5418260680407398,0,v1_3_naive_score_0p5_5p5_r2_0p25,1.0,1.0,1.0,1.0,1.0,1.0,False,False,False,False,False,,FULL_POSITION,,0,False,False,2.054,0.28,0.915,,,2.684,False,False,False,False,False,False,2026-09-02,2026-09-02,2026-09-02,2026-09-02,2026-09-02,2026-09-02,2026-09-02
2016-11-11,SubD V1.3,减: 黄金ETF(518880.SH) (100.00% NAV),518880.SH,CASH,518880.SH,CASH,黄金ETF(518880.SH),现金,1.0,0.0,1.0,1.0,0.0,-1.0,0.0,1.0,1.0,0.001,-,1.3,full_entry,518880.SH,CASH,,,0,CASH,0.0,False,False,False,,,CASH,,,False,-0.01564166370423037,0.00340964442279601,-0.014705882352941235,-0.001079913606911398,,,-0.01564166370423037,-0.01564166370423037,-0.01564166370423037,-0.0166260220405261,1.9210493786830047,88,0,False,0,0,,,,,,,-0.32952311178041693,-0.217574489488349,-0.052509366641211974,,,0.4317399975762566,0.7313221196335391,0.2526064861406072,0.027057501847680854,,,0.5141465162605303,0,v1_3_naive_score_0p5_5p5_r2_0p25,1.0,1.0,1.0,1.0,1.0,1.0,False,False,False,False,False,,CASH,,0,False,False,2.06,0.268,0.925,,,2.769,False,False,False,False,False,False,2026-09-02,2026-09-02,2026-09-02,2026-09-02,2026-09-02,2026-09-02,2026-09-02
2016-11-09,SubD V1.3,加: 黄金ETF(518880.SH) (100.00% NAV),CASH,518880.SH,CASH,518880.SH,现金,黄金ETF(518880.SH),0.0,1.0,0.0,0.0,1.0,1.0,1.0,0.0,1.0,0.001,-,1.3,full_entry,CASH,518880.SH,,,0,518880.SH,1.0,False,False,False,,,518880.SH,0.5519796826784615,,False,0.0,-0.015026660203587117,-0.02583025830258301,-0.009803921568627416,,,0.023945675482487605,0.0,0.0,-0.0010000000000000009,1.9896409482529869,87,0,False,0,0,,,,,,0.5519796826784615,-0.34057992927759206,-0.21109589836108567,-0.10774308480675454,,,0.5519796826784615,0.7037268522986986,0.2245810097057126,0.1156289364503783,,,0.6629543536974684,0,v1_3_naive_score_0p5_5p5_r2_0p25,1.0,1.0,1.0,1.0,1.0,1.0,False,False,False,False,False,,FULL_POSITION,,0,False,False,2.032,0.264,0.909,,,2.865,False,False,False,False,False,False,2026-09-02,2026-09-02,2026-09-02,2026-09-02,2026-09-02,2026-09-02,2026-09-02
2016-10-26,SubD V1.3,减: 纳指ETF(159941.SZ) (100.00% NAV),159941.SZ,CASH,159941.SZ,CASH,纳指ETF(159941.SZ),现金,1.0,0.0,1.0,1.0,0.0,-1.0,0.0,1.0,1.0,0.001,-,1.3,full_entry,159941.SZ,CASH,,,0,CASH,0.0,False,False,False,,,CASH,,,False,-0.0036231884057971175,-0.00711237553342825,-0.0036231884057971175,-0.003225806451612856,,,0.004693140794223893,-0.0036231884057971175,-0.0036231884057971175,-0.004619565217391375,1.9916325808338207,86,0,False,0,0,,,,,,,0.30957164134020787,0.49423431551153496,0.08883959636948147,,,-0.3268882484364497,0.35101658485510623,0.8405158686509658,0.07237298569128436,,,0.3415918386997171,0,v1_3_naive_score_0p5_5p5_r2_0p25,1.0,1.0,1.0,1.0,1.0,1.0,False,False,False,False,False,,CASH,,0,False,False,2.094,0.275,0.927,,,2.783,False,False,False,False,False,False,2026-09-02,2026-09-02,2026-09-02,2026-09-02,2026-09-02,2026-09-02,2026-09-02
2016-10-25,SubD V1.3,加: 纳指ETF(159941.SZ) (100.00% NAV),CASH,159941.SZ,CASH,159941.SZ,现金,纳指ETF(159941.SZ),0.0,1.0,0.0,0.0,1.0,1.0,1.0,0.0,1.0,0.001,-,1.3,full_entry,CASH,159941.SZ,,,0,159941.SZ,1.0,False,False,False,,,159941.SZ,0.5026902777396673,,False,0.0,0.0,0.01098901098901095,0.0021551724137931494,,,0.0036231884057971175,0.0,0.0,-0.0009999999999998899,2.0008757568846467,85,0,False,0,0,,0.5026902777396673,,,,,0.3629279838742019,0.5026902777396673,0.05428769930982402,,,-0.38958491685953167,0.4146539729554186,0.8219088822182092,0.02757742917049999,,,0.47169773977324236,0,v1_3_naive_score_0p5_5p5_r2_0p25,1.0,1.0,1.0,1.0,1.0,1.0,False,False,False,False,False,,FULL_POSITION,,0,False,False,2.109,0.276,0.93,,,2.77,False,False,False,False,False,False,2026-09-02,2026-09-02,2026-09-02,2026-09-02,2026-09-02,2026-09-02,2026-09-02
2016-10-18,SubD V1.3,减: 纳指ETF(159941.SZ) (100.00% NAV),159941.SZ,CASH,159941.SZ,CASH,纳指ETF(159941.SZ),现金,1.0,0.0,1.0,1.0,0.0,-1.0,0.0,1.0,1.0,0.001,-,1.3,full_entry,159941.SZ,CASH,,,0,CASH,0.0,False,False,False,,,CASH,,,False,0.0037037037037037646,0.013468013468013407,0.0037037037037037646,0.004385964912280604,,,0.002194586686174116,0.0037037037037037646,0.0037037037037037646,0.0027000000000001467,2.0028786355201667,84,0,False,0,0,,,,,,,0.27678788890904493,0.4968240796355321,-0.21199990578751815,,,-0.5260085511121579,0.1881472741841257,0.7233919812555283,0.45034394939551126,,,0.6997389200114319,0,v1_3_naive_score_0p5_5p5_r2_0p25,1.0,1.0,1.0,1.0,1.0,1.0,False,False,False,False,False,,CASH,,0,False,False,2.107,0.271,0.916,,,2.74,False,False,False,False,False,False,2026-09-02,2026-09-02,2026-09-02,2026-09-02,2026-09-02,2026-09-02,2026-09-02
2016-10-13,SubD V1.3,加: 纳指ETF(159941.SZ) (100.00% NAV),CASH,159941.SZ,CASH,159941.SZ,现金,纳指ETF(159941.SZ),0.0,1.0,0.0,0.0,1.0,1.0,1.0,0.0,1.0,0.001,-,1.3,full_entry,CASH,159941.SZ,,,0,159941.SZ,1.0,False,False,False,,,159941.SZ,0.5152712309424388,,False,0.0,-0.0014177693761815435,0.0,-0.009782608695652173,,,0.003302752293578015,0.0,0.0,-0.0010000000000000009,2.0048835190392054,83,0,False,0,0,,0.5152712309424388,,,,,0.14908667600199976,0.5152712309424388,-0.19494655313095965,,,-0.4485734215365541,0.054036717230841136,0.6696253239165487,0.36864815448933574,,,0.5177392486283009,0,v1_3_naive_score_0p5_5p5_r2_0p25,1.0,1.0,1.0,1.0,1.0,1.0,False,False,False,False,False,,FULL_POSITION,,0,False,False,2.113,0.271,0.911,,,2.734,False,False,False,False,False,False,2026-09-02,2026-09-02,2026-09-02,2026-09-02,2026-09-02,2026-09-02,2026-09-02
2016-09-01,SubD V1.3,减: 创业板100ETF(159915.SZ) (100.00% NAV),159915.SZ,CASH,159915.SZ,CASH,创业板100ETF(159915.SZ),现金,1.0,0.0,1.0,1.0,0.0,-1.0,0.0,1.0,1.0,0.001,-,1.3,full_entry,159915.SZ,CASH,,,0,CASH,0.0,False,False,False,,,CASH,,,False,-0.007146260123868542,-0.007146260123868542,0.0,-0.0032292787944026013,,,-0.002833864682961429,-0.007146260123868542,-0.007146260123868542,-0.008139113863744774,2.006890409448654,82,0,False,0,0,,,,,,,0.4491186518963519,0.15726987783808233,0.30551562661509446,,,-0.25921248260014096,0.43332014426303544,0.4487202975210922,0.2715280604002005,,,0.7324087619361047,0,v1_3_naive_score_0p5_5p5_r2_0p25,1.0,1.0,1.0,1.0,1.0,1.0,False,False,False,False,False,,CASH,,0,False,False,2.084,0.264,0.926,,,2.815,False,False,False,False,False,False,2026-09-02,2026-09-02,2026-09-02,2026-09-02,2026-09-02,2026-09-02,2026-09-02
2016-08-30,SubD V1.3,减: 德国ETF(513030.SH) (100.00% NAV) / 加: 创业板100ETF(159915.SZ) (100.00% NAV),513030.SH,159915.SZ,513030.SH,159915.SZ,德国ETF(513030.SH),创业板100ETF(159915.SZ),1.0,1.0,1.0,1.0,1.0,0.0,1.0,1.0,2.0,0.002,-,1.3,full_entry,513030.SH,159915.SZ,,,0,159915.SZ,1.0,False,False,False,,,159915.SZ,0.6019849710843728,0.5020382483182275,False,0.0043290043290042934,0.0014278914802474674,0.0038022813688212143,0.0043290043290042934,,,0.0021201413427560656,0.0043290043290042934,0.0043290043290042934,0.002320346320346278,2.0281785727570028,81,0,False,0,0,0.6019849710843728,,0.5020382483182275,,,,0.6019849710843728,0.1738179031615541,0.5020382483182275,,,-0.20512644529763813,0.552102700410199,0.43916879590110125,0.43013783868819877,,,0.5647486280433179,0,v1_3_naive_score_0p5_5p5_r2_0p25,1.0,1.0,1.0,1.0,1.0,1.0,False,False,False,False,False,,FULL_POSITION,,0,False,False,2.104,0.264,0.928,,,2.836,False,False,False,False,False,False,2026-09-02,2026-09-02,2026-09-02,2026-09-02,2026-09-02,2026-09-02,2026-09-02
2016-08-10,SubD V1.3,减: 纳指ETF(159941.SZ) (100.00% NAV) / 加: 德国ETF(513030.SH) (100.00% NAV),159941.SZ,513030.SH,159941.SZ,513030.SH,纳指ETF(159941.SZ),德国ETF(513030.SH),1.0,1.0,1.0,1.0,1.0,0.0,1.0,1.0,2.0,0.002,-,1.3,full_entry,159941.SZ,513030.SH,,,0,513030.SH,1.0,False,False,False,,,513030.SH,0.9031767249920997,0.6984590782706663,False,-0.0038022813688213253,-0.008733624454148381,-0.0038022813688213253,0.02657807308970095,,,0.01436077057793339,-0.0038022813688213253,-0.0038022813688213253,-0.005794676806083698,2.0300531417854475,80,0,False,0,0,,0.6984590782706663,0.9031767249920997,,,,-0.6240936366654595,0.6984590782706663,0.9031767249920997,,,0.08471218310242512,0.6323994602744774,0.7759757039419621,0.7500326050802303,,,0.04069784127827647,0,v1_3_naive_score_0p5_5p5_r2_0p25,1.0,1.0,1.0,1.0,1.0,1.0,False,False,False,False,False,,FULL_POSITION,,0,False,False,2.043,0.262,0.927,,,2.896,False,False,False,False,False,False,2026-09-02,2026-09-02,2026-09-02,2026-09-02,2026-09-02,2026-09-02,2026-09-02
2016-07-18,SubD V1.3,减: 创业板100ETF(159915.SZ) (100.00% NAV) / 加: 纳指ETF(159941.SZ) (100.00% NAV),159915.SZ,159941.SZ,159915.SZ,159941.SZ,创业板100ETF(159915.SZ),纳指ETF(159941.SZ),1.0,1.0,1.0,1.0,1.0,0.0,1.0,1.0,2.0,0.002,-,1.3,full_entry,159915.SZ,159941.SZ,,,0,159941.SZ,1.0,False,False,False,,,159941.SZ,1.3605406265137185,1.1518381190975395,False,-0.007393715341959317,-0.007393715341959317,0.0,0.004587155963302836,,,-0.003478260869565153,-0.007393715341959317,-0.007393715341959317,-0.00937892791127537,1.9797746300053893,79,0,False,0,0,1.1518381190975395,1.3605406265137185,,,,1.0696705014928027,1.1518381190975395,1.3605406265137185,-0.06610996063619612,,,1.0696705014928027,0.7265229967507743,0.7342199865917236,0.018572419817030728,,,0.5028378693642319,0,v1_3_naive_score_0p5_5p5_r2_0p25,1.0,1.0,1.0,1.0,1.0,1.0,False,False,False,False,False,,FULL_POSITION,,0,False,False,2.148,0.255,0.876,,,2.865,False,False,False,False,False,False,2026-09-02,2026-09-02,2026-09-02,2026-09-02,2026-09-02,2026-09-02,2026-09-02
2016-07-15,SubD V1.3,减: 黄金ETF(518880.SH) (100.00% NAV) / 加: 创业板100ETF(159915.SZ) (100.00% NAV),518880.SH,159915.SZ,518880.SH,159915.SZ,黄金ETF(518880.SH),创业板100ETF(159915.SZ),1.0,1.0,1.0,1.0,1.0,0.0,1.0,1.0,2.0,0.002,-,1.3,full_entry,518880.SH,159915.SZ,,,0,159915.SZ,1.0,False,False,False,,,159915.SZ,1.426444927583829,1.371315973435164,False,0.0010445682451254434,-0.011872146118721338,0.007905138339920903,0.004608294930875667,,,0.0010445682451254434,0.0010445682451254434,0.0010445682451254434,-0.0009575208913648048,1.9985185918072934,78,0,False,0,0,1.426444927583829,1.116538905435355,,,,1.371315973435164,1.426444927583829,1.116538905435355,-0.1590815828252603,,,1.371315973435164,0.8033719090151608,0.6627972004199995,0.12164849014896484,,,0.6134001514942722,0,v1_3_naive_score_0p5_5p5_r2_0p25,1.0,1.0,1.0,1.0,1.0,1.0,False,False,False,False,False,,FULL_POSITION,,0,False,False,2.164,0.255,0.872,,,2.875,False,False,False,False,False,False,2026-09-02,2026-09-02,2026-09-02,2026-09-02,2026-09-02,2026-09-02,2026-09-02
2016-06-16,SubD V1.3,减: 创业板100ETF(159915.SZ) (100.00% NAV) / 加: 黄金ETF(518880.SH) (100.00% NAV),159915.SZ,518880.SH,159915.SZ,518880.SH,创业板100ETF(159915.SZ),黄金ETF(518880.SH),1.0,1.0,1.0,1.0,1.0,0.0,1.0,1.0,2.0,0.002,-,1.3,full_entry,159915.SZ,518880.SH,,,0,518880.SH,1.0,False,False,False,,,518880.SH,0.7184349210467031,,False,-0.015196078431372606,-0.015196078431372606,-0.008298755186721962,-0.012614678899082632,,,0.017216117216117377,-0.015196078431372606,-0.015196078431372606,-0.017165686274509873,1.934263702866204,77,0,False,0,0,,,,,,0.7184349210467031,0.6796436434187296,0.3594761546630185,0.0610348609842053,,,0.7184349210467031,0.1743468641260224,0.23113867641564656,0.008352333823899882,,,0.2597499646909688,0,v1_3_naive_score_0p5_5p5_r2_0p25,1.0,1.0,1.0,1.0,1.0,1.0,False,False,False,False,False,,FULL_POSITION,,0,False,False,2.009,0.239,0.861,,,2.777,False,False,False,False,False,False,2026-09-02,2026-09-02,2026-09-02,2026-09-02,2026-09-02,2026-09-02,2026-09-02
2016-06-06,SubD V1.3,减: 纳指ETF(159941.SZ) (100.00% NAV) / 加: 创业板100ETF(159915.SZ) (100.00% NAV),159941.SZ,159915.SZ,159941.SZ,159915.SZ,纳指ETF(159941.SZ),创业板100ETF(159915.SZ),1.0,1.0,1.0,1.0,1.0,0.0,1.0,1.0,2.0,0.002,-,1.3,full_entry,159941.SZ,159915.SZ,,,0,159915.SZ,1.0,False,False,False,,,159915.SZ,1.5075844308893758,1.0931142139527812,False,-0.012145748987854255,-0.0033191085822665833,-0.012145748987854255,-0.004494382022471877,,,0.018259518259518215,-0.012145748987854255,-0.012145748987854255,-0.014121457489878697,2.0278597530674896,76,0,False,0,0,1.5075844308893758,1.0931142139527812,,,,,1.5075844308893758,1.0931142139527812,0.3898481602842556,,,-0.4230522492818376,0.4566647464755941,0.8002792747569677,0.28325148224493024,,,0.6503438476071923,0,v1_3_naive_score_0p5_5p5_r2_0p25,1.0,1.0,1.0,1.0,1.0,1.0,False,False,False,False,False,,FULL_POSITION,,0,False,False,2.102,0.244,0.886,,,2.621,False,False,False,False,False,False,2026-09-02,2026-09-02,2026-09-02,2026-09-02,2026-09-02,2026-09-02,2026-09-02
2016-05-31,SubD V1.3,加: 纳指ETF(159941.SZ) (100.00% NAV),CASH,159941.SZ,CASH,159941.SZ,现金,纳指ETF(159941.SZ),0.0,1.0,0.0,0.0,1.0,1.0,1.0,0.0,1.0,0.001,-,1.3,full_entry,CASH,159941.SZ,,,0,159941.SZ,1.0,False,False,False,,,159941.SZ,0.6670563103821887,,False,0.0,0.05615109749872382,0.004098360655737654,0.0044642857142858094,,,0.008613938919342257,0.0,0.0,-0.0009999999999998899,2.0402511560068293,75,0,False,0,0,,0.6670563103821887,,,,,-0.09373742441693533,0.6670563103821887,0.12040826819764217,,,-0.4329574970703862,0.009072934671365385,0.5217475149780133,0.029040969371405545,,,0.6140534340795607,0,v1_3_naive_score_0p5_5p5_r2_0p25,1.0,1.0,1.0,1.0,1.0,1.0,False,False,False,False,False,,FULL_POSITION,,0,False,False,2.069,0.245,0.9,,,2.576,False,False,False,False,False,False,2026-09-02,2026-09-02,2026-09-02,2026-09-02,2026-09-02,2026-09-02,2026-09-02
2016-05-19,SubD V1.3,减: 黄金ETF(518880.SH) (100.00% NAV),518880.SH,CASH,518880.SH,CASH,黄金ETF(518880.SH),现金,1.0,0.0,1.0,1.0,0.0,-1.0,0.0,1.0,1.0,0.001,-,1.3,full_entry,518880.SH,CASH,,,0,CASH,0.0,False,False,False,,,CASH,,,False,-0.015292801193584449,0.008849557522123908,0.0,0.0058004640371229765,,,-0.015292801193584449,-0.015292801193584449,-0.015292801193584449,-0.016277508392390838,2.0422934494562854,74,0,False,0,0,,,,,,,-0.6739493903302468,-0.30128626196208996,-0.337268696350444,,,0.47584395657655576,0.5868303882078882,0.5101056845996397,0.5203147824836889,,,0.45669151400852415,0,v1_3_naive_score_0p5_5p5_r2_0p25,1.0,1.0,1.0,1.0,1.0,1.0,False,False,False,False,False,,CASH,,0,False,False,1.938,0.234,0.867,,,2.64,False,False,False,False,False,False,2026-09-02,2026-09-02,2026-09-02,2026-09-02,2026-09-02,2026-09-02,2026-09-02
2016-05-06,SubD V1.3,减: 德国ETF(513030.SH) (100.00% NAV) / 加: 黄金ETF(518880.SH) (100.00% NAV),513030.SH,518880.SH,513030.SH,518880.SH,德国ETF(513030.SH),黄金ETF(518880.SH),1.0,1.0,1.0,1.0,1.0,0.0,1.0,1.0,2.0,0.002,-,1.3,full_entry,513030.SH,518880.SH,,,0,518880.SH,1.0,False,False,False,,,518880.SH,0.8592592391367928,0.6341664180966693,False,-0.010180995475113086,-0.046313799621928275,-0.008547008547008517,-0.010180995475113086,,,0.0018691588785046953,-0.010180995475113086,-0.010180995475113086,-0.012160633484162853,2.0753126022017643,73,0,False,0,0,,,0.6341664180966693,,,0.8592592391367928,-0.48156432982252284,-0.3174583128365178,0.6341664180966693,,,0.8592592391367928,0.2831901002125362,0.4138189012943153,0.4225751334162883,,,0.6631650958138539,0,v1_3_naive_score_0p5_5p5_r2_0p25,1.0,1.0,1.0,1.0,1.0,1.0,False,False,False,False,False,,FULL_POSITION,,0,False,False,2.018,0.232,0.875,,,2.68,False,False,False,False,False,False,2026-09-02,2026-09-02,2026-09-02,2026-09-02,2026-09-02,2026-09-02,2026-09-02
2016-04-21,SubD V1.3,加: 德国ETF(513030.SH) (100.00% NAV),CASH,513030.SH,CASH,513030.SH,现金,德国ETF(513030.SH),0.0,1.0,0.0,0.0,1.0,1.0,1.0,0.0,1.0,0.001,-,1.3,full_entry,CASH,513030.SH,,,0,513030.SH,1.0,False,False,False,,,513030.SH,0.576588319809402,,False,0.0,-0.013300492610837322,0.008333333333333304,0.011235955056179803,,,0.012336160370084892,0.0,0.0,-0.0009999999999998899,2.138885018014988,72,0,False,0,0,,,0.576588319809402,,,,-0.05134229999410855,0.3275713797369153,0.576588319809402,,,0.2309240801165129,0.0018655884589107163,0.5739655928703302,0.36808190590002954,,,0.29287880640072483,0,v1_3_naive_score_0p5_5p5_r2_0p25,1.0,1.0,1.0,1.0,1.0,1.0,False,False,False,False,False,,FULL_POSITION,,0,False,False,2.003,0.242,0.9,,,2.626,False,False,False,False,False,False,2026-09-02,2026-09-02,2026-09-02,2026-09-02,2026-09-02,2026-09-02,2026-09-02
2016-04-20,SubD V1.3,减: 创业板100ETF(159915.SZ) (100.00% NAV),159915.SZ,CASH,159915.SZ,CASH,创业板100ETF(159915.SZ),现金,1.0,0.0,1.0,1.0,0.0,-1.0,0.0,1.0,1.0,0.001,-,1.3,full_entry,159915.SZ,CASH,,,0,CASH,0.0,False,False,False,,,CASH,,,False,-0.06062008329477109,-0.06062008329477109,-0.012345679012345734,0.010215664018161208,,,0.0023183925811436357,-0.06062008329477109,-0.06062008329477109,-0.06155946321147632,2.1410260440590467,71,0,False,0,0,,,,,,,0.4025929681545819,0.30649538962548384,0.3348286297434515,,,0.11932778318738335,0.10144038274656819,0.5252680136724885,0.2373113714427023,,,0.12462763965927937,0,v1_3_naive_score_0p5_5p5_r2_0p25,1.0,1.0,1.0,1.0,1.0,1.0,False,False,False,False,False,,CASH,,0,False,False,2.03,0.24,0.89,,,2.594,False,False,False,False,False,False,2026-09-02,2026-09-02,2026-09-02,2026-09-02,2026-09-02,2026-09-02,2026-09-02
2016-04-07,SubD V1.3,加: 创业板100ETF(159915.SZ) (100.00% NAV),CASH,159915.SZ,CASH,159915.SZ,现金,创业板100ETF(159915.SZ),0.0,1.0,0.0,0.0,1.0,1.0,1.0,0.0,1.0,0.001,-,1.3,full_entry,CASH,159915.SZ,,,0,159915.SZ,1.0,False,False,False,,,159915.SZ,4.960292445008324,,False,0.0,-0.016506189821182904,0.008368200836819994,0.0,,,-0.0003915426781518905,0.0,0.0,-0.0009999999999998899,2.2645802770783865,70,0,False,0,0,4.960292445008324,,,,,,4.960292445008324,0.28684397861997124,0.17909691731889632,,,-0.3330178026455317,0.7197053712411197,0.5133728201542568,0.14889321016571722,,,0.6295468085493545,0,v1_3_naive_score_0p5_5p5_r2_0p25,1.0,1.0,1.0,1.0,1.0,1.0,False,False,False,False,False,,FULL_POSITION,,0,False,False,2.145,0.241,0.85,,,2.553,False,False,False,False,False,False,2026-09-02,2026-09-02,2026-09-02,2026-09-02,2026-09-02,2026-09-02,2026-09-02
2016-04-05,SubD V1.3,减: 德国ETF(513030.SH) (100.00% NAV),513030.SH,CASH,513030.SH,CASH,德国ETF(513030.SH),现金,1.0,0.0,1.0,1.0,0.0,-1.0,0.0,1.0,1.0,0.001,-,1.3,full_entry,513030.SH,CASH,,,0,CASH,0.0,False,False,False,,,CASH,,,False,-0.005793742757821518,0.03385789222699098,0.004201680672268893,-0.005793742757821518,,,-0.004680187207488307,-0.005793742757821518,-0.005793742757821518,-0.006787949015063632,2.266847124202589,69,0,False,0,0,,,,,,,5.7299209157258435,0.2156672400426487,0.4392255056190173,,,-0.36873954255685715,0.7214243909508513,0.3917523378001879,0.5288666046441105,,,0.6666829501514857,0,v1_3_naive_score_0p5_5p5_r2_0p25,1.0,1.0,1.0,1.0,1.0,1.0,False,False,False,False,False,,CASH,,0,False,False,2.168,0.239,0.858,,,2.552,False,False,False,False,False,False,2026-09-02,2026-09-02,2026-09-02,2026-09-02,2026-09-02,2026-09-02,2026-09-02
2016-03-25,SubD V1.3,减: 创业板100ETF(159915.SZ) (100.00% NAV) / 加: 德国ETF(513030.SH) (100.00% NAV),159915.SZ,513030.SH,159915.SZ,513030.SH,创业板100ETF(159915.SZ),德国ETF(513030.SH),1.0,1.0,1.0,1.0,1.0,0.0,1.0,1.0,2.0,0.002,-,1.3,full_entry,159915.SZ,513030.SH,,,0,513030.SH,1.0,False,False,False,,,513030.SH,0.8779703328474964,,False,-0.0004761904761904079,-0.0004761904761904079,0.0,-0.001166861143523934,,,0.005919494869771169,-0.0004761904761904079,-0.0004761904761904079,-0.002475238095238086,2.2638269251972436,68,0,False,0,0,,,0.8779703328474964,,,,5.581538231709727,0.3407818611273481,0.8779703328474964,,,-0.2917089192763259,0.5429376546268168,0.45442703949380947,0.7539121360883911,,,0.35856880722412443,0,v1_3_naive_score_0p5_5p5_r2_0p25,1.0,1.0,1.0,1.0,1.0,1.0,False,False,False,False,False,,FULL_POSITION,,0,False,False,2.099,0.235,0.856,,,2.549,False,False,False,False,False,False,2026-09-02,2026-09-02,2026-09-02,2026-09-02,2026-09-02,2026-09-02,2026-09-02
2016-03-23,SubD V1.3,减: 德国ETF(513030.SH) (100.00% NAV) / 加: 创业板100ETF(159915.SZ) (100.00% NAV),513030.SH,159915.SZ,513030.SH,159915.SZ,德国ETF(513030.SH),创业板100ETF(159915.SZ),1.0,1.0,1.0,1.0,1.0,0.0,1.0,1.0,2.0,0.002,-,1.3,full_entry,513030.SH,159915.SZ,,,0,159915.SZ,1.0,False,False,False,,,159915.SZ,2.7555807135536257,1.025103956794966,False,0.007001166861143604,0.023344449737970452,0.008474576271186418,0.007001166861143604,,,-0.010396611474778661,0.007001166861143604,0.007001166861143604,0.004987164527421317,2.321317353775526,67,0,False,0,0,2.7555807135536257,0.5339419110377799,1.025103956794966,,,,2.7555807135536257,0.5339419110377799,1.025103956794966,,,-0.10424107729465326,0.2747317685665902,0.702444957449577,0.806629111530212,,,0.05644256001989301,0,v1_3_naive_score_0p5_5p5_r2_0p25,1.0,1.0,1.0,1.0,1.0,1.0,False,False,False,False,False,,FULL_POSITION,,0,False,False,2.148,0.238,0.863,,,2.57,False,False,False,False,False,False,2026-09-02,2026-09-02,2026-09-02,2026-09-02,2026-09-02,2026-09-02,2026-09-02
2016-03-16,SubD V1.3,减: 黄金ETF(518880.SH) (100.00% NAV) / 加: 德国ETF(513030.SH) (100.00% NAV),518880.SH,513030.SH,518880.SH,513030.SH,黄金ETF(518880.SH),德国ETF(513030.SH),1.0,1.0,1.0,1.0,1.0,0.0,1.0,1.0,2.0,0.002,-,1.3,full_entry,518880.SH,513030.SH,,,0,513030.SH,1.0,False,False,False,,,513030.SH,0.7339589151953521,,False,0.0073872472783826915,-0.006874669487043961,0.0,0.0011627906976743319,,,0.0073872472783826915,0.0073872472783826915,0.0073872472783826915,0.005372472783826021,2.320578865263235,66,0,False,0,0,,0.5437296597743444,0.7339589151953521,,,,-0.7165220941301116,0.5437296597743444,0.7339589151953521,,,0.38686531639663113,0.3768057126811106,0.6476224257007507,0.6272465100546818,,,0.27110625736742455,0,v1_3_naive_score_0p5_5p5_r2_0p25,1.0,1.0,1.0,1.0,1.0,1.0,False,False,False,False,False,,FULL_POSITION,,0,False,False,1.878,0.235,0.861,,,2.591,False,False,False,False,False,False,2026-09-02,2026-09-02,2026-09-02,2026-09-02,2026-09-02,2026-09-02,2026-09-02
2016-01-08,SubD V1.3,加: 黄金ETF(518880.SH) (100.00% NAV),CASH,518880.SH,CASH,518880.SH,现金,黄金ETF(518880.SH),0.0,1.0,0.0,0.0,1.0,1.0,1.0,0.0,1.0,0.001,-,1.3,full_entry,CASH,518880.SH,,,0,518880.SH,1.0,False,False,False,,,518880.SH,0.658831065743744,,False,0.0,0.013835877862595325,-0.004132231404958664,0.0022650056625141968,,,-0.00042753313381782565,0.0,0.0,-0.001000000000000112,2.0981806867248367,65,0,False,0,0,,,,,,0.658831065743744,-0.9157663083107652,-0.26473145126585906,-0.0013444194545888521,,,0.658831065743744,0.5334583259594379,0.3161721779876816,6.600368707920801e-06,,,0.556781840952685,0,v1_3_naive_score_0p5_5p5_r2_0p25,1.0,1.0,1.0,1.0,1.0,1.0,False,False,False,False,False,,FULL_POSITION,,0,False,False,2.125,0.241,0.885,,,2.338,False,False,False,False,False,False,2026-09-02,2026-09-02,2026-09-02,2026-09-02,2026-09-02,2026-09-02,2026-09-02
2015-12-28,SubD V1.3,减: 创业板100ETF(159915.SZ) (100.00% NAV),159915.SZ,CASH,159915.SZ,CASH,创业板100ETF(159915.SZ),现金,1.0,0.0,1.0,1.0,0.0,-1.0,0.0,1.0,1.0,0.001,-,1.3,full_entry,159915.SZ,CASH,,,0,CASH,0.0,False,False,False,,,CASH,,,False,-0.02633587786259539,-0.02633587786259539,-0.004016064257028162,-0.004400440044004417,,,-0.002666666666666595,-0.02633587786259539,-0.02633587786259539,-0.027309541984732788,2.1002809676925294,64,0,False,0,0,,,,,,,0.6090624950621746,-0.15884291516681037,-0.09450214313299865,,,0.2580648909025667,0.24118919958397278,0.32160346252404737,0.040455644487908615,,,0.5676679932345225,0,v1_3_naive_score_0p5_5p5_r2_0p25,1.0,1.0,1.0,1.0,1.0,1.0,False,False,False,False,False,,CASH,,0,False,False,2.551,0.248,0.905,,,2.244,False,False,False,False,False,False,2026-09-02,2026-09-02,2026-09-02,2026-09-02,2026-09-02,2026-09-02,2026-09-02
2015-12-24,SubD V1.3,加: 创业板100ETF(159915.SZ) (100.00% NAV),CASH,159915.SZ,CASH,159915.SZ,现金,创业板100ETF(159915.SZ),0.0,1.0,0.0,0.0,1.0,1.0,1.0,0.0,1.0,0.001,-,1.3,full_entry,CASH,159915.SZ,,,0,159915.SZ,1.0,False,False,False,,,159915.SZ,0.6944589835404094,,False,0.0,0.009230769230769154,0.00809716599190291,0.01452513966480451,,,0.00044563279857401383,0.0,0.0,-0.0010000000000000009,2.162545634315302,63,0,False,0,0,0.6944589835404094,,,,,,0.6944589835404094,-0.17754757986979874,-0.1927359012263672,,,0.2386968404285712,0.25329286766967085,0.3553950395558563,0.1712390112632779,,,0.47557276623824274,0,v1_3_naive_score_0p5_5p5_r2_0p25,1.0,1.0,1.0,1.0,1.0,1.0,False,False,False,False,False,,FULL_POSITION,,0,False,False,2.624,0.249,0.908,,,2.245,False,False,False,False,False,False,2026-09-02,2026-09-02,2026-09-02,2026-09-02,2026-09-02,2026-09-02,2026-09-02
2015-11-30,SubD V1.3,减: 创业板100ETF(159915.SZ) (100.00% NAV),159915.SZ,CASH,159915.SZ,CASH,创业板100ETF(159915.SZ),现金,1.0,0.0,1.0,1.0,0.0,-1.0,0.0,1.0,1.0,0.001,-,1.3,full_entry,159915.SZ,CASH,,,0,CASH,0.0,False,False,False,,,CASH,,,False,0.009615384615384581,0.009615384615384581,-0.003984063745019917,0.0055187637969094094,,,-0.010426110607434369,0.009615384615384581,0.009615384615384581,0.008605769230769278,2.164710344659962,62,0,False,0,0,,,,,,,1.1076831485390919,0.14675501744606123,0.06411680112957807,,,-0.4848894576866203,0.2034154048696647,0.10722227461604128,0.028750415105419536,,,0.7929010034261009,0,v1_3_naive_score_0p5_5p5_r2_0p25,1.0,1.0,1.0,1.0,1.0,1.0,False,False,False,False,False,,CASH,,0,False,False,2.52,0.25,0.911,,,2.183,False,False,False,False,False,False,2026-09-02,2026-09-02,2026-09-02,2026-09-02,2026-09-02,2026-09-02,2026-09-02
2015-11-18,SubD V1.3,加: 创业板100ETF(159915.SZ) (100.00% NAV),CASH,159915.SZ,CASH,159915.SZ,现金,创业板100ETF(159915.SZ),0.0,1.0,0.0,0.0,1.0,1.0,1.0,0.0,1.0,0.001,-,1.3,full_entry,CASH,159915.SZ,,,0,159915.SZ,1.0,False,False,False,,,159915.SZ,4.226466019036746,,False,0.0,-0.020630595562475595,0.004098360655737654,0.005636978579481422,,,-0.0062893081761005165,0.0,0.0,-0.0009999999999998899,2.163437734228063,61,0,False,0,0,4.226466019036746,,,,,,4.226466019036746,0.1496774200932267,-0.05958630693667988,,,-0.6695280306250216,0.6040535563821124,0.04677185900493863,0.015102125737268435,,,0.9136000765446105,0,v1_3_naive_score_0p5_5p5_r2_0p25,1.0,1.0,1.0,1.0,1.0,1.0,False,False,False,False,False,,FULL_POSITION,,0,False,False,2.516,0.245,0.892,,,2.212,False,False,False,False,False,False,2026-09-02,2026-09-02,2026-09-02,2026-09-02,2026-09-02,2026-09-02,2026-09-02
2015-11-17,SubD V1.3,减: 纳指ETF(159941.SZ) (100.00% NAV),159941.SZ,CASH,159941.SZ,CASH,纳指ETF(159941.SZ),现金,1.0,0.0,1.0,1.0,0.0,-1.0,0.0,1.0,1.0,0.001,-,1.3,full_entry,159941.SZ,CASH,,,0,CASH,0.0,False,False,False,,,CASH,,,False,0.008264462809917328,-0.0378277153558052,0.008264462809917328,0.007954545454545547,,,-0.015044247787610487,0.008264462809917328,0.008264462809917328,0.007256198347107334,2.1656033375656283,60,0,False,0,0,,,,,,,5.575897437391163,0.2987941251259616,0.004334182280259613,,,-0.6630530306803937,0.6984895396897528,0.1329016252593449,6.346987692551487e-05,,,0.8989316393262378,0,v1_3_naive_score_0p5_5p5_r2_0p25,1.0,1.0,1.0,1.0,1.0,1.0,False,False,False,False,False,,CASH,,0,False,False,2.569,0.244,0.887,,,2.226,False,False,False,False,False,False,2026-09-02,2026-09-02,2026-09-02,2026-09-02,2026-09-02,2026-09-02,2026-09-02
2015-11-11,SubD V1.3,减: 创业板100ETF(159915.SZ) (100.00% NAV) / 加: 纳指ETF(159941.SZ) (100.00% NAV),159915.SZ,159941.SZ,159915.SZ,159941.SZ,创业板100ETF(159915.SZ),纳指ETF(159941.SZ),1.0,1.0,1.0,1.0,1.0,0.0,1.0,1.0,2.0,0.002,-,1.3,full_entry,159915.SZ,159941.SZ,,,0,159941.SZ,1.0,False,False,False,,,159941.SZ,1.410668083678587,,False,0.027213491759294772,0.027213491759294772,0.0,0.0022371364653244186,,,-0.0004444444444443585,0.027213491759294772,0.027213491759294772,0.02515906477577623,2.2033083399640456,59,0,False,0,0,,1.410668083678587,0.646498906160474,,,,5.693500647265695,1.410668083678587,0.646498906160474,,,-0.6095215290781064,0.6711693680131392,0.7536365025382541,0.4710539864015737,,,0.7653358964248881,0,v1_3_naive_score_0p5_5p5_r2_0p25,1.0,1.0,1.0,1.0,1.0,1.0,False,False,False,False,False,,FULL_POSITION,,0,False,False,2.68,0.248,0.896,,,2.249,False,False,False,False,False,False,2026-09-02,2026-09-02,2026-09-02,2026-09-02,2026-09-02,2026-09-02,2026-09-02
2015-11-03,SubD V1.3,减: 纳指ETF(159941.SZ) (100.00% NAV) / 加: 创业板100ETF(159915.SZ) (100.00% NAV),159941.SZ,159915.SZ,159941.SZ,159915.SZ,纳指ETF(159941.SZ),创业板100ETF(159915.SZ),1.0,1.0,1.0,1.0,1.0,0.0,1.0,1.0,2.0,0.002,-,1.3,full_entry,159941.SZ,159915.SZ,,,0,159915.SZ,1.0,False,False,False,,,159915.SZ,4.866604695438158,2.789860079743487,False,0.012145748987854255,-0.0025962786672435456,0.012145748987854255,0.012235817575083408,,,-0.005555555555555536,0.012145748987854255,0.012145748987854255,0.010121457489878471,1.8988072127901794,58,0,False,0,0,4.866604695438158,2.789860079743487,2.124268730742576,,,,4.866604695438158,2.789860079743487,2.124268730742576,,,-0.029662932857279056,0.5370650096486783,0.8811252456884231,0.8782728793824963,,,0.00358679603508838,0,v1_3_naive_score_0p5_5p5_r2_0p25,1.0,1.0,1.0,1.0,1.0,1.0,False,False,False,False,False,,FULL_POSITION,,0,False,False,2.305,0.25,0.91,,,2.327,False,False,False,False,False,False,2026-09-02,2026-09-02,2026-09-02,2026-09-02,2026-09-02,2026-09-02,2026-09-02
2015-10-29,SubD V1.3,减: 德国ETF(513030.SH) (100.00% NAV) / 加: 纳指ETF(159941.SZ) (100.00% NAV),513030.SH,159941.SZ,513030.SH,159941.SZ,德国ETF(513030.SH),纳指ETF(159941.SZ),1.0,1.0,1.0,1.0,1.0,0.0,1.0,1.0,2.0,0.002,-,1.3,full_entry,513030.SH,159941.SZ,,,0,159941.SZ,1.0,False,False,False,,,159941.SZ,2.29829847814982,2.2213017214570847,False,0.015677491601343796,-0.003389830508474634,0.00809716599190291,0.015677491601343796,,,-0.009143807148794814,0.015677491601343796,0.015677491601343796,0.01364613661814107,1.8950019879148485,57,0,False,0,0,,2.29829847814982,2.2213017214570847,,,,15.644323725754422,2.29829847814982,2.2213017214570847,,,0.4050631187838343,0.8006473932363714,0.7512312838058893,0.8305550429593762,,,0.5558708919574319,0,v1_3_naive_score_0p5_5p5_r2_0p25,1.0,1.0,1.0,1.0,1.0,1.0,False,False,False,False,False,,FULL_POSITION,,0,False,False,2.352,0.249,0.907,,,2.384,False,False,False,False,False,False,2026-09-02,2026-09-02,2026-09-02,2026-09-02,2026-09-02,2026-09-02,2026-09-02
2015-10-23,SubD V1.3,减: 黄金ETF(518880.SH) (100.00% NAV) / 加: 德国ETF(513030.SH) (100.00% NAV),518880.SH,513030.SH,518880.SH,513030.SH,黄金ETF(518880.SH),德国ETF(513030.SH),1.0,1.0,1.0,1.0,1.0,0.0,1.0,1.0,2.0,0.002,-,1.3,full_entry,518880.SH,513030.SH,,,0,513030.SH,1.0,False,False,False,,,513030.SH,0.9423991635133937,0.673155924752886,False,0.005860192549183907,0.033645655877342584,0.03404255319148941,0.024027459954233388,,,0.005860192549183907,0.005860192549183907,0.005860192549183907,0.003848472164085459,1.8736776520889515,56,0,False,0,0,,0.7299968634125695,0.9423991635133937,,,0.673155924752886,34.541146968796276,0.7299968634125695,0.9423991635133937,,,0.673155924752886,0.8821258165494392,0.31529158573093174,0.4052242665673724,,,0.7545660965884677,0,v1_3_naive_score_0p5_5p5_r2_0p25,1.0,1.0,1.0,1.0,1.0,1.0,False,False,False,False,False,,FULL_POSITION,,0,False,False,2.427,0.243,0.895,,,2.403,False,False,False,False,False,False,2026-09-02,2026-09-02,2026-09-02,2026-09-02,2026-09-02,2026-09-02,2026-09-02
2015-10-14,SubD V1.3,加: 黄金ETF(518880.SH) (100.00% NAV),CASH,518880.SH,CASH,518880.SH,现金,黄金ETF(518880.SH),0.0,1.0,0.0,0.0,1.0,1.0,1.0,0.0,1.0,0.001,-,1.3,full_entry,CASH,518880.SH,,,0,518880.SH,1.0,False,False,False,,,518880.SH,0.5445585695207551,,False,0.0,-0.019766397124887702,-0.0042918454935622075,-0.002320185614849146,,,0.01524777636594643,0.0,0.0,-0.0010000000000000009,1.8727447954824412,55,0,False,0,0,,,,,,0.5445585695207551,15.316772003410744,-0.06408823614100667,-0.3429637292946126,,,0.5445585695207551,0.6945550550469115,0.005845254604198602,0.15426347852611377,,,0.5850038381189551,0,v1_3_naive_score_0p5_5p5_r2_0p25,1.0,1.0,1.0,1.0,1.0,1.0,False,False,False,False,False,,FULL_POSITION,,0,False,False,2.182,0.232,0.86,,,2.397,False,False,False,False,False,False,2026-09-02,2026-09-02,2026-09-02,2026-09-02,2026-09-02,2026-09-02,2026-09-02
2015-10-12,SubD V1.3,减: 创业板100ETF(159915.SZ) (100.00% NAV),159915.SZ,CASH,159915.SZ,CASH,创业板100ETF(159915.SZ),现金,1.0,0.0,1.0,1.0,0.0,-1.0,0.0,1.0,1.0,0.001,-,1.3,full_entry,159915.SZ,CASH,,,0,CASH,0.0,False,False,False,,,CASH,,,False,0.05563480741797422,0.05563480741797422,0.0,0.017709563164108655,,,0.010638297872340496,0.05563480741797422,0.05563480741797422,0.054579172610556226,1.8746194148973385,54,0,False,0,0,,,,,,,8.445241752091459,-0.16621774635388742,-0.5254903066823282,,,0.3531803547426302,0.5611269758104439,0.04106827796744772,0.4177587511364844,,,0.374364515041098,0,v1_3_naive_score_0p5_5p5_r2_0p25,1.0,1.0,1.0,1.0,1.0,1.0,False,False,False,False,False,,CASH,,0,False,False,2.22,0.232,0.862,,,2.375,False,False,False,False,False,False,2026-09-02,2026-09-02,2026-09-02,2026-09-02,2026-09-02,2026-09-02,2026-09-02
2015-09-30,SubD V1.3,加: 创业板100ETF(159915.SZ) (100.00% NAV),CASH,159915.SZ,CASH,159915.SZ,现金,创业板100ETF(159915.SZ),0.0,1.0,0.0,0.0,1.0,1.0,1.0,0.0,1.0,0.001,-,1.3,full_entry,CASH,159915.SZ,,,0,159915.SZ,1.0,False,False,False,,,159915.SZ,2.135556508869643,,False,0.0,-0.00870901639344257,0.00917431192660545,0.004901960784313708,,,0.0,0.0,0.0,-0.001000000000000112,1.6355944087449386,53,0,False,0,0,2.135556508869643,,,,,,2.135556508869643,-0.24419521365225239,-0.6609077777468244,,,0.1243346982614042,0.27655061529405556,0.08089681764193235,0.7009569795999175,,,0.06773258981058705,0,v1_3_naive_score_0p5_5p5_r2_0p25,1.0,1.0,1.0,1.0,1.0,1.0,False,False,False,False,False,,FULL_POSITION,,0,False,False,1.935,0.22,0.82,,,2.314,False,False,False,False,False,False,2026-09-02,2026-09-02,2026-09-02,2026-09-02,2026-09-02,2026-09-02,2026-09-02
2015-09-09,SubD V1.3,减: 黄金ETF(518880.SH) (100.00% NAV),518880.SH,CASH,518880.SH,CASH,黄金ETF(518880.SH),现金,1.0,0.0,1.0,1.0,0.0,-1.0,0.0,1.0,1.0,0.001,-,1.3,full_entry,518880.SH,CASH,,,0,CASH,0.0,False,False,False,,,CASH,,,False,0.004342162396873794,0.029131355932203506,0.004366812227074135,0.011376564277588264,,,0.004342162396873794,0.004342162396873794,0.004342162396873794,0.003337820234476929,1.637231640385324,52,0,False,0,0,,,,,,,-0.9928727557589988,-0.7190795948335869,-0.6349267428346067,,,0.35538987782172415,0.6868555332243482,0.3831362848469634,0.4387801730341486,,,0.16182869384809373,0,v1_3_naive_score_0p5_5p5_r2_0p25,1.0,1.0,1.0,1.0,1.0,1.0,False,False,False,False,False,,CASH,,0,False,False,1.943,0.23,0.889,,,2.313,False,False,False,False,False,False,2026-09-02,2026-09-02,2026-09-02,2026-09-02,2026-09-02,2026-09-02,2026-09-02
2015-08-18,SubD V1.3,减: 德国ETF(513030.SH) (100.00% NAV) / 加: 黄金ETF(518880.SH) (100.00% NAV),513030.SH,518880.SH,513030.SH,518880.SH,德国ETF(513030.SH),黄金ETF(518880.SH),1.0,1.0,1.0,1.0,1.0,0.0,1.0,1.0,2.0,0.002,-,1.3,full_entry,513030.SH,518880.SH,,,0,518880.SH,1.0,False,False,False,,,518880.SH,0.9288973654211237,0.5873515446192921,False,-0.011578947368421022,-0.06467065868263466,0.008064516129032251,-0.011578947368421022,,,0.0004345936549325913,-0.011578947368421022,-0.011578947368421022,-0.013555789473684188,1.6310764877142663,51,0,False,0,0,,,0.5873515446192921,,,0.9288973654211237,-0.4130563120874421,0.07844467547981937,0.5873515446192921,,,0.9288973654211237,0.06176364482681318,0.04177392454933748,0.3855640503115225,,,0.37070304066820103,0,v1_3_naive_score_0p5_5p5_r2_0p25,1.0,1.0,1.0,1.0,1.0,1.0,False,False,False,False,False,,FULL_POSITION,,0,False,False,2.343,0.25,0.939,,,2.302,False,False,False,False,False,False,2026-09-02,2026-09-02,2026-09-02,2026-09-02,2026-09-02,2026-09-02,2026-09-02
2015-08-17,SubD V1.3,加: 德国ETF(513030.SH) (100.00% NAV),CASH,513030.SH,CASH,513030.SH,现金,德国ETF(513030.SH),0.0,1.0,0.0,0.0,1.0,1.0,1.0,0.0,1.0,0.001,-,1.3,full_entry,CASH,513030.SH,,,0,513030.SH,1.0,False,False,False,,,513030.SH,0.5479116404745801,,False,0.0,-0.007920792079207928,-0.008000000000000007,0.0021097046413502962,,,0.0008699434536756367,0.0,0.0,-0.0010000000000000009,1.6534908617325736,50,0,False,0,0,,,0.5479116404745801,,,,-0.3055552106247741,0.06144232878113476,0.5479116404745801,,,0.6780488457770102,0.02913605901187377,0.024165136163519674,0.32472441820017106,,,0.23890293307831534,0,v1_3_naive_score_0p5_5p5_r2_0p25,1.0,1.0,1.0,1.0,1.0,1.0,False,False,False,False,False,,FULL_POSITION,,0,False,False,2.505,0.248,0.95,,,2.301,False,False,False,False,False,False,2026-09-02,2026-09-02,2026-09-02,2026-09-02,2026-09-02,2026-09-02,2026-09-02
2015-06-17,SubD V1.3,减: 创业板100ETF(159915.SZ) (100.00% NAV),159915.SZ,CASH,159915.SZ,CASH,创业板100ETF(159915.SZ),现金,1.0,0.0,1.0,1.0,0.0,-1.0,0.0,1.0,1.0,0.001,-,1.3,full_entry,159915.SZ,CASH,,,0,CASH,0.0,False,False,False,,,CASH,,,False,0.04203409758965315,0.04203409758965315,,-0.0030737704918032405,,,-0.002956081081080919,0.04203409758965315,0.04203409758965315,0.040992063492063524,1.655146007740314,49,0,False,0,0,,,,,,,1.3472618302361163,,-0.4438699815363095,,,-0.23291685581662291,0.19531451018386747,,0.7931164402050876,,,0.7075093272287225,0,v1_3_naive_score_0p5_5p5_r2_0p25,1.0,1.0,1.0,1.0,1.0,1.0,False,False,False,False,False,,CASH,,0,False,False,3.545,,0.973,,,2.361,False,False,False,False,False,False,2026-09-02,2026-09-02,2026-09-02,2026-09-02,2026-09-02,2026-09-02,2026-09-02
2015-06-15,SubD V1.3,加: 创业板100ETF(159915.SZ) (100.00% NAV),CASH,159915.SZ,CASH,159915.SZ,现金,创业板100ETF(159915.SZ),0.0,1.0,0.0,0.0,1.0,1.0,1.0,0.0,1.0,0.001,-,1.3,full_entry,CASH,159915.SZ,,,0,159915.SZ,1.0,False,False,False,,,159915.SZ,4.101390765089674,,False,0.0,-0.05183585313174954,,-0.007035175879396949,,,-0.001263157894736855,0.0,0.0,-0.0010000000000000009,1.6413798224695733,48,0,False,0,0,4.101390765089674,,,,,,4.101390765089674,,-0.3907838869349053,,,-0.2482834233249709,0.5172049317011884,,0.6974632290337663,,,0.6768253366937165,0,v1_3_naive_score_0p5_5p5_r2_0p25,1.0,1.0,1.0,1.0,1.0,1.0,False,False,False,False,False,,FULL_POSITION,,0,False,False,3.512,,0.988,,,2.372,False,False,False,False,False,False,2026-09-02,2026-09-02,2026-09-02,2026-09-02,2026-09-02,2026-09-02,2026-09-02
2015-04-29,SubD V1.3,减: 创业板100ETF(159915.SZ) (100.00% NAV),159915.SZ,CASH,159915.SZ,CASH,创业板100ETF(159915.SZ),现金,1.0,0.0,1.0,1.0,0.0,-1.0,0.0,1.0,1.0,0.001,-,1.3,full_entry,159915.SZ,CASH,,,0,CASH,0.0,False,False,False,,,CASH,,,False,0.054200542005419905,0.054200542005419905,,-0.004906771344455274,,,0.005421184320266947,0.054200542005419905,0.054200542005419905,0.05314634146341457,1.643022845314888,47,0,False,0,0,,,,,,,5.700640544141702,,-0.14029505038993928,,,0.07197468877469371,0.6771635873102693,,0.3741138556818989,,,0.08103899280979998,0,v1_3_naive_score_0p5_5p5_r2_0p25,1.0,1.0,1.0,1.0,1.0,1.0,False,False,False,False,False,,CASH,,0,False,False,2.723,,1.014,,,2.411,False,False,False,False,False,False,2026-09-02,2026-09-02,2026-09-02,2026-09-02,2026-09-02,2026-09-02,2026-09-02
2015-04-16,SubD V1.3,加: 创业板100ETF(159915.SZ) (100.00% NAV),CASH,159915.SZ,CASH,159915.SZ,现金,创业板100ETF(159915.SZ),0.0,1.0,0.0,0.0,1.0,1.0,1.0,0.0,1.0,0.001,-,1.3,full_entry,CASH,159915.SZ,,,0,159915.SZ,1.0,False,False,False,,,159915.SZ,4.815981058729674,,False,0.0,0.0193133047210301,,0.001974333662388972,,,0.007601351351351537,0.0,0.0,-0.0010000000000000009,1.4344786422937295,46,0,False,0,0,4.815981058729674,,,,,,4.815981058729674,,0.04303630980219664,,,0.06681303846985442,0.7022348095695976,,0.02393403039602715,,,0.0575559443024416,0,v1_3_naive_score_0p5_5p5_r2_0p25,1.0,1.0,1.0,1.0,1.0,1.0,False,False,False,False,False,,FULL_POSITION,,0,False,False,2.375,,1.015,,,2.386,False,False,False,False,False,False,2026-09-02,2026-09-02,2026-09-02,2026-09-02,2026-09-02,2026-09-02,2026-09-02
2015-03-12,SubD V1.3,减: 德国ETF(513030.SH) (100.00% NAV),513030.SH,CASH,513030.SH,CASH,德国ETF(513030.SH),现金,1.0,0.0,1.0,1.0,0.0,-1.0,0.0,1.0,1.0,0.001,-,1.3,full_entry,513030.SH,CASH,,,0,CASH,0.0,False,False,False,,,CASH,,,False,0.01731160896130346,-0.010204081632653073,,0.01731160896130346,,,0.0012663571127056183,0.01731160896130346,0.01731160896130346,0.016294297352342113,1.43591455685058,45,0,False,0,0,,,,,,,7.0412326050273055,,0.4908679260523905,,,-0.5957026842808222,0.885622534990464,,0.30651847095796425,,,0.8624632238699861,0,v1_3_naive_score_0p5_5p5_r2_0p25,1.0,1.0,1.0,1.0,1.0,1.0,False,False,False,False,False,,CASH,,0,False,False,1.94,,0.999,,,2.372,False,False,False,False,False,False,2026-09-02,2026-09-02,2026-09-02,2026-09-02,2026-09-02,2026-09-02,2026-09-02
2015-03-03,SubD V1.3,减: 创业板100ETF(159915.SZ) (100.00% NAV) / 加: 德国ETF(513030.SH) (100.00% NAV),159915.SZ,513030.SH,159915.SZ,513030.SH,创业板100ETF(159915.SZ),德国ETF(513030.SH),1.0,1.0,1.0,1.0,1.0,0.0,1.0,1.0,2.0,0.002,-,1.3,full_entry,159915.SZ,513030.SH,,,0,513030.SH,1.0,False,False,False,,,513030.SH,0.885191957889774,,False,-0.016196447230929945,-0.016196447230929945,,-0.004911591355599376,,,-0.007243460764587484,-0.016196447230929945,-0.016196447230929945,-0.01816405433646806,1.4574949785517624,44,0,False,0,0,,,0.885191957889774,,,,5.61443277615361,,0.885191957889774,,,-0.5029555906759344,0.7988529617149744,,0.4856608872393794,,,0.8508250932048662,0,v1_3_naive_score_0p5_5p5_r2_0p25,1.0,1.0,1.0,1.0,1.0,1.0,False,False,False,False,False,,FULL_POSITION,,0,False,False,1.883,,1.013,,,2.467,False,False,False,False,False,False,2026-09-02,2026-09-02,2026-09-02,2026-09-02,2026-09-02,2026-09-02,2026-09-02
2015-01-30,SubD V1.3,减: 黄金ETF(518880.SH) (100.00% NAV) / 加: 创业板100ETF(159915.SZ) (100.00% NAV),518880.SH,159915.SZ,518880.SH,159915.SZ,黄金ETF(518880.SH),创业板100ETF(159915.SZ),1.0,1.0,1.0,1.0,1.0,0.0,1.0,1.0,2.0,0.002,-,1.3,full_entry,518880.SH,159915.SZ,,,0,159915.SZ,1.0,False,False,False,,,159915.SZ,5.156412232477895,1.7382755231548574,False,-0.016634429400386952,-0.017554479418886104,,-0.0020876826722338038,,,-0.016634429400386952,-0.016634429400386952,-0.016634429400386952,-0.018601160541586226,1.2587651937914655,43,0,False,0,0,5.156412232477895,,,,,1.7382755231548574,5.156412232477895,,0.7008937812734481,,,1.7382755231548574,0.7773565340426475,,0.23136270780614132,,,0.7368087841212716,0,v1_3_naive_score_0p5_5p5_r2_0p25,1.0,1.0,1.0,1.0,1.0,1.0,False,False,False,False,False,,FULL_POSITION,,0,False,False,1.623,,0.956,,,2.542,False,False,False,False,False,False,2026-09-02,2026-09-02,2026-09-02,2026-09-02,2026-09-02,2026-09-02,2026-09-02
2015-01-23,SubD V1.3,减: 创业板100ETF(159915.SZ) (100.00% NAV) / 加: 黄金ETF(518880.SH) (100.00% NAV),159915.SZ,518880.SH,159915.SZ,518880.SH,创业板100ETF(159915.SZ),黄金ETF(518880.SH),1.0,1.0,1.0,1.0,1.0,0.0,1.0,1.0,2.0,0.002,-,1.3,full_entry,159915.SZ,518880.SH,,,0,518880.SH,1.0,False,False,False,,,518880.SH,2.3970815193184856,,False,-0.02673796791443861,-0.02673796791443861,,0.03232323232323231,,,0.006952491309385911,-0.02673796791443861,-0.02673796791443861,-0.028684491978609894,1.2935394235419508,42,0,False,0,0,,,0.9550744535341165,,,2.3970815193184856,5.580835182691339,,0.9550744535341165,,,2.3970815193184856,0.7628134312951234,,0.33864345514421,,,0.8568719981133188,0,v1_3_naive_score_0p5_5p5_r2_0p25,1.0,1.0,1.0,1.0,1.0,1.0,False,False,False,False,False,,FULL_POSITION,,0,False,False,1.638,,1.022,,,2.607,False,False,False,False,False,False,2026-09-02,2026-09-02,2026-09-02,2026-09-02,2026-09-02,2026-09-02,2026-09-02
2015-01-20,SubD V1.3,减: 黄金ETF(518880.SH) (100.00% NAV) / 加: 创业板100ETF(159915.SZ) (100.00% NAV),518880.SH,159915.SZ,518880.SH,159915.SZ,黄金ETF(518880.SH),创业板100ETF(159915.SZ),1.0,1.0,1.0,1.0,1.0,0.0,1.0,1.0,2.0,0.002,-,1.3,full_entry,518880.SH,159915.SZ,,,0,159915.SZ,1.0,False,False,False,,,159915.SZ,1.9385861508955982,1.3578016986659622,False,0.0011686793922864869,0.04939835338822052,,0.010330578512396604,,,0.0011686793922864869,0.0011686793922864869,0.0011686793922864869,-0.0008336579664981469,1.3111661814526567,41,0,False,0,0,1.9385861508955982,,,,,1.3578016986659622,1.9385861508955982,,0.1428941812256177,,,1.3578016986659622,0.3958926752661498,,0.033574776155872454,,,0.7459705398306485,0,v1_3_naive_score_0p5_5p5_r2_0p25,1.0,1.0,1.0,1.0,1.0,1.0,False,False,False,False,False,,FULL_POSITION,,0,False,False,1.657,,0.978,,,2.57,False,False,False,False,False,False,2026-09-02,2026-09-02,2026-09-02,2026-09-02,2026-09-02,2026-09-02,2026-09-02
2015-01-16,SubD V1.3,加: 黄金ETF(518880.SH) (100.00% NAV),CASH,518880.SH,CASH,518880.SH,现金,黄金ETF(518880.SH),0.0,1.0,0.0,0.0,1.0,1.0,1.0,0.0,1.0,0.001,-,1.3,full_entry,CASH,518880.SH,,,0,518880.SH,1.0,False,False,False,,,518880.SH,0.6898599896703115,,False,0.0,0.03780964797913944,,0.040772532188841026,,,0.022745735174654502,0.0,0.0,-0.0010000000000000009,1.287211171330127,40,0,False,0,0,,,,,,0.6898599896703115,0.519359273359139,,-0.1110896510066085,,,0.6898599896703115,0.08932592476015322,,0.037762768377146094,,,0.6577393547412762,0,v1_3_naive_score_0p5_5p5_r2_0p25,1.0,1.0,1.0,1.0,1.0,1.0,False,False,False,False,False,,FULL_POSITION,,0,False,False,1.592,,0.97,,,2.518,False,False,False,False,False,False,2026-09-02,2026-09-02,2026-09-02,2026-09-02,2026-09-02,2026-09-02,2026-09-02
2014-12-22,SubD V1.3,减: 创业板100ETF(159915.SZ) (100.00% NAV),159915.SZ,CASH,159915.SZ,CASH,创业板100ETF(159915.SZ),现金,1.0,0.0,1.0,1.0,0.0,-1.0,0.0,1.0,1.0,0.001,-,1.3,full_entry,159915.SZ,CASH,,,0,CASH,0.0,False,False,False,,,CASH,,,False,-0.046073977936404886,-0.046073977936404886,,-0.013584117032392928,,,-0.0020712510356256653,-0.046073977936404886,-0.046073977936404886,-0.04702790395846845,1.2884996710011283,39,0,False,0,0,,,,,,,0.5888764500604018,,-0.3153421218884658,,,0.45168723098082797,0.14788669529259035,,0.2680312180200535,,,0.4087777791348811,0,v1_3_naive_score_0p5_5p5_r2_0p25,1.0,1.0,1.0,1.0,1.0,1.0,False,False,False,False,False,,CASH,,0,False,False,1.47,,0.944,,,2.409,False,False,False,False,False,False,2026-09-02,2026-09-02,2026-09-02,2026-09-02,2026-09-02,2026-09-02,2026-09-02
2014-12-04,SubD V1.3,减: 德国ETF(513030.SH) (100.00% NAV) / 加: 创业板100ETF(159915.SZ) (100.00% NAV),513030.SH,159915.SZ,513030.SH,159915.SZ,德国ETF(513030.SH),创业板100ETF(159915.SZ),1.0,1.0,1.0,1.0,1.0,0.0,1.0,1.0,2.0,0.002,-,1.3,full_entry,513030.SH,159915.SZ,,,0,159915.SZ,1.0,False,False,False,,,159915.SZ,1.8366446166960677,1.3423085059561948,False,0.0010438413361169019,0.012828736369467686,,0.0010438413361169019,,,0.003355704697986628,0.0010438413361169019,0.0010438413361169019,-0.0009582463465551694,1.3854269102509187,38,0,False,0,0,1.8366446166960677,,1.3423085059561948,,,0.6911327211219056,1.8366446166960677,,1.3423085059561948,,,0.6911327211219056,0.6256961796445943,,0.5779035066696576,,,0.6042643776369281,0,v1_3_naive_score_0p5_5p5_r2_0p25,1.0,1.0,1.0,1.0,1.0,1.0,False,False,False,False,False,,FULL_POSITION,,0,False,False,1.579,,0.959,,,2.392,False,False,False,False,False,False,2026-09-02,2026-09-02,2026-09-02,2026-09-02,2026-09-02,2026-09-02,2026-09-02
2014-11-26,SubD V1.3,加: 德国ETF(513030.SH) (100.00% NAV),CASH,513030.SH,CASH,513030.SH,现金,德国ETF(513030.SH),0.0,1.0,0.0,0.0,1.0,1.0,1.0,0.0,1.0,0.001,-,1.3,full_entry,CASH,513030.SH,,,0,513030.SH,1.0,False,False,False,,,513030.SH,0.7752899842598675,,False,0.0,0.009358288770053402,,0.018750000000000044,,,0.0008470986869968389,0.0,0.0,-0.0010000000000000009,1.4157068236842805,37,0,False,0,0,,,0.7752899842598675,,,,0.10897072148494202,,0.7752899842598675,,,0.14519922228928261,0.015188507123451545,,0.38446390459984514,,,0.03413679764462041,0,v1_3_naive_score_0p5_5p5_r2_0p25,1.0,1.0,1.0,1.0,1.0,1.0,False,False,False,False,False,,FULL_POSITION,,0,False,False,1.51,,0.978,,,2.363,False,False,False,False,False,False,2026-09-02,2026-09-02,2026-09-02,2026-09-02,2026-09-02,2026-09-02,2026-09-02
2014-11-13,SubD V1.3,减: 德国ETF(513030.SH) (100.00% NAV),513030.SH,CASH,513030.SH,CASH,德国ETF(513030.SH),现金,1.0,0.0,1.0,1.0,0.0,-1.0,0.0,1.0,1.0,0.001,-,1.3,full_entry,513030.SH,CASH,,,0,CASH,0.0,False,False,False,,,CASH,,,False,-0.016233766233766267,-0.022916666666666585,,-0.016233766233766267,,,-0.004342162396873572,-0.016233766233766267,-0.016233766233766267,-0.017217532467532548,1.4171239476319124,36,0,False,0,0,,,,,,,-0.30583670681423236,,0.4546210732407612,,,-0.6778193358739686,0.23269040745864789,,0.37241647664234057,,,0.7802876193865038,0,v1_3_naive_score_0p5_5p5_r2_0p25,1.0,1.0,1.0,1.0,1.0,1.0,False,False,False,False,False,,CASH,,0,False,False,1.407,,0.909,,,2.293,False,False,False,False,False,False,2026-09-02,2026-09-02,2026-09-02,2026-09-02,2026-09-02,2026-09-02,2026-09-02
2014-11-05,SubD V1.3,加: 德国ETF(513030.SH) (100.00% NAV),CASH,513030.SH,CASH,513030.SH,现金,德国ETF(513030.SH),0.0,1.0,0.0,0.0,1.0,1.0,1.0,0.0,1.0,0.001,-,1.3,full_entry,CASH,513030.SH,,,0,513030.SH,1.0,False,False,False,,,513030.SH,0.5184201224555418,,False,0.0,0.0006802721088436936,,-0.014008620689655138,,,-0.01899827288428324,0.0,0.0,-0.0010000000000000009,1.4279058068885166,35,0,False,0,0,,,0.5184201224555418,,,,-0.17794572976658252,,0.5184201224555418,,,-0.5329528768371325,0.12912862349505905,,0.26036002255326096,,,0.5306682160807095,0,v1_3_naive_score_0p5_5p5_r2_0p25,1.0,1.0,1.0,1.0,1.0,1.0,False,False,False,False,False,,FULL_POSITION,,0,False,False,1.471,,0.915,,,2.272,False,False,False,False,False,False,2026-09-02,2026-09-02,2026-09-02,2026-09-02,2026-09-02,2026-09-02,2026-09-02
2014-10-17,SubD V1.3,减: 创业板100ETF(159915.SZ) (100.00% NAV),159915.SZ,CASH,159915.SZ,CASH,创业板100ETF(159915.SZ),现金,1.0,0.0,1.0,1.0,0.0,-1.0,0.0,1.0,1.0,0.001,-,1.3,full_entry,159915.SZ,CASH,,,0,CASH,0.0,False,False,False,,,CASH,,,False,-0.0080971659919028,-0.0080971659919028,,0.011441647597254079,,,0.0012264922322158256,-0.0080971659919028,-0.0080971659919028,-0.009089068825910873,1.4293351420305471,34,0,False,0,0,,,,,,,0.4142447044619604,,-0.8142206522788954,,,-0.03590787044613819,0.29921153311496995,,0.8479317567074438,,,0.01406653048387696,0,v1_3_naive_score_0p5_5p5_r2_0p25,1.0,1.0,1.0,1.0,1.0,1.0,False,False,False,False,False,,CASH,,0,False,False,1.47,,0.884,,,2.449,False,False,False,False,False,False,2026-09-02,2026-09-02,2026-09-02,2026-09-02,2026-09-02,2026-09-02,2026-09-02
2014-08-11,SubD V1.3,加: 创业板100ETF(159915.SZ) (100.00% NAV),CASH,159915.SZ,CASH,159915.SZ,现金,创业板100ETF(159915.SZ),0.0,1.0,0.0,0.0,1.0,1.0,1.0,0.0,1.0,0.001,-,1.3,full_entry,CASH,159915.SZ,,,0,159915.SZ,1.0,False,False,False,,,159915.SZ,0.7962839024989452,,False,0.0,0.014105419450631151,,,,,-0.007645259938837912,0.0,0.0,-0.001000000000000112,1.3295416532271918,33,0,False,0,0,0.7962839024989452,,,,,,0.7962839024989452,,,,,-0.147389416211675,0.31918854257060914,,,,,0.24117915133340817,0,v1_3_naive_score_0p5_5p5_r2_0p25,1.0,1.0,1.0,1.0,1.0,1.0,False,False,False,False,False,,FULL_POSITION,,0,False,False,1.366,,,,,2.596,False,False,False,False,False,False,2026-09-02,2026-09-02,2026-09-02,2026-09-02,2026-09-02,2026-09-02,2026-09-02
2014-07-14,SubD V1.3,减: 黄金ETF(518880.SH) (100.00% NAV),518880.SH,CASH,518880.SH,CASH,黄金ETF(518880.SH),现金,1.0,0.0,1.0,1.0,0.0,-1.0,0.0,1.0,1.0,0.001,-,1.3,full_entry,518880.SH,CASH,,,0,CASH,0.0,False,False,False,,,CASH,,,False,-0.014612214312476612,0.006772009029345494,,,,,-0.014612214312476612,-0.014612214312476612,-0.014612214312476612,-0.015597602098164298,1.3308725257529448,32,0,False,0,0,,,,,,,0.13297939189851182,,,,,0.4358685511092997,0.026650064090761316,,,,,0.49487952708742067,0,v1_3_naive_score_0p5_5p5_r2_0p25,1.0,1.0,1.0,1.0,1.0,1.0,False,False,False,False,False,,CASH,,0,False,False,1.338,,,,,2.63,False,False,False,False,False,False,2026-09-02,2026-09-02,2026-09-02,2026-09-02,2026-09-02,2026-09-02,2026-09-02
2014-07-10,SubD V1.3,减: 创业板100ETF(159915.SZ) (100.00% NAV) / 加: 黄金ETF(518880.SH) (100.00% NAV),159915.SZ,518880.SH,159915.SZ,518880.SH,创业板100ETF(159915.SZ),黄金ETF(518880.SH),1.0,1.0,1.0,1.0,1.0,0.0,1.0,1.0,2.0,0.002,-,1.3,full_entry,159915.SZ,518880.SH,,,0,518880.SH,1.0,False,False,False,,,518880.SH,0.558456327519983,,False,-0.01552106430155209,-0.01552106430155209,,,,,0.004557538928978255,-0.01552106430155209,-0.01552106430155209,-0.017490022172949038,1.3398028563226876,31,0,False,0,0,,,,,,0.558456327519983,0.464686225656024,,,,,0.558456327519983,0.22902078094921607,,,,,0.5761077255708886,0,v1_3_naive_score_0p5_5p5_r2_0p25,1.0,1.0,1.0,1.0,1.0,1.0,False,False,False,False,False,,FULL_POSITION,,0,False,False,1.332,,,,,2.645,False,False,False,False,False,False,2026-09-02,2026-09-02,2026-09-02,2026-09-02,2026-09-02,2026-09-02,2026-09-02
2014-07-04,SubD V1.3,减: 黄金ETF(518880.SH) (100.00% NAV) / 加: 创业板100ETF(159915.SZ) (100.00% NAV),518880.SH,159915.SZ,518880.SH,159915.SZ,黄金ETF(518880.SH),创业板100ETF(159915.SZ),1.0,1.0,1.0,1.0,1.0,0.0,1.0,1.0,2.0,0.002,-,1.3,full_entry,518880.SH,159915.SZ,,,0,159915.SZ,1.0,False,False,False,,,159915.SZ,0.9976894018178708,0.9681184517044621,False,-0.0011372251705837888,-0.005759539236861011,,,,,-0.0011372251705837888,-0.0011372251705837888,-0.0011372251705837888,-0.003134950720242613,1.3918736456258098,30,0,False,0,0,0.9976894018178708,,,,,0.9681184517044621,0.9976894018178708,,,,,0.9681184517044621,0.5680857424563066,,,,,0.787107788184017,0,v1_3_naive_score_0p5_5p5_r2_0p25,1.0,1.0,1.0,1.0,1.0,1.0,False,False,False,False,False,,FULL_POSITION,,0,False,False,1.381,,,,,2.635,False,False,False,False,False,False,2026-09-02,2026-09-02,2026-09-02,2026-09-02,2026-09-02,2026-09-02,2026-09-02
2014-06-25,SubD V1.3,减: 创业板100ETF(159915.SZ) (100.00% NAV) / 加: 黄金ETF(518880.SH) (100.00% NAV),159915.SZ,518880.SH,159915.SZ,518880.SH,创业板100ETF(159915.SZ),黄金ETF(518880.SH),1.0,1.0,1.0,1.0,1.0,0.0,1.0,1.0,2.0,0.002,-,1.3,full_entry,159915.SZ,518880.SH,,,0,518880.SH,1.0,False,False,False,,,518880.SH,0.5982927547066392,0.5041422521618635,False,-0.010432190760059634,-0.010432190760059634,,,,,-0.0030337504740235444,-0.010432190760059634,-0.010432190760059634,-0.012411326378539478,1.3914872684078803,29,0,False,0,0,0.5041422521618635,,,,,0.5982927547066392,0.5041422521618635,,,,,0.5982927547066392,0.2703121636997684,,,,,0.3895559589720611,0,v1_3_naive_score_0p5_5p5_r2_0p25,1.0,1.0,1.0,1.0,1.0,1.0,False,False,False,False,False,,FULL_POSITION,,0,False,False,1.328,,,,,2.629,False,False,False,False,False,False,2026-09-02,2026-09-02,2026-09-02,2026-09-02,2026-09-02,2026-09-02,2026-09-02
2014-06-03,SubD V1.3,加: 创业板100ETF(159915.SZ) (100.00% NAV),CASH,159915.SZ,CASH,159915.SZ,现金,创业板100ETF(159915.SZ),0.0,1.0,0.0,0.0,1.0,1.0,1.0,0.0,1.0,0.001,-,1.3,full_entry,CASH,159915.SZ,,,0,159915.SZ,1.0,False,False,False,,,159915.SZ,0.8182917187905658,,False,0.0,-0.0030983733539891034,,,,,-0.007100591715976434,0.0,0.0,-0.0010000000000000009,1.3512296539169768,28,0,False,0,0,0.8182917187905658,,,,,,0.8182917187905658,,,,,-0.33167630217643485,0.3201933916643226,,,,,0.6010394161949553,0,v1_3_naive_score_0p5_5p5_r2_0p25,1.0,1.0,1.0,1.0,1.0,1.0,False,False,False,False,False,,FULL_POSITION,,0,False,False,1.287,,,,,2.517,False,False,False,False,False,False,2026-09-02,2026-09-02,2026-09-02,2026-09-02,2026-09-02,2026-09-02,2026-09-02
2014-03-21,SubD V1.3,减: 黄金ETF(518880.SH) (100.00% NAV),518880.SH,CASH,518880.SH,CASH,黄金ETF(518880.SH),现金,1.0,0.0,1.0,1.0,0.0,-1.0,0.0,1.0,1.0,0.001,-,1.3,full_entry,518880.SH,CASH,,,0,CASH,0.0,False,False,False,,,CASH,,,False,0.0,0.0,,,,,0.0,0.0,0.0,-0.0009999999999998899,1.35258223615313,27,0,False,0,0,,,,,,,-0.3693835983260867,,,,,0.4715941428276067,0.20682186297017457,,,,,0.4606000152382932,0,v1_3_naive_score_0p5_5p5_r2_0p25,1.0,1.0,1.0,1.0,1.0,1.0,False,False,False,False,False,,CASH,,0,False,False,1.382,,,,,2.647,False,False,False,False,False,False,2026-09-02,2026-09-02,2026-09-02,2026-09-02,2026-09-02,2026-09-02,2026-09-02
2014-02-25,SubD V1.3,减: 创业板100ETF(159915.SZ) (100.00% NAV) / 加: 黄金ETF(518880.SH) (100.00% NAV),159915.SZ,518880.SH,159915.SZ,518880.SH,创业板100ETF(159915.SZ),黄金ETF(518880.SH),1.0,1.0,1.0,1.0,1.0,0.0,1.0,1.0,2.0,0.002,-,1.3,full_entry,159915.SZ,518880.SH,,,0,518880.SH,1.0,False,False,False,,,518880.SH,1.468449374902578,0.7648644019513446,False,-0.04850498338870424,-0.04850498338870424,,,,,0.005001923816852605,-0.04850498338870424,-0.04850498338870424,-0.05040797342192682,1.3360337295482012,26,0,False,0,0,0.7648644019513446,,,,,1.468449374902578,0.7648644019513446,,,,,1.468449374902578,0.26845219687078503,,,,,0.9115427275248164,0,v1_3_naive_score_0p5_5p5_r2_0p25,1.0,1.0,1.0,1.0,1.0,1.0,False,False,False,False,False,,FULL_POSITION,,0,False,False,1.432,,,,,2.612,False,False,False,False,False,False,2026-09-02,2026-09-02,2026-09-02,2026-09-02,2026-09-02,2026-09-02,2026-09-02
2013-12-31,SubD V1.3,加: 创业板100ETF(159915.SZ) (100.00% NAV),CASH,159915.SZ,CASH,159915.SZ,现金,创业板100ETF(159915.SZ),0.0,1.0,0.0,0.0,1.0,1.0,1.0,0.0,1.0,0.001,-,1.3,full_entry,CASH,159915.SZ,,,0,159915.SZ,1.0,False,False,False,,,159915.SZ,0.585021432341452,,False,0.0,-0.004687499999999956,,,,,-0.00042069835927638355,0.0,0.0,-0.0010000000000000009,1.1910041951531614,25,0,False,0,0,0.585021432341452,,,,,,0.585021432341452,,,,,-0.3187616946529238,0.2535749759096576,,,,,0.49667208206029323,0,v1_3_naive_score_0p5_5p5_r2_0p25,1.0,1.0,1.0,1.0,1.0,1.0,False,False,False,False,False,,FULL_POSITION,,0,False,False,1.274,,,,,2.376,False,False,False,False,False,False,2026-09-02,2026-09-02,2026-09-02,2026-09-02,2026-09-02,2026-09-02,2026-09-02
2013-12-03,SubD V1.3,减: 创业板100ETF(159915.SZ) (100.00% NAV),159915.SZ,CASH,159915.SZ,CASH,创业板100ETF(159915.SZ),现金,1.0,0.0,1.0,1.0,0.0,-1.0,0.0,1.0,1.0,0.001,-,1.3,full_entry,159915.SZ,CASH,,,0,CASH,0.0,False,False,False,,,CASH,,,False,0.01572847682119205,0.01572847682119205,,,,,-0.015918367346938855,0.01572847682119205,0.01572847682119205,0.014712748344370752,1.192196391544706,24,0,False,0,0,,,,,,,1.0596048576786825,,,,,-0.5493516789442698,0.24912533782796698,,,,,0.8971613229696611,0,v1_3_naive_score_0p5_5p5_r2_0p25,1.0,1.0,1.0,1.0,1.0,1.0,False,False,False,False,False,,CASH,,0,False,False,1.227,,,,,2.411,False,False,False,False,False,False,2026-09-02,2026-09-02,2026-09-02,2026-09-02,2026-09-02,2026-09-02,2026-09-02
2013-11-25,SubD V1.3,加: 创业板100ETF(159915.SZ) (100.00% NAV),CASH,159915.SZ,CASH,159915.SZ,现金,创业板100ETF(159915.SZ),0.0,1.0,0.0,0.0,1.0,1.0,1.0,0.0,1.0,0.001,-,1.3,full_entry,CASH,159915.SZ,,,0,159915.SZ,1.0,False,False,False,,,159915.SZ,0.7913136588734162,,False,0.0,0.003154574132492094,,,,,-0.008543531326281717,0.0,0.0,-0.0009999999999998899,1.2371571327194077,23,0,False,0,0,0.7913136588734162,,,,,,0.7913136588734162,,,,,-0.5855935043522401,0.2678834666213348,,,,,0.8990887026241564,0,v1_3_naive_score_0p5_5p5_r2_0p25,1.0,1.0,1.0,1.0,1.0,1.0,False,False,False,False,False,,FULL_POSITION,,0,False,False,1.272,,,,,2.437,False,False,False,False,False,False,2026-09-02,2026-09-02,2026-09-02,2026-09-02,2026-09-02,2026-09-02,2026-09-02
2013-10-23,SubD V1.3,减: 创业板100ETF(159915.SZ) (100.00% NAV),159915.SZ,CASH,159915.SZ,CASH,创业板100ETF(159915.SZ),现金,1.0,0.0,1.0,1.0,0.0,-1.0,0.0,1.0,1.0,0.001,-,1.3,full_entry,159915.SZ,CASH,,,0,CASH,0.0,False,False,False,,,CASH,,,False,-0.022003034901365792,-0.022003034901365792,,,,,0.011175337186897893,-0.022003034901365792,-0.022003034901365792,-0.022981031866464274,1.2383955282476553,22,0,False,0,0,,,,,,,0.6803809897613702,,,,,-0.23421795148160973,0.15979155077978757,,,,,0.18100233171246816,0,v1_3_naive_score_0p5_5p5_r2_0p25,1.0,1.0,1.0,1.0,1.0,1.0,False,False,False,False,False,,CASH,,0,False,False,1.289,,,,,2.624,False,False,False,False,False,False,2026-09-02,2026-09-02,2026-09-02,2026-09-02,2026-09-02,2026-09-02,2026-09-02
2013-09-05,SubD V1.3,减: 黄金ETF(518880.SH) (100.00% NAV) / 加: 创业板100ETF(159915.SZ) (100.00% NAV),518880.SH,159915.SZ,518880.SH,159915.SZ,黄金ETF(518880.SH),创业板100ETF(159915.SZ),1.0,1.0,1.0,1.0,1.0,0.0,1.0,1.0,2.0,0.002,-,1.3,full_entry,518880.SH,159915.SZ,,,0,159915.SZ,1.0,False,False,False,,,159915.SZ,1.1787831610376993,1.093200579552137,False,-0.012917115177610294,0.027160493827160348,,,,,-0.012917115177610294,-0.012917115177610294,-0.012917115177610294,-0.014891280947255225,1.2002053405252218,21,0,False,0,0,1.1787831610376993,,,,,1.093200579552137,1.1787831610376993,,,,,1.093200579552137,0.5124044653179844,,,,,0.6941507659861572,0,v1_3_naive_score_0p5_5p5_r2_0p25,1.0,1.0,1.0,1.0,1.0,1.0,False,False,False,False,False,,FULL_POSITION,,0,False,False,1.248,,,,,2.751,False,False,False,False,False,False,2026-09-02,2026-09-02,2026-09-02,2026-09-02,2026-09-02,2026-09-02,2026-09-02
2013-08-30,SubD V1.3,减: 创业板100ETF(159915.SZ) (100.00% NAV) / 加: 黄金ETF(518880.SH) (100.00% NAV),159915.SZ,518880.SH,159915.SZ,518880.SH,创业板100ETF(159915.SZ),黄金ETF(518880.SH),1.0,1.0,1.0,1.0,1.0,0.0,1.0,1.0,2.0,0.002,-,1.3,full_entry,159915.SZ,518880.SH,,,0,518880.SH,1.0,False,False,False,,,518880.SH,1.7346695259825338,0.7454651747751311,False,-0.029826014913007515,-0.029826014913007515,,,,,-0.0032188841201716833,-0.029826014913007515,-0.029826014913007515,-0.031766362883181576,1.2183481044399935,20,0,False,0,0,0.7454651747751311,,,,,1.7346695259825338,0.7454651747751311,,,,,1.7346695259825338,0.2991194234551984,,,,,0.8553640014972699,0,v1_3_naive_score_0p5_5p5_r2_0p25,1.0,1.0,1.0,1.0,1.0,1.0,False,False,False,False,False,,FULL_POSITION,,0,False,False,1.171,,,,,2.787,False,False,False,False,False,False,2026-09-02,2026-09-02,2026-09-02,2026-09-02,2026-09-02,2026-09-02,2026-09-02
2013-08-27,SubD V1.3,加: 创业板100ETF(159915.SZ) (100.00% NAV),CASH,159915.SZ,CASH,159915.SZ,现金,创业板100ETF(159915.SZ),0.0,1.0,0.0,0.0,1.0,1.0,1.0,0.0,1.0,0.001,-,1.3,full_entry,CASH,159915.SZ,,,0,159915.SZ,1.0,False,False,False,,,159915.SZ,0.7638334507212465,,False,0.0,0.007377049180327999,,,,,0.002525252525252597,0.0,0.0,-0.0009999999999998899,1.281255782578609,19,0,False,0,0,0.7638334507212465,,,,,,0.7638334507212465,,,,,,0.2850892223139184,,,,,,0,v1_3_naive_score_0p5_5p5_r2_0p25,1.0,1.0,1.0,1.0,1.0,1.0,False,False,False,False,False,,FULL_POSITION,,0,False,False,1.229,,,,,2.779,False,False,False,False,False,False,2026-09-02,2026-09-02,2026-09-02,2026-09-02,2026-09-02,2026-09-02,2026-09-02
2013-08-13,SubD V1.3,减: 创业板100ETF(159915.SZ) (100.00% NAV),159915.SZ,CASH,159915.SZ,CASH,创业板100ETF(159915.SZ),现金,1.0,0.0,1.0,1.0,0.0,-1.0,0.0,1.0,1.0,0.001,-,1.3,full_entry,159915.SZ,CASH,,,0,CASH,0.0,False,False,False,,,CASH,,,False,0.00954861111111116,0.00954861111111116,,,,,0.0060172997367431424,0.00954861111111116,0.00954861111111116,0.008539062500000139,1.2825383208995085,18,0,False,0,0,,,,,,,0.5718533885737958,,,,,,0.2137491054019791,,,,,,0,v1_3_naive_score_0p5_5p5_r2_0p25,1.0,1.0,1.0,1.0,1.0,1.0,False,False,False,False,False,,CASH,,0,False,False,1.163,,,,,2.675,False,False,False,False,False,False,2026-09-02,2026-09-02,2026-09-02,2026-09-02,2026-09-02,2026-09-02,2026-09-02
2013-07-15,SubD V1.3,加: 创业板100ETF(159915.SZ) (100.00% NAV),CASH,159915.SZ,CASH,159915.SZ,现金,创业板100ETF(159915.SZ),0.0,1.0,0.0,0.0,1.0,1.0,1.0,0.0,1.0,0.001,-,1.3,full_entry,CASH,159915.SZ,,,0,159915.SZ,1.0,False,False,False,,,159915.SZ,1.5108245350264067,,False,0.0,0.042124542124541975,,,,,,0.0,0.0,-0.0010000000000000009,1.2562249344646794,17,0,False,0,0,1.5108245350264067,,,,,,1.5108245350264067,,,,,,0.33575150802278797,,,,,,0,v1_3_naive_score_0p5_5p5_r2_0p25,1.0,1.0,1.0,1.0,1.0,1.0,False,False,False,False,False,,FULL_POSITION,,0,False,False,1.138,,,,,,False,False,False,False,False,False,2026-09-02,2026-09-02,2026-09-02,2026-09-02,2026-09-02,2026-09-02,2026-09-02
2013-06-06,SubD V1.3,减: 创业板100ETF(159915.SZ) (100.00% NAV),159915.SZ,CASH,159915.SZ,CASH,创业板100ETF(159915.SZ),现金,1.0,0.0,1.0,1.0,0.0,-1.0,0.0,1.0,1.0,0.001,-,1.3,full_entry,159915.SZ,CASH,,,0,CASH,0.0,False,False,False,,,CASH,,,False,-0.016425120772946777,-0.016425120772946777,,,,,,-0.016425120772946777,-0.016425120772946777,-0.017408695652173956,1.257482416881561,16,0,False,0,0,,,,,,,0.7797549915314497,,,,,,0.21246719130978464,,,,,,0,v1_3_naive_score_0p5_5p5_r2_0p25,1.0,1.0,1.0,1.0,1.0,1.0,False,False,False,False,False,,CASH,,0,False,False,1.018,,,,,,False,False,False,False,False,False,2026-09-02,2026-09-02,2026-09-02,2026-09-02,2026-09-02,2026-09-02,2026-09-02
2013-05-30,SubD V1.3,加: 创业板100ETF(159915.SZ) (100.00% NAV),CASH,159915.SZ,CASH,159915.SZ,现金,创业板100ETF(159915.SZ),0.0,1.0,0.0,0.0,1.0,1.0,1.0,0.0,1.0,0.001,-,1.3,full_entry,CASH,159915.SZ,,,0,159915.SZ,1.0,False,False,False,,,159915.SZ,5.400584713970248,,False,0.0,0.003759398496240518,,,,,,0.0,0.0,-0.0010000000000000009,1.320565379947243,15,0,False,0,0,5.400584713970248,,,,,,5.400584713970248,,,,,,0.867002195088826,,,,,,0,v1_3_naive_score_0p5_5p5_r2_0p25,1.0,1.0,1.0,1.0,1.0,1.0,False,False,False,False,False,,FULL_POSITION,,0,False,False,1.068,,,,,,False,False,False,False,False,False,2026-09-02,2026-09-02,2026-09-02,2026-09-02,2026-09-02,2026-09-02,2026-09-02
2013-05-09,SubD V1.3,减: 创业板100ETF(159915.SZ) (100.00% NAV),159915.SZ,CASH,159915.SZ,CASH,创业板100ETF(159915.SZ),现金,1.0,0.0,1.0,1.0,0.0,-1.0,0.0,1.0,1.0,0.001,-,1.3,full_entry,159915.SZ,CASH,,,0,CASH,0.0,False,False,False,,,CASH,,,False,0.008146639511201537,0.008146639511201537,,,,,,0.008146639511201537,0.008146639511201537,0.007138492871690438,1.3218872672144575,14,0,False,0,0,,,,,,,6.358505194351894,,,,,,0.8413643369112322,,,,,,0,v1_3_naive_score_0p5_5p5_r2_0p25,1.0,1.0,1.0,1.0,1.0,1.0,False,False,False,False,False,,CASH,,0,False,False,0.99,,,,,,False,False,False,False,False,False,2026-09-02,2026-09-02,2026-09-02,2026-09-02,2026-09-02,2026-09-02,2026-09-02
2013-04-25,SubD V1.3,加: 创业板100ETF(159915.SZ) (100.00% NAV),CASH,159915.SZ,CASH,159915.SZ,现金,创业板100ETF(159915.SZ),0.0,1.0,0.0,0.0,1.0,1.0,1.0,0.0,1.0,0.001,-,1.3,full_entry,CASH,159915.SZ,,,0,159915.SZ,1.0,False,False,False,,,159915.SZ,1.1155690665840998,,False,0.0,-0.030237580993520585,,,,,,0.0,0.0,-0.0010000000000000009,1.2002454636035862,13,0,False,0,0,1.1155690665840998,,,,,,1.1155690665840998,,,,,,0.3199577493524691,,,,,,0,v1_3_naive_score_0p5_5p5_r2_0p25,1.0,1.0,1.0,1.0,1.0,1.0,False,False,False,False,False,,FULL_POSITION,,0,False,False,0.898,,,,,,False,False,False,False,False,False,2026-09-02,2026-09-02,2026-09-02,2026-09-02,2026-09-02,2026-09-02,2026-09-02
2013-03-14,SubD V1.3,减: 创业板100ETF(159915.SZ) (100.00% NAV),159915.SZ,CASH,159915.SZ,CASH,创业板100ETF(159915.SZ),现金,1.0,0.0,1.0,1.0,0.0,-1.0,0.0,1.0,1.0,0.001,-,1.3,full_entry,159915.SZ,CASH,,,0,CASH,0.0,False,False,False,,,CASH,,,False,0.009615384615384581,0.009615384615384581,,,,,,0.009615384615384581,0.009615384615384581,0.008605769230769278,1.2014469105141004,12,0,False,0,0,,,,,,,0.6251089359129525,,,,,,0.1471010333213315,,,,,,0,v1_3_naive_score_0p5_5p5_r2_0p25,1.0,1.0,1.0,1.0,1.0,1.0,False,False,False,False,False,,CASH,,0,False,False,0.84,,,,,,False,False,False,False,False,False,2026-09-02,2026-09-02,2026-09-02,2026-09-02,2026-09-02,2026-09-02,2026-09-02
2013-01-24,SubD V1.3,加: 创业板100ETF(159915.SZ) (100.00% NAV),CASH,159915.SZ,CASH,159915.SZ,现金,创业板100ETF(159915.SZ),0.0,1.0,0.0,0.0,1.0,1.0,1.0,0.0,1.0,0.001,-,1.3,full_entry,CASH,159915.SZ,,,0,159915.SZ,1.0,False,False,False,,,159915.SZ,4.610501183966991,,False,0.0,-0.028169014084507116,,,,,,0.0,0.0,-0.0010000000000000009,1.0866797810670217,11,0,False,0,0,4.610501183966991,,,,,,4.610501183966991,,,,,,0.8154163955215595,,,,,,0,v1_3_naive_score_0p5_5p5_r2_0p25,1.0,1.0,1.0,1.0,1.0,1.0,False,False,False,False,False,,FULL_POSITION,,0,False,False,0.759,,,,,,False,False,False,False,False,False,2026-09-02,2026-09-02,2026-09-02,2026-09-02,2026-09-02,2026-09-02,2026-09-02
2012-12-28,SubD V1.3,减: 创业板100ETF(159915.SZ) (100.00% NAV),159915.SZ,CASH,159915.SZ,CASH,创业板100ETF(159915.SZ),现金,1.0,0.0,1.0,1.0,0.0,-1.0,0.0,1.0,1.0,0.001,-,1.3,full_entry,159915.SZ,CASH,,,0,CASH,0.0,False,False,False,,,CASH,,,False,0.008534850640113723,0.008534850640113723,,,,,,0.008534850640113723,0.008534850640113723,0.007526315789473603,1.0877675486156373,10,0,False,0,0,,,,,,,5.685480772666906,,,,,,0.8864359152153136,,,,,,0,v1_3_naive_score_0p5_5p5_r2_0p25,1.0,1.0,1.0,1.0,1.0,1.0,False,False,False,False,False,,CASH,,0,False,False,0.709,,,,,,False,False,False,False,False,False,2026-09-02,2026-09-02,2026-09-02,2026-09-02,2026-09-02,2026-09-02,2026-09-02
2012-12-20,SubD V1.3,加: 创业板100ETF(159915.SZ) (100.00% NAV),CASH,159915.SZ,CASH,159915.SZ,现金,创业板100ETF(159915.SZ),0.0,1.0,0.0,0.0,1.0,1.0,1.0,0.0,1.0,0.001,-,1.3,full_entry,CASH,159915.SZ,,,0,159915.SZ,1.0,False,False,False,,,159915.SZ,0.8980769795375367,,False,0.0,0.010703363914372988,,,,,,0.0,0.0,-0.0009999999999998899,1.015139751366227,9,0,False,0,0,0.8980769795375367,,,,,,0.8980769795375367,,,,,,0.2540742257576848,,,,,,0,v1_3_naive_score_0p5_5p5_r2_0p25,1.0,1.0,1.0,1.0,1.0,1.0,False,False,False,False,False,,FULL_POSITION,,0,False,False,0.661,,,,,,False,False,False,False,False,False,2026-09-02,2026-09-02,2026-09-02,2026-09-02,2026-09-02,2026-09-02,2026-09-02
2012-08-29,SubD V1.3,减: 创业板100ETF(159915.SZ) (100.00% NAV),159915.SZ,CASH,159915.SZ,CASH,创业板100ETF(159915.SZ),现金,1.0,0.0,1.0,1.0,0.0,-1.0,0.0,1.0,1.0,0.001,-,1.3,full_entry,159915.SZ,CASH,,,0,CASH,0.0,False,False,False,,,CASH,,,False,-0.0027285129604365244,-0.0027285129604365244,,,,,,-0.0027285129604365244,-0.0027285129604365244,-0.003725784447476066,1.0161559072735005,8,0,False,0,0,,,,,,,0.4053585402895725,,,,,,0.1699262331497603,,,,,,0,v1_3_naive_score_0p5_5p5_r2_0p25,1.0,1.0,1.0,1.0,1.0,1.0,False,False,False,False,False,,CASH,,0,False,False,0.731,,,,,,False,False,False,False,False,False,2026-09-02,2026-09-02,2026-09-02,2026-09-02,2026-09-02,2026-09-02,2026-09-02
2012-08-10,SubD V1.3,加: 创业板100ETF(159915.SZ) (100.00% NAV),CASH,159915.SZ,CASH,159915.SZ,现金,创业板100ETF(159915.SZ),0.0,1.0,0.0,0.0,1.0,1.0,1.0,0.0,1.0,0.001,-,1.3,full_entry,CASH,159915.SZ,,,0,159915.SZ,1.0,False,False,False,,,159915.SZ,0.8152456439596041,,False,0.0,0.0,,,,,,0.0,0.0,-0.0009999999999998899,1.0408282682690604,7,0,False,0,0,0.8152456439596041,,,,,,0.8152456439596041,,,,,,0.2589496481249879,,,,,,0,v1_3_naive_score_0p5_5p5_r2_0p25,1.0,1.0,1.0,1.0,1.0,1.0,False,False,False,False,False,,FULL_POSITION,,0,False,False,0.748,,,,,,False,False,False,False,False,False,2026-09-02,2026-09-02,2026-09-02,2026-09-02,2026-09-02,2026-09-02,2026-09-02
2012-06-26,SubD V1.3,减: 创业板100ETF(159915.SZ) (100.00% NAV),159915.SZ,CASH,159915.SZ,CASH,创业板100ETF(159915.SZ),现金,1.0,0.0,1.0,1.0,0.0,-1.0,0.0,1.0,1.0,0.001,-,1.3,full_entry,159915.SZ,CASH,,,0,CASH,0.0,False,False,False,,,CASH,,,False,-0.012328767123287676,-0.012328767123287676,,,,,,-0.012328767123287676,-0.012328767123287676,-0.013316438356164362,1.0418701384074678,6,0,False,0,0,,,,,,,0.4104580468182677,,,,,,0.18151677118252596,,,,,,0,v1_3_naive_score_0p5_5p5_r2_0p25,1.0,1.0,1.0,1.0,1.0,1.0,False,False,False,False,False,,CASH,,0,False,False,0.721,,,,,,False,False,False,False,False,False,2026-09-02,2026-09-02,2026-09-02,2026-09-02,2026-09-02,2026-09-02,2026-09-02
2012-06-13,SubD V1.3,加: 创业板100ETF(159915.SZ) (100.00% NAV),CASH,159915.SZ,CASH,159915.SZ,现金,创业板100ETF(159915.SZ),0.0,1.0,0.0,0.0,1.0,1.0,1.0,0.0,1.0,0.001,-,1.3,full_entry,CASH,159915.SZ,,,0,159915.SZ,1.0,False,False,False,,,159915.SZ,0.5690766598442463,,False,0.0,0.014844804318488558,,,,,,0.0,0.0,-0.0009999999999998899,1.0877539732276187,5,0,False,0,0,0.5690766598442463,,,,,,0.5690766598442463,,,,,,0.3668902975260969,,,,,,0,v1_3_naive_score_0p5_5p5_r2_0p25,1.0,1.0,1.0,1.0,1.0,1.0,False,False,False,False,False,,FULL_POSITION,,0,False,False,0.752,,,,,,False,False,False,False,False,False,2026-09-02,2026-09-02,2026-09-02,2026-09-02,2026-09-02,2026-09-02,2026-09-02
2012-03-20,SubD V1.3,减: 创业板100ETF(159915.SZ) (100.00% NAV),159915.SZ,CASH,159915.SZ,CASH,创业板100ETF(159915.SZ),现金,1.0,0.0,1.0,1.0,0.0,-1.0,0.0,1.0,1.0,0.001,-,1.3,full_entry,159915.SZ,CASH,,,0,CASH,0.0,False,False,False,,,CASH,,,False,-0.03076923076923077,-0.03076923076923077,,,,,,-0.03076923076923077,-0.03076923076923077,-0.03173846153846138,1.0888428160436623,4,0,False,0,0,,,,,,,0.520773671636916,,,,,,0.21771009213725034,,,,,,0,v1_3_naive_score_0p5_5p5_r2_0p25,1.0,1.0,1.0,1.0,1.0,1.0,False,False,False,False,False,,CASH,,0,False,False,0.756,,,,,,False,False,False,False,False,False,2026-09-02,2026-09-02,2026-09-02,2026-09-02,2026-09-02,2026-09-02,2026-09-02
2012-02-29,SubD V1.3,加: 创业板100ETF(159915.SZ) (100.00% NAV),CASH,159915.SZ,CASH,159915.SZ,现金,创业板100ETF(159915.SZ),0.0,1.0,0.0,0.0,1.0,1.0,1.0,0.0,1.0,0.001,-,1.3,full_entry,CASH,159915.SZ,,,0,159915.SZ,1.0,False,False,False,,,159915.SZ,4.303147297876993,,False,0.0,-0.01733333333333331,,,,,,0.0,0.0,-0.0010000000000000009,1.0625402590741257,3,0,False,0,0,4.303147297876993,,,,,,4.303147297876993,,,,,,0.841777045029867,,,,,,0,v1_3_naive_score_0p5_5p5_r2_0p25,1.0,1.0,1.0,1.0,1.0,1.0,False,False,False,False,False,,FULL_POSITION,,0,False,False,0.737,,,,,,False,False,False,False,False,False,2026-09-02,2026-09-02,2026-09-02,2026-09-02,2026-09-02,2026-09-02,2026-09-02
2012-02-22,SubD V1.3,减: 创业板100ETF(159915.SZ) (100.00% NAV),159915.SZ,CASH,159915.SZ,CASH,创业板100ETF(159915.SZ),现金,1.0,0.0,1.0,1.0,0.0,-1.0,0.0,1.0,1.0,0.001,-,1.3,full_entry,159915.SZ,CASH,,,0,CASH,0.0,False,False,False,,,CASH,,,False,0.03252032520325199,0.03252032520325199,,,,,,0.03252032520325199,0.03252032520325199,0.0314878048780487,1.0636038629370628,2,0,False,0,0,,,,,,,5.635006590101865,,,,,,0.8888358876205005,,,,,,0,v1_3_naive_score_0p5_5p5_r2_0p25,1.0,1.0,1.0,1.0,1.0,1.0,False,False,False,False,False,,CASH,,0,False,False,0.762,,,,,,False,False,False,False,False,False,2026-09-02,2026-09-02,2026-09-02,2026-09-02,2026-09-02,2026-09-02,2026-09-02
2012-02-14,SubD V1.3,加: 创业板100ETF(159915.SZ) (100.00% NAV),CASH,159915.SZ,CASH,159915.SZ,现金,创业板100ETF(159915.SZ),0.0,1.0,0.0,0.0,1.0,1.0,1.0,0.0,1.0,0.001,-,1.3,full_entry,CASH,159915.SZ,,,0,159915.SZ,1.0,False,False,False,,,159915.SZ,1.412585465719863,,False,0.0,-0.004178272980501441,,,,,,0.0,0.0,-0.0010000000000000009,0.999,1,0,False,0,0,1.412585465719863,,,,,,1.412585465719863,,,,,,0.26143675587299176,,,,,,0,v1_3_naive_score_0p5_5p5_r2_0p25,1.0,1.0,1.0,1.0,1.0,1.0,False,False,False,False,False,,FULL_POSITION,,0,False,False,0.715,,,,,,False,False,False,False,False,False,2026-09-02,2026-09-02,2026-09-02,2026-09-02,2026-09-02,2026-09-02,2026-09-02
