candidate,group,value,role,segment,start,end,rows,nav_changes,ann_return,ann_vol,sharpe_repo,max_dd,max_dd_peak,max_dd_trough,total_return,end_nav,trade_days,two_sided_switch_days,turnover_total,cost_rate_total,paid_fee_initial_capital_units,cash_days,avg_carried_exposure,stale_trade_block_days,buffer_block_days,LOOKBACK,pure25_ann_return,pure25_max_dd,pure25_trade_days,pure25_turnover_total,pure25_cash_days,delta_ann_pp,dd_improvement_pp
lookback_5,lookback,5,candidate,full,2011-12-09,2026-09-24,3594,3593,-0.05976872718482462,0.26524159005724046,-0.10006324551289315,-0.719834071124853,2013-10-09,2026-07-28,-0.584680866944195,0.4153191330558051,1363,1036,2399.0,2.399,1.7097278524483432,406,0.8867557039510295,0,0,5,0.21344274930091345,-0.3855215681943228,273,483.0,316,-27.321147648573806,-33.43125029305302
lookback_5,lookback,5,candidate,last_10y,2016-05-16,2026-09-24,2520,2519,-0.07836174318364963,0.26430746709910236,-0.17743329593408072,-0.6337312214537936,2017-05-11,2026-07-28,-0.5576708393182501,0.4153191330558051,1062,912,1974.0,1.974,1.2697478506824553,117,0.9535714285714286,0,0,5,0.23384804349028698,-0.30048698363910964,208,394.0,56,-31.220978667393663,-33.32442378146839
lookback_5,lookback,5,candidate,last_5y,2021-07-19,2026-09-24,1260,1259,-0.09279402018236582,0.3058665205938576,-0.16718411222655644,-0.504166418624221,2022-03-30,2026-07-28,-0.3852516741528591,0.4153191330558051,555,475,1030.0,1.03,0.5502025660772174,60,0.9523809523809523,0,0,5,0.3074878139684676,-0.30048698363910964,103,198.0,30,-40.02818341508334,-20.36794349851113
lookback_5,lookback,5,candidate,last_3y,2023-08-15,2026-09-24,756,755,-0.08038083526280326,0.345002855291821,-0.07281639690361737,-0.4788165797614653,2024-10-08,2026-07-28,-0.22201996387036715,0.4153191330558051,326,278,604.0,0.6040000000000001,0.2872901836933065,38,0.9497354497354498,0,0,5,0.33353280525022644,-0.30048698363910964,63,120.0,27,-41.39136405130297,-17.832959612235566
lookback_5,lookback,5,candidate,last_1y,2025-09-11,2026-09-24,252,251,-0.21492094757896574,0.3102826337466212,-0.6235897709394819,-0.37309412741150094,2025-10-16,2026-07-28,-0.2141667511993819,0.4153191330558051,113,89,202.0,0.202,0.09359019091261064,21,0.9166666666666666,0,0,5,0.005283838218616443,-0.1995981964793292,21,40.0,7,-22.02047857975822,-17.349593093217173
lookback_5,lookback,5,candidate,six_etf_all_scoreable,2020-01-09,2026-09-24,1628,1627,-0.05663129005118539,0.29946313363109933,-0.046044517849110435,-0.5870110669551254,2020-09-03,2026-07-28,-0.31366726797342814,0.4153191330558051,711,619,1330.0,1.33,0.7535802170520298,69,0.9576167076167076,0,0,5,0.3041055146215379,-0.30048698363910964,139,270.0,30,-36.073680467272325,-28.652408331601574
lookback_7,lookback,7,candidate,full,2011-12-09,2026-09-24,3594,3593,0.01904395505846268,0.26688106489380903,0.20382103077381244,-0.5839600836186611,2015-06-03,2018-12-19,0.30862162244908276,1.3086216224490828,993,740,1733.0,1.733,2.0569233962404465,390,0.8912075681691708,0,0,7,0.21344274930091345,-0.3855215681943228,273,483.0,316,-19.439879424245078,-19.843851542433832
lookback_7,lookback,7,candidate,last_10y,2016-05-16,2026-09-24,2520,2519,0.010574064801612826,0.26562958239815704,0.17156250884747135,-0.40684748890246736,2024-10-08,2025-08-04,0.11087030147515109,1.3086216224490828,771,653,1424.0,1.424,1.6660318942905663,106,0.957936507936508,0,0,7,0.23384804349028698,-0.30048698363910964,208,394.0,56,-22.327397868867415,-10.636050526335772
lookback_7,lookback,7,candidate,last_5y,2021-07-19,2026-09-24,1260,1259,0.017163342760130096,0.30604838805750273,0.20691924326300773,-0.40684748890246736,2024-10-08,2025-08-04,0.08873998658736304,1.3086216224490828,400,348,748.0,0.748,0.9458089277634034,47,0.9626984126984127,0,0,7,0.3074878139684676,-0.30048698363910964,103,198.0,30,-29.032447120833748,-10.636050526335772
lookback_7,lookback,7,candidate,last_3y,2023-08-15,2026-09-24,756,755,0.0420182198866772,0.3465281035245037,0.2897138711439996,-0.40684748890246736,2024-10-08,2025-08-04,0.1312406546967213,1.3086216224490828,238,202,440.0,0.44000000000000006,0.5836163413649718,36,0.9523809523809523,0,0,7,0.33353280525022644,-0.30048698363910964,63,120.0,27,-29.151458536354923,-10.636050526335772
lookback_7,lookback,7,candidate,last_1y,2025-09-11,2026-09-24,252,251,-0.0774188523506778,0.3189497144131336,-0.09226827764595033,-0.2577535631170127,2026-05-07,2026-08-28,-0.07712379908708245,1.3086216224490828,84,68,152.0,0.15200000000000002,0.22362373788994555,20,0.9206349206349206,0,0,7,0.005283838218616443,-0.1995981964793292,21,40.0,7,-8.270269056929425,-5.81553666376835
lookback_7,lookback,7,candidate,six_etf_all_scoreable,2020-01-09,2026-09-24,1628,1627,0.05970539405846842,0.30219291791575914,0.34193743315207153,-0.40684748890246736,2024-10-08,2025-08-04,0.4541328670734246,1.3086216224490828,508,442,950.0,0.95,1.1809697868574252,57,0.964987714987715,0,0,7,0.3041055146215379,-0.30048698363910964,139,270.0,30,-24.440012056306948,-10.636050526335772
lookback_9,lookback,9,candidate,full,2011-12-09,2026-09-24,3594,3593,0.020296451878319077,0.2720316846610396,0.20967699653689417,-0.6315792629346724,2015-06-03,2022-01-26,0.33174207287804935,1.3317420728780494,800,597,1397.0,1.3970000000000002,2.1009214420440094,381,0.8937117417918754,0,0,9,0.21344274930091345,-0.3855215681943228,273,483.0,316,-19.314629742259438,-24.605769474034954
lookback_9,lookback,9,candidate,last_10y,2016-05-16,2026-09-24,2520,2519,-0.03590048874495444,0.26882471420399295,-0.002283023488070497,-0.4432169598717929,2017-05-11,2022-01-26,-0.30612436871232307,1.3317420728780494,633,529,1162.0,1.1620000000000001,1.7107732201883659,104,0.9587301587301588,0,0,9,0.23384804349028698,-0.30048698363910964,208,394.0,56,-26.974853223524143,-14.272997623268324
lookback_9,lookback,9,candidate,last_5y,2021-07-19,2026-09-24,1260,1259,0.009795251158071228,0.3063041032048953,0.1833848206947852,-0.4032674722065305,2024-10-08,2025-08-05,0.049904557559904195,1.3317420728780494,331,287,618.0,0.6180000000000001,0.8841572154244302,45,0.9642857142857143,0,0,9,0.3074878139684676,-0.30048698363910964,103,198.0,30,-29.769256281039635,-10.278048856742084
lookback_9,lookback,9,candidate,last_3y,2023-08-15,2026-09-24,756,755,-0.05825566674942673,0.34738419187879765,-0.0012436498370120624,-0.4032674722065305,2024-10-08,2025-08-05,-0.1645845798547083,1.3317420728780494,204,174,378.0,0.378,0.5638449713630822,34,0.955026455026455,0,0,9,0.33353280525022644,-0.30048698363910964,63,120.0,27,-39.17884719996532,-10.278048856742084
lookback_9,lookback,9,candidate,last_1y,2025-09-11,2026-09-24,252,251,-0.1142635098951924,0.3273655285183448,-0.2055737589950445,-0.3045213139518682,2026-06-01,2026-09-18,-0.1138369328622415,1.3317420728780494,64,48,112.0,0.11200000000000002,0.17354388148118244,21,0.9166666666666666,0,0,9,0.005283838218616443,-0.1995981964793292,21,40.0,7,-11.954734811380884,-10.492311747253902
lookback_9,lookback,9,candidate,six_etf_all_scoreable,2020-01-09,2026-09-24,1628,1627,0.0005431012859533624,0.306568460285071,0.15412575175167004,-0.4308064184855437,2020-09-03,2022-01-26,0.0035116511719894827,1.3317420728780494,417,361,778.0,0.778,1.1084526142398352,55,0.9662162162162162,0,0,9,0.3041055146215379,-0.30048698363910964,139,270.0,30,-30.356241333558454,-13.031943484643405
lookback_11,lookback,11,candidate,full,2011-12-09,2026-09-24,3594,3593,0.04343860266814614,0.275035132607294,0.291850244397485,-0.6247938197264984,2015-06-03,2022-01-26,0.8335800842843992,1.8335800842843992,686,521,1207.0,1.2069999999999999,1.6660886512608553,361,0.899276572064552,0,0,11,0.21344274930091345,-0.3855215681943228,273,483.0,316,-17.00041466327673,-23.927225153217556
lookback_11,lookback,11,candidate,last_10y,2016-05-16,2026-09-24,2520,2519,0.011504922042940402,0.27289977934953596,0.17753204308944545,-0.5103812994538709,2020-09-03,2022-01-26,0.12114114172402024,1.8335800842843992,539,461,1000.0,1.0,1.3768137605363207,85,0.9662698412698413,0,0,11,0.23384804349028698,-0.30048698363910964,208,394.0,56,-22.23431214473466,-20.989431581476126
lookback_11,lookback,11,candidate,last_5y,2021-07-19,2026-09-24,1260,1259,0.10316701840432518,0.3124436529251487,0.46877154683018096,-0.39153928181410624,2024-10-08,2025-07-08,0.6331915885258024,1.8335800842843992,271,241,512.0,0.512,0.7195002324828919,33,0.9738095238095238,0,0,11,0.3074878139684676,-0.30048698363910964,103,198.0,30,-20.43207955641424,-9.10522981749966
lookback_11,lookback,11,candidate,last_3y,2023-08-15,2026-09-24,756,755,0.0665247840672416,0.35313000025452845,0.35669440860873475,-0.39153928181410624,2024-10-08,2025-07-08,0.21283538854504136,1.8335800842843992,165,141,306.0,0.30600000000000005,0.49387012767212923,29,0.9616402116402116,0,0,11,0.33353280525022644,-0.30048698363910964,63,120.0,27,-26.700802118298483,-9.10522981749966
lookback_11,lookback,11,candidate,last_1y,2025-09-11,2026-09-24,252,251,0.11946330939806882,0.33939943981785714,0.5032378157498805,-0.232240020099307,2026-06-01,2026-09-18,0.11896210915628158,1.8335800842843992,49,39,88.0,0.08800000000000001,0.17380982167696624,15,0.9404761904761905,0,0,11,0.005283838218616443,-0.1995981964793292,21,40.0,7,11.417947117945237,-3.2641823619977806
lookback_11,lookback,11,candidate,six_etf_all_scoreable,2020-01-09,2026-09-24,1628,1627,0.0639536092267603,0.31119510590302035,0.3537459605892873,-0.5103812994538709,2020-09-03,2022-01-26,0.49218373607255117,1.8335800842843992,351,305,656.0,0.6559999999999999,0.9072758051762443,46,0.9717444717444718,0,0,11,0.3041055146215379,-0.30048698363910964,139,270.0,30,-24.01519053947776,-20.989431581476126
lookback_13,lookback,13,candidate,full,2011-12-09,2026-09-24,3594,3593,0.0934817699516195,0.27547640978718463,0.46189650939131793,-0.474233655699388,2015-06-03,2018-10-10,2.5757946795519673,3.5757946795519673,562,435,997.0,0.9970000000000001,2.022854552595639,347,0.9031719532554258,0,0,13,0.21344274930091345,-0.3855215681943228,273,483.0,316,-11.996097934929395,-8.87120875050652
lookback_13,lookback,13,candidate,last_10y,2016-05-16,2026-09-24,2520,2519,0.05283284252101761,0.2737628808702005,0.3241302023099425,-0.4626767398675431,2020-09-03,2021-12-15,0.6730368726196971,3.5757946795519673,448,388,836.0,0.8360000000000001,1.780477922352813,85,0.9662698412698413,0,0,13,0.23384804349028698,-0.30048698363910964,208,394.0,56,-18.101520096926937,-16.218975622843345
lookback_13,lookback,13,candidate,last_5y,2021-07-19,2026-09-24,1260,1259,0.14151288896042513,0.31464833762538424,0.5763158867979981,-0.4327770851713918,2024-10-08,2025-04-10,0.9372068637700366,3.5757946795519673,227,207,434.0,0.43400000000000005,1.0270216753775396,31,0.9753968253968254,0,0,13,0.3074878139684676,-0.30048698363910964,103,198.0,30,-16.597492500804243,-13.229010153228216
lookback_13,lookback,13,candidate,last_3y,2023-08-15,2026-09-24,756,755,0.1563878899830593,0.3579270822689286,0.5827382607000424,-0.4327770851713918,2024-10-08,2025-04-10,0.5454686296348499,3.5757946795519673,133,119,252.0,0.252,0.6952925659650501,27,0.9642857142857143,0,0,13,0.33353280525022644,-0.30048698363910964,63,120.0,27,-17.714491526716714,-13.229010153228216
lookback_13,lookback,13,candidate,last_1y,2025-09-11,2026-09-24,252,251,0.2694498370650671,0.34533786231607416,0.8649483577476481,-0.16767473118279574,2026-01-29,2026-02-02,0.26824854105623697,3.5757946795519673,41,35,76.0,0.07600000000000001,0.2582874495205615,13,0.9484126984126984,0,0,13,0.005283838218616443,-0.1995981964793292,21,40.0,7,26.416599884645066,3.192346529653345
lookback_13,lookback,13,candidate,six_etf_all_scoreable,2020-01-09,2026-09-24,1628,1627,0.10672573318807266,0.3132483135338844,0.47931722047949576,-0.4626767398675431,2020-09-03,2021-12-15,0.9245875475144287,3.5757946795519673,297,267,564.0,0.5640000000000001,1.2964410574195648,44,0.972972972972973,0,0,13,0.3041055146215379,-0.30048698363910964,139,270.0,30,-19.737978143346524,-16.218975622843345
lookback_15,lookback,15,candidate,full,2011-12-09,2026-09-24,3594,3593,0.16129228959085062,0.277062715274875,0.6778691154844889,-0.3818064453549517,2020-09-03,2021-12-14,7.432034801950776,8.432034801950776,487,374,861.0,0.861,2.835031119034487,350,0.9023372287145242,0,0,15,0.21344274930091345,-0.3855215681943228,273,483.0,316,-5.215045971006282,0.37151228393711433
lookback_15,lookback,15,candidate,last_10y,2016-05-16,2026-09-24,2520,2519,0.12928552538344218,0.27749622126797713,0.5761259567955708,-0.3818064453549517,2020-09-03,2021-12-14,2.3715381431366405,8.432034801950776,388,334,722.0,0.722,2.6165332362252776,90,0.9642857142857143,0,0,15,0.23384804349028698,-0.30048698363910964,208,394.0,56,-10.456251810684481,-8.131946171584204
lookback_15,lookback,15,candidate,last_5y,2021-07-19,2026-09-24,1260,1259,0.2514563351208785,0.3196396211887866,0.8600209738534091,-0.33867742766302544,2024-10-08,2025-04-10,2.0668457651191705,8.432034801950776,197,175,372.0,0.372,1.741942454308563,36,0.9714285714285714,0,0,15,0.3074878139684676,-0.30048698363910964,103,198.0,30,-5.603147884758908,-3.8190444023915804
lookback_15,lookback,15,candidate,last_3y,2023-08-15,2026-09-24,756,755,0.2559592654004468,0.3632047406535316,0.8069114118037207,-0.33867742766302544,2024-10-08,2025-04-10,0.9794015329048551,8.432034801950776,116,104,220.0,0.22000000000000003,1.2836942575631367,30,0.9603174603174603,0,0,15,0.33353280525022644,-0.30048698363910964,63,120.0,27,-7.757353984977966,-3.8190444023915804
lookback_15,lookback,15,candidate,last_1y,2025-09-11,2026-09-24,252,251,0.3618511171275298,0.3602937474191337,1.0386583133940224,-0.16767473118279574,2026-01-29,2026-02-02,0.36018308885537986,8.432034801950776,38,34,72.0,0.07200000000000001,0.5435465201411281,12,0.9523809523809523,0,0,15,0.005283838218616443,-0.1995981964793292,21,40.0,7,35.65672789089134,3.192346529653345
lookback_15,lookback,15,candidate,six_etf_all_scoreable,2020-01-09,2026-09-24,1628,1627,0.21232265690186947,0.31779894949998305,0.7638212427947806,-0.3818064453549517,2020-09-03,2021-12-14,2.4663182946191453,8.432034801950776,255,225,480.0,0.48,2.0524233894365427,49,0.9699017199017199,0,0,15,0.3041055146215379,-0.30048698363910964,139,270.0,30,-9.178285771966843,-8.131946171584204
lookback_17,lookback,17,candidate,full,2011-12-09,2026-09-24,3594,3593,0.17383996031901505,0.2773674615671655,0.7162179137529264,-0.4317001103637257,2015-11-25,2018-12-14,8.82831646227624,9.82831646227624,416,323,739.0,0.7390000000000001,2.4609558918858143,333,0.9070673344462994,0,0,17,0.21344274930091345,-0.3855215681943228,273,483.0,316,-3.9602788981898396,-4.617854216940287
lookback_17,lookback,17,candidate,last_10y,2016-05-16,2026-09-24,2520,2519,0.14368379472823545,0.2770783230246331,0.622329077792715,-0.4024929687798402,2020-09-03,2021-10-13,2.826734236372522,9.82831646227624,331,289,620.0,0.6200000000000001,2.2517590170607376,69,0.9726190476190476,0,0,17,0.23384804349028698,-0.30048698363910964,208,394.0,56,-9.016424876205154,-10.200598514073056
lookback_17,lookback,17,candidate,last_5y,2021-07-19,2026-09-24,1260,1259,0.293047026029869,0.31972859884820215,0.9621584996110523,-0.2805585675854301,2024-10-08,2025-01-13,2.6110099475169366,9.82831646227624,166,150,316.0,0.31600000000000006,1.5243759163614308,31,0.9753968253968254,0,0,17,0.3074878139684676,-0.30048698363910964,103,198.0,30,-1.4440787938598598,1.9928416053679565
lookback_17,lookback,17,candidate,last_3y,2023-08-15,2026-09-24,756,755,0.3287878976462395,0.3615011496675863,0.9650260088241351,-0.2805585675854301,2024-10-08,2025-01-13,1.3435654593674218,9.82831646227624,100,92,192.0,0.192,1.174634088656157,26,0.9656084656084656,0,0,17,0.33353280525022644,-0.30048698363910964,63,120.0,27,-0.47449076039869365,1.9928416053679565
lookback_17,lookback,17,candidate,last_1y,2025-09-11,2026-09-24,252,251,0.3253512464247421,0.3626605032230776,0.9589761198738025,-0.16767473118279586,2026-01-29,2026-02-02,0.3238706389601036,9.82831646227624,34,30,64.0,0.064,0.5208673132732649,10,0.9603174603174603,0,0,17,0.005283838218616443,-0.1995981964793292,21,40.0,7,32.00674082061256,3.1923465296533338
lookback_17,lookback,17,candidate,six_etf_all_scoreable,2020-01-09,2026-09-24,1628,1627,0.25733442756114977,0.3175106124542022,0.8791298799807552,-0.4024929687798402,2020-09-03,2021-10-13,3.386207173082604,9.82831646227624,216,194,410.0,0.41000000000000003,1.7845831736569961,39,0.976044226044226,0,0,17,0.3041055146215379,-0.30048698363910964,139,270.0,30,-4.677108706038813,-10.200598514073056
lookback_19,lookback,19,candidate,full,2011-12-09,2026-09-24,3594,3593,0.19227082845097576,0.2786014725033612,0.7702243274191947,-0.343808608042355,2015-11-25,2018-12-14,11.272943451302687,12.272943451302687,385,302,687.0,0.687,2.9618605876823283,329,0.9081803005008348,0,0,19,0.21344274930091345,-0.3855215681943228,273,483.0,316,-2.1171920849937687,4.171296015196779
lookback_19,lookback,19,candidate,last_10y,2016-05-16,2026-09-24,2520,2519,0.1699526471499373,0.27889917407401627,0.7015534681739531,-0.33499459214624894,2021-01-12,2021-12-08,3.801891412412199,12.272943451302687,303,269,572.0,0.5720000000000001,2.7569436756146373,58,0.976984126984127,0,0,19,0.23384804349028698,-0.30048698363910964,208,394.0,56,-6.389539634034969,-3.45076085071393
lookback_19,lookback,19,candidate,last_5y,2021-07-19,2026-09-24,1260,1259,0.2699203818312661,0.32191527161028727,0.9016546465229829,-0.25504107542942467,2024-10-08,2024-10-17,2.299671124253601,12.272943451302687,156,142,298.0,0.29800000000000004,1.969031448936996,29,0.976984126984127,0,0,19,0.3074878139684676,-0.30048698363910964,103,198.0,30,-3.7567432137201484,4.544590820968497
lookback_19,lookback,19,candidate,last_3y,2023-08-15,2026-09-24,756,755,0.2985082264309076,0.3634964556670333,0.8982078264093583,-0.25504107542942467,2024-10-08,2024-10-17,1.187177042263262,12.272943451302687,95,87,182.0,0.182,1.517092482457016,24,0.9682539682539683,0,0,19,0.33353280525022644,-0.30048698363910964,63,120.0,27,-3.5024578819318863,4.544590820968497
lookback_19,lookback,19,candidate,last_1y,2025-09-11,2026-09-24,252,251,0.11304175677109951,0.36162685224849156,0.4775538078233681,-0.18827006184841155,2025-10-17,2026-02-02,0.11256882959165293,12.272943451302687,33,29,62.0,0.062,0.7036334702453491,7,0.9722222222222222,0,0,19,0.005283838218616443,-0.1995981964793292,21,40.0,7,10.775791855248308,1.1328134630917641
lookback_19,lookback,19,candidate,six_etf_all_scoreable,2020-01-09,2026-09-24,1628,1627,0.26664636235024686,0.32078016235442536,0.8964341335318898,-0.33499459214624894,2021-01-12,2021-12-08,3.6002240338631735,12.272943451302687,209,189,398.0,0.398,2.319084142907538,35,0.9785012285012284,0,0,19,0.3041055146215379,-0.30048698363910964,139,270.0,30,-3.745915227129104,-3.45076085071393
lookback_21,lookback,21,candidate,full,2011-12-09,2026-09-24,3594,3593,0.1753796463813524,0.2802879106898724,0.7163627031691427,-0.4682755614247177,2015-06-03,2018-12-14,9.013729000595738,10.013729000595738,351,276,627.0,0.627,2.0846534906349685,329,0.9081803005008348,0,0,21,0.21344274930091345,-0.3855215681943228,273,483.0,316,-3.8063102919561054,-8.27539932303949
lookback_21,lookback,21,candidate,last_10y,2016-05-16,2026-09-24,2520,2519,0.18882452144033013,0.28030956402636414,0.7565372113296275,-0.3731694267087793,2020-09-03,2021-12-08,4.634812366572084,10.013729000595738,274,246,520.0,0.52,1.9336232019677904,57,0.9773809523809524,0,0,21,0.23384804349028698,-0.30048698363910964,208,394.0,56,-4.5023522049956854,-7.268244306966965
lookback_21,lookback,21,candidate,last_5y,2021-07-19,2026-09-24,1260,1259,0.33163302622892554,0.32263273725640484,1.047602198296166,-0.25504107542942456,2024-10-08,2024-10-17,3.182434987263073,10.013729000595738,136,124,260.0,0.26,1.421382106924177,32,0.9746031746031746,0,0,21,0.3074878139684676,-0.30048698363910964,103,198.0,30,2.414521226045796,4.544590820968509
lookback_21,lookback,21,candidate,last_3y,2023-08-15,2026-09-24,756,755,0.3440592726040046,0.3646928388222228,0.9911087415176966,-0.25504107542942456,2024-10-08,2024-10-17,1.4251894330401913,10.013729000595738,89,81,170.0,0.16999999999999998,1.197114200567359,26,0.9656084656084656,0,0,21,0.33353280525022644,-0.30048698363910964,63,120.0,27,1.0526467353778157,4.544590820968509
lookback_21,lookback,21,candidate,last_1y,2025-09-11,2026-09-24,252,251,0.09484299696512588,0.36133703715107196,0.43206210732719547,-0.17228467864194275,2026-01-29,2026-04-13,0.09444939794121199,10.013729000595738,34,30,64.0,0.064,0.6118851270729406,7,0.9722222222222222,0,0,21,0.005283838218616443,-0.1995981964793292,21,40.0,7,8.955915874650945,2.7313517837386447
lookback_21,lookback,21,candidate,six_etf_all_scoreable,2020-01-09,2026-09-24,1628,1627,0.29501414613613663,0.32158225408023083,0.963924878918003,-0.3731694267087793,2020-09-03,2021-12-08,4.3074200348325675,10.013729000595738,185,169,354.0,0.354,1.6485491997926949,35,0.9785012285012284,0,0,21,0.3041055146215379,-0.30048698363910964,139,270.0,30,-0.9091368485401263,-7.268244306966965
lookback_23,lookback,23,candidate,full,2011-12-09,2026-09-24,3594,3593,0.20249744767536448,0.28091245553581856,0.7964890336845458,-0.33941282857789423,2012-03-13,2012-12-18,12.862287919180805,13.862287919180805,324,243,567.0,0.567,2.77328276814493,328,0.9084585420144685,0,0,23,0.21344274930091345,-0.3855215681943228,273,483.0,316,-1.0945301625548964,4.6108739616428585
lookback_23,lookback,23,candidate,last_10y,2016-05-16,2026-09-24,2520,2519,0.21198514208607477,0.27988875341934866,0.826242504514286,-0.30169508211458584,2024-10-08,2024-11-18,5.833475148069442,13.862287919180805,249,219,468.0,0.468,2.645399903287116,57,0.9773809523809524,0,0,23,0.23384804349028698,-0.30048698363910964,208,394.0,56,-2.186290140421221,-0.12080984754762047
lookback_23,lookback,23,candidate,last_5y,2021-07-19,2026-09-24,1260,1259,0.25227282863322165,0.3222661019196974,0.8576135101597175,-0.30169508211458584,2024-10-08,2024-11-18,2.076855447501782,13.862287919180805,132,118,250.0,0.25,2.021043074203569,31,0.9753968253968254,0,0,23,0.3074878139684676,-0.30048698363910964,103,198.0,30,-5.521498533524594,-0.12080984754762047
lookback_23,lookback,23,candidate,last_3y,2023-08-15,2026-09-24,756,755,0.23637984200778916,0.36456206763354637,0.7620873291584902,-0.30169508211458584,2024-10-08,2024-11-18,0.8883829251791313,13.862287919180805,88,78,166.0,0.166,1.630852251400425,25,0.966931216931217,0,0,23,0.33353280525022644,-0.30048698363910964,63,120.0,27,-9.715296324243727,-0.12080984754762047
lookback_23,lookback,23,candidate,last_1y,2025-09-11,2026-09-24,252,251,0.06000227595032559,0.3535276196958483,0.3422818658335227,-0.18529181327982314,2026-01-29,2026-03-04,0.05975719535368418,13.862287919180805,28,26,54.0,0.054000000000000006,0.7214856749533015,6,0.9761904761904762,0,0,23,0.005283838218616443,-0.1995981964793292,21,40.0,7,5.471843773170915,1.4306383199506056
lookback_23,lookback,23,candidate,six_etf_all_scoreable,2020-01-09,2026-09-24,1628,1627,0.2585405438254629,0.32188032444401965,0.8745238454170537,-0.30169508211458584,2024-10-08,2024-11-18,3.413443668053021,13.862287919180805,171,157,328.0,0.328,2.339706833117826,31,0.980958230958231,0,0,23,0.3041055146215379,-0.30048698363910964,139,270.0,30,-4.556497079607502,-0.12080984754762047
lookback_25,lookback,25,pure_25_baseline,full,2011-12-09,2026-09-24,3594,3593,0.21344274930091345,0.28381398860459023,0.8232308516805994,-0.3855215681943228,2015-06-03,2018-03-23,14.773995626706258,15.773995626706258,273,210,483.0,0.48300000000000004,2.2687144202080605,316,0.9117974401780745,0,0,25,0.21344274930091345,-0.3855215681943228,273,483.0,316,0.0,0.0
lookback_25,lookback,25,pure_25_baseline,last_10y,2016-05-16,2026-09-24,2520,2519,0.23384804349028698,0.2822038304655642,0.885173247198576,-0.30048698363910964,2024-10-08,2024-11-18,7.170612575986652,15.773995626706258,208,186,394.0,0.394,2.143490005614945,56,0.9777777777777777,0,0,25,0.23384804349028698,-0.30048698363910964,208,394.0,56,0.0,0.0
lookback_25,lookback,25,pure_25_baseline,last_5y,2021-07-19,2026-09-24,1260,1259,0.3074878139684676,0.32351522411056105,0.9890228840799635,-0.30048698363910964,2024-10-08,2024-11-18,2.8170354649289324,15.773995626706258,103,95,198.0,0.198,1.6487625899832095,30,0.9761904761904762,0,0,25,0.3074878139684676,-0.30048698363910964,103,198.0,30,0.0,0.0
lookback_25,lookback,25,pure_25_baseline,last_3y,2023-08-15,2026-09-24,756,755,0.33353280525022644,0.36628096204010346,0.9669081998602338,-0.30048698363910964,2024-10-08,2024-11-18,1.3687272994382558,15.773995626706258,63,57,120.0,0.12000000000000001,1.3149236778856541,27,0.9642857142857143,0,0,25,0.33353280525022644,-0.30048698363910964,63,120.0,27,0.0,0.0
lookback_25,lookback,25,pure_25_baseline,last_1y,2025-09-11,2026-09-24,252,251,0.005283838218616443,0.35228026500422566,0.19166685853394558,-0.1995981964793292,2025-10-17,2026-04-13,0.005262815529029963,15.773995626706258,21,19,40.0,0.04,0.6100071311180951,7,0.9722222222222222,0,0,25,0.005283838218616443,-0.1995981964793292,21,40.0,7,0.0,0.0
lookback_25,lookback,25,pure_25_baseline,six_etf_all_scoreable,2020-01-09,2026-09-24,1628,1627,0.3041055146215379,0.32333292414225784,0.9821260472260692,-0.30048698363910964,2024-10-08,2024-11-18,4.552636733628668,15.773995626706258,139,131,270.0,0.27,1.9036971663428282,30,0.9815724815724816,0,0,25,0.3041055146215379,-0.30048698363910964,139,270.0,30,0.0,0.0
lookback_27,lookback,27,candidate,full,2011-12-09,2026-09-24,3594,3593,0.23234559393403043,0.2839411717184586,0.8775007706142248,-0.3440302774025612,2015-06-03,2018-03-23,18.66339311737156,19.66339311737156,257,204,461.0,0.461,3.0684577432039077,307,0.9143016138007791,0,0,27,0.21344274930091345,-0.3855215681943228,273,483.0,316,1.8902844633116977,4.149129079176161
lookback_27,lookback,27,candidate,last_10y,2016-05-16,2026-09-24,2520,2519,0.23728405356904703,0.2828720925816823,0.8935967376305829,-0.2643129411150791,2025-10-17,2026-04-13,7.400927069713646,19.66339311737156,199,181,380.0,0.38,2.9331558428980107,49,0.9805555555555555,0,0,27,0.23384804349028698,-0.30048698363910964,208,394.0,56,0.34360100787600434,3.617404252403056
lookback_27,lookback,27,candidate,last_5y,2021-07-19,2026-09-24,1260,1259,0.27393050216747916,0.32385024879397273,0.9079700218761741,-0.2643129411150791,2025-10-17,2026-04-13,2.352057316884663,19.66339311737156,99,91,190.0,0.19,2.3030665889857027,27,0.9785714285714285,0,0,27,0.3074878139684676,-0.30048698363910964,103,198.0,30,-3.355731180098842,3.617404252403056
lookback_27,lookback,27,candidate,last_3y,2023-08-15,2026-09-24,756,755,0.25328885716505467,0.36701988473685826,0.7964312396651155,-0.2643129411150791,2025-10-17,2026-04-13,0.9668192185914826,19.66339311737156,62,56,118.0,0.118,1.8488735417219055,25,0.966931216931217,0,0,27,0.33353280525022644,-0.30048698363910964,63,120.0,27,-8.024394808517176,3.617404252403056
lookback_27,lookback,27,candidate,last_1y,2025-09-11,2026-09-24,252,251,-0.13055111512734352,0.35165926128976743,-0.22126342075786407,-0.2643129411150791,2025-10-17,2026-04-13,-0.13006831370874372,19.66339311737156,21,19,40.0,0.04000000000000001,0.8338519483220155,6,0.9761904761904762,0,0,27,0.005283838218616443,-0.1995981964793292,21,40.0,7,-13.583495334595996,-6.471474463574989
lookback_27,lookback,27,candidate,six_etf_all_scoreable,2020-01-09,2026-09-24,1628,1627,0.2864632211410816,0.32418983898867326,0.9383320477637814,-0.2643129411150791,2025-10-17,2026-04-13,4.085195486300467,19.66339311737156,132,124,256.0,0.256,2.6253399872881658,27,0.9834152334152334,0,0,27,0.3041055146215379,-0.30048698363910964,139,270.0,30,-1.7642293480456317,3.617404252403056
lookback_29,lookback,29,candidate,full,2011-12-09,2026-09-24,3594,3593,0.26870026377835887,0.2843064246525308,0.979029296539853,-0.29947978044331036,2015-11-25,2018-03-23,28.763670606328255,29.763670606328255,241,188,429.0,0.429,4.019795227817154,324,0.9095715080690039,0,0,29,0.21344274930091345,-0.3855215681943228,273,483.0,316,5.525751447744542,8.604178775101246
lookback_29,lookback,29,candidate,last_10y,2016-05-16,2026-09-24,2520,2519,0.26116296955898566,0.28406421430118156,0.958384847445311,-0.2627005781993208,2025-10-17,2026-04-10,9.16979547093727,29.763670606328255,186,168,354.0,0.354,3.8746956212475756,52,0.9793650793650793,0,0,29,0.23384804349028698,-0.30048698363910964,208,394.0,56,2.7314926068698675,3.778640543978884
lookback_29,lookback,29,candidate,last_5y,2021-07-19,2026-09-24,1260,1259,0.2859260009431648,0.32485150791556217,0.9350725422100209,-0.2627005781993208,2025-10-17,2026-04-10,2.5127439273558916,29.763670606328255,90,82,172.0,0.172,3.0879696961538814,30,0.9761904761904762,0,0,29,0.3074878139684676,-0.30048698363910964,103,198.0,30,-2.15618130253028,3.778640543978884
lookback_29,lookback,29,candidate,last_3y,2023-08-15,2026-09-24,756,755,0.2530442554071042,0.3681339637602806,0.7946279854381952,-0.2627005781993208,2025-10-17,2026-04-10,0.9656693858929883,29.763670606328255,57,51,108.0,0.10800000000000001,2.496035876030807,26,0.9656084656084656,0,0,29,0.33353280525022644,-0.30048698363910964,63,120.0,27,-8.048854984312225,3.778640543978884
lookback_29,lookback,29,candidate,last_1y,2025-09-11,2026-09-24,252,251,-0.13941312236500658,0.35521961566551064,-0.24422825723858424,-0.2627005781993208,2025-10-17,2026-04-10,-0.13890023498115878,29.763670606328255,20,18,38.0,0.038,1.1953193569692018,6,0.9761904761904762,0,0,29,0.005283838218616443,-0.1995981964793292,21,40.0,7,-14.469696058362302,-6.310238171999161
lookback_29,lookback,29,candidate,six_etf_all_scoreable,2020-01-09,2026-09-24,1628,1627,0.30911512940296726,0.32499761870494354,0.9905875602961042,-0.2627005781993208,2025-10-17,2026-04-10,4.69180217747246,29.763670606328255,119,111,230.0,0.23,3.480822885036404,30,0.9815724815724816,0,0,29,0.3041055146215379,-0.30048698363910964,139,270.0,30,0.5009614781429361,3.778640543978884
lookback_31,lookback,31,candidate,full,2011-12-09,2026-09-24,3594,3593,0.26165678209715515,0.2793462955457516,0.9715468125663519,-0.31877236572487766,2016-04-14,2018-03-23,26.492459883844404,27.492459883844404,221,174,395.0,0.395,3.3952626823446046,327,0.9087367835281024,1,0,31,0.21344274930091345,-0.3855215681943228,273,483.0,316,4.82140327962417,6.674920246944516
lookback_31,lookback,31,candidate,last_10y,2016-05-16,2026-09-24,2520,2519,0.22845204086496662,0.2819215781736852,0.8703578543281728,-0.2550410754294249,2024-10-08,2024-10-17,6.820372962451579,27.492459883844404,172,158,330.0,0.33,3.2549351247033127,46,0.9817460317460317,1,0,31,0.23384804349028698,-0.30048698363910964,208,394.0,56,-0.5396002625320362,4.544590820968475
lookback_31,lookback,31,candidate,last_5y,2021-07-19,2026-09-24,1260,1259,0.27558490063065477,0.32045540206091294,0.9184955150465324,-0.2550410754294249,2024-10-08,2024-10-17,2.373862407018734,27.492459883844404,81,73,154.0,0.15400000000000003,2.495441159907524,27,0.9785714285714285,0,0,31,0.3074878139684676,-0.30048698363910964,103,198.0,30,-3.190291333781281,4.544590820968475
lookback_31,lookback,31,candidate,last_3y,2023-08-15,2026-09-24,756,755,0.24356876372851288,0.3612895184098956,0.7820800023814704,-0.2550410754294249,2024-10-08,2024-10-17,0.9214705855623655,27.492459883844404,50,44,94.0,0.094,1.9533485752701254,24,0.9682539682539683,0,0,31,0.33353280525022644,-0.30048698363910964,63,120.0,27,-8.996404152171355,4.544590820968475
lookback_31,lookback,31,candidate,last_1y,2025-09-11,2026-09-24,252,251,-0.08310682881681719,0.35330572287952233,-0.06809135535300218,-0.2389062403660851,2026-01-29,2026-04-01,-0.08279108555603942,27.492459883844404,17,15,32.0,0.032,0.9020861285403918,5,0.9801587301587301,0,0,31,0.005283838218616443,-0.1995981964793292,21,40.0,7,-8.839066703543363,-3.9308043886755906
lookback_31,lookback,31,candidate,six_etf_all_scoreable,2020-01-09,2026-09-24,1628,1627,0.2843549392552258,0.3217495138240871,0.938091426313926,-0.2550410754294249,2024-10-08,2024-10-17,4.03163005203432,27.492459883844404,107,99,206.0,0.20600000000000002,2.839616527287708,27,0.9834152334152334,1,0,31,0.3041055146215379,-0.30048698363910964,139,270.0,30,-1.9750575366312084,4.544590820968475
lookback_33,lookback,33,candidate,full,2011-12-09,2026-09-24,3594,3593,0.21874436603979275,0.28036113169678,0.8455166222510125,-0.32737794637695994,2015-06-03,2018-03-23,15.785593305925179,16.78559330592518,202,159,361.0,0.361,2.2782187719019333,336,0.9062326099053979,0,0,33,0.21344274930091345,-0.3855215681943228,273,483.0,316,0.53016167388793,5.814362181736287
lookback_33,lookback,33,candidate,last_10y,2016-05-16,2026-09-24,2520,2519,0.18526446019830756,0.2841153261750772,0.7397254671694129,-0.25951503717539237,2026-01-29,2026-04-01,4.46839284451827,16.78559330592518,158,144,302.0,0.30200000000000005,2.1597602989483984,45,0.9821428571428571,0,0,33,0.23384804349028698,-0.30048698363910964,208,394.0,56,-4.858358329197943,4.097194646371727
lookback_33,lookback,33,candidate,last_5y,2021-07-19,2026-09-24,1260,1259,0.22897610818068737,0.32392392844128,0.7969849784247989,-0.25951503717539237,2026-01-29,2026-04-01,1.8013145008683167,16.78559330592518,80,72,152.0,0.15200000000000002,1.6442809889630845,26,0.9793650793650793,0,0,33,0.3074878139684676,-0.30048698363910964,103,198.0,30,-7.851170578778022,4.097194646371727
lookback_33,lookback,33,candidate,last_3y,2023-08-15,2026-09-24,756,755,0.1940469710626891,0.3663646893784795,0.6650753150307417,-0.25951503717539237,2026-01-29,2026-04-01,0.7012126104141085,16.78559330592518,49,43,92.0,0.092,1.2663428745666145,23,0.9695767195767195,0,0,33,0.33353280525022644,-0.30048698363910964,63,120.0,27,-13.948583418753735,4.097194646371727
lookback_33,lookback,33,candidate,last_1y,2025-09-11,2026-09-24,252,251,-0.1568451629429506,0.35419844037619286,-0.3035655229953784,-0.25951503717539237,2026-01-29,2026-04-01,-0.15627415163036318,16.78559330592518,17,15,32.0,0.032,0.5747274767844646,4,0.9841269841269841,0,0,33,0.005283838218616443,-0.1995981964793292,21,40.0,7,-16.212900116156703,-5.991684069606318
lookback_33,lookback,33,candidate,six_etf_all_scoreable,2020-01-09,2026-09-24,1628,1627,0.23781666721196504,0.32509282922020555,0.8180576473839217,-0.25951503717539237,2026-01-29,2026-04-01,2.964802859911893,16.78559330592518,104,96,200.0,0.2,1.871685706550838,26,0.984029484029484,0,0,33,0.3041055146215379,-0.30048698363910964,139,270.0,30,-6.628884740957286,4.097194646371727
lookback_35,lookback,35,candidate,full,2011-12-09,2026-09-24,3594,3593,0.18790972917033355,0.2808696971413809,0.7532729838973117,-0.30294741633736155,2015-06-03,2015-09-16,10.648165409686332,11.648165409686332,195,156,351.0,0.351,1.8464231732194303,323,0.9098497495826378,0,0,35,0.21344274930091345,-0.3855215681943228,273,483.0,316,-2.5533020130579898,8.257415185696127
lookback_35,lookback,35,candidate,last_10y,2016-05-16,2026-09-24,2520,2519,0.1380301705810878,0.2841984004308538,0.5964951553203944,-0.27831958699159853,2020-09-03,2021-03-08,2.6417902301173424,11.648165409686332,153,141,294.0,0.29400000000000004,1.7340550500923364,39,0.9845238095238096,0,0,35,0.23384804349028698,-0.30048698363910964,208,394.0,56,-9.58178729091992,2.2167396647511106
lookback_35,lookback,35,candidate,last_5y,2021-07-19,2026-09-24,1260,1259,0.17505056925341633,0.32250522348433885,0.6599601133863406,-0.2580697731471061,2025-10-09,2026-04-01,1.2387457990397537,11.648165409686332,78,70,148.0,0.14800000000000002,1.2165768161862833,21,0.9833333333333333,0,0,35,0.3074878139684676,-0.30048698363910964,103,198.0,30,-13.243724471505125,4.241721049200353
lookback_35,lookback,35,candidate,last_3y,2023-08-15,2026-09-24,756,755,0.15423835619348014,0.3664548766129734,0.5724180967782134,-0.2580697731471061,2025-10-09,2026-04-01,0.5368776751847353,11.648165409686332,49,43,92.0,0.092,0.9144750709288829,18,0.9761904761904762,0,0,35,0.33353280525022644,-0.30048698363910964,63,120.0,27,-17.92944490567463,4.241721049200353
lookback_35,lookback,35,candidate,last_1y,2025-09-11,2026-09-24,252,251,-0.18067771309899938,0.3528921244612885,-0.38715045009625915,-0.2580697731471061,2025-10-09,2026-04-01,-0.18002954927470416,11.648165409686332,17,15,32.0,0.032,0.4019209026798385,4,0.9841269841269841,0,0,35,0.005283838218616443,-0.1995981964793292,21,40.0,7,-18.596155131761584,-5.847157666777692
lookback_35,lookback,35,candidate,six_etf_all_scoreable,2020-01-09,2026-09-24,1628,1627,0.16305228604912325,0.32625901110492855,0.6253424504638332,-0.27831958699159853,2020-09-03,2021-03-08,1.6517440090441062,11.648165409686332,102,94,196.0,0.196,1.4314218151499136,21,0.9871007371007371,0,0,35,0.3041055146215379,-0.30048698363910964,139,270.0,30,-14.105322857241465,2.2167396647511106
lookback_37,lookback,37,candidate,full,2011-12-09,2026-09-24,3594,3593,0.1592193682748848,0.28179789851479964,0.6649671521242347,-0.36170873491809286,2015-06-03,2015-09-16,7.219955386416222,8.219955386416222,196,155,351.0,0.351,1.4117895346162799,314,0.9123539232053423,0,0,37,0.21344274930091345,-0.3855215681943228,273,483.0,316,-5.422338102602864,2.381283327622996
lookback_37,lookback,37,candidate,last_10y,2016-05-16,2026-09-24,2520,2519,0.12411840241709382,0.2843964584818506,0.553013618045821,-0.28028501833785846,2020-02-13,2020-04-22,2.220467641965527,8.219955386416222,152,140,292.0,0.29200000000000004,1.3146046833210223,37,0.9853174603174604,0,0,37,0.23384804349028698,-0.30048698363910964,208,394.0,56,-10.972964107319317,2.020196530125118
lookback_37,lookback,37,candidate,last_5y,2021-07-19,2026-09-24,1260,1259,0.16263183709303064,0.3238500157657263,0.6257289291065457,-0.25504107542942456,2024-10-08,2024-10-17,1.123006703244131,8.219955386416222,76,70,146.0,0.14600000000000002,0.9030769391940424,17,0.9865079365079366,0,0,37,0.3074878139684676,-0.30048698363910964,103,198.0,30,-14.485597687543695,4.544590820968509
lookback_37,lookback,37,candidate,last_3y,2023-08-15,2026-09-24,756,755,0.10227327466970682,0.36771327266273374,0.4463678203263865,-0.25504107542942456,2024-10-08,2024-10-17,0.33875164898568766,8.219955386416222,48,44,92.0,0.092,0.6700342973633777,14,0.9814814814814815,0,0,37,0.33353280525022644,-0.30048698363910964,63,120.0,27,-23.125953058051962,4.544590820968509
lookback_37,lookback,37,candidate,last_1y,2025-09-11,2026-09-24,252,251,-0.17980595861015092,0.3526232161450241,-0.38475756287054386,-0.24255015852199913,2026-06-22,2026-09-14,-0.1791605690567898,8.219955386416222,17,15,32.0,0.032,0.28602966112655315,3,0.9880952380952381,0,0,37,0.005283838218616443,-0.1995981964793292,21,40.0,7,-18.508979682876735,-4.295196204266993
lookback_37,lookback,37,candidate,six_etf_all_scoreable,2020-01-09,2026-09-24,1628,1627,0.14219799140069633,0.3267526910419332,0.5694887317910222,-0.28028501833785846,2020-02-13,2020-04-22,1.359383788902992,8.219955386416222,100,94,194.0,0.194,1.0679137522669937,17,0.9895577395577395,0,0,37,0.3041055146215379,-0.30048698363910964,139,270.0,30,-16.19075232208416,2.020196530125118
lookback_39,lookback,39,candidate,full,2011-12-09,2026-09-24,3594,3593,0.17505603124111868,0.28167162731117257,0.7133256078291915,-0.3294214573531573,2015-06-03,2015-09-16,8.974490654302851,9.974490654302851,190,149,339.0,0.339,1.6898387292866552,321,0.9104062326099054,0,0,39,0.21344274930091345,-0.3855215681943228,273,483.0,316,-3.8386718059794767,5.61001108411655
lookback_39,lookback,39,candidate,last_10y,2016-05-16,2026-09-24,2520,2519,0.14082968724868872,0.2840782786530817,0.605257608397643,-0.2674471834189379,2025-10-09,2026-09-14,2.732338925029284,9.974490654302851,150,136,286.0,0.28600000000000003,1.6060696407752109,37,0.9853174603174604,0,0,39,0.23384804349028698,-0.30048698363910964,208,394.0,56,-9.301835624159827,3.3039800220171722
lookback_39,lookback,39,candidate,last_5y,2021-07-19,2026-09-24,1260,1259,0.16178225452274964,0.3232614402769062,0.6239996221961562,-0.2674471834189379,2025-10-09,2026-09-14,1.1152673288984154,9.974490654302851,78,72,150.0,0.15,1.1626144437296142,16,0.9873015873015873,0,0,39,0.3074878139684676,-0.30048698363910964,103,198.0,30,-14.570555944571794,3.3039800220171722
lookback_39,lookback,39,candidate,last_3y,2023-08-15,2026-09-24,756,755,0.10297244926514248,0.3670597667165034,0.4482217676682695,-0.2674471834189379,2025-10-09,2026-09-14,0.3412974103430866,9.974490654302851,50,46,96.0,0.096,0.8810768932778418,13,0.9828042328042328,0,0,39,0.33353280525022644,-0.30048698363910964,63,120.0,27,-23.056035598508394,3.3039800220171722
lookback_39,lookback,39,candidate,last_1y,2025-09-11,2026-09-24,252,251,-0.20775014684787707,0.3538985342048045,-0.4800097890982636,-0.2674471834189379,2025-10-09,2026-09-14,-0.2070176738091133,9.974490654302851,19,17,36.0,0.036000000000000004,0.40064543236003136,2,0.9920634920634921,0,0,39,0.005283838218616443,-0.1995981964793292,21,40.0,7,-21.30339850664935,-6.784898693960873
lookback_39,lookback,39,candidate,six_etf_all_scoreable,2020-01-09,2026-09-24,1628,1627,0.15871626700127828,0.32543557525678124,0.6145879696481517,-0.2674471834189379,2025-10-09,2026-09-14,1.5885617204139884,9.974490654302851,101,95,196.0,0.196,1.3515115155381867,16,0.9901719901719902,0,0,39,0.3041055146215379,-0.30048698363910964,139,270.0,30,-14.538924762025962,3.3039800220171722
lookback_41,lookback,41,candidate,full,2011-12-09,2026-09-24,3594,3593,0.1704352627216581,0.27714450131956725,0.7068194246424101,-0.36962853903114423,2015-06-03,2015-09-16,8.429591013460607,9.429591013460607,181,146,327.0,0.327,1.6932396746542888,317,0.9115191986644408,0,0,41,0.21344274930091345,-0.3855215681943228,273,483.0,316,-4.300748657925535,1.5893029163178585
lookback_41,lookback,41,candidate,last_10y,2016-05-16,2026-09-24,2520,2519,0.13556872364616868,0.27636948952315343,0.598414738557615,-0.29308138481788826,2025-10-09,2026-09-14,2.5638147742700945,9.429591013460607,144,134,278.0,0.278,1.6162312194358777,33,0.986904761904762,0,0,41,0.23384804349028698,-0.30048698363910964,208,394.0,56,-9.82793198441183,0.7405598821221382
lookback_41,lookback,41,candidate,last_5y,2021-07-19,2026-09-24,1260,1259,0.14746734252822757,0.308795735781969,0.5997340792173902,-0.29308138481788826,2025-10-09,2026-09-14,0.9882207681972344,9.429591013460607,78,72,150.0,0.15,1.2002535149206772,12,0.9904761904761905,0,0,41,0.3074878139684676,-0.30048698363910964,103,198.0,30,-16.002047144024,0.7405598821221382
lookback_41,lookback,41,candidate,last_3y,2023-08-15,2026-09-24,756,755,0.041098345683207915,0.3458410351857049,0.28907573205396997,-0.29308138481788826,2025-10-09,2026-09-14,0.12825133846940284,9.429591013460607,50,46,96.0,0.096,0.8875970924550683,10,0.9867724867724867,0,0,41,0.33353280525022644,-0.30048698363910964,63,120.0,27,-29.24344595670185,0.7405598821221382
lookback_41,lookback,41,candidate,last_1y,2025-09-11,2026-09-24,252,251,-0.2355818128379541,0.35201599492339386,-0.5859647198951058,-0.29308138481788826,2025-10-09,2026-09-14,-0.234766483444788,9.429591013460607,19,17,36.0,0.036000000000000004,0.38994232494366565,1,0.996031746031746,0,0,41,0.005283838218616443,-0.1995981964793292,21,40.0,7,-24.086565105657055,-9.348318833855906
lookback_41,lookback,41,candidate,six_etf_all_scoreable,2020-01-09,2026-09-24,1628,1627,0.15843580936342394,0.31393986913256683,0.625717389244316,-0.29308138481788826,2025-10-09,2026-09-14,1.584519230597925,9.429591013460607,101,95,196.0,0.196,1.387739720738627,12,0.9926289926289926,0,0,41,0.3041055146215379,-0.30048698363910964,139,270.0,30,-14.566970525811396,0.7405598821221382
lookback_43,lookback,43,candidate,full,2011-12-09,2026-09-24,3594,3593,0.14409503139329627,0.2762515254216355,0.6257624446628384,-0.37532195386118494,2015-06-03,2015-09-16,5.816303248232797,6.816303248232797,169,140,309.0,0.30900000000000005,1.3994033820626208,324,0.9095715080690039,0,0,43,0.21344274930091345,-0.3855215681943228,273,483.0,316,-6.934771790761718,1.0199614333137874
lookback_43,lookback,43,candidate,last_10y,2016-05-16,2026-09-24,2520,2519,0.100154044692778,0.277283618293969,0.48313998179198625,-0.32878238717348507,2024-01-23,2024-10-17,1.5963934192747251,6.816303248232797,137,129,266.0,0.266,1.3299246243554432,32,0.9873015873015873,0,0,43,0.23384804349028698,-0.30048698363910964,208,394.0,56,-13.369399879750897,-2.829540353437543
lookback_43,lookback,43,candidate,last_5y,2021-07-19,2026-09-24,1260,1259,0.09758268436076878,0.3116133255421312,0.45455620171466016,-0.32878238717348507,2024-01-23,2024-10-17,0.5923032052468975,6.816303248232797,73,69,142.0,0.142,0.9223878566077214,11,0.9912698412698413,0,0,43,0.3074878139684676,-0.30048698363910964,103,198.0,30,-20.99051296076988,-2.829540353437543
lookback_43,lookback,43,candidate,last_3y,2023-08-15,2026-09-24,756,755,-0.0026076935450038974,0.34967046897951876,0.16725721924372258,-0.32878238717348507,2024-01-23,2024-10-17,-0.007792417459113632,6.816303248232797,50,48,98.0,0.098,0.6912946551275109,8,0.9894179894179894,0,0,43,0.33353280525022644,-0.30048698363910964,63,120.0,27,-33.61404987952304,-2.829540353437543
lookback_43,lookback,43,candidate,last_1y,2025-09-11,2026-09-24,252,251,-0.2581580314620784,0.35332822646183,-0.6672598463545121,-0.3138778006737166,2025-10-09,2026-09-14,-0.25727843049968413,6.816303248232797,21,21,42.0,0.041999999999999996,0.33236670585247996,0,1.0,0,0,43,0.005283838218616443,-0.1995981964793292,21,40.0,7,-26.344186968069483,-11.427960419438744
lookback_43,lookback,43,candidate,six_etf_all_scoreable,2020-01-09,2026-09-24,1628,1627,0.08880416409344827,0.3151487655113319,0.42785276057990196,-0.32878238717348507,2024-01-23,2024-10-17,0.7320508520117686,6.816303248232797,95,91,186.0,0.186,1.0950353386703158,11,0.9932432432432432,0,0,43,0.3041055146215379,-0.30048698363910964,139,270.0,30,-21.530135052808962,-2.829540353437543
lookback_45,lookback,45,candidate,full,2011-12-09,2026-09-24,3594,3593,0.12739205797429176,0.27699123830950395,0.5717907726472441,-0.37532195386118505,2015-06-03,2015-09-16,4.526900308791312,5.526900308791312,166,137,303.0,0.30300000000000005,1.1200340820055332,327,0.9087367835281024,0,0,45,0.21344274930091345,-0.3855215681943228,273,483.0,316,-8.60506913266217,1.0199614333137763
lookback_45,lookback,45,candidate,last_10y,2016-05-16,2026-09-24,2520,2519,0.09151967292901841,0.2772301445925109,0.4547674653453331,-0.32028074431024545,2025-10-09,2026-09-14,1.3997431297503509,5.526900308791312,133,125,258.0,0.258,1.046466025591804,31,0.9876984126984127,0,0,45,0.23384804349028698,-0.30048698363910964,208,394.0,56,-14.232837056126858,-1.9793760671135807
lookback_45,lookback,45,candidate,last_5y,2021-07-19,2026-09-24,1260,1259,0.10798615304720305,0.3117500955432458,0.4847852313153079,-0.32028074431024545,2025-10-09,2026-09-14,0.669148362852565,5.526900308791312,71,67,138.0,0.13799999999999998,0.7087699691620388,10,0.9920634920634921,0,0,45,0.3074878139684676,-0.30048698363910964,103,198.0,30,-19.95016609212645,-1.9793760671135807
lookback_45,lookback,45,candidate,last_3y,2023-08-15,2026-09-24,756,755,0.026144582587401155,0.35072470245230986,0.24887893135529618,-0.32028074431024545,2025-10-09,2026-09-14,0.08039158191135076,5.526900308791312,48,46,94.0,0.094,0.5339164762338782,7,0.9907407407407407,0,0,45,0.33353280525022644,-0.30048698363910964,63,120.0,27,-30.73882226628253,-1.9793760671135807
lookback_45,lookback,45,candidate,last_1y,2025-09-11,2026-09-24,252,251,-0.2651084079113093,0.34934518239382645,-0.7055937102473585,-0.32028074431024545,2025-10-09,2026-09-14,-0.26420956368822435,5.526900308791312,20,20,40.0,0.04,0.26082387990064826,0,1.0,0,0,45,0.005283838218616443,-0.1995981964793292,21,40.0,7,-27.039224612992573,-12.068254783091625
lookback_45,lookback,45,candidate,six_etf_all_scoreable,2020-01-09,2026-09-24,1628,1627,0.08119024577205991,0.3152670952273942,0.4055668565232591,-0.32028074431024545,2025-10-09,2026-09-14,0.6553274569530823,5.526900308791312,93,89,182.0,0.182,0.8512081394034899,10,0.9938574938574939,0,0,45,0.3041055146215379,-0.30048698363910964,139,270.0,30,-22.2915268849478,-1.9793760671135807
lookback_47,lookback,47,candidate,full,2011-12-09,2026-09-24,3594,3593,0.15014270804199414,0.27866413274489893,0.6416929808216971,-0.34300791556728216,2015-06-03,2015-06-29,6.3484258079200355,7.3484258079200355,157,130,287.0,0.28700000000000003,1.2197696874623516,326,0.9090150250417363,0,0,47,0.21344274930091345,-0.3855215681943228,273,483.0,316,-6.33000412589193,4.2513652627040655
lookback_47,lookback,47,candidate,last_10y,2016-05-16,2026-09-24,2520,2519,0.11071079144915585,0.2779144569012374,0.5170785274015018,-0.30094150309237955,2025-10-09,2026-09-14,1.8564653335337438,7.3484258079200355,127,119,246.0,0.246,1.1475081128238327,30,0.9880952380952381,0,0,47,0.23384804349028698,-0.30048698363910964,208,394.0,56,-12.313725204113112,-0.04545194532699082
lookback_47,lookback,47,candidate,last_5y,2021-07-19,2026-09-24,1260,1259,0.13675995445156897,0.3118218194754706,0.5670029347644181,-0.30094150309237955,2025-10-09,2026-09-14,0.8972428375362091,7.3484258079200355,66,62,128.0,0.128,0.801107949839934,9,0.9928571428571429,0,0,47,0.3074878139684676,-0.30048698363910964,103,198.0,30,-17.072785951689863,-0.04545194532699082
lookback_47,lookback,47,candidate,last_3y,2023-08-15,2026-09-24,756,755,0.0883895075895782,0.3502300704696184,0.41692281305026224,-0.30094150309237955,2025-10-09,2026-09-14,0.28886392944727146,7.3484258079200355,42,40,82.0,0.082,0.5875771348318486,6,0.9920634920634921,0,0,47,0.33353280525022644,-0.30048698363910964,63,120.0,27,-24.514329766064826,-0.04545194532699082
lookback_47,lookback,47,candidate,last_1y,2025-09-11,2026-09-24,252,251,-0.24411493255401806,0.3465250685970386,-0.632986251564671,-0.30094150309237955,2025-10-09,2026-09-14,-0.24327499604942393,7.3484258079200355,16,16,32.0,0.032,0.2752101999371682,0,1.0,0,0,47,0.005283838218616443,-0.1995981964793292,21,40.0,7,-24.93987707726345,-10.134330661305036
lookback_47,lookback,47,candidate,six_etf_all_scoreable,2020-01-09,2026-09-24,1628,1627,0.1256480581209518,0.3152584920206313,0.5334187663059705,-0.30094150309237955,2025-10-09,2026-09-14,1.1472039956683946,7.3484258079200355,85,81,166.0,0.166,0.9304150149043278,9,0.9944717444717445,0,0,47,0.3041055146215379,-0.30048698363910964,139,270.0,30,-17.84574565005861,-0.04545194532699082
lookback_49,lookback,49,candidate,full,2011-12-09,2026-09-24,3594,3593,0.14675681350993197,0.2792228185637105,0.6304327924429496,-0.37180126249789713,2025-10-09,2026-09-14,6.045931808039868,7.045931808039868,149,122,271.0,0.271,1.1372559364589263,325,0.90929326655537,0,0,49,0.21344274930091345,-0.3855215681943228,273,483.0,316,-6.668593579098148,1.3720305696425683
lookback_49,lookback,49,candidate,last_10y,2016-05-16,2026-09-24,2520,2519,0.10973164250868006,0.2778209903225438,0.5140002212024021,-0.37180126249789713,2025-10-09,2026-09-14,1.8313936841791754,7.045931808039868,121,111,232.0,0.23199999999999998,1.0689802002049849,29,0.9884920634920635,0,0,49,0.23384804349028698,-0.30048698363910964,208,394.0,56,-12.411640098160692,-7.131427885878749
lookback_49,lookback,49,candidate,last_5y,2021-07-19,2026-09-24,1260,1259,0.12709737046124392,0.3119084112414533,0.5395873490527774,-0.37180126249789713,2025-10-09,2026-09-14,0.8180297540921595,7.045931808039868,62,58,120.0,0.12000000000000001,0.7450026287577672,7,0.9944444444444445,0,0,49,0.3074878139684676,-0.30048698363910964,103,198.0,30,-18.039044350722367,-7.131427885878749
lookback_49,lookback,49,candidate,last_3y,2023-08-15,2026-09-24,756,755,0.06745816924958814,0.3501733321199252,0.36152672142628867,-0.37180126249789713,2025-10-09,2026-09-14,0.21601824821344118,7.045931808039868,38,36,74.0,0.07400000000000001,0.5345712781284337,4,0.9947089947089947,0,0,49,0.33353280525022644,-0.30048698363910964,63,120.0,27,-26.60746360006383,-7.131427885878749
lookback_49,lookback,49,candidate,last_1y,2025-09-11,2026-09-24,252,251,-0.32102406753177093,0.34725315212356783,-0.9393508027765382,-0.37180126249789713,2025-10-09,2026-09-14,-0.3199800957703751,7.045931808039868,16,16,32.0,0.032,0.2710789915194909,0,1.0,0,0,49,0.005283838218616443,-0.1995981964793292,21,40.0,7,-32.63079057503874,-17.220306601856795
lookback_49,lookback,49,candidate,six_etf_all_scoreable,2020-01-09,2026-09-24,1628,1627,0.11680376145855464,0.31505676163701957,0.5085360411840005,-0.37180126249789713,2025-10-09,2026-09-14,1.0405884008551474,7.045931808039868,80,76,156.0,0.15600000000000003,0.8674034210122056,7,0.9957002457002457,0,0,49,0.3041055146215379,-0.30048698363910964,139,270.0,30,-18.730175316298325,-7.131427885878749
lookback_51,lookback,51,candidate,full,2011-12-09,2026-09-24,3594,3593,0.13977175149031495,0.2791315497870616,0.6086364496787231,-0.3846816451839751,2015-06-03,2016-06-22,5.458116197114666,6.458116197114666,151,126,277.0,0.277,1.044864950257034,322,0.9101279910962715,0,0,51,0.21344274930091345,-0.3855215681943228,273,483.0,316,-7.367099781059849,0.08399230103477429
lookback_51,lookback,51,candidate,last_10y,2016-05-16,2026-09-24,2520,2519,0.11900334421624481,0.2773671509997282,0.5443626146180613,-0.32192129280489334,2025-10-09,2026-09-14,2.0769473790502215,6.458116197114666,124,116,240.0,0.24000000000000002,0.9872533562447335,24,0.9904761904761905,0,0,51,0.23384804349028698,-0.30048698363910964,208,394.0,56,-11.484469927404216,-2.1434309165783705
lookback_51,lookback,51,candidate,last_5y,2021-07-19,2026-09-24,1260,1259,0.14513241260512877,0.3119383634837245,0.5904460059117786,-0.32192129280489334,2025-10-09,2026-09-14,0.9680901267920212,6.458116197114666,67,63,130.0,0.13,0.7087296313467022,4,0.9968253968253968,0,0,51,0.3074878139684676,-0.30048698363910964,103,198.0,30,-16.23554013633388,-2.1434309165783705
lookback_51,lookback,51,candidate,last_3y,2023-08-15,2026-09-24,756,755,0.08811695665885133,0.3504430635784843,0.4161869664019482,-0.32192129280489334,2025-10-09,2026-09-14,0.28789719262672375,6.458116197114666,42,40,82.0,0.082,0.5188280412109727,1,0.9986772486772487,0,0,51,0.33353280525022644,-0.30048698363910964,63,120.0,27,-24.54158485913751,-2.1434309165783705
lookback_51,lookback,51,candidate,last_1y,2025-09-11,2026-09-24,252,251,-0.26688917658710254,0.3488306401540071,-0.7140070393438064,-0.32192129280489334,2025-10-09,2026-09-14,-0.2659854437777812,6.458116197114666,16,16,32.0,0.032,0.24127476812723633,0,1.0,0,0,51,0.005283838218616443,-0.1995981964793292,21,40.0,7,-27.217301480571898,-12.232309632556415
lookback_51,lookback,51,candidate,six_etf_all_scoreable,2020-01-09,2026-09-24,1628,1627,0.12752122910743457,0.3137966865959636,0.5397334790582793,-0.32192129280489334,2025-10-09,2026-09-14,1.1703783246501516,6.458116197114666,85,81,166.0,0.166,0.8107592041911034,4,0.9975429975429976,0,0,51,0.3041055146215379,-0.30048698363910964,139,270.0,30,-17.65842855141033,-2.1434309165783705
lookback_53,lookback,53,candidate,full,2011-12-09,2026-09-24,3594,3593,0.14149232388604926,0.27804633307228466,0.6152990736828297,-0.37458246672988127,2015-06-03,2015-09-16,5.598516679864624,6.598516679864624,136,113,249.0,0.24899999999999997,0.9202858285342832,321,0.9104062326099054,0,0,53,0.21344274930091345,-0.3855215681943228,273,483.0,316,-7.195042541486418,1.0939101464441547
lookback_53,lookback,53,candidate,last_10y,2016-05-16,2026-09-24,2520,2519,0.12165087419216958,0.2767106994449732,0.5535090691694337,-0.3011538076478143,2025-10-09,2026-09-14,2.1504975309216383,6.598516679864624,109,103,212.0,0.21200000000000002,0.8638479533041536,23,0.9908730158730159,0,0,53,0.23384804349028698,-0.30048698363910964,208,394.0,56,-11.21971692981174,-0.06668240087046584
lookback_53,lookback,53,candidate,last_5y,2021-07-19,2026-09-24,1260,1259,0.14048217266890606,0.31015875482764915,0.5788825120150247,-0.3011538076478143,2025-10-09,2026-09-14,0.9284836602564108,6.598516679864624,56,54,110.0,0.11000000000000001,0.6147994727896686,3,0.9976190476190476,0,0,53,0.3074878139684676,-0.30048698363910964,103,198.0,30,-16.700564129956152,-0.06668240087046584
lookback_53,lookback,53,candidate,last_3y,2023-08-15,2026-09-24,756,755,0.08412899603451018,0.34774982453462383,0.40608650661588297,-0.3011538076478143,2025-10-09,2026-09-14,0.2738071151035657,6.598516679864624,34,34,68.0,0.068,0.4441116560319229,0,1.0,0,0,53,0.33353280525022644,-0.30048698363910964,63,120.0,27,-24.940380921571624,-0.06668240087046584
lookback_53,lookback,53,candidate,last_1y,2025-09-11,2026-09-24,252,251,-0.24434540983222997,0.3396290217356145,-0.6537593855288276,-0.3011538076478143,2025-10-09,2026-09-14,-0.24350481396346235,6.598516679864624,14,14,28.0,0.028,0.21965886482915617,0,1.0,0,0,53,0.005283838218616443,-0.1995981964793292,21,40.0,7,-24.96292480508464,-10.15556111684851
lookback_53,lookback,53,candidate,six_etf_all_scoreable,2020-01-09,2026-09-24,1628,1627,0.1410815061433317,0.31305817270714237,0.5784298242869991,-0.3011538076478143,2025-10-09,2026-09-14,1.3445333536385133,6.598516679864624,72,70,142.0,0.14200000000000002,0.7053617284848085,3,0.9981572481572482,0,0,53,0.3041055146215379,-0.30048698363910964,139,270.0,30,-16.30240084782062,-0.06668240087046584
lookback_55,lookback,55,candidate,full,2011-12-09,2026-09-24,3594,3593,0.11185966798148694,0.2727090385828011,0.5260630903743138,-0.4308300858577292,2015-06-03,2016-06-22,3.535003689801151,4.535003689801151,132,109,241.0,0.24100000000000002,0.613447393403119,323,0.9098497495826378,0,0,55,0.21344274930091345,-0.3855215681943228,273,483.0,316,-10.15830813194265,-4.530851766340637
lookback_55,lookback,55,candidate,last_10y,2016-05-16,2026-09-24,2520,2519,0.10547683047221934,0.2695925254707193,0.5078647073503966,-0.33610657716740744,2024-01-23,2024-10-17,1.7247309877380168,4.535003689801151,104,98,202.0,0.202,0.5615407256656604,24,0.9904761904761905,0,0,55,0.23384804349028698,-0.30048698363910964,208,394.0,56,-12.837121301806764,-3.56195935282978
lookback_55,lookback,55,candidate,last_5y,2021-07-19,2026-09-24,1260,1259,0.14747315088078627,0.2972644148809014,0.6129344524194289,-0.33610657716740744,2024-01-23,2024-10-17,0.988271049534905,4.535003689801151,50,48,98.0,0.098,0.36940889887990724,4,0.9968253968253968,0,0,55,0.3074878139684676,-0.30048698363910964,103,198.0,30,-16.00146630876813,-3.56195935282978
lookback_55,lookback,55,candidate,last_3y,2023-08-15,2026-09-24,756,755,0.07456621724840584,0.32897875133359145,0.3853457192795491,-0.33610657716740744,2024-01-23,2024-10-17,0.24043955761666713,4.535003689801151,30,30,60.0,0.06,0.26229551748553054,0,1.0,0,0,55,0.33353280525022644,-0.30048698363910964,63,120.0,27,-25.89665880018206,-3.56195935282978
lookback_55,lookback,55,candidate,last_1y,2025-09-11,2026-09-24,252,251,-0.18684454639262815,0.33955852472692377,-0.4381650520273904,-0.27627544521348757,2026-06-22,2026-09-14,-0.1861768622496135,4.535003689801151,12,12,24.0,0.024,0.12523564281476787,0,1.0,0,0,55,0.005283838218616443,-0.1995981964793292,21,40.0,7,-19.21283846112446,-7.667724873415837
lookback_55,lookback,55,candidate,six_etf_all_scoreable,2020-01-09,2026-09-24,1628,1627,0.13400840001647785,0.3036856667364697,0.5674588681810782,-0.33610657716740744,2024-01-23,2024-10-17,1.2522765828965556,4.535003689801151,67,65,132.0,0.132,0.437297483628144,4,0.9975429975429976,0,0,55,0.3041055146215379,-0.30048698363910964,139,270.0,30,-17.009711460506004,-3.56195935282978
lookback_57,lookback,57,candidate,full,2011-12-09,2026-09-24,3594,3593,0.08977726358954952,0.27178122442439095,0.4531338990535016,-0.47264774235659224,2015-06-03,2018-03-23,2.406898276166747,3.406898276166747,134,111,245.0,0.24500000000000002,0.5445439489497427,321,0.9104062326099054,0,0,57,0.21344274930091345,-0.3855215681943228,273,483.0,316,-12.366548571136393,-8.712617416226943
lookback_57,lookback,57,candidate,last_10y,2016-05-16,2026-09-24,2520,2519,0.07579638354867235,0.26808408020072005,0.40770858048908354,-0.3540188727993189,2024-01-23,2024-10-17,1.0757492372228619,3.406898276166747,105,99,204.0,0.20400000000000001,0.48899796444768434,23,0.9908730158730159,0,0,57,0.23384804349028698,-0.30048698363910964,208,394.0,56,-15.805165994161463,-5.353188916020923
lookback_57,lookback,57,candidate,last_5y,2021-07-19,2026-09-24,1260,1259,0.10424931580130292,0.29500593759720223,0.4851963244022749,-0.3540188727993189,2024-01-23,2024-10-17,0.6412124123978185,3.406898276166747,52,50,102.0,0.10200000000000001,0.31725351844556904,4,0.9968253968253968,0,0,57,0.3074878139684676,-0.30048698363910964,103,198.0,30,-20.323849816716468,-5.353188916020923
lookback_57,lookback,57,candidate,last_3y,2023-08-15,2026-09-24,756,755,0.029771173478458035,0.32604303192535605,0.2553128382950868,-0.3540188727993189,2024-01-23,2024-10-17,0.09187175780991974,3.406898276166747,30,30,60.0,0.06,0.21234606548242335,0,1.0,0,0,57,0.33353280525022644,-0.30048698363910964,63,120.0,27,-30.376163177176842,-5.353188916020923
lookback_57,lookback,57,candidate,last_1y,2025-09-11,2026-09-24,252,251,-0.23139771404790443,0.338331043731522,-0.6073934946729875,-0.3134746926750972,2026-01-29,2026-09-14,-0.2305945883913605,3.406898276166747,12,12,24.0,0.024,0.09814823948252441,0,1.0,0,0,57,0.005283838218616443,-0.1995981964793292,21,40.0,7,-23.66815522665209,-11.3876496195768
lookback_57,lookback,57,candidate,six_etf_all_scoreable,2020-01-09,2026-09-24,1628,1627,0.10496185977782835,0.3013504747824883,0.4834277884314678,-0.3540188727993189,2024-01-23,2024-10-17,0.9048694913378683,3.406898276166747,68,66,134.0,0.134,0.37447459098369573,4,0.9975429975429976,0,0,57,0.3041055146215379,-0.30048698363910964,139,270.0,30,-19.914365484370954,-5.353188916020923
lookback_59,lookback,59,candidate,full,2011-12-09,2026-09-24,3594,3593,0.07434380203647595,0.2710552194635288,0.4009898994141168,-0.4661655310879794,2015-06-03,2018-03-23,1.779962562596633,2.779962562596633,128,107,235.0,0.23500000000000001,0.46072163901622376,324,0.9095715080690039,0,0,59,0.21344274930091345,-0.3855215681943228,273,483.0,316,-13.90989472644375,-8.06439628936566
lookback_59,lookback,59,candidate,last_10y,2016-05-16,2026-09-24,2520,2519,0.05303297190569456,0.2672521621070088,0.3281145891149825,-0.3544507618966656,2024-01-23,2024-10-17,0.6762185484726593,2.779962562596633,100,94,194.0,0.194,0.4066117109405505,24,0.9904761904761905,0,0,59,0.23384804349028698,-0.30048698363910964,208,394.0,56,-18.081507158459242,-5.396377825755594
lookback_59,lookback,59,candidate,last_5y,2021-07-19,2026-09-24,1260,1259,0.07342511318496991,0.29439099222618836,0.3893999624623319,-0.3544507618966656,2024-01-23,2024-10-17,0.4247433797268132,2.779962562596633,50,48,98.0,0.098,0.245725861146213,4,0.9968253968253968,0,0,59,0.3074878139684676,-0.30048698363910964,103,198.0,30,-23.406270078349767,-5.396377825755594
lookback_59,lookback,59,candidate,last_3y,2023-08-15,2026-09-24,756,755,0.04724918859143146,0.32544422087616137,0.3068871880471768,-0.3544507618966656,2024-01-23,2024-10-17,0.14834010889961347,2.779962562596633,30,30,60.0,0.06,0.16900938383258016,0,1.0,0,0,59,0.33353280525022644,-0.30048698363910964,63,120.0,27,-28.6283616658795,-5.396377825755594
lookback_59,lookback,59,candidate,last_1y,2025-09-11,2026-09-24,252,251,-0.1949811043377696,0.33608309693211696,-0.4761521104041023,-0.2998681692266135,2026-01-29,2026-09-14,-0.19428794827644957,2.779962562596633,12,12,24.0,0.024,0.07894872410042345,0,1.0,0,0,59,0.005283838218616443,-0.1995981964793292,21,40.0,7,-20.026494255638603,-10.026997274728433
lookback_59,lookback,59,candidate,six_etf_all_scoreable,2020-01-09,2026-09-24,1628,1627,0.07173060537264608,0.3000297312216192,0.3824259674622001,-0.3544507618966656,2024-01-23,2024-10-17,0.564023783358611,2.779962562596633,64,62,126.0,0.126,0.2941359775825669,4,0.9975429975429976,0,0,59,0.3041055146215379,-0.30048698363910964,139,270.0,30,-23.23749092488918,-5.396377825755594
lookback_61,lookback,61,candidate,full,2011-12-09,2026-09-24,3594,3593,0.05365268142434365,0.2716005813803232,0.32913062718871805,-0.49268786533715947,2015-06-03,2018-03-23,1.106779976305309,2.106779976305309,130,109,239.0,0.23900000000000002,0.40054102913150713,324,0.9095715080690039,0,0,61,0.21344274930091345,-0.3855215681943228,273,483.0,316,-15.97900678765698,-10.716629714283666
lookback_61,lookback,61,candidate,last_10y,2016-05-16,2026-09-24,2520,2519,0.035388982041615336,0.26756470270766397,0.2648933313968329,-0.3538311314427479,2024-01-23,2024-10-17,0.4157137728382019,2.106779976305309,102,96,198.0,0.198,0.34976340424700797,25,0.9900793650793651,0,0,61,0.23384804349028698,-0.30048698363910964,208,394.0,56,-19.845906144867165,-5.3344147803638275
lookback_61,lookback,61,candidate,last_5y,2021-07-19,2026-09-24,1260,1259,0.04677830243969949,0.2941938042695452,0.30399028798305977,-0.3538311314427479,2024-01-23,2024-10-17,0.2565933920954129,2.106779976305309,51,49,100.0,0.1,0.2037634985100597,5,0.996031746031746,0,0,61,0.3074878139684676,-0.30048698363910964,103,198.0,30,-26.07095115287681,-5.3344147803638275
lookback_61,lookback,61,candidate,last_3y,2023-08-15,2026-09-24,756,755,0.015680294697899333,0.3247631991293197,0.21257840478810777,-0.3538311314427479,2024-01-23,2024-10-17,0.047717665653571606,2.106779976305309,31,31,62.0,0.062,0.13938044951515682,0,1.0,0,0,61,0.33353280525022644,-0.30048698363910964,63,120.0,27,-31.78525105523271,-5.3344147803638275
lookback_61,lookback,61,candidate,last_1y,2025-09-11,2026-09-24,252,251,-0.224587153929228,0.3347092729482307,-0.591333331297472,-0.31501934113662133,2026-01-29,2026-09-14,-0.2238040851096713,2.106779976305309,13,13,26.0,0.026000000000000002,0.06565914643457377,0,1.0,0,0,61,0.005283838218616443,-0.1995981964793292,21,40.0,7,-22.987099214784447,-11.542114465729213
lookback_61,lookback,61,candidate,six_etf_all_scoreable,2020-01-09,2026-09-24,1628,1627,0.04815441567286305,0.3001863495535307,0.30828010490904706,-0.3538311314427479,2024-01-23,2024-10-17,0.35479212825330686,2.106779976305309,65,63,128.0,0.128,0.24602232173800836,5,0.9969287469287469,0,0,61,0.3041055146215379,-0.30048698363910964,139,270.0,30,-25.595109894867484,-5.3344147803638275
lookback_63,lookback,63,candidate,full,2011-12-09,2026-09-24,3594,3593,0.05884375525597818,0.2735568252047686,0.3468072024672986,-0.5025455771993425,2015-06-03,2018-03-23,1.2597030042074082,2.259703004207408,128,105,233.0,0.233,0.4421282558297954,329,0.9081803005008348,0,0,63,0.21344274930091345,-0.3855215681943228,273,483.0,316,-15.459899404493527,-11.702400900501964
lookback_63,lookback,63,candidate,last_10y,2016-05-16,2026-09-24,2520,2519,0.03435387850497018,0.26862602674983677,0.2612343256767157,-0.36691315190519647,2024-01-23,2024-10-17,0.4016296038860403,2.259703004207408,99,93,192.0,0.192,0.3860768142701023,26,0.9896825396825397,0,0,63,0.23384804349028698,-0.30048698363910964,208,394.0,56,-19.94941649853168,-6.642616826608682
lookback_63,lookback,63,candidate,last_5y,2021-07-19,2026-09-24,1260,1259,0.025992337243609276,0.29473151026247724,0.2359102086985357,-0.36691315190519647,2024-01-23,2024-10-17,0.13677984066171622,2.259703004207408,51,49,100.0,0.1,0.22854009260698996,5,0.996031746031746,0,0,63,0.3074878139684676,-0.30048698363910964,103,198.0,30,-28.14954767248583,-6.642616826608682
lookback_63,lookback,63,candidate,last_3y,2023-08-15,2026-09-24,756,755,-0.008009059196674606,0.3245716885007929,0.1397777510657777,-0.36691315190519647,2024-01-23,2024-10-17,-0.023804106391750124,2.259703004207408,31,31,62.0,0.062,0.15384032134538145,0,1.0,0,0,63,0.33353280525022644,-0.30048698363910964,63,120.0,27,-34.154186444690104,-6.642616826608682
lookback_63,lookback,63,candidate,last_1y,2025-09-11,2026-09-24,252,251,-0.21793554667846549,0.3350125010350711,-0.5650293380749869,-0.33401434156439136,2026-01-29,2026-09-14,-0.21717229505356495,2.259703004207408,13,13,26.0,0.026000000000000002,0.07166338044759354,0,1.0,0,0,63,0.005283838218616443,-0.1995981964793292,21,40.0,7,-22.32193848970819,-13.441614508506216
lookback_63,lookback,63,candidate,six_etf_all_scoreable,2020-01-09,2026-09-24,1628,1627,0.031007226161345658,0.3007195905950276,0.25340651303746975,-0.36691315190519647,2024-01-23,2024-10-17,0.21792971254599602,2.259703004207408,65,63,128.0,0.128,0.27868958354769063,5,0.9969287469287469,0,0,63,0.3041055146215379,-0.30048698363910964,139,270.0,30,-27.309828846019222,-6.642616826608682
lookback_65,lookback,65,candidate,full,2011-12-09,2026-09-24,3594,3593,0.06675897382522944,0.27436726365131686,0.37383218868216833,-0.5370415072238157,2015-06-03,2016-06-22,1.512855952699487,2.512855952699487,125,102,227.0,0.22700000000000004,0.4623183733630886,322,0.9101279910962715,0,0,65,0.21344274930091345,-0.3855215681943228,273,483.0,316,-14.6683775475684,-15.15199390294929
lookback_65,lookback,65,candidate,last_10y,2016-05-16,2026-09-24,2520,2519,0.05236069137883992,0.2682074353209462,0.3255853906954727,-0.36070499172571446,2024-01-23,2024-10-17,0.6655520954130356,2.512855952699487,98,92,190.0,0.19,0.414061800539384,24,0.9904761904761905,0,0,65,0.23384804349028698,-0.30048698363910964,208,394.0,56,-18.148735211144707,-6.021800808660482
lookback_65,lookback,65,candidate,last_5y,2021-07-19,2026-09-24,1260,1259,0.02923041403971216,0.2944079694780841,0.24654124949781886,-0.36070499172571446,2024-01-23,2024-10-17,0.1548176236599792,2.512855952699487,51,49,100.0,0.1,0.25469338008055037,6,0.9952380952380953,0,0,65,0.3074878139684676,-0.30048698363910964,103,198.0,30,-27.82573999287554,-6.021800808660482
lookback_65,lookback,65,candidate,last_3y,2023-08-15,2026-09-24,756,755,-0.010923318088796319,0.3241261324354032,0.13043248391287485,-0.36070499172571446,2024-01-23,2024-10-17,-0.03237112782191809,2.512855952699487,31,31,62.0,0.062,0.17151970975409536,0,1.0,0,0,65,0.33353280525022644,-0.30048698363910964,63,120.0,27,-34.445612333902275,-6.021800808660482
lookback_65,lookback,65,candidate,last_1y,2025-09-11,2026-09-24,252,251,-0.21397264703810082,0.33518011485652727,-0.549564787792105,-0.3578575305518821,2026-01-29,2026-09-14,-0.2132213086387208,2.512855952699487,13,13,26.0,0.026000000000000002,0.08040748598434769,0,1.0,0,0,65,0.005283838218616443,-0.1995981964793292,21,40.0,7,-21.925648525671726,-15.825933407255288
lookback_65,lookback,65,candidate,six_etf_all_scoreable,2020-01-09,2026-09-24,1628,1627,0.03790523881396868,0.30019281830010236,0.2755402341525337,-0.36070499172571446,2024-01-23,2024-10-17,0.2715099989275458,2.512855952699487,65,63,128.0,0.128,0.3088907224649854,6,0.9963144963144963,0,0,65,0.3041055146215379,-0.30048698363910964,139,270.0,30,-26.620027580756922,-6.021800808660482
lookback_67,lookback,67,candidate,full,2011-12-09,2026-09-24,3594,3593,0.07006635041224918,0.27508812483155304,0.3848785077939673,-0.523233449006572,2015-06-03,2016-01-13,1.6262495912837727,2.6262495912837727,119,94,213.0,0.21300000000000002,0.45819870905092064,314,0.9123539232053423,0,0,67,0.21344274930091345,-0.3855215681943228,273,483.0,316,-14.337639888866427,-13.771188081224917
lookback_67,lookback,67,candidate,last_10y,2016-05-16,2026-09-24,2520,2519,0.04888413883939946,0.26853916363091573,0.3132402129203773,-0.3789446073137165,2026-01-29,2026-09-14,0.6113612993127564,2.6262495912837727,91,83,174.0,0.17400000000000002,0.4041520932311502,20,0.9920634920634921,0,0,67,0.23384804349028698,-0.30048698363910964,208,394.0,56,-18.49639046508875,-7.845762367460685
lookback_67,lookback,67,candidate,last_5y,2021-07-19,2026-09-24,1260,1259,0.027634702819306467,0.29495189431250113,0.24144633346648087,-0.3789446073137165,2026-01-29,2026-09-14,0.14590029113135428,2.6262495912837727,48,46,94.0,0.094,0.24684959642781762,4,0.9968253968253968,0,0,67,0.3074878139684676,-0.30048698363910964,103,198.0,30,-27.98531111491611,-7.845762367460685
lookback_67,lookback,67,candidate,last_3y,2023-08-15,2026-09-24,756,755,-0.011583930108417517,0.32563447066918155,0.1293473238140222,-0.3789446073137165,2026-01-29,2026-09-14,-0.03430613335793464,2.6262495912837727,26,26,52.0,0.052000000000000005,0.14986822623516913,0,1.0,0,0,67,0.33353280525022644,-0.30048698363910964,63,120.0,27,-34.5116735358644,-7.845762367460685
lookback_67,lookback,67,candidate,last_1y,2025-09-11,2026-09-24,252,251,-0.21865018161581928,0.3373978865784405,-0.5613338485864926,-0.3789446073137165,2026-01-29,2026-09-14,-0.21788479010669237,2.6262495912837727,9,9,18.0,0.018000000000000002,0.05916242956251709,0,1.0,0,0,67,0.005283838218616443,-0.1995981964793292,21,40.0,7,-22.393401983443574,-17.93464108343873
lookback_67,lookback,67,candidate,six_etf_all_scoreable,2020-01-09,2026-09-24,1628,1627,0.029421273688089666,0.30114035870695194,0.24843844494789014,-0.3789446073137165,2026-01-29,2026-09-14,0.2058844723261415,2.6262495912837727,61,59,120.0,0.12,0.30100711517269957,4,0.9975429975429976,0,0,67,0.3041055146215379,-0.30048698363910964,139,270.0,30,-27.468424093344822,-7.845762367460685
lookback_69,lookback,69,candidate,full,2011-12-09,2026-09-24,3594,3593,0.05702468983055886,0.27597431420704605,0.3401497534025807,-0.5804926003412021,2015-06-03,2016-06-22,1.2049780845390319,2.204978084539032,116,93,209.0,0.20900000000000002,0.37873649760868355,315,0.9120756816917084,0,0,69,0.21344274930091345,-0.3855215681943228,273,483.0,316,-15.641805947035458,-19.49710321468793
lookback_69,lookback,69,candidate,last_10y,2016-05-16,2026-09-24,2520,2519,0.04088116352494442,0.26804122011946063,0.28474554485274156,-0.3485260071744667,2026-01-29,2026-09-14,0.4925965762343716,2.204978084539032,90,82,172.0,0.17200000000000001,0.3288534435847764,21,0.9916666666666667,0,0,69,0.23384804349028698,-0.30048698363910964,208,394.0,56,-19.296687996534256,-4.803902353535705
lookback_69,lookback,69,candidate,last_5y,2021-07-19,2026-09-24,1260,1259,0.028391884447296123,0.294868227267081,0.24389049849630784,-0.3485260071744667,2026-01-29,2026-09-14,0.15012476554026555,2.204978084539032,47,45,92.0,0.092,0.19549803335181992,3,0.9976190476190476,0,0,69,0.3074878139684676,-0.30048698363910964,103,198.0,30,-27.909592952117144,-4.803902353535705
lookback_69,lookback,69,candidate,last_3y,2023-08-15,2026-09-24,756,755,-0.004935503840027278,0.32390327504581423,0.14888522672495144,-0.3485260071744667,2026-01-29,2026-09-14,-0.014714209412578505,2.204978084539032,25,25,50.0,0.05,0.11610181522581045,0,1.0,0,0,69,0.33353280525022644,-0.30048698363910964,63,120.0,27,-33.84683090902537,-4.803902353535705
lookback_69,lookback,69,candidate,last_1y,2025-09-11,2026-09-24,252,251,-0.17048463133013847,0.3370436656601271,-0.3849438521042054,-0.3485260071744667,2026-01-29,2026-09-14,-0.16986913429105355,2.204978084539032,9,9,18.0,0.018000000000000002,0.047508770959707514,0,1.0,0,0,69,0.005283838218616443,-0.1995981964793292,21,40.0,7,-17.576846954875492,-14.892781069513749
lookback_69,lookback,69,candidate,six_etf_all_scoreable,2020-01-09,2026-09-24,1628,1627,0.03591220285046881,0.3011761110438763,0.26928768278688636,-0.3485260071744667,2026-01-29,2026-09-14,0.2558284273161715,2.204978084539032,60,58,118.0,0.118,0.24087066270775226,3,0.9981572481572482,0,0,69,0.3041055146215379,-0.30048698363910964,139,270.0,30,-26.81933117710691,-4.803902353535705
lookback_71,lookback,71,candidate,full,2011-12-09,2026-09-24,3594,3593,0.051792296245319225,0.2767091960891954,0.322111539859844,-0.5887455260914698,2015-06-03,2016-06-22,1.0543590114863934,2.0543590114863934,111,90,201.0,0.201,0.3397932480351619,318,0.9112409571508069,0,0,71,0.21344274930091345,-0.3855215681943228,273,483.0,316,-16.165045305559424,-20.322395789714697
lookback_71,lookback,71,candidate,last_10y,2016-05-16,2026-09-24,2520,2519,0.04556024496798017,0.2672105161857787,0.30155819390017446,-0.36415621156674793,2024-01-23,2025-02-10,0.5610392983946959,2.0543590114863934,83,79,162.0,0.16200000000000003,0.29082265320751743,25,0.9900793650793651,0,0,71,0.23384804349028698,-0.30048698363910964,208,394.0,56,-18.82877985223068,-6.366922792763829
lookback_71,lookback,71,candidate,last_5y,2021-07-19,2026-09-24,1260,1259,0.04279174211874093,0.2929596615826357,0.2909776579630617,-0.36415621156674793,2024-01-23,2025-02-10,0.23286551239240083,2.0543590114863934,44,42,86.0,0.08600000000000001,0.17396677651880496,2,0.9984126984126984,0,0,71,0.3074878139684676,-0.30048698363910964,103,198.0,30,-26.469607184972666,-6.366922792763829
lookback_71,lookback,71,candidate,last_3y,2023-08-15,2026-09-24,756,755,-0.018939826811986582,0.3196776939533183,0.10221542617047942,-0.36415621156674793,2024-01-23,2025-02-10,-0.0556784719956821,2.0543590114863934,24,24,48.0,0.048,0.10546246983316485,0,1.0,0,0,71,0.33353280525022644,-0.30048698363910964,63,120.0,27,-35.247263206221305,-6.366922792763829
lookback_71,lookback,71,candidate,last_1y,2025-09-11,2026-09-24,252,251,-0.17420245652086996,0.329190610043262,-0.41592258743490307,-0.3636178917436451,2026-01-29,2026-09-14,-0.1735749868758697,2.0543590114863934,9,9,18.0,0.018000000000000002,0.043917969817909415,0,1.0,0,0,71,0.005283838218616443,-0.1995981964793292,21,40.0,7,-17.948629473948642,-16.401969526431593
lookback_71,lookback,71,candidate,six_etf_all_scoreable,2020-01-09,2026-09-24,1628,1627,0.02925944636065725,0.29993214727315626,0.2476371703904979,-0.36415621156674793,2024-01-23,2025-02-10,0.20466108160172736,2.0543590114863934,57,55,112.0,0.112,0.21517295074239812,2,0.9987714987714987,0,0,71,0.3041055146215379,-0.30048698363910964,139,270.0,30,-27.484606826088065,-6.366922792763829
lookback_73,lookback,73,candidate,full,2011-12-09,2026-09-24,3594,3593,0.04116066214413072,0.27583167013313137,0.28540766782319427,-0.5735589915391179,2015-06-03,2016-06-22,0.7773255352324495,1.7773255352324495,110,89,199.0,0.199,0.3390461980389034,313,0.9126321647189761,0,0,73,0.21344274930091345,-0.3855215681943228,273,483.0,316,-17.22820871567827,-18.803742334479512
lookback_73,lookback,73,candidate,last_10y,2016-05-16,2026-09-24,2520,2519,0.018689923580491596,0.2666675993828097,0.20398062740859876,-0.39127751986040105,2020-02-25,2025-02-10,0.2033395493853163,1.7773255352324495,83,79,162.0,0.16200000000000003,0.2883612849426236,23,0.9908730158730159,0,0,73,0.23384804349028698,-0.30048698363910964,208,394.0,56,-21.51581199097954,-9.079053622129141
lookback_73,lookback,73,candidate,last_5y,2021-07-19,2026-09-24,1260,1259,0.0017338227207956969,0.29237602172878896,0.1536019255197913,-0.3758040138366081,2024-01-23,2025-02-10,0.008692293114210381,1.7773255352324495,44,42,86.0,0.08600000000000001,0.1577989365519643,1,0.9992063492063492,0,0,73,0.3074878139684676,-0.30048698363910964,103,198.0,30,-30.575399124767188,-7.5317030197498465
lookback_73,lookback,73,candidate,last_3y,2023-08-15,2026-09-24,756,755,-0.025214477760773568,0.31909807465840395,0.0817202494667333,-0.3758040138366081,2024-01-23,2025-02-10,-0.07365828303318478,1.7773255352324495,24,24,48.0,0.048,0.09185622330391954,0,1.0,0,0,73,0.33353280525022644,-0.30048698363910964,63,120.0,27,-35.8747283011,-7.5317030197498465
lookback_73,lookback,73,candidate,last_1y,2025-09-11,2026-09-24,252,251,-0.17125375159637124,0.32932668291584344,-0.4047995398443303,-0.3636178917436448,2026-01-29,2026-09-14,-0.1706357723230304,1.7773255352324495,9,9,18.0,0.018000000000000002,0.038063325679746685,0,1.0,0,0,73,0.005283838218616443,-0.1995981964793292,21,40.0,7,-17.65375898149877,-16.401969526431557
lookback_73,lookback,73,candidate,six_etf_all_scoreable,2020-01-09,2026-09-24,1628,1627,-0.014582224629875906,0.2994486692977248,0.1022043645211501,-0.39127751986040105,2020-02-25,2025-02-10,-0.09048257712966445,1.7773255352324495,57,55,112.0,0.112,0.20391162322258122,1,0.9993857493857494,0,0,73,0.3041055146215379,-0.30048698363910964,139,270.0,30,-31.86877392514138,-9.079053622129141
lookback_75,lookback,75,candidate,full,2011-12-09,2026-09-24,3594,3593,0.03225582974389285,0.2759201603488156,0.25401133785546914,-0.5961679433799489,2015-06-03,2021-03-25,0.5724580897203031,1.572458089720303,107,90,197.0,0.197,0.324537231127362,313,0.9126321647189761,0,0,75,0.21344274930091345,-0.3855215681943228,273,483.0,316,-18.11869195570206,-21.064637518562613
lookback_75,lookback,75,candidate,last_10y,2016-05-16,2026-09-24,2520,2519,0.0033807393834615063,0.26533238041943336,0.14624815028428526,-0.43372004844060885,2026-01-29,2026-09-14,0.03431252845529853,1.572458089720303,84,82,166.0,0.166,0.2816816663861343,22,0.9912698412698413,0,0,75,0.23384804349028698,-0.30048698363910964,208,394.0,56,-23.04673041068255,-13.32330648014992
lookback_75,lookback,75,candidate,last_5y,2021-07-19,2026-09-24,1260,1259,0.003314653490998243,0.2905438442499664,0.15750903021830487,-0.43372004844060885,2026-01-29,2026-09-14,0.016670150885728985,1.572458089720303,43,43,86.0,0.08600000000000001,0.14585395924419098,0,1.0,0,0,75,0.3074878139684676,-0.30048698363910964,103,198.0,30,-30.417316047746933,-13.32330648014992
lookback_75,lookback,75,candidate,last_3y,2023-08-15,2026-09-24,756,755,-0.034397774893097255,0.31510795300130207,0.04771766184723131,-0.43372004844060885,2026-01-29,2026-09-14,-0.0995593392861518,1.572458089720303,24,24,48.0,0.048,0.08649304949024368,0,1.0,0,0,75,0.33353280525022644,-0.30048698363910964,63,120.0,27,-36.79305801433237,-13.32330648014992
lookback_75,lookback,75,candidate,last_1y,2025-09-11,2026-09-24,252,251,-0.2812009015540553,0.34241376341072055,-0.7909027837096152,-0.43372004844060885,2026-01-29,2026-09-14,-0.28025850524539553,1.572458089720303,9,9,18.0,0.018000000000000002,0.03487322063594185,0,1.0,0,0,75,0.005283838218616443,-0.1995981964793292,21,40.0,7,-28.648473977267173,-23.412185196127965
lookback_75,lookback,75,candidate,six_etf_all_scoreable,2020-01-09,2026-09-24,1628,1627,-0.028376910307009395,0.29751244903012697,0.053065633397318304,-0.43372004844060885,2026-01-29,2026-09-14,-0.1696109679408182,1.572458089720303,59,59,118.0,0.118,0.20023407134449717,0,1.0,0,0,75,0.3041055146215379,-0.30048698363910964,139,270.0,30,-33.24824249285473,-13.32330648014992
lookback_77,lookback,77,candidate,full,2011-12-09,2026-09-24,3594,3593,0.05163253834012682,0.27497056562410266,0.32156191386915317,-0.551884195338854,2015-06-03,2016-01-11,1.049914457786278,2.049914457786278,109,92,201.0,0.201,0.42265582240699806,315,0.9120756816917084,1,0,77,0.21344274930091345,-0.3855215681943228,273,483.0,316,-16.181021096078663,-16.63626271445312
lookback_77,lookback,77,candidate,last_10y,2016-05-16,2026-09-24,2520,2519,0.022941425770146795,0.26472634404300943,0.2189091743980798,-0.42247585527711196,2026-01-29,2026-09-14,0.2544939589945605,2.049914457786278,86,84,170.0,0.16999999999999998,0.37940997749364,21,0.9916666666666667,1,0,77,0.23384804349028698,-0.30048698363910964,208,394.0,56,-21.09066177201402,-12.198887163800231
lookback_77,lookback,77,candidate,last_5y,2021-07-19,2026-09-24,1260,1259,-0.009468186526263689,0.29003461797488866,0.11306686454973935,-0.42247585527711196,2026-01-29,2026-09-14,-0.046416916669779096,2.049914457786278,44,44,88.0,0.088,0.19861592984387547,0,1.0,1,0,77,0.3074878139684676,-0.30048698363910964,103,198.0,30,-31.69560004947313,-12.198887163800231
lookback_77,lookback,77,candidate,last_3y,2023-08-15,2026-09-24,756,755,-0.04458286136898704,0.31470673126415677,0.01368760708038333,-0.42247585527711196,2026-01-29,2026-09-14,-0.1277164512647877,2.049914457786278,24,24,48.0,0.048,0.11318257071821675,0,1.0,1,0,77,0.33353280525022644,-0.30048698363910964,63,120.0,27,-37.81156666192135,-12.198887163800231
lookback_77,lookback,77,candidate,last_1y,2025-09-11,2026-09-24,252,251,-0.2732787193334095,0.34212894610816574,-0.7598503714603916,-0.42247585527711196,2026-01-29,2026-09-14,-0.2723575870789827,2.049914457786278,9,9,18.0,0.018000000000000002,0.044672659370513776,0,1.0,0,0,77,0.005283838218616443,-0.1995981964793292,21,40.0,7,-27.856255755202596,-22.287765879778277
lookback_77,lookback,77,candidate,six_etf_all_scoreable,2020-01-09,2026-09-24,1628,1627,-0.03199297945026247,0.29640942874082693,0.03957673512177623,-0.42247585527711196,2026-01-29,2026-09-14,-0.18936246251461575,2.049914457786278,63,63,126.0,0.126,0.28838412789680856,0,1.0,1,0,77,0.3041055146215379,-0.30048698363910964,139,270.0,30,-33.609849407180036,-12.198887163800231
lookback_79,lookback,79,candidate,full,2011-12-09,2026-09-24,3594,3593,0.04895409813840468,0.2762524186676098,0.3120645965179501,-0.5153463408089833,2015-06-03,2016-01-22,0.9767176110237721,1.976717611023772,105,88,193.0,0.193,0.391291868983497,315,0.9120756816917084,1,0,79,0.21344274930091345,-0.3855215681943228,273,483.0,316,-16.44886511625088,-12.982477261466052
lookback_79,lookback,79,candidate,last_10y,2016-05-16,2026-09-24,2520,2519,0.022228073381079794,0.2645762215863165,0.2162791731053846,-0.4092980374628208,2020-02-25,2025-04-07,0.24577654452972975,1.976717611023772,82,80,162.0,0.16199999999999998,0.349549204676365,20,0.9920634920634921,1,0,79,0.23384804349028698,-0.30048698363910964,208,394.0,56,-21.161997010920718,-10.881105382371114
lookback_79,lookback,79,candidate,last_5y,2021-07-19,2026-09-24,1260,1259,-0.017928073565766978,0.2888441296521457,0.0827054848442098,-0.3987943579958768,2026-01-29,2026-07-30,-0.0864177361452414,1.976717611023772,44,44,88.0,0.088,0.18940692053921668,0,1.0,1,0,79,0.3074878139684676,-0.30048698363910964,103,198.0,30,-32.541588753423454,-9.830737435676717
lookback_79,lookback,79,candidate,last_3y,2023-08-15,2026-09-24,756,755,-0.03034547486274919,0.3144822192191407,0.06052061491899286,-0.3987943579958768,2026-01-29,2026-07-30,-0.08819033220022998,1.976717611023772,24,24,48.0,0.048,0.10613520063333107,0,1.0,1,0,79,0.33353280525022644,-0.30048698363910964,63,120.0,27,-36.387828011297565,-9.830737435676717
lookback_79,lookback,79,candidate,last_1y,2025-09-11,2026-09-24,252,251,-0.2392789650415762,0.34152952482549964,-0.6280005095855022,-0.3987943579958768,2026-01-29,2026-07-30,-0.2384529275817453,1.976717611023772,9,9,18.0,0.018000000000000002,0.04207962074812316,0,1.0,0,0,79,0.005283838218616443,-0.1995981964793292,21,40.0,7,-24.456280326019264,-19.91961615165476
lookback_79,lookback,79,candidate,six_etf_all_scoreable,2020-01-09,2026-09-24,1628,1627,-0.03353422949635232,0.295929127215882,0.0338233016134795,-0.4092980374628208,2020-02-25,2025-04-07,-0.19765948388860766,1.976717611023772,59,59,118.0,0.11800000000000001,0.26125599664222926,0,1.0,1,0,79,0.3041055146215379,-0.30048698363910964,139,270.0,30,-33.76397441178902,-10.881105382371114
lookback_81,lookback,81,candidate,full,2011-12-09,2026-09-24,3594,3593,0.06621368578265985,0.2760541578588991,0.3712213505668779,-0.5377218226695671,2015-06-03,2016-01-22,1.4946038493275053,2.4946038493275053,102,85,187.0,0.187,0.41129594916228185,318,0.9112409571508069,1,0,81,0.21344274930091345,-0.3855215681943228,273,483.0,316,-14.72290635182536,-15.220025447524431
lookback_81,lookback,81,candidate,last_10y,2016-05-16,2026-09-24,2520,2519,0.04522673453623649,0.2640954908084959,0.300456529616698,-0.3987293885887364,2026-01-29,2026-07-30,0.5560690419710552,2.4946038493275053,79,77,156.0,0.156,0.3693078296240409,19,0.9924603174603175,1,0,81,0.23384804349028698,-0.30048698363910964,208,394.0,56,-18.86213089540505,-9.824240494962677
lookback_81,lookback,81,candidate,last_5y,2021-07-19,2026-09-24,1260,1259,0.02357649622152791,0.28898415739516825,0.2260511706533033,-0.3987293885887364,2026-01-29,2026-07-30,0.12346970128324153,2.4946038493275053,40,40,80.0,0.08,0.2010591358234663,0,1.0,1,0,81,0.3074878139684676,-0.30048698363910964,103,198.0,30,-28.391131774693967,-9.824240494962677
lookback_81,lookback,81,candidate,last_3y,2023-08-15,2026-09-24,756,755,-0.011253559773893529,0.3146808089686618,0.12263781352228487,-0.3987293885887364,2026-01-29,2026-07-30,-0.033338764743688465,2.4946038493275053,24,24,48.0,0.048,0.129993446668649,0,1.0,1,0,81,0.33353280525022644,-0.30048698363910964,63,120.0,27,-34.478636502411995,-9.824240494962677
lookback_81,lookback,81,candidate,last_1y,2025-09-11,2026-09-24,252,251,-0.2100617768709293,0.3418838945130421,-0.5168683827329373,-0.3987293885887364,2026-01-29,2026-07-30,-0.2093222727840981,2.4946038493275053,9,9,18.0,0.018000000000000002,0.05226874822258647,0,1.0,0,0,81,0.005283838218616443,-0.1995981964793292,21,40.0,7,-21.534561508954575,-19.91311921094072
lookback_81,lookback,81,candidate,six_etf_all_scoreable,2020-01-09,2026-09-24,1628,1627,0.002414078102271011,0.2955302004498835,0.15706545520788256,-0.3987293885887364,2026-01-29,2026-07-30,0.015689150787341566,2.4946038493275053,55,55,110.0,0.11000000000000001,0.27466837022989443,0,1.0,1,0,81,0.3041055146215379,-0.30048698363910964,139,270.0,30,-30.16914365192669,-9.824240494962677
lookback_83,lookback,83,candidate,full,2011-12-09,2026-09-24,3594,3593,0.07367062819490444,0.277148143772711,0.39592405366435224,-0.5185511156014057,2015-06-03,2016-01-22,1.7552295773624147,2.7552295773624147,98,81,179.0,0.17900000000000005,0.39065990156011104,317,0.9115191986644408,1,0,83,0.21344274930091345,-0.3855215681943228,273,483.0,316,-13.9772121106009,-13.302954740708284
lookback_83,lookback,83,candidate,last_10y,2016-05-16,2026-09-24,2520,2519,0.05485714889285043,0.2640891846608679,0.3351762507804063,-0.3780014320963473,2026-01-29,2026-07-30,0.7054715009692449,2.7552295773624147,74,72,146.0,0.14600000000000002,0.34548659539488147,17,0.9932539682539683,1,0,83,0.23384804349028698,-0.30048698363910964,208,394.0,56,-17.899089459743657,-7.751444845723765
lookback_83,lookback,83,candidate,last_5y,2021-07-19,2026-09-24,1260,1259,0.05204141172792909,0.2897490039342456,0.3208738685552969,-0.3780014320963473,2026-01-29,2026-07-30,0.2884772208576021,2.7552295773624147,38,38,76.0,0.07600000000000001,0.19461174901841954,0,1.0,1,0,83,0.3074878139684676,-0.30048698363910964,103,198.0,30,-25.54464022405385,-7.751444845723765
lookback_83,lookback,83,candidate,last_3y,2023-08-15,2026-09-24,756,755,0.018605910411646942,0.3156144152788152,0.21743498745627624,-0.3780014320963473,2026-01-29,2026-07-30,0.05678540048203118,2.7552295773624147,24,24,48.0,0.048,0.13452425895173395,0,1.0,1,0,83,0.33353280525022644,-0.30048698363910964,63,120.0,27,-31.49268948385795,-7.751444845723765
lookback_83,lookback,83,candidate,last_1y,2025-09-11,2026-09-24,252,251,-0.15556222917937856,0.34429484960893036,-0.31730938100664613,-0.3780014320963473,2026-01-29,2026-07-30,-0.1549954473364562,2.7552295773624147,9,9,18.0,0.018000000000000002,0.057172702612427184,0,1.0,0,0,83,0.005283838218616443,-0.1995981964793292,21,40.0,7,-16.0846067397995,-17.84032356170181
lookback_83,lookback,83,candidate,six_etf_all_scoreable,2020-01-09,2026-09-24,1628,1627,0.01852250393481647,0.29597311918366287,0.21111697392904985,-0.3780014320963473,2026-01-29,2026-07-30,0.12579979305436284,2.7552295773624147,52,52,104.0,0.10400000000000001,0.2610310833112176,0,1.0,1,0,83,0.3041055146215379,-0.30048698363910964,139,270.0,30,-28.558301068672144,-7.751444845723765
lookback_85,lookback,85,candidate,full,2011-12-09,2026-09-24,3594,3593,0.0850560771185247,0.2772894616984166,0.4338964589446685,-0.5048863316639863,2015-06-03,2016-01-25,2.2023956256072386,3.2023956256072386,98,81,179.0,0.179,0.44094580425069796,316,0.9117974401780745,0,0,85,0.21344274930091345,-0.3855215681943228,273,483.0,316,-12.838667218238875,-11.936476346966352
lookback_85,lookback,85,candidate,last_10y,2016-05-16,2026-09-24,2520,2519,0.06039263346277668,0.26368665830769056,0.3551485319806487,-0.40167179755657245,2020-02-25,2022-01-18,0.7970740045622762,3.2023956256072386,77,75,152.0,0.15200000000000002,0.40346868822611426,16,0.9936507936507937,0,0,85,0.23384804349028698,-0.30048698363910964,208,394.0,56,-17.34554100275103,-10.11848139174628
lookback_85,lookback,85,candidate,last_5y,2021-07-19,2026-09-24,1260,1259,0.06911894265599194,0.29015755453670333,0.37631800594931564,-0.35735705304039367,2026-01-29,2026-07-30,0.396416396528926,3.2023956256072386,41,41,82.0,0.082,0.2340052738603909,0,1.0,0,0,85,0.3074878139684676,-0.30048698363910964,103,198.0,30,-23.836887131247565,-5.687006940128403
lookback_85,lookback,85,candidate,last_3y,2023-08-15,2026-09-24,756,755,0.03548759141570601,0.3175902868931794,0.2698187379585755,-0.35735705304039367,2026-01-29,2026-07-30,0.11013194006917071,3.2023956256072386,27,27,54.0,0.054000000000000006,0.167664564778697,0,1.0,0,0,85,0.33353280525022644,-0.30048698363910964,63,120.0,27,-29.80452138345204,-5.687006940128403
lookback_85,lookback,85,candidate,last_1y,2025-09-11,2026-09-24,252,251,-0.11008737096407939,0.34788203816400565,-0.15980177781458435,-0.35735705304039367,2026-01-29,2026-07-30,-0.10967540150365385,3.2023956256072386,10,10,20.0,0.02,0.07060310911802803,0,1.0,0,0,85,0.005283838218616443,-0.1995981964793292,21,40.0,7,-11.537120918269583,-15.775885656106448
lookback_85,lookback,85,candidate,six_etf_all_scoreable,2020-01-09,2026-09-24,1628,1627,0.020823694111972824,0.295594412707945,0.21865081687375826,-0.40167179755657245,2020-02-25,2022-01-18,0.14232350926411552,3.2023956256072386,55,55,110.0,0.11,0.3072366643905155,0,1.0,0,0,85,0.3041055146215379,-0.30048698363910964,139,270.0,30,-28.328182050956507,-10.11848139174628
lookback_87,lookback,87,candidate,full,2011-12-09,2026-09-24,3594,3593,0.07431996940188035,0.27988092017721566,0.39697177324985855,-0.5351345457378092,2015-06-03,2016-01-13,1.7790834175527235,2.7790834175527235,98,81,179.0,0.179,0.41265604819428825,314,0.9123539232053423,0,0,87,0.21344274930091345,-0.3855215681943228,273,483.0,316,-13.912277989903309,-14.961297754348635
lookback_87,lookback,87,candidate,last_10y,2016-05-16,2026-09-24,2520,2519,0.03890337327715421,0.2658436760880883,0.2773955288227015,-0.4243973193182494,2020-02-25,2022-01-18,0.4644879063302991,2.7790834175527235,79,77,156.0,0.156,0.3787527217713887,15,0.9940476190476191,0,0,87,0.23384804349028698,-0.30048698363910964,208,394.0,56,-19.494467021313277,-12.39103356791398
lookback_87,lookback,87,candidate,last_5y,2021-07-19,2026-09-24,1260,1259,0.05395591692540758,0.2927765430133268,0.32677027277476917,-0.3534087314343004,2024-01-23,2025-04-07,0.30023444335820226,2.7790834175527235,43,43,86.0,0.086,0.2133467939255938,0,1.0,0,0,87,0.3074878139684676,-0.30048698363910964,103,198.0,30,-25.353189704306,-5.292174779519076
lookback_87,lookback,87,candidate,last_3y,2023-08-15,2026-09-24,756,755,0.03764432540587648,0.32032487543529853,0.2767409598294395,-0.3534087314343004,2024-01-23,2025-04-07,0.11707378872719532,2.7790834175527235,29,29,58.0,0.058,0.15357554125644557,0,1.0,0,0,87,0.33353280525022644,-0.30048698363910964,63,120.0,27,-29.588847984434995,-5.292174779519076
lookback_87,lookback,87,candidate,last_1y,2025-09-11,2026-09-24,252,251,-0.05418236973909396,0.34594197154027423,0.013383963923499094,-0.33921775792177344,2026-01-29,2026-07-30,-0.05397327023235765,2.7790834175527235,9,9,18.0,0.018000000000000002,0.054660407184223825,0,1.0,0,0,87,0.005283838218616443,-0.1995981964793292,21,40.0,7,-5.94662079577104,-13.961956144244425
lookback_87,lookback,87,candidate,six_etf_all_scoreable,2020-01-09,2026-09-24,1628,1627,0.005869216979077496,0.2977287447292574,0.16964826423552248,-0.4243973193182494,2020-02-25,2022-01-18,0.03850579489352102,2.7790834175527235,57,57,114.0,0.114,0.28339026685982344,0,1.0,0,0,87,0.3041055146215379,-0.30048698363910964,139,270.0,30,-29.82362976424604,-12.39103356791398
lookback_89,lookback,89,candidate,full,2011-12-09,2026-09-24,3594,3593,0.06035668411084538,0.2794163461053573,0.3503728225333597,-0.5370791053641162,2015-06-03,2016-01-28,1.3061772920275132,2.306177292027513,94,75,169.0,0.16899999999999998,0.33182126892783603,314,0.9123539232053423,0,0,89,0.21344274930091345,-0.3855215681943228,273,483.0,316,-15.308606519006807,-15.155753716979337
lookback_89,lookback,89,candidate,last_10y,2016-05-16,2026-09-24,2520,2519,0.025827441123196015,0.26470590582884307,0.2296566771947904,-0.4182182697607856,2020-02-25,2022-01-18,0.29032519656248024,2.306177292027513,74,72,146.0,0.14600000000000002,0.3006620934348545,15,0.9940476190476191,0,0,89,0.23384804349028698,-0.30048698363910964,208,394.0,56,-20.802060236709096,-11.773128612167593
lookback_89,lookback,89,candidate,last_5y,2021-07-19,2026-09-24,1260,1259,0.04755283977632918,0.29136481020612,0.30611698415965394,-0.33901395812295576,2024-01-23,2025-04-07,0.2612454987142665,2.306177292027513,39,39,78.0,0.078,0.16263849271438352,0,1.0,0,0,89,0.3074878139684676,-0.30048698363910964,103,198.0,30,-25.99349741921384,-3.852697448384612
lookback_89,lookback,89,candidate,last_3y,2023-08-15,2026-09-24,756,755,0.0492019137020796,0.32060522514823186,0.311319919724318,-0.33901395812295576,2024-01-23,2025-04-07,0.15476722226728268,2.306177292027513,27,27,54.0,0.054000000000000006,0.11890020533324999,0,1.0,0,0,89,0.33353280525022644,-0.30048698363910964,63,120.0,27,-28.433089154814684,-3.852697448384612
lookback_89,lookback,89,candidate,last_1y,2025-09-11,2026-09-24,252,251,-0.04639254104248869,0.3455180539691716,0.03666706835490655,-0.2964641081758125,2026-01-29,2026-07-30,-0.046212764699992914,2.306177292027513,9,9,18.0,0.018000000000000002,0.04573011920262249,0,1.0,0,0,89,0.005283838218616443,-0.1995981964793292,21,40.0,7,-5.167637926110514,-9.68659116964833
lookback_89,lookback,89,candidate,six_etf_all_scoreable,2020-01-09,2026-09-24,1628,1627,0.0037923144133495956,0.2962859127108346,0.16212423785056423,-0.4182182697607856,2020-02-25,2022-01-18,0.024739256906024742,2.306177292027513,53,53,106.0,0.10600000000000001,0.22246711781882444,0,1.0,0,0,89,0.3041055146215379,-0.30048698363910964,139,270.0,30,-30.031320020818832,-11.773128612167593
lookback_91,lookback,91,candidate,full,2011-12-09,2026-09-24,3594,3593,0.06563627083676504,0.2803040721482455,0.3678414914462339,-0.5113100726477962,2015-06-03,2022-01-18,1.475410817455327,2.475410817455327,94,75,169.0,0.16899999999999998,0.34623168051993247,307,0.9143016138007791,0,0,91,0.21344274930091345,-0.3855215681943228,273,483.0,316,-14.78064784641484,-12.578850445347333
lookback_91,lookback,91,candidate,last_10y,2016-05-16,2026-09-24,2520,2519,0.027096598989936993,0.264444924761807,0.23429859026012526,-0.411321371859365,2020-02-25,2022-01-18,0.30637191432165767,2.475410817455327,74,72,146.0,0.14600000000000002,0.31430603474059,15,0.9940476190476191,0,0,91,0.23384804349028698,-0.30048698363910964,208,394.0,56,-20.675144450035,-11.083438822025538
lookback_91,lookback,91,candidate,last_5y,2021-07-19,2026-09-24,1260,1259,0.05293465742182146,0.2912108331129484,0.3237327620945768,-0.33349149813846557,2024-01-23,2025-04-09,0.29395212830585926,2.475410817455327,37,37,74.0,0.07400000000000001,0.16184983089078503,0,1.0,0,0,91,0.3074878139684676,-0.30048698363910964,103,198.0,30,-25.455315654664613,-3.300451449935593
lookback_91,lookback,91,candidate,last_3y,2023-08-15,2026-09-24,756,755,0.05432492113153331,0.3202520490248669,0.32653078607325287,-0.33349149813846557,2024-01-23,2025-04-09,0.17174267617576144,2.475410817455327,25,25,50.0,0.05,0.116054464562248,0,1.0,0,0,91,0.33353280525022644,-0.30048698363910964,63,120.0,27,-27.920788411869314,-3.300451449935593
lookback_91,lookback,91,candidate,last_1y,2025-09-11,2026-09-24,252,251,-0.03351247636334487,0.3464329975154356,0.07623615352037069,-0.27259610131108025,2026-01-29,2026-07-30,-0.0333817351673682,2.475410817455327,9,9,18.0,0.018000000000000002,0.04788000746833218,0,1.0,0,0,91,0.005283838218616443,-0.1995981964793292,21,40.0,7,-3.879631458196131,-7.299790483175106
lookback_91,lookback,91,candidate,six_etf_all_scoreable,2020-01-09,2026-09-24,1628,1627,0.009755656298111814,0.2960248351879713,0.18202001010739566,-0.411321371859365,2020-02-25,2022-01-18,0.06468680165929319,2.475410817455327,51,51,102.0,0.10200000000000001,0.22321826073144746,0,1.0,0,0,91,0.3041055146215379,-0.30048698363910964,139,270.0,30,-29.43498583234261,-11.083438822025538
lookback_93,lookback,93,candidate,full,2011-12-09,2026-09-24,3594,3593,0.07333853314549788,0.27788363406612426,0.39435026733847356,-0.5060957175828225,2015-06-03,2016-01-13,1.7431036340036048,2.743103634003605,90,73,163.0,0.163,0.34130447269413455,303,0.9154145798553144,0,0,93,0.21344274930091345,-0.3855215681943228,273,483.0,316,-14.010421615541556,-12.057414938849965
lookback_93,lookback,93,candidate,last_10y,2016-05-16,2026-09-24,2520,2519,0.03803590378481836,0.2605377220808792,0.2742647171399206,-0.4058154544484498,2020-02-25,2022-01-18,0.45231030018550267,2.743103634003605,72,70,142.0,0.14200000000000002,0.3116908085175372,14,0.9944444444444445,0,0,93,0.23384804349028698,-0.30048698363910964,208,394.0,56,-19.581213970546862,-10.532847080934015
lookback_93,lookback,93,candidate,last_5y,2021-07-19,2026-09-24,1260,1259,0.07404864385862076,0.28683234636477933,0.3932342990001887,-0.29526661251732256,2024-01-23,2025-04-09,0.42888291848387383,2.743103634003605,37,37,74.0,0.07400000000000001,0.17082756454207287,0,1.0,0,0,93,0.3074878139684676,-0.30048698363910964,103,198.0,30,-23.343917010984683,0.5220371121787082
lookback_93,lookback,93,candidate,last_3y,2023-08-15,2026-09-24,756,755,0.07536805523384382,0.3150218093441961,0.38906298145706397,-0.29526661251732256,2024-01-23,2025-04-09,0.243214786760229,2.743103634003605,25,25,50.0,0.05,0.12367694166536752,0,1.0,0,0,93,0.33353280525022644,-0.30048698363910964,63,120.0,27,-25.81647500163826,0.5220371121787082
lookback_93,lookback,93,candidate,last_1y,2025-09-11,2026-09-24,252,251,-0.024475539323327355,0.34506350366343896,0.10211464891758458,-0.2770067743836747,2026-01-29,2026-07-30,-0.02437960786362292,2.743103634003605,9,9,18.0,0.018000000000000002,0.05204595227067268,0,1.0,0,0,93,0.005283838218616443,-0.1995981964793292,21,40.0,7,-2.97593775419438,-7.740857790434552
lookback_93,lookback,93,candidate,six_etf_all_scoreable,2020-01-09,2026-09-24,1628,1627,0.02565123280782622,0.2901560576668269,0.23321944871865596,-0.4058154544484498,2020-02-25,2022-01-18,0.17765463446621754,2.743103634003605,51,51,102.0,0.10200000000000001,0.2315516245720664,0,1.0,0,0,93,0.3041055146215379,-0.30048698363910964,139,270.0,30,-27.84542818137117,-10.532847080934015
lookback_95,lookback,95,candidate,full,2011-12-09,2026-09-24,3594,3593,0.07354692088643322,0.27818695134257904,0.3949210802401733,-0.49894459102902367,2015-06-03,2015-07-08,1.750706780560884,2.750706780560884,90,73,163.0,0.16300000000000003,0.33903753748724064,297,0.9170840289371174,0,0,95,0.21344274930091345,-0.3855215681943228,273,483.0,316,-13.989582841448023,-11.342302283470085
lookback_95,lookback,95,candidate,last_10y,2016-05-16,2026-09-24,2520,2519,0.03791058271535164,0.2605228787251373,0.27380016468017004,-0.4005393634303883,2020-02-25,2021-03-25,0.4505585872641866,2.750706780560884,72,70,142.0,0.14200000000000002,0.3101339719498023,13,0.9948412698412699,0,0,95,0.23384804349028698,-0.30048698363910964,208,394.0,56,-19.593746077493535,-10.005237979127868
lookback_95,lookback,95,candidate,last_5y,2021-07-19,2026-09-24,1260,1259,0.07977321688578032,0.28690094126011384,0.41174105377607756,-0.2862488321612848,2024-01-23,2025-04-09,0.46733907292493937,2.750706780560884,37,37,74.0,0.07400000000000001,0.17056329697519096,0,1.0,0,0,95,0.3074878139684676,-0.30048698363910964,103,198.0,30,-22.771459708268726,1.4238151477824812
lookback_95,lookback,95,candidate,last_3y,2023-08-15,2026-09-24,756,755,0.07274103615514305,0.31491112656036885,0.3813121849689735,-0.2862488321612848,2024-01-23,2025-04-09,0.23413784795481796,2.750706780560884,25,25,50.0,0.05,0.1228595455530763,0,1.0,0,0,95,0.33353280525022644,-0.30048698363910964,63,120.0,27,-26.07917690950834,1.4238151477824812
lookback_95,lookback,95,candidate,last_1y,2025-09-11,2026-09-24,252,251,-0.007276758880650935,0.345201691577905,0.15284241353845834,-0.2777352816373425,2026-01-29,2026-07-30,-0.007247987754144258,2.750706780560884,9,9,18.0,0.018000000000000002,0.05246648317877203,0,1.0,0,0,95,0.005283838218616443,-0.1995981964793292,21,40.0,7,-1.2560597099267379,-7.813708515801332
lookback_95,lookback,95,candidate,six_etf_all_scoreable,2020-01-09,2026-09-24,1628,1627,0.028941710803457088,0.29016227607358075,0.24425741767378106,-0.4005393634303883,2020-02-25,2021-03-25,0.2022620989799906,2.750706780560884,51,51,102.0,0.10200000000000001,0.22943156022462852,0,1.0,0,0,95,0.3041055146215379,-0.30048698363910964,139,270.0,30,-27.51638038180808,-10.005237979127868
lookback_97,lookback,97,candidate,full,2011-12-09,2026-09-24,3594,3593,0.06663682405153493,0.27758344017105163,0.37188770183076075,-0.49894459102902355,2015-06-03,2015-07-08,1.5087565459825059,2.508756545982506,90,73,163.0,0.16300000000000003,0.33355381588785793,295,0.9176405119643851,0,0,97,0.21344274930091345,-0.3855215681943228,273,483.0,316,-14.680592524937852,-11.342302283470074
lookback_97,lookback,97,candidate,last_10y,2016-05-16,2026-09-24,2520,2519,0.02475595766662586,0.25940264914901395,0.22465418661826966,-0.4139023734489984,2020-02-25,2022-01-18,0.2769161331190799,2.508756545982506,72,70,142.0,0.14200000000000002,0.3042226763841904,12,0.9952380952380953,0,0,97,0.23384804349028698,-0.30048698363910964,208,394.0,56,-20.909208582366112,-11.341538980988874
lookback_97,lookback,97,candidate,last_5y,2021-07-19,2026-09-24,1260,1259,0.05790798111295348,0.2864577473939693,0.34049905079810855,-0.29661039171967674,2024-01-23,2025-04-09,0.3247760020241619,2.508756545982506,37,37,74.0,0.07400000000000001,0.16208522878330234,0,1.0,0,0,97,0.3074878139684676,-0.30048698363910964,103,198.0,30,-24.95798328555141,0.38765919194329035
lookback_97,lookback,97,candidate,last_3y,2023-08-15,2026-09-24,756,755,0.05282278184994982,0.31407436000161876,0.3218040780265511,-0.29661039171967674,2024-01-23,2025-04-09,0.1667481221686542,2.508756545982506,25,25,50.0,0.05,0.11630051269715234,0,1.0,0,0,97,0.33353280525022644,-0.30048698363910964,63,120.0,27,-28.07100234002766,0.38765919194329035
lookback_97,lookback,97,candidate,last_1y,2025-09-11,2026-09-24,252,251,-0.04345747296449176,0.3439305226963466,0.04418696218720335,-0.27511703187211145,2026-01-29,2026-07-30,-0.04328881042520416,2.508756545982506,9,9,18.0,0.018000000000000002,0.04813976596068267,0,1.0,0,0,97,0.005283838218616443,-0.1995981964793292,21,40.0,7,-4.874131118310821,-7.551883539278226
lookback_97,lookback,97,candidate,six_etf_all_scoreable,2020-01-09,2026-09-24,1628,1627,0.01167553157561807,0.2887060677957489,0.18536776196310564,-0.4139023734489984,2020-02-25,2022-01-18,0.07782448750478177,2.508756545982506,51,51,102.0,0.10200000000000001,0.22169710660600675,0,1.0,0,0,97,0.3041055146215379,-0.30048698363910964,139,270.0,30,-29.242998304591982,-11.341538980988874
lookback_99,lookback,99,candidate,full,2011-12-09,2026-09-24,3594,3593,0.057212398371511375,0.279262472466819,0.3396103707164683,-0.5590214947604364,2015-06-03,2022-01-19,1.2105675615107905,2.2105675615107905,88,71,159.0,0.159,0.28731685473501106,294,0.9179187534780189,0,0,99,0.21344274930091345,-0.3855215681943228,273,483.0,316,-15.623035092940206,-17.349992656611356
lookback_99,lookback,99,candidate,last_10y,2016-05-16,2026-09-24,2520,2519,0.026814527766273466,0.2598457074227253,0.23240559647679201,-0.42310923470807105,2020-02-25,2022-01-19,0.30279007965567994,2.2105675615107905,70,68,138.0,0.138,0.2598020411844797,11,0.9956349206349207,0,0,99,0.23384804349028698,-0.30048698363910964,208,394.0,56,-20.703351572401353,-12.26222510689614
lookback_99,lookback,99,candidate,last_5y,2021-07-19,2026-09-24,1260,1259,0.05886691877777217,0.288307497155276,0.34321413469369066,-0.30263914830014027,2024-01-23,2025-04-07,0.3307863092713954,2.2105675615107905,37,37,74.0,0.07400000000000001,0.14038795934435067,0,1.0,0,0,99,0.3074878139684676,-0.30048698363910964,103,198.0,30,-24.862089519069542,-0.2152164661030631
lookback_99,lookback,99,candidate,last_3y,2023-08-15,2026-09-24,756,755,0.0668092447093287,0.31697919557522297,0.36325783571741926,-0.30263914830014027,2024-01-23,2025-04-07,0.21380481552894492,2.2105675615107905,25,25,50.0,0.05,0.10079933659924709,0,1.0,0,0,99,0.33353280525022644,-0.30048698363910964,63,120.0,27,-26.672356054089775,-0.2152164661030631
lookback_99,lookback,99,candidate,last_1y,2025-09-11,2026-09-24,252,251,-0.01696916157474082,0.34579181855708413,0.12477639882582602,-0.26248563890687815,2026-01-29,2026-07-30,-0.01690239595839349,2.2105675615107905,10,10,20.0,0.02,0.04705787074614432,0,1.0,0,0,99,0.005283838218616443,-0.1995981964793292,21,40.0,7,-2.2252999793357264,-6.288744242754896
lookback_99,lookback,99,candidate,six_etf_all_scoreable,2020-01-09,2026-09-24,1628,1627,0.014984661022723555,0.28906369615142136,0.19675186048663304,-0.42310923470807105,2020-02-25,2022-01-19,0.10079044761090428,2.2105675615107905,51,51,102.0,0.10200000000000001,0.19420076391023045,0,1.0,0,0,99,0.3041055146215379,-0.30048698363910964,139,270.0,30,-28.912085359881434,-12.26222510689614
