arm,date,formal_best,off_best,off_best_newly_eligible,formal_position_before,off_position_before,formal_position,off_position,formal_trade,off_trade,off_best_raw_score,off_best_r2,formal_nav,off_nav
score_floor_off,2012-01-16,CASH,159915.SZ,True,CASH,CASH,CASH,159915.SZ,,159915.SZ,-0.8582814025688498,0.6672407163849381,1.0,0.999
score_floor_off,2012-01-17,CASH,159915.SZ,True,CASH,159915.SZ,CASH,159915.SZ,,,-0.8600921947285832,0.683948108817222,1.0,1.0477700787401574
score_floor_off,2012-01-18,CASH,159915.SZ,True,CASH,159915.SZ,CASH,159915.SZ,,,-0.892092738491181,0.7142616716858537,1.0,0.9816944881889762
score_floor_off,2012-01-19,CASH,159915.SZ,True,CASH,159915.SZ,CASH,159915.SZ,,,-0.9033433221088761,0.7453045018061912,1.0,0.9989999999999998
score_floor_off,2012-01-20,CASH,159915.SZ,True,CASH,159915.SZ,CASH,159915.SZ,,,-0.8994227425962669,0.7491149794080272,1.0,1.019451968503937
score_floor_off,2012-01-30,CASH,159915.SZ,True,CASH,159915.SZ,CASH,159915.SZ,,,-0.8851734701640415,0.7245400439168881,1.0,1.0304645669291337
score_floor_off,2012-01-31,CASH,159915.SZ,True,CASH,159915.SZ,CASH,159915.SZ,,,-0.8687226501977082,0.7010711378105987,1.0,1.0225984251968503
score_floor_off,2012-02-01,CASH,159915.SZ,True,CASH,159915.SZ,CASH,159915.SZ,,,-0.8438899586790627,0.6612550547718723,1.0,1.0273181102362205
score_floor_off,2012-02-02,CASH,159915.SZ,True,CASH,159915.SZ,CASH,159915.SZ,,,-0.7923045938982923,0.5503069091593935,1.0,1.0540629921259843
score_floor_off,2012-02-03,CASH,159915.SZ,True,CASH,159915.SZ,CASH,159915.SZ,,,-0.7068156673455733,0.38704807022787235,1.0,1.0729417322834647
score_floor_off,2012-02-06,CASH,CASH,False,CASH,159915.SZ,CASH,CASH,,CASH,,,1.0,1.084442031496063
score_floor_off,2012-03-28,CASH,159915.SZ,True,CASH,CASH,CASH,159915.SZ,,159915.SZ,-0.4686566720566743,0.2704643840227594,1.0888428160436623,1.1796061284948725
score_floor_off,2012-03-29,CASH,159915.SZ,True,CASH,159915.SZ,CASH,159915.SZ,,,-0.626377788396887,0.3976999609606021,1.0888428160436623,1.156014005924975
score_floor_off,2012-03-30,CASH,159915.SZ,True,CASH,159915.SZ,CASH,159915.SZ,,,-0.7252272669023351,0.5105239802538003,1.0888428160436623,1.1509585510885685
score_floor_off,2012-04-05,CASH,159915.SZ,True,CASH,159915.SZ,CASH,159915.SZ,,,-0.7599098674360196,0.5907503990072303,1.0888428160436623,1.181291280107008
score_floor_off,2012-04-06,CASH,159915.SZ,True,CASH,159915.SZ,CASH,159915.SZ,,,-0.7793841518841238,0.6534350284561703,1.0888428160436623,1.184661583331279
score_floor_off,2012-04-09,CASH,159915.SZ,True,CASH,159915.SZ,CASH,159915.SZ,,,-0.8042615145204742,0.7221975908004128,1.0888428160436623,1.1644397639856525
score_floor_off,2012-04-10,CASH,159915.SZ,True,CASH,159915.SZ,CASH,159915.SZ,,,-0.8060013211623647,0.7481913891596389,1.0888428160436623,1.1796061284948722
score_floor_off,2012-04-11,CASH,159915.SZ,True,CASH,159915.SZ,CASH,159915.SZ,,,-0.7986176212309173,0.7510386130771807,1.0888428160436623,1.1812912801070077
score_floor_off,2012-04-12,CASH,159915.SZ,True,CASH,159915.SZ,CASH,159915.SZ,,,-0.7615642295307555,0.6655979544501233,1.0888428160436623,1.2099388575133116
score_floor_off,2012-04-13,CASH,159915.SZ,True,CASH,159915.SZ,CASH,159915.SZ,,,-0.7087193567658098,0.5520216246945474,1.0888428160436623,1.2166794639618537
score_floor_off,2012-04-16,CASH,159915.SZ,True,CASH,159915.SZ,CASH,159915.SZ,,,-0.648511482387692,0.4508532331256092,1.0888428160436623,1.211624009125447
score_floor_off,2012-04-17,CASH,159915.SZ,True,CASH,159915.SZ,CASH,159915.SZ,,,-0.5949096128015043,0.3873071896010648,1.0888428160436623,1.1964576446162274
score_floor_off,2012-04-18,CASH,CASH,False,CASH,159915.SZ,CASH,CASH,,CASH,,,1.0888428160436623,1.2255635832610323
score_floor_off,2012-07-16,CASH,159915.SZ,True,CASH,CASH,CASH,159915.SZ,,159915.SZ,-0.3665486640412564,0.28069070585020695,1.0418701384074678,1.1715200791369815
score_floor_off,2012-07-17,CASH,159915.SZ,True,CASH,159915.SZ,CASH,159915.SZ,,,-0.4370763132453258,0.36831227084425133,1.0418701384074678,1.1799240969213214
score_floor_off,2012-07-18,CASH,159915.SZ,True,CASH,159915.SZ,CASH,159915.SZ,,,-0.469002058649709,0.4267052972086527,1.0418701384074678,1.1883281147056612
score_floor_off,2012-07-19,CASH,159915.SZ,True,CASH,159915.SZ,CASH,159915.SZ,,,-0.46510796362208107,0.4373834742129764,1.0418701384074678,1.200093739603737
score_floor_off,2012-07-20,CASH,159915.SZ,True,CASH,159915.SZ,CASH,159915.SZ,,,-0.4694594318829628,0.46273618702498487,1.0418701384074678,1.1933705253762652
score_floor_off,2012-07-23,CASH,159915.SZ,True,CASH,159915.SZ,CASH,159915.SZ,,,-0.46311695196826164,0.4719397805897735,1.0418701384074678,1.1950513289331333
score_floor_off,2012-07-24,CASH,159915.SZ,True,CASH,159915.SZ,CASH,159915.SZ,,,-0.4512893203462678,0.47284111626610703,1.0418701384074678,1.1950513289331333
score_floor_off,2012-07-25,CASH,159915.SZ,True,CASH,159915.SZ,CASH,159915.SZ,,,-0.43146459761359124,0.4573087869128851,1.0418701384074678,1.1984129360468692
score_floor_off,2012-07-26,CASH,159915.SZ,True,CASH,159915.SZ,CASH,159915.SZ,,,-0.41421497110445393,0.4477167081991985,1.0418701384074678,1.196732132490001
score_floor_off,2012-07-27,CASH,159915.SZ,True,CASH,159915.SZ,CASH,159915.SZ,,,-0.40845373765354465,0.4614387918839301,1.0418701384074678,1.1916897218193971
score_floor_off,2012-07-30,CASH,159915.SZ,True,CASH,159915.SZ,CASH,159915.SZ,,,-0.45318145622559614,0.5414573384151762,1.0418701384074678,1.1664776684663776
score_floor_off,2012-07-31,CASH,159915.SZ,True,CASH,159915.SZ,CASH,159915.SZ,,,-0.5168143411319212,0.6119124159231135,1.0418701384074678,1.14798882934083
score_floor_off,2012-08-01,CASH,159915.SZ,True,CASH,159915.SZ,CASH,159915.SZ,,,-0.5222507244531718,0.645038535101595,1.0418701384074678,1.1681584720232456
score_floor_off,2012-08-02,CASH,159915.SZ,True,CASH,159915.SZ,CASH,159915.SZ,,,-0.5176530371378137,0.662037188576249,1.0418701384074678,1.1681584720232456
score_floor_off,2012-08-03,CASH,159915.SZ,True,CASH,159915.SZ,CASH,159915.SZ,,,-0.42267790448415876,0.4173381547289209,1.0418701384074678,1.2084977573880773
score_floor_off,2012-08-06,CASH,CASH,False,CASH,159915.SZ,CASH,CASH,,CASH,,,1.0418701384074678,1.235834346436978
score_floor_off,2012-09-25,CASH,159915.SZ,True,CASH,CASH,CASH,159915.SZ,,159915.SZ,-0.5447611862324467,0.27596373367078775,1.0161559072735005,1.2041275826270341
score_floor_off,2012-09-26,CASH,159915.SZ,True,CASH,159915.SZ,CASH,159915.SZ,,,-0.6706107298269737,0.39810084028932946,1.0161559072735005,1.1724400146631648
score_floor_off,2012-09-27,CASH,159915.SZ,True,CASH,159915.SZ,CASH,159915.SZ,,,-0.7189742345448866,0.48727357196023036,1.0161559072735005,1.202367162184597
score_floor_off,2012-09-28,CASH,159915.SZ,True,CASH,159915.SZ,CASH,159915.SZ,,,-0.731476707298562,0.5349759044514371,1.0161559072735005,1.2252526279362803
score_floor_off,2012-10-08,CASH,159915.SZ,True,CASH,159915.SZ,CASH,159915.SZ,,,-0.7358096285858216,0.5697021464733087,1.0161559072735005,1.2270130483787174
score_floor_off,2012-10-09,CASH,159915.SZ,True,CASH,159915.SZ,CASH,159915.SZ,,,-0.6988624514053935,0.4993324937690824,1.0161559072735005,1.2622214572274613
score_floor_off,2012-10-10,CASH,159915.SZ,True,CASH,159915.SZ,CASH,159915.SZ,,,-0.6394850846164659,0.38693173005699955,1.0161559072735005,1.2763048207669587
score_floor_off,2012-10-11,CASH,159915.SZ,True,CASH,159915.SZ,CASH,159915.SZ,,,-0.5911146399884549,0.32394998358482885,1.0161559072735005,1.2622214572274613
score_floor_off,2012-10-12,CASH,159915.SZ,True,CASH,159915.SZ,CASH,159915.SZ,,,-0.5464504814397809,0.2784745394343707,1.0161559072735005,1.2516589345728382
score_floor_off,2012-10-15,CASH,CASH,False,CASH,159915.SZ,CASH,CASH,,CASH,,,1.0161559072735005,1.2451312955722813
score_floor_off,2012-11-06,CASH,159915.SZ,True,CASH,CASH,CASH,159915.SZ,,159915.SZ,-0.302573614003918,0.2613359823906084,1.0161559072735005,1.243886164276709
score_floor_off,2012-11-07,CASH,159915.SZ,True,CASH,159915.SZ,CASH,159915.SZ,,,-0.35114904982935324,0.3932879269522278,1.0161559072735005,1.2420912347467281
score_floor_off,2012-11-08,CASH,159915.SZ,True,CASH,159915.SZ,CASH,159915.SZ,,,-0.4247095413473758,0.5257790721249336,1.0161559072735005,1.2187571508569777
score_floor_off,2012-11-09,CASH,159915.SZ,True,CASH,159915.SZ,CASH,159915.SZ,,,-0.4732596021662415,0.6158386164411591,1.0161559072735005,1.2169622213269968
score_floor_off,2012-11-12,CASH,159915.SZ,True,CASH,159915.SZ,CASH,159915.SZ,,,-0.48926925018763523,0.6661478453912754,1.0161559072735005,1.2241419394469202
score_floor_off,2012-11-13,CASH,159915.SZ,True,CASH,159915.SZ,CASH,159915.SZ,,,-0.5260248947779211,0.7108893893113095,1.0161559072735005,1.2043977146171312
score_floor_off,2012-11-14,CASH,159915.SZ,True,CASH,159915.SZ,CASH,159915.SZ,,,-0.5545285230022199,0.7506200233146868,1.0161559072735005,1.2008078555571695
score_floor_off,2012-11-15,CASH,159915.SZ,True,CASH,159915.SZ,CASH,159915.SZ,,,-0.5889447425333443,0.7876455526767397,1.0161559072735005,1.1900382783772845
score_floor_off,2012-11-16,CASH,159915.SZ,True,CASH,159915.SZ,CASH,159915.SZ,,,-0.615178169294722,0.8222756076060856,1.0161559072735005,1.1864484193173228
score_floor_off,2012-11-19,CASH,159915.SZ,True,CASH,159915.SZ,CASH,159915.SZ,,,-0.6289736635567137,0.8496625494009424,1.0161559072735005,1.1864484193173228
score_floor_off,2012-11-20,CASH,159915.SZ,True,CASH,159915.SZ,CASH,159915.SZ,,,-0.6321395586394658,0.8662651623509242,1.0161559072735005,1.1864484193173228
score_floor_off,2012-11-21,CASH,159915.SZ,True,CASH,159915.SZ,CASH,159915.SZ,,,-0.6139263817074864,0.8519280300841214,1.0161559072735005,1.195423066967227
score_floor_off,2012-11-22,CASH,159915.SZ,True,CASH,159915.SZ,CASH,159915.SZ,,,-0.6175310995420091,0.8659358443733483,1.0161559072735005,1.175678842137438
score_floor_off,2012-11-23,CASH,159915.SZ,True,CASH,159915.SZ,CASH,159915.SZ,,,-0.6122034132427989,0.8740174159908953,1.0161559072735005,1.1774737716674188
score_floor_off,2012-11-26,CASH,159915.SZ,True,CASH,159915.SZ,CASH,159915.SZ,,,-0.6349975079150973,0.8836753077160024,1.0161559072735005,1.1541396877776682
score_floor_off,2012-11-27,CASH,159915.SZ,True,CASH,159915.SZ,CASH,159915.SZ,,,-0.7007839237443105,0.8236449469342952,1.0161559072735005,1.1128563085881091
score_floor_off,2012-11-28,CASH,159915.SZ,True,CASH,159915.SZ,CASH,159915.SZ,,,-0.7587063871791295,0.8100284096134136,1.0161559072735005,1.0967019428182818
score_floor_off,2012-11-29,CASH,159915.SZ,True,CASH,159915.SZ,CASH,159915.SZ,,,-0.8008034100289623,0.8280825521326939,1.0161559072735005,1.0895222246983585
score_floor_off,2012-11-30,CASH,159915.SZ,True,CASH,159915.SZ,CASH,159915.SZ,,,-0.8247908498944178,0.856732231910022,1.0161559072735005,1.0913171542283393
score_floor_off,2012-12-03,CASH,159915.SZ,True,CASH,159915.SZ,CASH,159915.SZ,,,-0.8483637193131115,0.876873789982963,1.0161559072735005,1.0733678589285311
score_floor_off,2012-12-04,CASH,159915.SZ,True,CASH,159915.SZ,CASH,159915.SZ,,,-0.855689062041144,0.8934827656983753,1.0161559072735005,1.0823425065784353
score_floor_off,2012-12-05,CASH,159915.SZ,True,CASH,159915.SZ,CASH,159915.SZ,,,-0.8296819298152643,0.8271957951355801,1.0161559072735005,1.125420815297975
score_floor_off,2012-12-06,CASH,159915.SZ,True,CASH,159915.SZ,CASH,159915.SZ,,,-0.7978384466713202,0.7561880989358363,1.0161559072735005,1.1236258857679942
score_floor_off,2012-12-07,CASH,159915.SZ,True,CASH,159915.SZ,CASH,159915.SZ,,,-0.7334336255021248,0.5874399472977316,1.0161559072735005,1.1505498287177065
score_floor_off,2012-12-10,CASH,159915.SZ,True,CASH,159915.SZ,CASH,159915.SZ,,,-0.6357604293590396,0.3810006672029306,1.0161559072735005,1.164909264957553
score_floor_off,2012-12-11,CASH,CASH,False,CASH,159915.SZ,CASH,CASH,,CASH,,,1.0161559072735005,1.1511924134894396
score_floor_off,2013-06-25,CASH,159915.SZ,True,CASH,CASH,CASH,159915.SZ,,159915.SZ,-0.5069309570721646,0.2817415443260738,1.257482416881561,1.4231641068468162
score_floor_off,2013-06-26,CASH,CASH,False,CASH,159915.SZ,CASH,CASH,,CASH,,,1.257482416881561,1.5068146908349573
score_floor_off,2013-06-28,CASH,159915.SZ,True,CASH,CASH,CASH,159915.SZ,,159915.SZ,-0.47887022613010655,0.2665400111287102,1.257482416881561,1.5053078761441223
score_floor_off,2013-07-01,CASH,CASH,False,CASH,159915.SZ,CASH,CASH,,CASH,,,1.257482416881561,1.589262933563367
score_floor_off,2013-10-29,CASH,159915.SZ,True,CASH,CASH,CASH,159915.SZ,,159915.SZ,-0.5468484015915636,0.27463481402683054,1.2383955282476553,1.563574923695873
score_floor_off,2013-10-30,CASH,159915.SZ,True,CASH,159915.SZ,CASH,159915.SZ,,,-0.6221766714389496,0.4014563533368508,1.2383955282476553,1.5863823374937056
score_floor_off,2013-10-31,CASH,159915.SZ,True,CASH,159915.SZ,CASH,159915.SZ,,,-0.7141620884923319,0.546850280338461,1.2383955282476553,1.5344321171764197
score_floor_off,2013-11-01,CASH,159915.SZ,True,CASH,159915.SZ,CASH,159915.SZ,,,-0.7772755554884864,0.6604021764978736,1.2383955282476553,1.5192271746445312
score_floor_off,2013-11-04,CASH,159915.SZ,True,CASH,159915.SZ,CASH,159915.SZ,,,-0.811444863769363,0.7437759583700181,1.2383955282476553,1.5230284102775031
score_floor_off,2013-11-05,CASH,159915.SZ,True,CASH,159915.SZ,CASH,159915.SZ,,,-0.8093249431111574,0.7653029479030211,1.2383955282476553,1.5661090807845206
score_floor_off,2013-11-06,CASH,159915.SZ,True,CASH,159915.SZ,CASH,159915.SZ,,,-0.8114991208773089,0.796251655307799,1.2383955282476553,1.545835824075336
score_floor_off,2013-11-07,CASH,159915.SZ,True,CASH,159915.SZ,CASH,159915.SZ,,,-0.819028932528656,0.832070748785948,1.2383955282476553,1.520494253188855
score_floor_off,2013-11-08,CASH,159915.SZ,True,CASH,159915.SZ,CASH,159915.SZ,,,-0.8233964280533292,0.854047486846879,1.2383955282476553,1.5065563892012908
score_floor_off,2013-11-11,CASH,159915.SZ,True,CASH,159915.SZ,CASH,159915.SZ,,,-0.8179008795060592,0.8586333039598358,1.2383955282476553,1.5078234677456148
score_floor_off,2013-11-12,CASH,159915.SZ,True,CASH,159915.SZ,CASH,159915.SZ,,,-0.7938944965113418,0.8262939104938252,1.2383955282476553,1.5280967244547994
score_floor_off,2013-11-13,CASH,518880.SH,True,CASH,159915.SZ,CASH,518880.SH,,518880.SH,-0.3105296751353829,0.30047518703799403,1.2383955282476553,1.5035432764228882
score_floor_off,2013-11-14,CASH,518880.SH,True,CASH,518880.SH,CASH,518880.SH,,,-0.3722037537402698,0.42915627386219124,1.2383955282476553,1.5125609290203865
score_floor_off,2013-11-15,CASH,518880.SH,True,CASH,518880.SH,CASH,518880.SH,,,-0.4091719111300003,0.5390324760153458,1.2383955282476553,1.5185726974187186
score_floor_off,2013-11-18,CASH,518880.SH,True,CASH,518880.SH,CASH,518880.SH,,,-0.4341619337215509,0.6351411848760096,1.2383955282476553,1.519173874258552
score_floor_off,2013-11-19,CASH,518880.SH,True,CASH,518880.SH,CASH,518880.SH,,,-0.47191775265204083,0.7407161918282331,1.2383955282476553,1.5035432764228882
score_floor_off,2013-11-20,CASH,518880.SH,True,CASH,518880.SH,CASH,518880.SH,,,-0.48748395527627364,0.8052785542298793,1.2383955282476553,1.5077515143017208
score_floor_off,2013-11-21,CASH,518880.SH,True,CASH,518880.SH,CASH,518880.SH,,,-0.5295922867517449,0.8553213577527616,1.2383955282476553,1.4806985565092259
score_floor_off,2013-11-22,CASH,518880.SH,True,CASH,518880.SH,CASH,518880.SH,,,-0.5560009563739581,0.8824399914145068,1.2383955282476553,1.4776926723100599
score_floor_off,2013-12-03,CASH,518880.SH,True,159915.SZ,159915.SZ,CASH,518880.SH,CASH,518880.SH,-0.5493516789442698,0.8971613229696611,1.192196391544706,1.4075904263402763
score_floor_off,2013-12-04,CASH,518880.SH,True,CASH,518880.SH,CASH,518880.SH,,,-0.5497631392804806,0.9040112866639028,1.192196391544706,1.4058389658346684
score_floor_off,2013-12-05,CASH,518880.SH,True,CASH,518880.SH,CASH,518880.SH,,,-0.5271430495791439,0.8842378017557342,1.192196391544706,1.4180991893739243
score_floor_off,2013-12-06,CASH,518880.SH,True,CASH,518880.SH,CASH,518880.SH,,,-0.5103700896604809,0.8769434826157589,1.192196391544706,1.4116771675200286
score_floor_off,2013-12-09,CASH,518880.SH,True,CASH,518880.SH,CASH,518880.SH,,,-0.48303887414841906,0.8503732152213056,1.192196391544706,1.4157639086997804
score_floor_off,2013-12-10,CASH,518880.SH,True,CASH,518880.SH,CASH,518880.SH,,,-0.4319467220333617,0.7514774851197983,1.192196391544706,1.4274403120705002
score_floor_off,2013-12-11,CASH,518880.SH,True,CASH,518880.SH,CASH,518880.SH,,,-0.3591715512236723,0.5650956812371326,1.192196391544706,1.437365254935612
score_floor_off,2013-12-12,CASH,518880.SH,True,CASH,518880.SH,CASH,518880.SH,,,-0.29922324965872715,0.4437862116695732,1.192196391544706,1.43035941291318
score_floor_off,2013-12-13,CASH,518880.SH,True,CASH,518880.SH,CASH,518880.SH,,,-0.29346776584668466,0.4553855232631051,1.192196391544706,1.4070066061717403
score_floor_off,2013-12-16,CASH,518880.SH,True,CASH,518880.SH,CASH,518880.SH,,,-0.2856527456263518,0.46119055885817384,1.192196391544706,1.4075904263402763
score_floor_off,2013-12-17,CASH,518880.SH,True,CASH,518880.SH,CASH,518880.SH,,,-0.23875310375054548,0.36243787048685394,1.192196391544706,1.423353570890748
score_floor_off,2013-12-18,CASH,518880.SH,True,CASH,518880.SH,CASH,518880.SH,,,-0.2182228713869806,0.34203663142092344,1.192196391544706,1.4122609876885641
score_floor_off,2013-12-19,CASH,518880.SH,True,CASH,518880.SH,CASH,518880.SH,,,-0.22145224333625335,0.3699843070400817,1.192196391544706,1.4011684044863804
score_floor_off,2013-12-20,CASH,518880.SH,True,CASH,518880.SH,CASH,518880.SH,,,-0.2987899838122131,0.4029021084879266,1.192196391544706,1.3673068347112929
score_floor_off,2013-12-23,CASH,518880.SH,True,CASH,518880.SH,CASH,518880.SH,,,-0.3279780372459482,0.4556691931038034,1.192196391544706,1.3813185187561565
score_floor_off,2013-12-24,CASH,518880.SH,True,CASH,518880.SH,CASH,518880.SH,,,-0.3509410627394145,0.5047218316468327,1.192196391544706,1.3813185187561565
score_floor_off,2013-12-25,CASH,518880.SH,True,CASH,518880.SH,CASH,518880.SH,,,-0.35590452913115944,0.5306140502567369,1.192196391544706,1.3871567204415163
score_floor_off,2013-12-26,CASH,518880.SH,True,CASH,518880.SH,CASH,518880.SH,,,-0.3580407495722303,0.5510338480099103,1.192196391544706,1.3877405406100523
score_floor_off,2013-12-27,CASH,518880.SH,True,CASH,518880.SH,CASH,518880.SH,,,-0.3272186196877218,0.4806736625460275,1.192196391544706,1.4017522246549161
score_floor_off,2013-12-30,CASH,518880.SH,True,CASH,518880.SH,CASH,518880.SH,,,-0.32526821999695443,0.4934617165380569,1.192196391544706,1.3877405406100523
score_floor_off,2014-03-21,CASH,518880.SH,True,518880.SH,518880.SH,CASH,518880.SH,CASH,,0.4715941428276067,0.4606000152382932,1.35258223615313,1.5737689462362447
score_floor_off,2014-03-24,CASH,518880.SH,True,CASH,518880.SH,CASH,518880.SH,,,0.34693265537426377,0.30860548601991955,1.35258223615313,1.5696071092042638
score_floor_off,2014-03-25,CASH,159915.SZ,True,CASH,518880.SH,CASH,159915.SZ,,159915.SZ,-0.4119382335597157,0.27619870605085994,1.35258223615313,1.5474804053496631
score_floor_off,2014-03-26,CASH,CASH,False,CASH,159915.SZ,CASH,CASH,,CASH,,,1.35258223615313,1.5755092722942416
score_floor_off,2014-03-27,CASH,159915.SZ,True,CASH,CASH,CASH,159915.SZ,,159915.SZ,-0.4418840967597375,0.3193052661047946,1.35258223615313,1.5739337630219474
score_floor_off,2014-03-28,CASH,159915.SZ,True,CASH,159915.SZ,CASH,159915.SZ,,,-0.5537774652429666,0.3998348933110062,1.35258223615313,1.5266684848531202
score_floor_off,2014-03-31,CASH,159915.SZ,True,CASH,159915.SZ,CASH,159915.SZ,,,-0.6232089442014227,0.4790569921289677,1.35258223615313,1.5325766446242233
score_floor_off,2014-04-01,CASH,518880.SH,True,CASH,159915.SZ,CASH,518880.SH,,518880.SH,-0.3615138384778025,0.38078504358953846,1.35258223615313,1.5578139399024684
score_floor_off,2014-04-02,CASH,518880.SH,True,CASH,518880.SH,CASH,518880.SH,,,-0.41370634204036216,0.4914878730636224,1.35258223615313,1.5614722113856054
score_floor_off,2014-04-03,CASH,518880.SH,True,CASH,518880.SH,CASH,518880.SH,,,-0.44086168703015394,0.5752487653420282,1.35258223615313,1.5687887543518795
score_floor_off,2014-04-04,CASH,518880.SH,True,CASH,518880.SH,CASH,518880.SH,,,-0.4640075678207406,0.6488591990886624,1.35258223615313,1.5633013471271742
score_floor_off,2014-04-08,CASH,518880.SH,True,CASH,518880.SH,CASH,518880.SH,,,-0.4381768395403539,0.6002484229464263,1.35258223615313,1.5889092475091324
score_floor_off,2014-04-09,CASH,518880.SH,True,CASH,518880.SH,CASH,518880.SH,,,-0.40553854709041404,0.5328076227981322,1.35258223615313,1.591348095164557
score_floor_off,2014-04-10,CASH,518880.SH,True,CASH,518880.SH,CASH,518880.SH,,,-0.3612712090213668,0.4338652955965244,1.35258223615313,1.5962257904754062
score_floor_off,2014-04-11,CASH,518880.SH,True,CASH,518880.SH,CASH,518880.SH,,,-0.3098479361912633,0.32793393780893165,1.35258223615313,1.5974452143031188
score_floor_off,2014-04-14,CASH,159915.SZ,True,CASH,518880.SH,CASH,159915.SZ,,159915.SZ,-0.5059358734902446,0.35075396535703374,1.35258223615313,1.6118966060853375
score_floor_off,2014-04-15,CASH,159915.SZ,True,CASH,159915.SZ,CASH,159915.SZ,,,-0.45539929131528867,0.29387564239062236,1.35258223615313,1.6046737684180394
score_floor_off,2014-04-16,CASH,CASH,False,CASH,159915.SZ,CASH,CASH,,CASH,,,1.35258223615313,1.5970560822915958
score_floor_off,2014-04-28,CASH,159915.SZ,True,CASH,CASH,CASH,159915.SZ,,159915.SZ,-0.4613131571236504,0.3063673849934233,1.35258223615313,1.5954590262093042
score_floor_off,2014-04-29,CASH,159915.SZ,True,CASH,159915.SZ,CASH,159915.SZ,,,-0.5486301358157998,0.40535662147513984,1.35258223615313,1.6045536623521914
score_floor_off,2014-04-30,CASH,159915.SZ,True,CASH,159915.SZ,CASH,159915.SZ,,,-0.5826384220356736,0.4724186884194407,1.35258223615313,1.629239103311456
score_floor_off,2014-05-05,CASH,159915.SZ,True,CASH,159915.SZ,CASH,159915.SZ,,,-0.5821538327645248,0.493249361452224,1.35258223615313,1.6526253105360222
score_floor_off,2014-05-06,CASH,159915.SZ,True,CASH,159915.SZ,CASH,159915.SZ,,,-0.5640433742056481,0.47521345294959705,1.35258223615313,1.6695153490870978
score_floor_off,2014-05-07,CASH,159915.SZ,True,CASH,159915.SZ,CASH,159915.SZ,,,-0.5855342783533,0.535654313805232,1.35258223615313,1.63313680451555
score_floor_off,2014-05-08,CASH,159915.SZ,True,CASH,159915.SZ,CASH,159915.SZ,,,-0.601922613717579,0.5876034501674214,1.35258223615313,1.6266406358420598
score_floor_off,2014-05-09,CASH,159915.SZ,True,CASH,159915.SZ,CASH,159915.SZ,,,-0.6359178557385039,0.6545706983991741,1.35258223615313,1.5980574936787009
score_floor_off,2014-05-12,CASH,159915.SZ,True,CASH,159915.SZ,CASH,159915.SZ,,,-0.6292554722319195,0.6654421186685987,1.35258223615313,1.6266406358420598
score_floor_off,2014-05-13,CASH,159915.SZ,True,CASH,159915.SZ,CASH,159915.SZ,,,-0.6223980139502989,0.6751341512336072,1.35258223615313,1.617545999699173
score_floor_off,2014-05-14,CASH,159915.SZ,True,CASH,159915.SZ,CASH,159915.SZ,,,-0.5941371146866536,0.6397217670409359,1.35258223615313,1.627939869576758
score_floor_off,2014-05-15,CASH,159915.SZ,True,CASH,159915.SZ,CASH,159915.SZ,,,-0.601371372989085,0.6647462612462964,1.35258223615313,1.5889628575358141
score_floor_off,2014-05-16,CASH,159915.SZ,True,CASH,159915.SZ,CASH,159915.SZ,,,-0.6264154454955474,0.6923540592767049,1.35258223615313,1.5616789491071532
score_floor_off,2014-05-19,CASH,159915.SZ,True,CASH,159915.SZ,CASH,159915.SZ,,,-0.6375068924164013,0.7156498517704513,1.35258223615313,1.5629781828418514
score_floor_off,2014-05-20,CASH,159915.SZ,True,CASH,159915.SZ,CASH,159915.SZ,,,-0.6177122954884424,0.7052042187817592,1.35258223615313,1.5850651563317193
score_floor_off,2014-05-21,CASH,159915.SZ,True,CASH,159915.SZ,CASH,159915.SZ,,,-0.570755849914105,0.6382867338519913,1.35258223615313,1.6032544286174932
score_floor_off,2014-05-22,CASH,159915.SZ,True,CASH,159915.SZ,CASH,159915.SZ,,,-0.5048843499508942,0.528422098328506,1.35258223615313,1.6136482984950784
score_floor_off,2014-05-23,CASH,159915.SZ,True,CASH,159915.SZ,CASH,159915.SZ,,,-0.375820311586722,0.2673833327631697,1.35258223615313,1.6500268430666263
score_floor_off,2014-05-26,CASH,CASH,False,CASH,159915.SZ,CASH,CASH,,CASH,,,1.35258223615313,1.6730375717418646
score_floor_off,2014-05-28,CASH,518880.SH,True,CASH,CASH,CASH,518880.SH,,518880.SH,-0.13025750655322754,0.27920434113770365,1.35258223615313,1.6713645341701227
score_floor_off,2014-05-29,CASH,518880.SH,True,CASH,518880.SH,CASH,518880.SH,,,-0.21980112621622128,0.40191424817125865,1.35258223615313,1.6536885285208498
score_floor_off,2014-05-30,CASH,518880.SH,True,CASH,518880.SH,CASH,518880.SH,,,-0.27357614602627645,0.5160783861722418,1.35258223615313,1.6595805304039408
score_floor_off,2014-07-14,CASH,518880.SH,True,518880.SH,518880.SH,CASH,518880.SH,CASH,,0.4358685511092997,0.49487952708742067,1.3308725257529448,1.621346835199246
score_floor_off,2014-07-15,CASH,518880.SH,True,CASH,518880.SH,CASH,518880.SH,,,0.2903895081456176,0.30120966004615946,1.3308725257529448,1.6090172014714952
score_floor_off,2014-07-16,CASH,CASH,False,CASH,518880.SH,CASH,CASH,,CASH,,,1.3308725257529448,1.5957067453807017
score_floor_off,2014-07-18,CASH,159915.SZ,True,CASH,CASH,CASH,159915.SZ,,159915.SZ,-0.4842161084055505,0.32833348170539345,1.3308725257529448,1.594111038635321
score_floor_off,2014-07-21,CASH,159915.SZ,True,CASH,159915.SZ,CASH,159915.SZ,,,-0.5579262221272068,0.4468000542644308,1.3308725257529448,1.5928646656574983
score_floor_off,2014-07-22,CASH,159915.SZ,True,CASH,159915.SZ,CASH,159915.SZ,,,-0.5797752843331327,0.5159525352118626,1.3308725257529448,1.621531244147422
score_floor_off,2014-07-23,CASH,518880.SH,True,CASH,159915.SZ,CASH,518880.SH,,518880.SH,-0.13779837558496333,0.25281697304656714,1.3308725257529448,1.5710207328481764
score_floor_off,2014-07-24,CASH,518880.SH,True,CASH,518880.SH,CASH,518880.SH,,,-0.1796672314281711,0.39911206411952427,1.3308725257529448,1.5619745482060563
score_floor_off,2014-07-25,CASH,518880.SH,True,CASH,518880.SH,CASH,518880.SH,,,-0.21867362055389628,0.495143045074276,1.3308725257529448,1.5553406794685016
score_floor_off,2014-07-28,CASH,518880.SH,True,CASH,518880.SH,CASH,518880.SH,,,-0.22243160502327963,0.5255046686386458,1.3308725257529448,1.5667991800151868
score_floor_off,2014-07-29,CASH,518880.SH,True,CASH,518880.SH,CASH,518880.SH,,,-0.22490714637311293,0.5529080494302383,1.3308725257529448,1.5655930220629042
score_floor_off,2014-07-30,CASH,518880.SH,True,CASH,518880.SH,CASH,518880.SH,,,-0.23769914159227312,0.6066549860021822,1.3308725257529448,1.5589591533253493
score_floor_off,2014-07-31,CASH,518880.SH,True,CASH,518880.SH,CASH,518880.SH,,,-0.25408151812341895,0.6612233343180052,1.3308725257529448,1.5541345215162186
score_floor_off,2014-08-01,CASH,518880.SH,True,CASH,518880.SH,CASH,518880.SH,,,-0.28394058906613995,0.7101814145954561,1.3308725257529448,1.543882178921816
score_floor_off,2014-08-04,CASH,518880.SH,True,CASH,518880.SH,CASH,518880.SH,,,-0.2825508376060414,0.7259164164693851,1.3308725257529448,1.5547376004923597
score_floor_off,2014-08-05,CASH,518880.SH,True,CASH,518880.SH,CASH,518880.SH,,,-0.2843307677132063,0.7480888805150101,1.3308725257529448,1.5505160476593705
score_floor_off,2014-08-06,CASH,518880.SH,True,CASH,518880.SH,CASH,518880.SH,,,-0.2810952595520593,0.7601062645674077,1.3308725257529448,1.5505160476593705
score_floor_off,2014-08-07,CASH,518880.SH,True,CASH,518880.SH,CASH,518880.SH,,,-0.2483371899036888,0.6483676118789558,1.3308725257529448,1.5631807061583385
score_floor_off,2014-08-08,CASH,518880.SH,True,CASH,518880.SH,CASH,518880.SH,,,-0.18301313009672182,0.33971031347093295,1.3308725257529448,1.5776546015857307
score_floor_off,2014-10-17,CASH,159915.SZ,True,159915.SZ,159915.SZ,CASH,159915.SZ,CASH,,0.4142447044619604,0.29921153311496995,1.4293351420305471,1.681419398936753
score_floor_off,2014-10-20,CASH,159915.SZ,True,CASH,159915.SZ,CASH,159915.SZ,,,0.38582590821463225,0.28707954418292003,1.4293351420305471,1.7100149669458817
score_floor_off,2014-10-21,CASH,513030.SH,True,CASH,159915.SZ,CASH,513030.SH,,513030.SH,-0.7652144010229103,0.750294634387307,1.4293351420305471,1.6826227004385772
score_floor_off,2014-10-22,CASH,518880.SH,True,CASH,513030.SH,CASH,518880.SH,,518880.SH,0.17565192686347797,0.30238948562858037,1.4293351420305471,1.6998045429191404
score_floor_off,2014-10-23,CASH,518880.SH,True,CASH,518880.SH,CASH,518880.SH,,,0.19975261264853472,0.41480783743477134,1.4293351420305471,1.688766851082003
score_floor_off,2014-10-24,CASH,518880.SH,True,CASH,518880.SH,CASH,518880.SH,,,0.17732355746539308,0.3615319922813597,1.4293351420305471,1.6770393035050448
score_floor_off,2014-10-27,CASH,518880.SH,True,CASH,518880.SH,CASH,518880.SH,,,0.14424702517325483,0.26129968928246405,1.4293351420305471,1.6742798805457606
score_floor_off,2014-10-28,CASH,513030.SH,True,CASH,518880.SH,CASH,513030.SH,,513030.SH,-0.47811966476767587,0.3007076646011084,1.4293351420305471,1.667488940642962
score_floor_off,2014-10-29,CASH,CASH,False,CASH,513030.SH,CASH,CASH,,CASH,,,1.4293351420305471,1.7043906363613586
score_floor_off,2014-11-03,CASH,518880.SH,True,CASH,CASH,CASH,518880.SH,,518880.SH,-0.315065415464413,0.2931112914396171,1.4293351420305471,1.7026862457249972
score_floor_off,2014-11-04,CASH,518880.SH,True,CASH,518880.SH,CASH,518880.SH,,,-0.4202474185712818,0.4260562891629113,1.4293351420305471,1.7004835468301394
score_floor_off,2014-11-13,CASH,513030.SH,True,513030.SH,513030.SH,CASH,513030.SH,CASH,,0.4546210732407612,0.37241647664234057,1.4171239476319124,1.6539239519973215
score_floor_off,2014-11-14,CASH,159915.SZ,True,CASH,513030.SH,CASH,159915.SZ,,159915.SZ,-0.38474851144479405,0.32450112770409556,1.4171239476319124,1.648800244792894
score_floor_off,2014-11-17,CASH,159915.SZ,True,CASH,159915.SZ,CASH,159915.SZ,,,-0.397272253518537,0.35839238557305586,1.4171239476319124,1.67929014974639
score_floor_off,2014-11-18,CASH,159915.SZ,True,CASH,159915.SZ,CASH,159915.SZ,,,-0.3889935775718961,0.35912036021725124,1.4171239476319124,1.6898443476149079
score_floor_off,2014-11-19,CASH,159915.SZ,True,CASH,159915.SZ,CASH,159915.SZ,,,-0.33430986333573964,0.26204253874565386,1.4171239476319124,1.7168161866122313
score_floor_off,2014-11-20,CASH,518880.SH,True,CASH,159915.SZ,CASH,518880.SH,,518880.SH,-0.38610649974902744,0.2573922535803723,1.4171239476319124,1.6981680916672126
score_floor_off,2014-11-21,CASH,CASH,False,CASH,518880.SH,CASH,CASH,,CASH,,,1.4171239476319124,1.7103037984888225
score_floor_off,2014-11-25,CASH,513030.SH,True,CASH,CASH,CASH,513030.SH,,513030.SH,0.49530357521368296,0.2829814616590164,1.4171239476319124,1.7085934946903336
score_floor_off,2014-11-26,513030.SH,513030.SH,False,CASH,513030.SH,513030.SH,513030.SH,513030.SH,,0.7752899842598675,0.38446390459984514,1.4157068236842805,1.7406296227157774
score_floor_off,2014-12-22,CASH,518880.SH,True,159915.SZ,159915.SZ,CASH,518880.SH,CASH,518880.SH,0.45168723098082797,0.4087777791348811,1.2884996710011283,1.5826409910430872
score_floor_off,2014-12-23,CASH,CASH,False,CASH,518880.SH,CASH,CASH,,CASH,,,1.2884996710011283,1.5620252690427003
score_floor_off,2014-12-30,CASH,159915.SZ,True,CASH,CASH,CASH,159915.SZ,,159915.SZ,-0.5788599791936861,0.339856772040399,1.2884996710011283,1.5604632437736576
score_floor_off,2014-12-31,CASH,159915.SZ,True,CASH,159915.SZ,CASH,159915.SZ,,,-0.6475337183831996,0.4453475769517764,1.2884996710011283,1.5681394508758468
score_floor_off,2015-01-05,CASH,159915.SZ,True,CASH,159915.SZ,CASH,159915.SZ,,,-0.6968705619049398,0.538164852307818,1.2884996710011283,1.5615598447882557
score_floor_off,2015-01-06,CASH,159915.SZ,True,CASH,159915.SZ,CASH,159915.SZ,,,-0.6572790952420555,0.46616686611405744,1.2884996710011283,1.6470947239269382
score_floor_off,2015-01-07,CASH,159915.SZ,True,CASH,159915.SZ,CASH,159915.SZ,,,-0.6416873970967092,0.4591306972231881,1.2884996710011283,1.6163898955181804
score_floor_off,2015-01-08,CASH,159915.SZ,True,CASH,159915.SZ,CASH,159915.SZ,,,-0.5961400785697243,0.39200951925200933,1.2884996710011283,1.637225314795552
score_floor_off,2015-01-09,CASH,159915.SZ,True,CASH,159915.SZ,CASH,159915.SZ,,,-0.5281387685071752,0.2957769421081736,1.2884996710011283,1.6481913249415368
score_floor_off,2015-01-12,CASH,CASH,False,CASH,159915.SZ,CASH,CASH,,CASH,,,1.2884996710011283,1.6870767969191995
score_floor_off,2015-01-13,CASH,518880.SH,True,CASH,CASH,CASH,518880.SH,,518880.SH,0.32157363068288425,0.3268758261646453,1.2884996710011283,1.6853897201222803
score_floor_off,2015-01-14,CASH,518880.SH,True,CASH,518880.SH,CASH,518880.SH,,,0.4065081155830499,0.44378298082372303,1.2884996710011283,1.6819793807452625
score_floor_off,2015-01-15,CASH,518880.SH,True,CASH,518880.SH,CASH,518880.SH,,,0.4760838001687926,0.5554882803214756,1.2884996710011283,1.6792511092436482
score_floor_off,2015-01-16,518880.SH,518880.SH,False,CASH,518880.SH,518880.SH,518880.SH,518880.SH,,0.6898599896703115,0.6577393547412762,1.287211171330127,1.717446910266249
score_floor_off,2015-03-12,CASH,513030.SH,True,513030.SH,513030.SH,CASH,513030.SH,CASH,,0.4908679260523905,0.30651847095796425,1.43591455685058,1.917770486806096
score_floor_off,2015-03-13,CASH,518880.SH,True,CASH,513030.SH,CASH,518880.SH,,518880.SH,-0.6087731546540684,0.8776377806351122,1.43591455685058,1.917766647425742
score_floor_off,2015-03-16,CASH,518880.SH,True,CASH,518880.SH,CASH,518880.SH,,,-0.6006422457739948,0.8770407867893321,1.43591455685058,1.9299610093212005
score_floor_off,2015-03-17,CASH,518880.SH,True,CASH,518880.SH,CASH,518880.SH,,,-0.5993110596244222,0.8840324619421229,1.43591455685058,1.916953689966045
score_floor_off,2015-03-18,CASH,518880.SH,True,CASH,518880.SH,CASH,518880.SH,,,-0.6053854772549063,0.8950261264210977,1.43591455685058,1.9031334131511923
score_floor_off,2015-03-19,CASH,518880.SH,True,CASH,518880.SH,CASH,518880.SH,,,-0.5881386156391941,0.8800874981462272,1.43591455685058,1.9210184772645311
score_floor_off,2015-03-20,CASH,518880.SH,True,CASH,518880.SH,CASH,518880.SH,,,-0.5750074978708731,0.872175442940051,1.43591455685058,1.9137018601272562
score_floor_off,2015-03-23,CASH,518880.SH,True,CASH,518880.SH,CASH,518880.SH,,,-0.5425496259485414,0.8154655158388043,1.43591455685058,1.9299610093212007
score_floor_off,2015-03-24,CASH,518880.SH,True,CASH,518880.SH,CASH,518880.SH,,,-0.4967932422795104,0.7224010520996578,1.43591455685058,1.9372776264584757
score_floor_off,2015-03-25,CASH,513030.SH,True,CASH,518880.SH,CASH,513030.SH,,513030.SH,0.29323021576243846,0.2864550638044093,1.43591455685058,1.931780408116003
score_floor_off,2015-03-26,CASH,513030.SH,True,CASH,513030.SH,CASH,513030.SH,,,0.31134943495775236,0.3279913839974028,1.43591455685058,1.9168198628450175
score_floor_off,2015-03-27,CASH,513030.SH,True,CASH,513030.SH,CASH,513030.SH,,,0.33941251670750616,0.3797356094735147,1.43591455685058,1.9186899310038907
score_floor_off,2015-03-30,CASH,513030.SH,True,CASH,513030.SH,CASH,513030.SH,,,0.3222141522061137,0.3741070816129999,1.43591455685058,1.9055994538917782
score_floor_off,2015-03-31,CASH,513030.SH,True,CASH,513030.SH,CASH,513030.SH,,,0.3224449084690484,0.39635527518202496,1.43591455685058,1.911209658368398
score_floor_off,2015-04-01,CASH,513030.SH,True,CASH,513030.SH,CASH,513030.SH,,,0.29089267012700915,0.3582488768152181,1.43591455685058,1.8999892494151587
score_floor_off,2015-04-02,CASH,513030.SH,True,CASH,513030.SH,CASH,513030.SH,,,0.28586690369447765,0.37175886414462866,1.43591455685058,1.9093395902095247
score_floor_off,2015-04-03,CASH,513030.SH,True,CASH,513030.SH,CASH,513030.SH,,,0.27234987917961817,0.37069817501596425,1.43591455685058,1.9074695220506517
score_floor_off,2015-04-07,CASH,513030.SH,True,CASH,513030.SH,CASH,513030.SH,,,0.29172514073448585,0.42807348244322574,1.43591455685058,1.920559999162764
score_floor_off,2015-04-08,CASH,513030.SH,True,CASH,513030.SH,CASH,513030.SH,,,0.2923316046843676,0.4572624260342111,1.43591455685058,1.918689931003891
score_floor_off,2015-04-09,CASH,513030.SH,True,CASH,513030.SH,CASH,513030.SH,,,0.2460009616849297,0.3839158459667953,1.43591455685058,1.9055994538917784
score_floor_off,2015-04-10,CASH,513030.SH,True,CASH,513030.SH,CASH,513030.SH,,,0.26691491878571916,0.44012812262507484,1.43591455685058,1.92991033995713
score_floor_off,2015-04-13,CASH,513030.SH,True,CASH,513030.SH,CASH,513030.SH,,,0.2697489901749297,0.4752883272506342,1.43591455685058,1.9280402717982565
score_floor_off,2015-04-14,CASH,513030.SH,True,CASH,513030.SH,CASH,513030.SH,,,0.21384858135062212,0.38146373049143745,1.43591455685058,1.9112096583683982
score_floor_off,2015-04-15,CASH,CASH,False,CASH,513030.SH,CASH,CASH,,CASH,,,1.43591455685058,1.8924846658936008
score_floor_off,2015-04-29,CASH,513030.SH,True,159915.SZ,159915.SZ,CASH,513030.SH,CASH,513030.SH,-0.14029505038993928,0.3741138556818989,1.643022845314888,2.1632784608269806
score_floor_off,2015-04-30,CASH,513030.SH,True,CASH,513030.SH,CASH,513030.SH,,,-0.16558426153996098,0.45124452574934304,1.643022845314888,2.144077764429108
score_floor_off,2015-05-04,CASH,513030.SH,True,CASH,513030.SH,CASH,513030.SH,,,-0.172071983296346,0.4946303905887487,1.643022845314888,2.1526114072726066
score_floor_off,2015-05-05,CASH,513030.SH,True,CASH,513030.SH,CASH,513030.SH,,,-0.17166192226315036,0.5164311862651,1.643022845314888,2.1547448179834814
score_floor_off,2015-05-06,CASH,513030.SH,True,CASH,513030.SH,CASH,513030.SH,,,-0.20076569041997816,0.5915833809992093,1.643022845314888,2.1355441215856086
score_floor_off,2015-05-07,CASH,513030.SH,True,CASH,513030.SH,CASH,513030.SH,,,-0.19012034155905477,0.57115170668565,1.643022845314888,2.1547448179834814
score_floor_off,2015-05-08,CASH,513030.SH,True,CASH,513030.SH,CASH,513030.SH,,,-0.1668130752721788,0.4797981998200255,1.643022845314888,2.161145050116106
score_floor_off,2015-05-11,CASH,CASH,False,CASH,513030.SH,CASH,CASH,,CASH,,,1.643022845314888,2.1845592326679557
score_floor_off,2015-05-20,CASH,513030.SH,True,CASH,CASH,CASH,513030.SH,,513030.SH,0.21090463708367224,0.27825261722085326,1.643022845314888,2.182374673435288
score_floor_off,2015-05-21,CASH,513030.SH,True,CASH,513030.SH,CASH,513030.SH,,,0.31257843695069965,0.3995187343242803,1.643022845314888,2.197177602421767
score_floor_off,2015-05-22,CASH,513030.SH,True,CASH,513030.SH,CASH,513030.SH,,,0.33784503119265463,0.45588569828724124,1.643022845314888,2.1739158568715853
score_floor_off,2015-05-25,CASH,513030.SH,True,CASH,513030.SH,CASH,513030.SH,,,0.32455523782056894,0.4494628481350934,1.643022845314888,2.1633423361669566
score_floor_off,2015-05-26,CASH,513030.SH,True,CASH,513030.SH,CASH,513030.SH,,,0.30098821656502417,0.42141912476824117,1.643022845314888,2.1612276320260313
score_floor_off,2015-05-27,CASH,513030.SH,True,CASH,513030.SH,CASH,513030.SH,,,0.227688001754774,0.26554076756825995,1.643022845314888,2.1421952947577
score_floor_off,2015-05-28,CASH,CASH,False,CASH,513030.SH,CASH,CASH,,CASH,,,1.643022845314888,2.1421656888997274
score_floor_off,2015-06-04,CASH,513030.SH,True,CASH,CASH,CASH,513030.SH,,513030.SH,-0.2878292725564755,0.30933933368412925,1.643022845314888,2.140023523210828
score_floor_off,2015-06-05,CASH,513030.SH,True,CASH,513030.SH,CASH,513030.SH,,,-0.3190026580410523,0.3952730456697475,1.643022845314888,2.142169986122774
score_floor_off,2015-06-08,CASH,518880.SH,True,CASH,513030.SH,CASH,518880.SH,,518880.SH,-0.21079732152184072,0.34375406762169924,1.643022845314888,2.133601306178283
score_floor_off,2015-06-09,CASH,518880.SH,True,CASH,518880.SH,CASH,518880.SH,,,-0.23962262606449503,0.4613782216103536,1.643022845314888,2.1308994049885253
score_floor_off,2015-06-10,CASH,518880.SH,True,CASH,518880.SH,CASH,518880.SH,,,-0.25361915814444513,0.5524085784382173,1.643022845314888,2.1354025736381206
score_floor_off,2015-06-11,CASH,518880.SH,True,CASH,518880.SH,CASH,518880.SH,,,-0.2618551483261631,0.6342083850993996,1.643022845314888,2.1354025736381206
score_floor_off,2015-06-12,CASH,518880.SH,True,CASH,518880.SH,CASH,518880.SH,,,-0.2562837201535372,0.6609440154855992,1.643022845314888,2.139005108557797
score_floor_off,2015-06-17,CASH,518880.SH,True,159915.SZ,159915.SZ,CASH,518880.SH,CASH,518880.SH,-0.23291685581662291,0.7075093272287225,1.655146007740314,2.1477597902672843
score_floor_off,2015-06-18,CASH,518880.SH,True,CASH,518880.SH,CASH,518880.SH,,,-0.21991379950336132,0.7064833616835761,1.655146007740314,2.146850108018124
score_floor_off,2015-06-19,CASH,518880.SH,True,CASH,518880.SH,CASH,518880.SH,,,-0.1975270901007783,0.6795844512659898,1.655146007740314,2.150488837014765
score_floor_off,2015-06-23,CASH,518880.SH,True,CASH,518880.SH,CASH,518880.SH,,,-0.18851034311083448,0.7045786415504811,1.655146007740314,2.141392014523163
score_floor_off,2015-06-24,CASH,518880.SH,True,CASH,518880.SH,CASH,518880.SH,,,-0.16689856093580469,0.6670071196728973,1.655146007740314,2.149579154765605
score_floor_off,2015-06-25,CASH,518880.SH,True,CASH,518880.SH,CASH,518880.SH,,,-0.15321914070235831,0.6574348071196388,1.655146007740314,2.145940425768964
score_floor_off,2015-06-26,CASH,518880.SH,True,CASH,518880.SH,CASH,518880.SH,,,-0.1473957264896668,0.682903163008209,1.655146007740314,2.140482332274003
score_floor_off,2015-06-29,CASH,518880.SH,True,CASH,518880.SH,CASH,518880.SH,,,-0.13641636620202024,0.7020724110261732,1.655146007740314,2.142301696772323
score_floor_off,2015-06-30,CASH,518880.SH,True,CASH,518880.SH,CASH,518880.SH,,,-0.1395401636289474,0.7452272549186516,1.655146007740314,2.134114556529881
score_floor_off,2015-07-01,CASH,518880.SH,True,CASH,518880.SH,CASH,518880.SH,,,-0.13811223333266465,0.7723828697022175,1.655146007740314,2.1368436032773617
score_floor_off,2015-07-02,CASH,518880.SH,True,CASH,518880.SH,CASH,518880.SH,,,-0.16670383440742165,0.7198777341613425,1.655146007740314,2.1195596405433172
score_floor_off,2015-07-03,CASH,518880.SH,True,CASH,518880.SH,CASH,518880.SH,,,-0.21560563749674821,0.6546837054427488,1.655146007740314,2.103185360058433
score_floor_off,2015-07-06,CASH,518880.SH,True,CASH,518880.SH,CASH,518880.SH,,,-0.2278548677170671,0.6967703263486914,1.655146007740314,2.1195596405433172
score_floor_off,2015-07-07,CASH,518880.SH,True,CASH,518880.SH,CASH,518880.SH,,,-0.2589626254599733,0.7353735506537742,1.655146007740314,2.1040950423075935
score_floor_off,2015-07-08,CASH,518880.SH,True,CASH,518880.SH,CASH,518880.SH,,,-0.37938487396405496,0.5539973445384612,1.655146007740314,2.0340495091222563
score_floor_off,2015-07-09,CASH,518880.SH,True,CASH,518880.SH,CASH,518880.SH,,,-0.37637032525041614,0.5605218029460743,1.655146007740314,2.1059144068059137
score_floor_off,2015-07-10,CASH,518880.SH,True,CASH,518880.SH,CASH,518880.SH,,,-0.38491642821623817,0.5925255817039098,1.655146007740314,2.093178855317671
score_floor_off,2015-07-13,CASH,518880.SH,True,CASH,518880.SH,CASH,518880.SH,,,-0.3757334532701606,0.5841308332257097,1.655146007740314,2.101365995560113
score_floor_off,2015-07-14,CASH,518880.SH,True,CASH,518880.SH,CASH,518880.SH,,,-0.3630583729925101,0.5672373220966039,1.655146007740314,2.100456313310953
score_floor_off,2015-07-15,CASH,518880.SH,True,CASH,518880.SH,CASH,518880.SH,,,-0.34851213539020365,0.5464090608160042,1.655146007740314,2.0986369488126324
score_floor_off,2015-07-16,CASH,518880.SH,True,CASH,518880.SH,CASH,518880.SH,,,-0.33945040012639727,0.5406693547228119,1.655146007740314,2.0913594908193507
score_floor_off,2015-07-17,CASH,518880.SH,True,CASH,518880.SH,CASH,518880.SH,,,-0.3257708192763673,0.5246182600117517,1.655146007740314,2.0913594908193507
score_floor_off,2015-07-20,CASH,518880.SH,True,CASH,518880.SH,CASH,518880.SH,,,-0.37784059572964124,0.5678639292743519,1.655146007740314,2.040417284866378
score_floor_off,2015-07-21,CASH,513030.SH,True,CASH,518880.SH,CASH,513030.SH,,513030.SH,-0.4147264089663575,0.28127030776982775,1.655146007740314,2.020902781257393
score_floor_off,2015-07-22,CASH,513030.SH,True,CASH,513030.SH,CASH,513030.SH,,,-0.41007248522463813,0.29253515839626576,1.655146007740314,1.9824500856309313
score_floor_off,2015-07-23,CASH,513030.SH,True,CASH,513030.SH,CASH,513030.SH,,,-0.39848573907664686,0.2962298098893963,1.655146007740314,1.9824500856309313
score_floor_off,2015-07-24,CASH,513030.SH,True,CASH,513030.SH,CASH,513030.SH,,,-0.39159275822961626,0.3084567480806736,1.655146007740314,1.9739050421583841
score_floor_off,2015-07-27,CASH,513030.SH,True,CASH,513030.SH,CASH,513030.SH,,,-0.4327959664815507,0.36861670300665905,1.655146007740314,1.9290435639275119
score_floor_off,2015-07-28,CASH,513030.SH,True,CASH,513030.SH,CASH,513030.SH,,,-0.47190500261136226,0.42275242793817747,1.655146007740314,1.9140897378505544
score_floor_off,2015-07-29,CASH,513030.SH,True,CASH,513030.SH,CASH,513030.SH,,,-0.4558923393919475,0.42660295366410683,1.655146007740314,1.9482699117407427
score_floor_off,2015-07-30,CASH,513030.SH,True,CASH,513030.SH,CASH,513030.SH,,,-0.44206701357618305,0.43349446385890733,1.655146007740314,1.946133650872606
score_floor_off,2015-07-31,CASH,513030.SH,True,CASH,513030.SH,CASH,513030.SH,,,-0.4337175985888767,0.4486374463585465,1.655146007740314,1.9418611291363324
score_floor_off,2015-08-03,CASH,513030.SH,True,CASH,513030.SH,CASH,513030.SH,,,-0.4272930472457471,0.46445931897959225,1.655146007740314,1.9418611291363324
score_floor_off,2015-08-04,CASH,513030.SH,True,CASH,513030.SH,CASH,513030.SH,,,-0.3843171292101253,0.40135332649141564,1.655146007740314,1.9674962595539736
score_floor_off,2015-08-05,CASH,513030.SH,True,CASH,513030.SH,CASH,513030.SH,,,-0.346434215622232,0.3510906536889692,1.655146007740314,1.9653599986858368
score_floor_off,2015-08-06,CASH,518880.SH,True,CASH,513030.SH,CASH,518880.SH,,518880.SH,-0.5518990767298663,0.7974583035427633,1.655146007740314,1.9934091038844726
score_floor_off,2015-08-07,CASH,518880.SH,True,CASH,518880.SH,CASH,518880.SH,,,-0.5189632618266484,0.7528367049640543,1.655146007740314,2.002565783277603
score_floor_off,2015-08-10,CASH,518880.SH,True,CASH,518880.SH,CASH,518880.SH,,,-0.4726579984333652,0.6749311657039645,1.655146007740314,2.009891126792107
score_floor_off,2015-08-11,CASH,518880.SH,True,CASH,518880.SH,CASH,518880.SH,,,-0.35734324427711883,0.3463059343664532,1.655146007740314,2.061168531393637
score_floor_off,2015-08-12,CASH,CASH,False,CASH,518880.SH,CASH,CASH,,CASH,,,1.655146007740314,2.128628535486646
score_floor_off,2015-09-09,CASH,513030.SH,True,518880.SH,518880.SH,CASH,513030.SH,CASH,513030.SH,-0.6349267428346067,0.4387801730341486,1.637231640385324,2.1034817630038316
score_floor_off,2015-09-10,CASH,513030.SH,True,CASH,513030.SH,CASH,513030.SH,,,-0.6033080948309277,0.4070906733489147,1.637231640385324,2.0798205508215615
score_floor_off,2015-09-11,CASH,513030.SH,True,CASH,513030.SH,CASH,513030.SH,,,-0.5646959986504225,0.3686576092271636,1.637231640385324,2.077454429603334
score_floor_off,2015-09-14,CASH,513030.SH,True,CASH,513030.SH,CASH,513030.SH,,,-0.5227183409480664,0.3312231935159362,1.637231640385324,2.070356065948653
score_floor_off,2015-09-15,CASH,513030.SH,True,CASH,513030.SH,CASH,513030.SH,,,-0.5029549433563365,0.3288448419379998,1.637231640385324,2.0419626113299287
score_floor_off,2015-09-16,CASH,518880.SH,True,CASH,513030.SH,CASH,518880.SH,,518880.SH,-0.31581803348865867,0.4182406156507634,1.637231640385324,2.08274507664729
score_floor_off,2015-09-17,CASH,518880.SH,True,CASH,518880.SH,CASH,518880.SH,,,-0.3183184178766568,0.4624575715860638,1.637231640385324,2.1083563468036903
score_floor_off,2015-09-18,CASH,518880.SH,True,CASH,518880.SH,CASH,518880.SH,,,-0.29316320744936253,0.41149755743435834,1.637231640385324,2.120247293662019
score_floor_off,2015-09-21,CASH,CASH,False,CASH,518880.SH,CASH,CASH,,CASH,,,1.637231640385324,2.144626478786253
score_floor_off,2015-09-24,CASH,513030.SH,True,CASH,CASH,CASH,513030.SH,,513030.SH,-0.44733222730641187,0.33439575038603686,1.637231640385324,2.142481852307467
score_floor_off,2015-09-25,CASH,513030.SH,True,CASH,513030.SH,CASH,513030.SH,,,-0.5229544270073897,0.42909127182343465,1.637231640385324,2.121806514770121
score_floor_off,2015-09-28,CASH,513030.SH,True,CASH,513030.SH,CASH,513030.SH,,,-0.5614477009754122,0.5087845827891905,1.637231640385324,2.1450662694996354
score_floor_off,2015-09-29,CASH,513030.SH,True,CASH,513030.SH,CASH,513030.SH,,,-0.6231442909094687,0.6101195034709219,1.637231640385324,2.1088844288092803
score_floor_off,2015-10-12,CASH,518880.SH,True,159915.SZ,159915.SZ,CASH,518880.SH,CASH,518880.SH,0.3531803547426302,0.374364515041098,1.8746194148973385,2.4216398879011836
score_floor_off,2015-10-13,CASH,518880.SH,True,CASH,518880.SH,CASH,518880.SH,,,0.4081676236232481,0.4708703227544818,1.8746194148973385,2.407364958035661
score_floor_off,2015-10-14,518880.SH,518880.SH,False,CASH,518880.SH,518880.SH,518880.SH,518880.SH,,0.5445585695207551,0.5850038381189551,1.8727447954824412,2.4440719205470045
score_floor_off,2015-11-17,CASH,518880.SH,True,159941.SZ,159941.SZ,CASH,518880.SH,CASH,518880.SH,-0.6630530306803937,0.8989316393262378,2.1656033375656283,2.8234451018874687
score_floor_off,2015-11-30,CASH,518880.SH,True,159915.SZ,159915.SZ,CASH,518880.SH,CASH,518880.SH,-0.4848894576866203,0.7929010034261009,2.164710344659962,2.798918786163651
score_floor_off,2015-12-01,CASH,518880.SH,True,CASH,518880.SH,CASH,518880.SH,,,-0.4318494709730628,0.740153195405663,2.164710344659962,2.841229514493198
score_floor_off,2015-12-02,CASH,513030.SH,True,CASH,518880.SH,CASH,513030.SH,,513030.SH,0.2978554390640369,0.277403158864196,2.164710344659962,2.8253104234950266
score_floor_off,2015-12-03,CASH,513030.SH,True,CASH,513030.SH,CASH,513030.SH,,,0.3883849218474913,0.4012390094013203,2.164710344659962,2.8253104234950266
score_floor_off,2015-12-04,CASH,513030.SH,True,CASH,513030.SH,CASH,513030.SH,,,0.4152668386569538,0.4641163734833549,2.164710344659962,2.803766662095827
score_floor_off,2015-12-07,CASH,513030.SH,True,CASH,513030.SH,CASH,513030.SH,,,0.45005611348930596,0.5382662454067144,2.164710344659962,2.812999702695484
score_floor_off,2015-12-08,CASH,513030.SH,True,CASH,513030.SH,CASH,513030.SH,,,0.49469979863526725,0.6245972245368903,2.164710344659962,2.822232743295141
score_floor_off,2015-12-09,CASH,513030.SH,True,CASH,513030.SH,CASH,513030.SH,,,0.40116262079379417,0.4671468077227571,2.164710344659962,2.769912179897085
score_floor_off,2015-12-10,CASH,159941.SZ,True,CASH,513030.SH,CASH,159941.SZ,,159941.SZ,0.2149414567701442,0.2524244716575633,2.164710344659962,2.7459432065003755
score_floor_off,2015-12-11,CASH,159941.SZ,True,CASH,159941.SZ,CASH,159941.SZ,,,0.2036668986165937,0.2530113713583937,2.164710344659962,2.7679989752272864
score_floor_off,2015-12-14,CASH,159915.SZ,True,CASH,159941.SZ,CASH,159915.SZ,,159915.SZ,-0.43897995158981795,0.28328275327781816,2.164710344659962,2.7184396628979184
score_floor_off,2015-12-15,CASH,CASH,False,CASH,159915.SZ,CASH,CASH,,CASH,,,2.164710344659962,2.7391051241787268
score_floor_off,2015-12-22,CASH,518880.SH,True,CASH,CASH,CASH,518880.SH,,518880.SH,0.1944675251038146,0.33360286091460656,2.164710344659962,2.736366019054548
score_floor_off,2015-12-23,CASH,518880.SH,True,CASH,518880.SH,CASH,518880.SH,,,0.21876003723626614,0.406743689902787,2.164710344659962,2.730282501893466
score_floor_off,2015-12-28,CASH,518880.SH,True,159915.SZ,159915.SZ,CASH,518880.SH,CASH,518880.SH,0.2580648909025667,0.5676679932345225,2.1002809676925294,2.6448971521008255
score_floor_off,2015-12-29,CASH,518880.SH,True,CASH,518880.SH,CASH,518880.SH,,,0.25810148530529076,0.5975988280414224,2.1002809676925294,2.6496117637801495
score_floor_off,2015-12-30,CASH,518880.SH,True,CASH,518880.SH,CASH,518880.SH,,,0.2446245709065369,0.5996289892847892,2.1002809676925294,2.646075805020656
score_floor_off,2015-12-31,CASH,518880.SH,True,CASH,518880.SH,CASH,518880.SH,,,0.1938347405272811,0.46023655106975825,2.1002809676925294,2.6307533170628528
score_floor_off,2016-01-04,CASH,518880.SH,True,CASH,518880.SH,CASH,518880.SH,,,0.18777801243278103,0.47815471883771987,2.1002809676925294,2.653147722539642
score_floor_off,2016-01-05,CASH,518880.SH,True,CASH,518880.SH,CASH,518880.SH,,,0.2209690502591133,0.5278100989562372,2.1002809676925294,2.675542128016432
score_floor_off,2016-01-06,CASH,518880.SH,True,CASH,518880.SH,CASH,518880.SH,,,0.29523268258883406,0.5528556254166295,2.1002809676925294,2.697936533493222
score_floor_off,2016-01-07,CASH,518880.SH,True,CASH,518880.SH,CASH,518880.SH,,,0.4866416250373822,0.49814004139805623,2.1002809676925294,2.756869179484773
score_floor_off,2016-01-08,518880.SH,518880.SH,False,CASH,518880.SH,518880.SH,518880.SH,518880.SH,,0.658831065743744,0.556781840952685,2.0981806867248367,2.755690526564942
score_floor_off,2016-04-05,CASH,513030.SH,True,513030.SH,513030.SH,CASH,513030.SH,CASH,,0.4392255056190173,0.5288666046441105,2.266847124202589,2.9801923957388703
score_floor_off,2016-04-06,CASH,513030.SH,True,CASH,513030.SH,CASH,513030.SH,,,0.2946768767386445,0.31441500898969454,2.266847124202589,2.9524050540536595
score_floor_off,2016-04-20,CASH,159941.SZ,True,159915.SZ,159915.SZ,CASH,159941.SZ,CASH,159941.SZ,0.30649538962548384,0.5252680136724885,2.1410260440590467,2.782952309659231
score_floor_off,2016-05-19,CASH,518880.SH,True,518880.SH,518880.SH,CASH,518880.SH,CASH,,0.47584395657655576,0.45669151400852415,2.0422934494562854,2.67673666226009
score_floor_off,2016-05-20,CASH,518880.SH,True,CASH,518880.SH,CASH,518880.SH,,,0.32357198989260905,0.2740984325871455,2.0422934494562854,2.674708831455347
score_floor_off,2016-05-23,CASH,159941.SZ,True,CASH,518880.SH,CASH,159941.SZ,,159941.SZ,-0.21259466500760238,0.29389245243919093,2.0422934494562854,2.6663237510777367
score_floor_off,2016-05-24,CASH,513030.SH,True,CASH,159941.SZ,CASH,513030.SH,,513030.SH,-0.40837197941508996,0.7942078157676628,2.0422934494562854,2.649763293011971
score_floor_off,2016-05-25,CASH,513030.SH,True,CASH,513030.SH,CASH,513030.SH,,,-0.3797838626022797,0.7295162128352095,2.0422934494562854,2.683655614201659
score_floor_off,2016-05-26,CASH,513030.SH,True,CASH,513030.SH,CASH,513030.SH,,,-0.30842284312076684,0.47392862900019117,2.0422934494562854,2.7175479353913476
score_floor_off,2016-05-27,CASH,518880.SH,True,CASH,513030.SH,CASH,518880.SH,,518880.SH,-0.29106372700266214,0.30293798365964175,2.0422934494562854,2.7643871232754966
score_floor_off,2016-05-30,CASH,159941.SZ,True,CASH,518880.SH,CASH,159941.SZ,,159941.SZ,0.4617567401828835,0.36574637656833986,2.0422934494562854,2.731055900550359
score_floor_off,2016-05-31,159941.SZ,159941.SZ,False,CASH,159941.SZ,159941.SZ,159941.SZ,159941.SZ,,0.6670563103821887,0.5217475149780133,2.0402511560068293,2.742248752601795
score_floor_off,2016-09-01,CASH,159915.SZ,True,159915.SZ,159915.SZ,CASH,159915.SZ,CASH,,0.4491186518963519,0.43332014426303544,2.006890409448654,2.7001095464759453
score_floor_off,2016-09-02,CASH,159915.SZ,True,CASH,159915.SZ,CASH,159915.SZ,,,0.3395522886526945,0.3160039059498314,2.006890409448654,2.696222632541479
score_floor_off,2016-09-05,CASH,159941.SZ,True,CASH,159915.SZ,CASH,159941.SZ,,159941.SZ,0.15618036177766115,0.4992622182908011,2.006890409448654,2.69988151419179
score_floor_off,2016-09-06,CASH,159915.SZ,True,CASH,159941.SZ,CASH,159915.SZ,,159915.SZ,0.2919492142160507,0.2809528794568428,2.006890409448654,2.6944817511634063
score_floor_off,2016-09-07,CASH,159915.SZ,True,CASH,159915.SZ,CASH,159915.SZ,,,0.2764292294911377,0.2854765162824964,2.006890409448654,2.676754897537331
score_floor_off,2016-09-08,CASH,159915.SZ,True,CASH,159915.SZ,CASH,159915.SZ,,,0.29660054247620704,0.32749116962151115,2.006890409448654,2.6944817511634063
score_floor_off,2016-09-09,CASH,159915.SZ,True,CASH,159915.SZ,CASH,159915.SZ,,,0.25759387051590266,0.30097428552878347,2.006890409448654,2.6704238783851615
score_floor_off,2016-09-12,CASH,CASH,False,CASH,159915.SZ,CASH,CASH,,CASH,,,2.006890409448654,2.605771510803205
score_floor_off,2016-09-22,CASH,159915.SZ,True,CASH,CASH,CASH,159915.SZ,,159915.SZ,-0.2117915165850267,0.2600991361553108,2.006890409448654,2.6031657392924017
score_floor_off,2016-09-23,CASH,159915.SZ,True,CASH,159915.SZ,CASH,159915.SZ,,,-0.22225177943077168,0.29715322658927645,2.006890409448654,2.594371260443441
score_floor_off,2016-09-26,CASH,159915.SZ,True,CASH,159915.SZ,CASH,159915.SZ,,,-0.28104063076406816,0.4023996715558701,2.006890409448654,2.552911574441197
score_floor_off,2016-09-27,CASH,159915.SZ,True,CASH,159915.SZ,CASH,159915.SZ,,,-0.3006705870071881,0.4651694953713744,2.006890409448654,2.574269594502959
score_floor_off,2016-09-28,CASH,159941.SZ,True,CASH,159915.SZ,CASH,159941.SZ,,159941.SZ,0.2678016683505344,0.2957666289036551,2.006890409448654,2.5703748967269906
score_floor_off,2016-09-29,CASH,159941.SZ,True,CASH,159941.SZ,CASH,159941.SZ,,,0.3163516642176767,0.37419338448108896,2.006890409448654,2.5703748967269906
score_floor_off,2016-09-30,CASH,159941.SZ,True,CASH,159941.SZ,CASH,159941.SZ,,,0.3333110809965445,0.4179079321893121,2.006890409448654,2.5608195997131356
score_floor_off,2016-10-10,CASH,159941.SZ,True,CASH,159941.SZ,CASH,159941.SZ,,,0.3592281624469318,0.47090588366369746,2.006890409448654,2.5703748967269906
score_floor_off,2016-10-11,CASH,159941.SZ,True,CASH,159941.SZ,CASH,159941.SZ,,,0.44268162541831235,0.555313588358646,2.006890409448654,2.5990407877685553
score_floor_off,2016-10-12,CASH,159941.SZ,True,CASH,159941.SZ,CASH,159941.SZ,,,0.4860347334156505,0.6181007781244096,2.006890409448654,2.5894854907547002
score_floor_off,2016-10-13,159941.SZ,159941.SZ,False,CASH,159941.SZ,159941.SZ,159941.SZ,159941.SZ,,0.5152712309424388,0.6696253239165487,2.0048835190392054,2.5894854907547002
score_floor_off,2016-10-18,CASH,159941.SZ,True,159941.SZ,159941.SZ,CASH,159941.SZ,CASH,,0.4968240796355321,0.7233919812555283,2.0028786355201667,2.5894854907547002
score_floor_off,2016-10-19,CASH,159941.SZ,True,CASH,159941.SZ,CASH,159941.SZ,,,0.47810512923544435,0.7318952623026063,2.0028786355201667,2.5894854907547002
score_floor_off,2016-10-20,CASH,159941.SZ,True,CASH,159941.SZ,CASH,159941.SZ,,,0.4719995975990632,0.7565140744664435,2.0028786355201667,2.5990407877685553
score_floor_off,2016-10-21,CASH,159941.SZ,True,CASH,159941.SZ,CASH,159941.SZ,,,0.47594076581747213,0.7892560182694661,2.0028786355201667,2.6085960847824103
score_floor_off,2016-10-24,CASH,159941.SZ,True,CASH,159941.SZ,CASH,159941.SZ,,,0.4624425430171004,0.810348212491148,2.0028786355201667,2.6085960847824103
score_floor_off,2016-10-25,159941.SZ,159941.SZ,False,CASH,159941.SZ,159941.SZ,159941.SZ,159941.SZ,,0.5026902777396673,0.8219088822182092,2.0008757568846467,2.637261975823975
score_floor_off,2016-10-26,CASH,159941.SZ,True,159941.SZ,159941.SZ,CASH,159941.SZ,CASH,,0.49423431551153496,0.8405158686509658,1.9916325808338207,2.62770667881012
score_floor_off,2016-10-27,CASH,159941.SZ,True,CASH,159941.SZ,CASH,159941.SZ,,,0.4817816318497872,0.8537974565285608,1.9916325808338207,2.62770667881012
score_floor_off,2016-10-28,CASH,159941.SZ,True,CASH,159941.SZ,CASH,159941.SZ,,,0.44418632773870814,0.8375252545783778,1.9916325808338207,2.618151381796265
score_floor_off,2016-10-31,CASH,159941.SZ,True,CASH,159941.SZ,CASH,159941.SZ,,,0.3642534476657573,0.7042130765586943,1.9916325808338207,2.599040787768555
score_floor_off,2016-11-01,CASH,159941.SZ,True,CASH,159941.SZ,CASH,159941.SZ,,,0.31305947000095036,0.6346472174392812,1.9916325808338207,2.60859608478241
score_floor_off,2016-11-02,CASH,159941.SZ,True,CASH,159941.SZ,CASH,159941.SZ,,,0.1894272101646477,0.25528685186581823,1.9916325808338207,2.5703748967269897
score_floor_off,2016-11-03,CASH,CASH,False,CASH,159941.SZ,CASH,CASH,,CASH,,,1.9916325808338207,2.5582587801134213
score_floor_off,2016-11-04,CASH,518880.SH,True,CASH,CASH,CASH,518880.SH,,518880.SH,0.3111229641393356,0.2873111506541447,1.9916325808338207,2.555700521333308
score_floor_off,2016-11-07,CASH,518880.SH,True,CASH,518880.SH,CASH,518880.SH,,,0.35251534625595426,0.4039111973631506,1.9916325808338207,2.544763143923893
score_floor_off,2016-11-08,CASH,518880.SH,True,CASH,518880.SH,CASH,518880.SH,,,0.3880693771742638,0.5282666855890611,1.9916325808338207,2.550231832628601
score_floor_off,2016-11-09,518880.SH,518880.SH,False,CASH,518880.SH,518880.SH,518880.SH,518880.SH,,0.5519796826784615,0.6629543536974684,1.9896409482529869,2.611298856497835
score_floor_off,2016-11-11,CASH,518880.SH,True,518880.SH,518880.SH,CASH,518880.SH,CASH,,0.4317399975762566,0.5141465162605303,1.9210493786830047,2.5237998372225148
score_floor_off,2016-11-14,CASH,159941.SZ,True,CASH,518880.SH,CASH,159941.SZ,,159941.SZ,-0.22374458577701972,0.28143669831853824,1.9210493786830047,2.4405244685234635
score_floor_off,2016-11-15,CASH,159915.SZ,True,CASH,159941.SZ,CASH,159915.SZ,,159915.SZ,-0.2217644436256453,0.3455643209230461,1.9210493786830047,2.4356434195864165
score_floor_off,2016-11-16,CASH,CASH,False,CASH,159915.SZ,CASH,CASH,,CASH,,,1.9210493786830047,2.435537319274697
score_floor_off,2016-11-21,CASH,518880.SH,True,CASH,CASH,CASH,518880.SH,,518880.SH,-0.36682434583702594,0.3329839719374701,1.9210493786830047,2.4331017819554224
score_floor_off,2016-11-22,CASH,518880.SH,True,CASH,518880.SH,CASH,518880.SH,,,-0.3945170837808828,0.4044052960594239,1.9210493786830047,2.4384907117050467
score_floor_off,2016-11-23,CASH,518880.SH,True,CASH,518880.SH,CASH,518880.SH,,,-0.4095573444904401,0.45723810756564853,1.9210493786830047,2.4402870216215886
score_floor_off,2016-12-07,CASH,518880.SH,True,159941.SZ,159941.SZ,CASH,518880.SH,CASH,518880.SH,-0.5246076994892075,0.8519340106577645,1.9035148495394816,2.3838648521085886
score_floor_off,2016-12-08,CASH,518880.SH,True,CASH,518880.SH,CASH,518880.SH,,,-0.4903778686861767,0.8158026493887932,1.9035148495394816,2.4047839255914187
score_floor_off,2016-12-09,CASH,159915.SZ,True,CASH,518880.SH,CASH,159915.SZ,,159915.SZ,-0.2420759691964448,0.3440734912691067,1.9035148495394816,2.3990666518560677
score_floor_off,2016-12-12,CASH,513030.SH,True,CASH,159915.SZ,CASH,513030.SH,,513030.SH,0.48976669814228124,0.28280974986068397,1.9035148495394816,2.262244770137397
score_floor_off,2016-12-13,513030.SH,513030.SH,False,CASH,513030.SH,513030.SH,513030.SH,513030.SH,,0.6581580565847645,0.38916909014107526,1.9016113346899421,2.271759995248385
score_floor_off,2017-01-10,CASH,513030.SH,True,513030.SH,513030.SH,CASH,513030.SH,CASH,,0.463972294808884,0.7220319217547297,1.9503408219835792,2.3323069845937656
score_floor_off,2017-01-11,CASH,513030.SH,True,CASH,513030.SH,CASH,513030.SH,,,0.4177463327455768,0.7205099307804723,1.9503408219835792,2.337066794766406
score_floor_off,2017-01-12,CASH,513030.SH,True,CASH,513030.SH,CASH,513030.SH,,,0.405106248704435,0.7370038960516719,1.9503408219835792,2.346586415111687
score_floor_off,2017-01-13,CASH,518880.SH,True,CASH,513030.SH,CASH,518880.SH,,518880.SH,0.42058258482843214,0.63048845139555,1.9503408219835792,2.325267225348431
score_floor_off,2017-01-16,518880.SH,518880.SH,False,CASH,518880.SH,518880.SH,518880.SH,518880.SH,,0.5022368299837439,0.7369867857428276,1.9483904811615955,2.3427373021729876
score_floor_off,2017-01-24,CASH,518880.SH,True,518880.SH,518880.SH,CASH,518880.SH,CASH,,0.47948134518377183,0.7893523265837644,1.942813376864848,2.3383697829668484
score_floor_off,2017-01-25,CASH,518880.SH,True,CASH,518880.SH,CASH,518880.SH,,,0.368877531143065,0.6000688813687121,1.942813376864848,2.315658683094925
score_floor_off,2017-01-26,CASH,513030.SH,True,CASH,518880.SH,CASH,513030.SH,,513030.SH,0.35972038636278847,0.3320981487090868,1.942813376864848,2.3023097973932822
score_floor_off,2017-02-03,CASH,513030.SH,True,CASH,513030.SH,CASH,513030.SH,,,0.45115229751685426,0.40752235504934564,1.942813376864848,2.2708329056320458
score_floor_off,2017-02-06,513030.SH,513030.SH,False,CASH,513030.SH,513030.SH,513030.SH,513030.SH,,0.5059536280427757,0.4625347773364281,1.940870563487983,2.2640878573974947
score_floor_off,2017-02-07,CASH,513030.SH,True,513030.SH,513030.SH,CASH,513030.SH,CASH,,0.44228598971018585,0.4007111131978305,1.9081224684093099,2.228114266813225
score_floor_off,2017-02-08,CASH,513030.SH,True,CASH,513030.SH,CASH,513030.SH,,,0.40209472978841454,0.3671552845180186,1.9081224684093099,2.2348593150477756
score_floor_off,2017-03-17,CASH,513030.SH,True,159915.SZ,159915.SZ,CASH,513030.SH,CASH,513030.SH,0.4994040932375874,0.7107527205872624,1.9266864039921616,2.2520865805522092
score_floor_off,2017-03-20,513030.SH,513030.SH,False,CASH,513030.SH,513030.SH,513030.SH,513030.SH,,0.6176723002791151,0.7394807885042958,1.9247597175881694,2.269494013058893
score_floor_off,2017-04-21,CASH,518880.SH,True,518880.SH,518880.SH,CASH,518880.SH,CASH,,0.44761716819622643,0.6948205005128005,1.929702929196798,2.2776001792916776
score_floor_off,2017-04-24,CASH,518880.SH,True,CASH,518880.SH,CASH,518880.SH,,,0.336274975461879,0.4792073829876502,1.929702929196798,2.2598756642777347
score_floor_off,2017-04-25,CASH,518880.SH,True,CASH,518880.SH,CASH,518880.SH,,,0.245348182243734,0.3084913907326817,1.929702929196798,2.2614869838244567
score_floor_off,2017-04-26,CASH,159915.SZ,True,CASH,518880.SH,CASH,159915.SZ,,159915.SZ,-0.6187191090424983,0.8542876353239128,1.929702929196798,2.2465113799572216
score_floor_off,2017-04-27,CASH,159915.SZ,True,CASH,159915.SZ,CASH,159915.SZ,,,-0.5999773654716838,0.8301264686504775,1.929702929196798,2.273577782125381
score_floor_off,2017-04-28,CASH,159915.SZ,True,CASH,159915.SZ,CASH,159915.SZ,,,-0.5630300312414125,0.7556447039962717,1.929702929196798,2.290333173943765
score_floor_off,2017-05-26,CASH,159915.SZ,True,513030.SH,513030.SH,CASH,159915.SZ,CASH,159915.SZ,-0.3439619884873425,0.4479244940861511,1.9753167123855149,2.3345133380398213
score_floor_off,2017-05-31,CASH,159915.SZ,True,CASH,159915.SZ,CASH,159915.SZ,,,-0.347596193539327,0.4753007934410134,1.9753167123855149,2.3386598981429114
score_floor_off,2017-06-01,CASH,159915.SZ,True,CASH,159915.SZ,CASH,159915.SZ,,,-0.39596314491096185,0.5419461270875248,1.9753167123855149,2.2958121104109788
score_floor_off,2017-06-02,CASH,159915.SZ,True,CASH,159915.SZ,CASH,159915.SZ,,,-0.40115905745501024,0.571469627548679,1.9753167123855149,2.31930928432849
score_floor_off,2017-06-05,CASH,518880.SH,True,CASH,159915.SZ,CASH,518880.SH,,518880.SH,0.2117611941221038,0.3440465905651291,1.9753167123855149,2.329844311363742
score_floor_off,2017-06-06,CASH,518880.SH,True,CASH,518880.SH,CASH,518880.SH,,,0.2906363946273962,0.49035504522857,1.9753167123855149,2.3439645799174618
score_floor_off,2017-06-07,CASH,518880.SH,True,CASH,518880.SH,CASH,518880.SH,,,0.3535751184752436,0.6037123553889516,1.9753167123855149,2.3447951839500334
score_floor_off,2017-06-08,CASH,518880.SH,True,CASH,518880.SH,CASH,518880.SH,,,0.35805317327536024,0.6411365582570021,1.9753167123855149,2.3306749153963136
score_floor_off,2017-06-09,CASH,518880.SH,True,CASH,518880.SH,CASH,518880.SH,,,0.29513765085877575,0.5119810189681643,1.9753167123855149,2.3090792105494478
score_floor_off,2017-06-12,CASH,518880.SH,True,CASH,518880.SH,CASH,518880.SH,,,0.21132444338385215,0.309960833540453,1.9753167123855149,2.30077317022373
score_floor_off,2017-06-13,CASH,CASH,False,CASH,518880.SH,CASH,CASH,,CASH,,,1.9753167123855149,2.3026212641962025
score_floor_off,2017-06-19,CASH,159915.SZ,True,CASH,CASH,CASH,159915.SZ,,159915.SZ,0.3563247839563024,0.2785537372940161,1.9753167123855149,2.300318642932006
score_floor_off,2017-06-20,CASH,159915.SZ,True,CASH,159915.SZ,CASH,159915.SZ,,,0.4528185731911356,0.39333963178996445,1.9753167123855149,2.3029536012858802
score_floor_off,2017-06-21,159915.SZ,159915.SZ,False,CASH,159915.SZ,159915.SZ,159915.SZ,159915.SZ,,0.5577663349908177,0.5172778884592217,1.9733413956731294,2.309540997170565
score_floor_off,2017-06-29,CASH,159915.SZ,True,159915.SZ,159915.SZ,CASH,159915.SZ,CASH,,0.4527905905302152,0.5724886967574803,1.9589978040794807,2.2950487262242585
score_floor_off,2017-06-30,CASH,159915.SZ,True,CASH,159915.SZ,CASH,159915.SZ,,,0.42231904592935066,0.56671495081979,1.9589978040794807,2.3029536012858807
score_floor_off,2017-07-03,CASH,159915.SZ,True,CASH,159915.SZ,CASH,159915.SZ,,,0.43727179026514285,0.6007519330708632,1.9589978040794807,2.3240332681168727
score_floor_off,2017-07-04,CASH,159915.SZ,True,CASH,159915.SZ,CASH,159915.SZ,,,0.4027284859243996,0.5975019059437314,1.9589978040794807,2.3121759555244394
score_floor_off,2017-07-05,CASH,159915.SZ,True,CASH,159915.SZ,CASH,159915.SZ,,,0.3830405356459461,0.6144703993945604,1.9589978040794807,2.3200808305860616
score_floor_off,2017-07-06,CASH,159915.SZ,True,CASH,159915.SZ,CASH,159915.SZ,,,0.32927943365920265,0.590175807272175,1.9589978040794807,2.3095409971705654
score_floor_off,2017-07-07,CASH,159915.SZ,True,CASH,159915.SZ,CASH,159915.SZ,,,0.2760148592385332,0.5365559470317735,1.9589978040794807,2.3055885596397543
score_floor_off,2017-07-10,CASH,513030.SH,True,CASH,159915.SZ,CASH,513030.SH,,513030.SH,-0.23391249010994097,0.5872630808530784,1.9589978040794807,2.2562726790886485
score_floor_off,2017-07-11,CASH,513030.SH,True,CASH,513030.SH,CASH,513030.SH,,,-0.22108245158106477,0.5584255871501127,1.9589978040794807,2.2644847725521196
score_floor_off,2017-07-12,CASH,513030.SH,True,CASH,513030.SH,CASH,513030.SH,,,-0.19665583171771706,0.46634715463759047,1.9589978040794807,2.2726968660155906
score_floor_off,2017-07-13,CASH,159941.SZ,True,CASH,513030.SH,CASH,159941.SZ,,159941.SZ,-0.26648318274034954,0.2980879505698343,1.9589978040794807,2.3132276533045517
score_floor_off,2017-07-14,CASH,159915.SZ,True,CASH,159941.SZ,CASH,159915.SZ,,159915.SZ,-0.365589634320417,0.3690573444328423,1.9589978040794807,2.301431629060061
score_floor_off,2017-07-17,CASH,518880.SH,True,CASH,159915.SZ,CASH,518880.SH,,518880.SH,-0.3608165199525796,0.7478027664946055,1.9589978040794807,2.169687823290642
score_floor_off,2017-07-18,CASH,518880.SH,True,CASH,518880.SH,CASH,518880.SH,,,-0.3108559162967287,0.5898529749974017,1.9589978040794807,2.1801538498964965
score_floor_off,2017-07-19,CASH,518880.SH,True,CASH,518880.SH,CASH,518880.SH,,,-0.25855152038053875,0.4351297689482455,1.9589978040794807,2.1809589288661773
score_floor_off,2017-07-20,CASH,518880.SH,True,CASH,518880.SH,CASH,518880.SH,,,-0.20829203842195165,0.302349190314391,1.9589978040794807,2.1801538498964965
score_floor_off,2017-07-21,CASH,159915.SZ,True,CASH,518880.SH,CASH,159915.SZ,,159915.SZ,-0.7876432468531209,0.7333285450720133,1.9589978040794807,2.1886490431845718
score_floor_off,2017-07-24,CASH,159941.SZ,True,CASH,159915.SZ,CASH,159941.SZ,,159941.SZ,0.4200787157574457,0.30403626742241807,1.9589978040794807,2.195254883979903
score_floor_off,2017-07-25,159941.SZ,159941.SZ,False,CASH,159941.SZ,159941.SZ,159941.SZ,159941.SZ,,0.5342908181966051,0.43397546341472737,1.9570388062754012,2.2019887946669576
score_floor_off,2017-08-04,CASH,159941.SZ,True,159941.SZ,159941.SZ,CASH,159941.SZ,CASH,,0.40909038813717635,0.5105253496191902,1.9371452374923444,2.1817870626057934
score_floor_off,2017-08-07,CASH,518880.SH,True,CASH,159941.SZ,CASH,518880.SH,,518880.SH,0.34883762777229554,0.715962893281907,1.9371452374923444,2.190864374211943
score_floor_off,2017-08-08,CASH,518880.SH,True,CASH,518880.SH,CASH,518880.SH,,,0.2846801654348212,0.5753078147319464,1.9371452374923444,2.1868444395803617
score_floor_off,2017-08-09,CASH,518880.SH,True,CASH,518880.SH,CASH,518880.SH,,,0.23748785101046566,0.48537220949733917,1.9371452374923444,2.1924723480645754
score_floor_off,2017-08-10,CASH,518880.SH,True,CASH,518880.SH,CASH,518880.SH,,,0.23290300830085742,0.4997870334338388,1.9371452374923444,2.2101600604435347
score_floor_off,2017-11-23,CASH,159941.SZ,True,159941.SZ,159941.SZ,CASH,159941.SZ,CASH,,0.42288238988339844,0.5342986531349295,2.2216633505107573,2.5476836741234887
score_floor_off,2017-11-24,CASH,159941.SZ,True,CASH,159941.SZ,CASH,159941.SZ,,,0.3584056001784941,0.5083452963418937,2.2216633505107573,2.555068264483267
score_floor_off,2017-11-27,CASH,159941.SZ,True,CASH,159941.SZ,CASH,159941.SZ,,,0.2985063507059029,0.4842755751682227,2.2216633505107573,2.555068264483267
score_floor_off,2017-11-28,CASH,159941.SZ,True,CASH,159941.SZ,CASH,159941.SZ,,,0.24261026484134107,0.4677383760620689,2.2216633505107573,2.555068264483267
score_floor_off,2017-11-29,CASH,159941.SZ,True,CASH,159941.SZ,CASH,159941.SZ,,,0.23934320431831768,0.5338403441804868,2.2216633505107573,2.5772220355626017
score_floor_off,2017-11-30,CASH,159941.SZ,True,CASH,159941.SZ,CASH,159941.SZ,,,0.17651901152674077,0.46290553018737035,2.2216633505107573,2.5476836741234887
score_floor_off,2017-12-01,CASH,159941.SZ,True,CASH,159941.SZ,CASH,159941.SZ,,,0.15863187804113443,0.5004840295376807,2.2216633505107573,2.5624528548430456
score_floor_off,2017-12-04,CASH,159941.SZ,True,CASH,159941.SZ,CASH,159941.SZ,,,0.16532750532641804,0.5409211359285981,2.2216633505107573,2.569837445202824
score_floor_off,2017-12-05,CASH,159915.SZ,True,CASH,159941.SZ,CASH,159915.SZ,,159915.SZ,-0.6343520900261507,0.7624346526137823,2.2216633505107573,2.5057392008799493
score_floor_off,2017-12-06,CASH,518880.SH,True,CASH,159915.SZ,CASH,518880.SH,,518880.SH,-0.11944123965791553,0.27120974745898996,2.2216633505107573,2.5296290769350542
score_floor_off,2017-12-07,CASH,518880.SH,True,CASH,518880.SH,CASH,518880.SH,,,-0.1843974666772037,0.40941572043502517,2.2216633505107573,2.512676983344276
score_floor_off,2017-12-08,CASH,518880.SH,True,CASH,518880.SH,CASH,518880.SH,,,-0.2541829268515057,0.5153846077318962,2.2216633505107573,2.496666672730763
score_floor_off,2017-12-11,CASH,518880.SH,True,CASH,518880.SH,CASH,518880.SH,,,-0.3031579780177702,0.6131601557785895,2.2216633505107573,2.4985502386852945
score_floor_off,2017-12-12,CASH,518880.SH,True,CASH,518880.SH,CASH,518880.SH,,,-0.3416368913102822,0.6909474229298451,2.2216633505107573,2.4947831067762323
score_floor_off,2017-12-13,CASH,518880.SH,True,CASH,518880.SH,CASH,518880.SH,,,-0.3668820574938737,0.7523635930792578,2.2216633505107573,2.4957248897534976
score_floor_off,2017-12-14,CASH,518880.SH,True,CASH,518880.SH,CASH,518880.SH,,,-0.35777131496190184,0.7427738646527626,2.2216633505107573,2.518327681207869
score_floor_off,2017-12-15,CASH,159915.SZ,True,CASH,518880.SH,CASH,159915.SZ,,159915.SZ,-0.30427535383289406,0.27950327416065945,2.2216633505107573,2.5123511264341425
score_floor_off,2017-12-18,CASH,518880.SH,True,CASH,159915.SZ,CASH,518880.SH,,518880.SH,-0.32935829978784625,0.6923207422502259,2.2216633505107573,2.4983342194322677
score_floor_off,2017-12-19,CASH,159941.SZ,True,CASH,518880.SH,CASH,159941.SZ,,159941.SZ,0.2634817001552696,0.26959047900855604,2.2216633505107573,2.5045267995393723
score_floor_off,2017-12-20,CASH,159941.SZ,True,CASH,159941.SZ,CASH,159941.SZ,,,0.33286107431539036,0.36053789707505934,2.2216633505107573,2.4974518650773967
score_floor_off,2017-12-21,CASH,159941.SZ,True,CASH,159941.SZ,CASH,159941.SZ,,,0.3230830385420982,0.36177064956421645,2.2216633505107573,2.4691521272294943
score_floor_off,2017-12-22,CASH,159941.SZ,True,CASH,159941.SZ,CASH,159941.SZ,,,0.30975460324928505,0.35758017978532786,2.2216633505107573,2.4691521272294943
score_floor_off,2017-12-25,CASH,159941.SZ,True,CASH,159941.SZ,CASH,159941.SZ,,,0.2923334825264612,0.3464146761955924,2.2216633505107573,2.4691521272294943
score_floor_off,2017-12-26,CASH,159941.SZ,True,CASH,159941.SZ,CASH,159941.SZ,,,0.2902933973612498,0.36211592985333985,2.2216633505107573,2.47622706169147
score_floor_off,2017-12-27,CASH,159915.SZ,True,CASH,159941.SZ,CASH,159915.SZ,,159915.SZ,-0.21788148433828525,0.2962233278319276,2.2216633505107573,2.44303146919588
score_floor_off,2017-12-28,CASH,159915.SZ,True,CASH,159915.SZ,CASH,159915.SZ,,,-0.25441697343494896,0.3848488098788859,2.2216633505107573,2.4535230153826104
score_floor_off,2017-12-29,CASH,159915.SZ,True,CASH,159915.SZ,CASH,159915.SZ,,,-0.2702576868703124,0.4443423591563861,2.2216633505107573,2.464014561569341
score_floor_off,2018-01-02,CASH,159915.SZ,True,CASH,159915.SZ,CASH,159915.SZ,,,-0.24044416873194296,0.3629242201756231,2.2216633505107573,2.4954892001295335
score_floor_off,2018-01-03,CASH,518880.SH,True,CASH,159915.SZ,CASH,518880.SH,,518880.SH,0.2535020235434431,0.40431277070555505,2.2216633505107573,2.5263972951956424
score_floor_off,2018-01-04,CASH,518880.SH,True,CASH,518880.SH,CASH,518880.SH,,,0.311636347303893,0.5597050383394813,2.2216633505107573,2.513455633237084
score_floor_off,2018-01-05,CASH,518880.SH,True,CASH,518880.SH,CASH,518880.SH,,,0.3707851785155081,0.6872484294634167,2.2216633505107573,2.521775273067586
score_floor_off,2018-01-08,CASH,518880.SH,True,CASH,518880.SH,CASH,518880.SH,,,0.41505355311596825,0.7773756474573321,2.2216633505107573,2.523624081918809
score_floor_off,2018-01-09,CASH,518880.SH,True,CASH,518880.SH,CASH,518880.SH,,,0.45516913457939845,0.8453921048706198,2.2216633505107573,2.5291705084724767
score_floor_off,2018-01-10,CASH,518880.SH,True,CASH,518880.SH,CASH,518880.SH,,,0.4593245417159266,0.8752006629686829,2.2216633505107573,2.5226996774931973
score_floor_off,2018-01-11,CASH,518880.SH,True,CASH,518880.SH,CASH,518880.SH,,,0.45745481453217907,0.8889650151665417,2.2216633505107573,2.5273216996212535
score_floor_off,2018-01-12,518880.SH,518880.SH,False,CASH,518880.SH,518880.SH,518880.SH,518880.SH,,0.5333079334288917,0.8650751616405288,2.2194416871602467,2.5642978766457047
score_floor_off,2018-02-02,CASH,159941.SZ,True,159941.SZ,159941.SZ,CASH,159941.SZ,CASH,,0.4176786871121636,0.45089239269484604,2.2122604036501294,2.558559326765629
score_floor_off,2018-02-05,CASH,CASH,False,CASH,159941.SZ,CASH,CASH,,CASH,,,2.2122604036501294,2.4571499090296256
score_floor_off,2018-02-06,CASH,513030.SH,True,CASH,CASH,CASH,513030.SH,,513030.SH,-0.48750642659071164,0.28894487355715315,2.2122604036501294,2.454692759120596
score_floor_off,2018-02-07,CASH,518880.SH,True,CASH,513030.SH,CASH,518880.SH,,518880.SH,-0.23114838413662164,0.40979272363815,2.2122604036501294,2.481510447821072
score_floor_off,2018-02-08,CASH,518880.SH,True,CASH,518880.SH,CASH,518880.SH,,,-0.29537257851172105,0.5506443694021554,2.2122604036501294,2.47320490894774
score_floor_off,2018-02-09,CASH,518880.SH,True,CASH,518880.SH,CASH,518880.SH,,,-0.32812818519435505,0.6544875337118597,2.2122604036501294,2.4842789607788496
score_floor_off,2018-02-12,CASH,518880.SH,True,CASH,518880.SH,CASH,518880.SH,,,-0.3473346691130218,0.7299943891444847,2.2122604036501294,2.4861246360840346
score_floor_off,2018-02-13,CASH,518880.SH,True,CASH,518880.SH,CASH,518880.SH,,,-0.34251596939355444,0.7428164992998778,2.2122604036501294,2.499044363220329
score_floor_off,2018-02-14,CASH,518880.SH,True,CASH,518880.SH,CASH,518880.SH,,,-0.3079440749871244,0.6276244606042769,2.2122604036501294,2.519346791577363
score_floor_off,2018-02-22,CASH,518880.SH,True,CASH,518880.SH,CASH,518880.SH,,,-0.29816397159610053,0.6213818597007306,2.2122604036501294,2.4953530126099595
score_floor_off,2018-02-23,CASH,518880.SH,True,CASH,518880.SH,CASH,518880.SH,,,-0.2719502927135329,0.5593714346953622,2.2122604036501294,2.502735713830699
score_floor_off,2018-02-26,CASH,518880.SH,True,CASH,518880.SH,CASH,518880.SH,,,-0.22522931160234405,0.4113887396083873,2.2122604036501294,2.516578278619585
score_floor_off,2018-02-27,CASH,518880.SH,True,CASH,518880.SH,CASH,518880.SH,,,-0.1982940981007909,0.35128969204378857,2.2122604036501294,2.502735713830699
score_floor_off,2018-02-28,CASH,518880.SH,True,CASH,518880.SH,CASH,518880.SH,,,-0.19730650356662316,0.36544258502006655,2.2122604036501294,2.48427896077885
score_floor_off,2018-03-01,CASH,518880.SH,True,CASH,518880.SH,CASH,518880.SH,,,-0.19701259857690245,0.38262802726405354,2.2122604036501294,2.4815104478210728
score_floor_off,2018-03-02,CASH,518880.SH,True,CASH,518880.SH,CASH,518880.SH,,,-0.17794521512930916,0.34896027740422664,2.2122604036501294,2.4916616619995895
score_floor_off,2018-03-05,CASH,518880.SH,True,CASH,518880.SH,CASH,518880.SH,,,-0.14258566358893265,0.2572364853002158,2.2122604036501294,2.5008900385255135
score_floor_off,2018-03-06,CASH,513030.SH,True,CASH,518880.SH,CASH,513030.SH,,513030.SH,-0.5187338622378894,0.42253310954742695,2.2122604036501294,2.4949672664711753
score_floor_off,2018-03-27,CASH,513030.SH,True,CASH,CASH,CASH,513030.SH,,513030.SH,-0.21715056166676872,0.27807006952348967,2.132884687467209,2.3873372270147013
score_floor_off,2018-03-28,CASH,513030.SH,True,CASH,513030.SH,CASH,513030.SH,,,-0.2854555109892709,0.381304177867143,2.132884687467209,2.3451816440097946
score_floor_off,2018-03-29,CASH,513030.SH,True,CASH,513030.SH,CASH,513030.SH,,,-0.31131442147290533,0.44504560983220465,2.132884687467209,2.3629313631697553
score_floor_off,2018-03-30,CASH,513030.SH,True,CASH,513030.SH,CASH,513030.SH,,,-0.3300637345177896,0.49851962145058726,2.132884687467209,2.3607126482747605
score_floor_off,2018-04-02,CASH,513030.SH,True,CASH,513030.SH,CASH,513030.SH,,,-0.341126167205972,0.5410648936676494,2.132884687467209,2.3607126482747605
score_floor_off,2018-04-03,CASH,513030.SH,True,CASH,513030.SH,CASH,513030.SH,,,-0.3640332249198929,0.6020067728918925,2.132884687467209,2.3474003589047903
score_floor_off,2018-04-04,CASH,513030.SH,True,CASH,513030.SH,CASH,513030.SH,,,-0.3634021025570553,0.6240865671278986,2.132884687467209,2.3629313631697557
score_floor_off,2018-04-09,CASH,513030.SH,True,CASH,513030.SH,CASH,513030.SH,,,-0.32580750134064973,0.5178301500344435,2.132884687467209,2.391774656804692
score_floor_off,2018-04-10,CASH,513030.SH,True,CASH,513030.SH,CASH,513030.SH,,,-0.27426062296381326,0.3654025709878199,2.132884687467209,2.402868231279667
score_floor_off,2018-04-11,CASH,513030.SH,True,CASH,513030.SH,CASH,513030.SH,,,-0.23197614353954243,0.26905559562002934,2.132884687467209,2.3962120865946823
score_floor_off,2018-04-12,CASH,159941.SZ,True,CASH,513030.SH,CASH,159941.SZ,,159941.SZ,-0.6134762377229533,0.6892923019973092,2.132884687467209,2.375919720165057
score_floor_off,2018-04-13,CASH,159941.SZ,True,CASH,159941.SZ,CASH,159941.SZ,,,-0.5746591837009969,0.629442872153666,2.132884687467209,2.3690329963384915
score_floor_off,2018-04-16,CASH,159941.SZ,True,CASH,159941.SZ,CASH,159941.SZ,,,-0.5276721531067807,0.5591748348475936,2.132884687467209,2.3690329963384915
score_floor_off,2018-04-17,CASH,159941.SZ,True,CASH,159941.SZ,CASH,159941.SZ,,,-0.45108542568755494,0.42606426833142286,2.132884687467209,2.3896931678181876
score_floor_off,2018-04-18,CASH,CASH,False,CASH,159941.SZ,CASH,CASH,,CASH,,,2.132884687467209,2.4079429859585857
score_floor_off,2018-04-19,CASH,518880.SH,True,CASH,CASH,CASH,518880.SH,,518880.SH,0.13236983580740525,0.26176378074161777,2.132884687467209,2.405535042972627
score_floor_off,2018-04-20,CASH,513030.SH,True,CASH,518880.SH,CASH,513030.SH,,513030.SH,0.35637029230493456,0.320044082894673,2.132884687467209,2.39018677915053
score_floor_off,2018-04-23,CASH,513030.SH,True,CASH,513030.SH,CASH,513030.SH,,,0.38643001554860756,0.38967078512173514,2.132884687467209,2.3814315162232385
score_floor_off,2018-04-24,CASH,513030.SH,True,CASH,513030.SH,CASH,513030.SH,,,0.4115029860095176,0.460483512820005,2.132884687467209,2.383620331955061
score_floor_off,2018-04-25,CASH,513030.SH,True,CASH,513030.SH,CASH,513030.SH,,,0.3668020892769668,0.4117856254636081,2.132884687467209,2.3617321746368325
score_floor_off,2018-04-26,CASH,513030.SH,True,CASH,513030.SH,CASH,513030.SH,,,0.28871387017550565,0.28734852259642574,2.132884687467209,2.3507880959777183
score_floor_off,2018-04-27,CASH,159915.SZ,True,CASH,513030.SH,CASH,159915.SZ,,159915.SZ,-0.3431307132832465,0.3150791543125725,2.132884687467209,2.3591931483879183
score_floor_off,2018-05-02,CASH,159915.SZ,True,CASH,159915.SZ,CASH,159915.SZ,,,-0.3458238124429851,0.359135187000832,2.132884687467209,2.350900729588664
score_floor_off,2018-05-03,CASH,518880.SH,True,CASH,159915.SZ,CASH,518880.SH,,518880.SH,-0.12962762971578923,0.2913918022941123,2.132884687467209,2.3806815696363866
score_floor_off,2018-05-04,CASH,518880.SH,True,CASH,518880.SH,CASH,518880.SH,,,-0.14810465419023755,0.3759963731056738,2.132884687467209,2.383342540094251
score_floor_off,2018-05-07,CASH,518880.SH,True,CASH,518880.SH,CASH,518880.SH,,,-0.15458343308299738,0.43004987328140964,2.132884687467209,2.389551471162602
score_floor_off,2018-05-08,CASH,159941.SZ,True,CASH,518880.SH,CASH,159941.SZ,,159941.SZ,0.3176969104844556,0.29155472514757574,2.132884687467209,2.3830019358756442
score_floor_off,2018-05-09,CASH,159941.SZ,True,CASH,159941.SZ,CASH,159941.SZ,,,0.42269927548658903,0.37269324884803445,2.132884687467209,2.396465223648953
score_floor_off,2018-05-10,159941.SZ,159941.SZ,False,CASH,159941.SZ,159941.SZ,159941.SZ,159941.SZ,,0.5861715114957371,0.4524021904913439,2.130751802779742,2.4233917991955707
score_floor_off,2018-07-02,CASH,159941.SZ,True,159941.SZ,159941.SZ,CASH,159941.SZ,CASH,,0.4744190222680298,0.3292349217553133,2.3000933023056613,2.618609471908545
score_floor_off,2018-07-03,CASH,159941.SZ,True,CASH,159941.SZ,CASH,159941.SZ,,,0.4352159233505153,0.3235836871594574,2.3000933023056613,2.6455360474551624
score_floor_off,2018-07-04,CASH,159941.SZ,True,CASH,159941.SZ,CASH,159941.SZ,,,0.39057400659014707,0.3136209724875437,2.3000933023056613,2.6455360474551624
score_floor_off,2018-07-05,CASH,159941.SZ,True,CASH,159941.SZ,CASH,159941.SZ,,,0.3473869146764421,0.3022901734261011,2.3000933023056613,2.6455360474551624
score_floor_off,2018-07-06,CASH,159941.SZ,True,CASH,159941.SZ,CASH,159941.SZ,,,0.38551285808771873,0.3490533500532118,2.3000933023056613,2.6791942668884343
score_floor_off,2018-07-09,CASH,159941.SZ,True,CASH,159941.SZ,CASH,159941.SZ,,,0.48176187617497224,0.41280039879806685,2.3000933023056613,2.706120842435052
score_floor_off,2018-07-10,159941.SZ,159941.SZ,False,CASH,159941.SZ,159941.SZ,159941.SZ,159941.SZ,,0.6414690956458657,0.4800256810708915,2.2977932090033555,2.7330474179816693
score_floor_off,2018-08-10,CASH,159941.SZ,True,159941.SZ,159941.SZ,CASH,159941.SZ,CASH,,0.47530255356722395,0.3856747304004643,2.274159852167468,2.7076450117383697
score_floor_off,2018-08-13,CASH,159941.SZ,True,CASH,159941.SZ,CASH,159941.SZ,,,0.4225151874373245,0.3459101550997171,2.274159852167468,2.69472069187327
score_floor_off,2018-08-14,CASH,159941.SZ,True,CASH,159941.SZ,CASH,159941.SZ,,,0.40508171394583603,0.34348027219947574,2.274159852167468,2.7076450117383697
score_floor_off,2018-08-15,CASH,159941.SZ,True,CASH,159941.SZ,CASH,159941.SZ,,,0.44286256066850305,0.3933954542044453,2.274159852167468,2.733493651468569
score_floor_off,2018-08-16,CASH,159941.SZ,True,CASH,159941.SZ,CASH,159941.SZ,,,0.42381930368252396,0.3915695987005643,2.274159852167468,2.7141071716709195
score_floor_off,2018-08-17,CASH,159941.SZ,True,CASH,159941.SZ,CASH,159941.SZ,,,0.45825466540771953,0.4425875877109776,2.274159852167468,2.739955811401119
score_floor_off,2018-08-20,CASH,159941.SZ,True,CASH,159941.SZ,CASH,159941.SZ,,,0.44478319582505343,0.4506676970330925,2.274159852167468,2.727031491536019
score_floor_off,2018-08-21,CASH,159941.SZ,True,CASH,159941.SZ,CASH,159941.SZ,,,0.3726176103691514,0.3778323785973664,2.274159852167468,2.7076450117383697
score_floor_off,2018-08-22,CASH,159941.SZ,True,CASH,159941.SZ,CASH,159941.SZ,,,0.29554089277921447,0.28564121656809427,2.274159852167468,2.70118285180582
score_floor_off,2018-08-23,CASH,518880.SH,True,CASH,159941.SZ,CASH,518880.SH,,518880.SH,-0.2595245067549051,0.6485593450555935,2.274159852167468,2.702229721714893
score_floor_off,2018-08-24,CASH,518880.SH,True,CASH,518880.SH,CASH,518880.SH,,,-0.24925281435874613,0.6295153162030931,2.274159852167468,2.703258358837739
score_floor_off,2018-08-27,CASH,518880.SH,True,CASH,518880.SH,CASH,518880.SH,,,-0.21826319068803957,0.5115079763718389,2.274159852167468,2.716630641434729
score_floor_off,2018-08-28,CASH,518880.SH,True,CASH,518880.SH,CASH,518880.SH,,,-0.17424066875569866,0.3351286697466487,2.274159852167468,2.7258883755403382
score_floor_off,2018-08-29,CASH,159941.SZ,True,CASH,518880.SH,CASH,159941.SZ,,159941.SZ,0.24306626186588431,0.26947305637205177,2.274159852167468,2.708117640606061
score_floor_off,2018-08-30,CASH,159941.SZ,True,CASH,159941.SZ,CASH,159941.SZ,,,0.35785749860386673,0.364588710745928,2.274159852167468,2.746170815883898
score_floor_off,2018-08-31,CASH,159941.SZ,True,CASH,159941.SZ,CASH,159941.SZ,,,0.45214495529577325,0.4454792153961883,2.274159852167468,2.746170815883898
score_floor_off,2018-09-03,159941.SZ,159941.SZ,False,CASH,159941.SZ,159941.SZ,159941.SZ,159941.SZ,,0.5338207348323498,0.5092834434270331,2.271885692315301,2.7525130117635377
score_floor_off,2018-09-07,CASH,159941.SZ,True,159941.SZ,159941.SZ,CASH,159941.SZ,CASH,,0.42042896341357827,0.3043082742051283,2.1964004580222447,2.6637222694485856
score_floor_off,2018-09-10,CASH,159915.SZ,True,CASH,159941.SZ,CASH,159915.SZ,,159915.SZ,-0.44724172432964593,0.45832341625561457,2.1964004580222447,2.6647243363975686
score_floor_off,2018-09-11,CASH,159915.SZ,True,CASH,159915.SZ,CASH,159915.SZ,,,-0.4899799171608634,0.5322081484786232,2.1964004580222447,2.6747647445980114
score_floor_off,2018-09-12,CASH,513030.SH,True,CASH,159915.SZ,CASH,513030.SH,,513030.SH,-0.28342874308852517,0.2597145277136551,2.1964004580222447,2.6453664293871144
score_floor_off,2018-09-13,CASH,159915.SZ,True,CASH,513030.SH,CASH,159915.SZ,,159915.SZ,-0.5529734554674759,0.6441748545670629,2.1964004580222447,2.667115577963919
score_floor_off,2018-09-14,CASH,518880.SH,True,CASH,159915.SZ,CASH,518880.SH,,518880.SH,0.10738570351521726,0.31396602181909405,2.1964004580222447,2.617619062019321
score_floor_off,2018-09-17,CASH,518880.SH,True,CASH,518880.SH,CASH,518880.SH,,,0.10547503726423324,0.3435628020432032,2.1964004580222447,2.6038213711803637
score_floor_off,2018-09-18,CASH,518880.SH,True,CASH,518880.SH,CASH,518880.SH,,,0.10378800531634513,0.3667852481330619,2.1964004580222447,2.6077635685629232
score_floor_off,2018-09-19,CASH,518880.SH,True,CASH,518880.SH,CASH,518880.SH,,,0.10089110644123234,0.3852968054320134,2.1964004580222447,2.609734667254203
score_floor_off,2018-09-20,CASH,518880.SH,True,CASH,518880.SH,CASH,518880.SH,,,0.09873816606978458,0.407946107841925,2.1964004580222447,2.612691315291122
score_floor_off,2018-09-21,CASH,518880.SH,True,CASH,518880.SH,CASH,518880.SH,,,0.10740281107636718,0.4640386111392265,2.1964004580222447,2.6186046113649613
score_floor_off,2018-09-25,CASH,518880.SH,True,CASH,518880.SH,CASH,518880.SH,,,0.10193049950026056,0.45954914889713594,2.1964004580222447,2.6107202165998427
score_floor_off,2018-09-26,CASH,518880.SH,True,CASH,518880.SH,CASH,518880.SH,,,0.10440572731816689,0.49484582451121917,2.1964004580222447,2.614662413982402
score_floor_off,2018-09-27,CASH,518880.SH,True,CASH,518880.SH,CASH,518880.SH,,,0.08555630509644274,0.3749897621518866,2.1964004580222447,2.603821371180364
score_floor_off,2018-09-28,CASH,CASH,False,CASH,518880.SH,CASH,CASH,,CASH,,,2.1964004580222447,2.582510837679595
score_floor_off,2018-10-09,CASH,159915.SZ,True,CASH,CASH,CASH,159915.SZ,,159915.SZ,-0.36960159429332673,0.2807198567771175,2.1964004580222447,2.5799283268419155
score_floor_off,2018-10-10,CASH,159915.SZ,True,CASH,159915.SZ,CASH,159915.SZ,,,-0.3956808174882047,0.32145918422865205,2.1964004580222447,2.577917470780464
score_floor_off,2018-10-11,CASH,159941.SZ,True,CASH,159915.SZ,CASH,159941.SZ,,159941.SZ,-0.37173496185738497,0.26349172183306246,2.1964004580222447,2.400173881796668
score_floor_off,2018-10-12,CASH,518880.SH,True,CASH,159941.SZ,CASH,518880.SH,,518880.SH,0.16998655978440635,0.3168435471272789,2.1964004580222447,2.4378231915982176
score_floor_off,2018-10-15,CASH,518880.SH,True,CASH,518880.SH,CASH,518880.SH,,,0.29630153609712484,0.3915974205297179,2.1964004580222447,2.4612811497705174
score_floor_off,2018-10-16,CASH,518880.SH,True,CASH,518880.SH,CASH,518880.SH,,,0.4043868214450159,0.47697106777246856,2.1964004580222447,2.460378920610044
score_floor_off,2018-10-17,CASH,518880.SH,True,CASH,518880.SH,CASH,518880.SH,,,0.4760284284131917,0.5475111203334164,2.1964004580222447,2.4531610873262597
score_floor_off,2018-10-18,518880.SH,518880.SH,False,CASH,518880.SH,518880.SH,518880.SH,518880.SH,,0.5388164292988102,0.6092645108447508,2.1942040575642223,2.455867774807679
score_floor_off,2018-11-02,CASH,518880.SH,True,518880.SH,518880.SH,CASH,518880.SH,CASH,,0.46344718668945895,0.5655724593934428,2.19925749813618,2.4639878372519366
score_floor_off,2018-11-05,CASH,518880.SH,True,CASH,518880.SH,CASH,518880.SH,,,0.3752642791314771,0.4743169102100996,2.19925749813618,2.4648900664124103
score_floor_off,2018-11-06,CASH,518880.SH,True,CASH,518880.SH,CASH,518880.SH,,,0.2959282932696117,0.38700260325633284,2.19925749813618,2.4666945247333563
score_floor_off,2018-11-07,CASH,518880.SH,True,CASH,518880.SH,CASH,518880.SH,,,0.224858767647105,0.3019245164296045,2.19925749813618,2.467596753893829
score_floor_off,2018-11-26,CASH,513030.SH,True,159915.SZ,159915.SZ,CASH,513030.SH,CASH,513030.SH,-0.28612930587741936,0.49422096938266036,2.1584247517014807,2.4072151070015773
score_floor_off,2018-11-27,CASH,513030.SH,True,CASH,513030.SH,CASH,513030.SH,,,-0.29249379776708306,0.5383681098051287,2.1584247517014807,2.4217895677906887
score_floor_off,2018-11-28,CASH,513030.SH,True,CASH,513030.SH,CASH,513030.SH,,,-0.28788756492344525,0.5510043800279485,2.1584247517014807,2.4290767981852444
score_floor_off,2018-11-29,CASH,513030.SH,True,CASH,513030.SH,CASH,513030.SH,,,-0.27534307968351923,0.5347061834651126,2.1584247517014807,2.4339349517816147
score_floor_off,2018-11-30,CASH,513030.SH,True,CASH,513030.SH,CASH,513030.SH,,,-0.2056509128856141,0.26032404712937574,2.1584247517014807,2.4728001805525786
score_floor_off,2018-12-03,CASH,CASH,False,CASH,513030.SH,CASH,CASH,,CASH,,,2.1584247517014807,2.482460618978961
score_floor_off,2018-12-07,CASH,518880.SH,True,CASH,CASH,CASH,518880.SH,,518880.SH,0.11495184803815772,0.3455335599914465,2.1584247517014807,2.479978158359982
score_floor_off,2018-12-10,CASH,518880.SH,True,CASH,518880.SH,CASH,518880.SH,,,0.1858363780054162,0.4595856609418434,2.1584247517014807,2.506245275449989
score_floor_off,2018-12-11,CASH,518880.SH,True,CASH,518880.SH,CASH,518880.SH,,,0.23670687392519407,0.5639722358422654,2.1584247517014807,2.5026222248168843
score_floor_off,2018-12-12,CASH,518880.SH,True,CASH,518880.SH,CASH,518880.SH,,,0.2485718069230145,0.6164014193968743,2.1584247517014807,2.4908473102592947
score_floor_off,2018-12-13,CASH,518880.SH,True,CASH,518880.SH,CASH,518880.SH,,,0.24587482473465072,0.631801291454493,2.1584247517014807,2.4890357849427427
score_floor_off,2018-12-14,CASH,518880.SH,True,CASH,518880.SH,CASH,518880.SH,,,0.22960516641162432,0.609708675415412,2.1584247517014807,2.486318496967914
score_floor_off,2018-12-17,CASH,518880.SH,True,CASH,518880.SH,CASH,518880.SH,,,0.21024851704338654,0.5781941589029144,2.1584247517014807,2.48722425962619
score_floor_off,2018-12-18,CASH,518880.SH,True,CASH,518880.SH,CASH,518880.SH,,,0.21795298095230997,0.608027771735578,2.1584247517014807,2.500810699500332
score_floor_off,2018-12-19,CASH,518880.SH,True,CASH,518880.SH,CASH,518880.SH,,,0.23934527863575106,0.6472136720558488,2.1584247517014807,2.508962563424817
score_floor_off,2018-12-20,CASH,518880.SH,True,CASH,518880.SH,CASH,518880.SH,,,0.25618741569355485,0.6850940802225949,2.1584247517014807,2.508962563424817
score_floor_off,2018-12-21,CASH,518880.SH,True,CASH,518880.SH,CASH,518880.SH,,,0.3030456658136591,0.7166632492721929,2.1584247517014807,2.5252662912737867
score_floor_off,2018-12-24,CASH,518880.SH,True,CASH,518880.SH,CASH,518880.SH,,,0.36068894864888135,0.7472093984962798,2.1584247517014807,2.5343239178565478
score_floor_off,2018-12-25,CASH,518880.SH,True,CASH,518880.SH,CASH,518880.SH,,,0.4536207324951207,0.7535140976099598,2.1584247517014807,2.554250696338622
score_floor_off,2018-12-26,518880.SH,518880.SH,False,CASH,518880.SH,518880.SH,518880.SH,518880.SH,,0.5252019115683648,0.7900406377557387,2.1562663269497793,2.553344933680346
score_floor_off,2019-01-11,CASH,518880.SH,True,518880.SH,518880.SH,CASH,518880.SH,CASH,,0.4334548273045875,0.5360891508602906,2.1434121035995166,2.5406642564644804
score_floor_off,2019-01-14,CASH,518880.SH,True,CASH,518880.SH,CASH,518880.SH,,,0.33517797119085113,0.3981924388691822,2.1434121035995166,2.5424757817810324
score_floor_off,2019-01-15,CASH,CASH,False,CASH,518880.SH,CASH,CASH,,CASH,,,2.1434121035995166,2.5345041646255444
score_floor_off,2019-03-08,CASH,513030.SH,True,513030.SH,513030.SH,CASH,513030.SH,CASH,,0.41609890484097933,0.5099055699582261,2.354998244365148,2.7874842992541327
score_floor_off,2019-03-11,CASH,513030.SH,True,CASH,513030.SH,CASH,513030.SH,,,0.3144750850123823,0.35500908036285495,2.354998244365148,2.7903639317946842
score_floor_off,2019-03-12,CASH,513030.SH,True,CASH,513030.SH,CASH,513030.SH,,,0.26361656661283495,0.2966130867550727,2.354998244365148,2.810521359578547
score_floor_off,2019-03-13,CASH,518880.SH,True,CASH,513030.SH,CASH,518880.SH,,518880.SH,-0.31131683318616066,0.49604048004851453,2.354998244365148,2.787657077206566
score_floor_off,2019-03-14,CASH,518880.SH,True,CASH,518880.SH,CASH,518880.SH,,,-0.2911978935121451,0.4577725732349688,2.354998244365148,2.782714422814356
score_floor_off,2019-03-15,CASH,518880.SH,True,CASH,518880.SH,CASH,518880.SH,,,-0.2714345408288581,0.4228748909759992,2.354998244365148,2.778760299300588
score_floor_off,2019-03-18,CASH,518880.SH,True,CASH,518880.SH,CASH,518880.SH,,,-0.25314116368377315,0.3943283222262004,2.354998244365148,2.77480617578682
score_floor_off,2019-03-19,CASH,159941.SZ,True,CASH,518880.SH,CASH,159941.SZ,,159941.SZ,0.4750005812288045,0.3311235254438316,2.354998244365148,2.7850414245022086
score_floor_off,2019-03-20,159941.SZ,159941.SZ,False,CASH,159941.SZ,159941.SZ,159941.SZ,159941.SZ,,0.59727154041851,0.4239412294245578,2.3526432461207825,2.7850414245022086
score_floor_off,2019-05-10,CASH,159915.SZ,True,159941.SZ,159941.SZ,CASH,159915.SZ,CASH,159915.SZ,-0.8854837642443255,0.7312360630268564,2.249759137373045,2.6605820745326287
score_floor_off,2019-05-13,CASH,159915.SZ,True,CASH,159915.SZ,CASH,159915.SZ,,,-0.8894135664643567,0.7528174714551247,2.249759137373045,2.6169957470317526
score_floor_off,2019-05-14,CASH,518880.SH,True,CASH,159915.SZ,CASH,518880.SH,,518880.SH,0.2639756304802703,0.29997107134663725,2.249759137373045,2.5936371076852414
score_floor_off,2019-05-15,CASH,518880.SH,True,CASH,518880.SH,CASH,518880.SH,,,0.36099947605466576,0.4463678497720478,2.249759137373045,2.5809320973606806
score_floor_off,2019-05-16,CASH,518880.SH,True,CASH,518880.SH,CASH,518880.SH,,,0.47601450852473626,0.5883572056440105,2.249759137373045,2.593637107685241
score_floor_off,2019-05-17,518880.SH,518880.SH,False,CASH,518880.SH,518880.SH,518880.SH,518880.SH,,0.5622280259333134,0.7037119180354368,2.247509378235672,2.5900071047353665
score_floor_off,2019-05-28,CASH,518880.SH,True,518880.SH,518880.SH,CASH,518880.SH,CASH,,0.46687551001025196,0.762395993359112,2.245261868857437,2.5900071047353665
score_floor_off,2019-05-29,CASH,518880.SH,True,CASH,518880.SH,CASH,518880.SH,,,0.4406529618947319,0.7562453595147823,2.245261868857437,2.5963596098976467
score_floor_off,2019-05-30,CASH,518880.SH,True,CASH,518880.SH,CASH,518880.SH,,,0.37794538673770095,0.6897524153205425,2.245261868857437,2.583654599573086
score_floor_off,2019-05-31,CASH,518880.SH,True,CASH,518880.SH,CASH,518880.SH,,,0.37837482200351036,0.7072913391605238,2.245261868857437,2.6117871224346128
score_floor_off,2019-06-03,CASH,518880.SH,True,CASH,518880.SH,CASH,518880.SH,,,0.4458805916978499,0.6944980757408263,2.245261868857437,2.644457148983482
score_floor_off,2019-06-04,518880.SH,518880.SH,False,CASH,518880.SH,518880.SH,518880.SH,518880.SH,,0.5656645410282757,0.6695232138951313,2.2430166069885793,2.6716821711075394
score_floor_off,2019-07-24,CASH,159941.SZ,True,159941.SZ,159941.SZ,CASH,159941.SZ,CASH,,0.4934439944251121,0.6383677936810592,2.2095923682731784,2.6345046911791874
score_floor_off,2019-07-25,159941.SZ,159941.SZ,False,CASH,159941.SZ,159941.SZ,159941.SZ,159941.SZ,,0.5318960695582098,0.6825655632716263,2.207382775904905,2.658619150595015
score_floor_off,2019-07-31,CASH,159941.SZ,True,159941.SZ,159941.SZ,CASH,159941.SZ,CASH,,0.4897828147562955,0.7251767328458403,2.195174597695309,2.646561920887101
score_floor_off,2019-08-05,CASH,518880.SH,True,159915.SZ,159915.SZ,CASH,518880.SH,CASH,518880.SH,0.454067329477009,0.3644214056703461,2.128646722646809,2.5378819932484435
score_floor_off,2019-08-06,518880.SH,518880.SH,False,CASH,518880.SH,518880.SH,518880.SH,518880.SH,,0.6911370598402782,0.45084614193713135,2.126518075924162,2.543283383930334
score_floor_off,2019-10-11,CASH,513520.SH,True,513520.SH,513520.SH,CASH,513520.SH,CASH,,0.4233222817842759,0.48823503636898014,2.2708279584974753,2.718594410373594
score_floor_off,2019-10-14,CASH,513520.SH,True,CASH,513520.SH,CASH,513520.SH,,,0.313063249174492,0.3682092072505252,2.2708279584974753,2.710849127153157
score_floor_off,2019-10-15,CASH,513520.SH,True,CASH,513520.SH,CASH,513520.SH,,,0.2914307656944848,0.37077096131953924,2.2708279584974753,2.7469937821818657
score_floor_off,2019-10-16,CASH,513520.SH,True,CASH,513520.SH,CASH,513520.SH,,,0.3311119706224728,0.4110705027271606,2.2708279584974753,2.777974915063616
score_floor_off,2019-10-17,CASH,513520.SH,True,CASH,513520.SH,CASH,513520.SH,,,0.3517884118421575,0.4448232889416348,2.2708279584974753,2.772811392916658
score_floor_off,2019-10-18,CASH,513520.SH,True,CASH,513520.SH,CASH,513520.SH,,,0.3565158218938991,0.4671553438428421,2.2708279584974753,2.767647870769699
score_floor_off,2019-10-21,CASH,513520.SH,True,CASH,513520.SH,CASH,513520.SH,,,0.38247627623382097,0.5042953029443071,2.2708279584974753,2.780556676137095
score_floor_off,2019-12-09,CASH,513520.SH,True,159941.SZ,159941.SZ,CASH,513520.SH,CASH,513520.SH,0.0985315785076144,0.26405665842970993,2.3723192680358594,2.9313180207003358
score_floor_off,2019-12-10,CASH,513520.SH,True,CASH,513520.SH,CASH,513520.SH,,,0.11286492069101794,0.32280450910763825,2.3723192680358594,2.9365807101450403
score_floor_off,2019-12-11,CASH,513520.SH,True,CASH,513520.SH,CASH,513520.SH,,,0.10886407159813904,0.3261146277979905,2.3723192680358594,2.9286866759779833
score_floor_off,2019-12-12,CASH,513520.SH,True,CASH,513520.SH,CASH,513520.SH,,,0.10389614833643646,0.32609913101323074,2.3723192680358594,2.9286866759779833
score_floor_off,2020-03-12,CASH,513520.SH,True,518880.SH,518880.SH,CASH,513520.SH,CASH,513520.SH,-0.8621379778495416,0.9196102297483333,3.0810345604653326,3.843750617694852
score_floor_off,2020-03-13,CASH,513520.SH,True,CASH,513520.SH,CASH,513520.SH,,,-0.9001159168680528,0.8771564924066678,3.0810345604653326,3.7100549440359005
score_floor_off,2020-03-16,CASH,159915.SZ,True,CASH,513520.SH,CASH,159915.SZ,,159915.SZ,-0.6608155999863591,0.3485846408359411,3.0810345604653326,3.419099734235607
score_floor_off,2020-03-17,CASH,159915.SZ,True,CASH,159915.SZ,CASH,159915.SZ,,,-0.772326572745097,0.4921389940613433,3.0810345604653326,3.4377629423919154
score_floor_off,2020-03-18,CASH,518880.SH,True,CASH,159915.SZ,CASH,518880.SH,,518880.SH,-0.6016931899016446,0.3385096246225695,3.0810345604653326,3.386185300331143
score_floor_off,2020-03-19,CASH,518880.SH,True,CASH,518880.SH,CASH,518880.SH,,,-0.688334568975709,0.46188177822437326,3.0810345604653326,3.371931964731432
score_floor_off,2020-03-20,CASH,518880.SH,True,CASH,518880.SH,CASH,518880.SH,,,-0.7297800321813885,0.5510649012672924,3.0810345604653326,3.406547208330729
score_floor_off,2020-03-23,CASH,518880.SH,True,CASH,518880.SH,CASH,518880.SH,,,-0.756819533928944,0.6215812365579537,3.0810345604653326,3.397384349730915
score_floor_off,2020-04-07,CASH,159915.SZ,True,159985.SZ,159985.SZ,CASH,159915.SZ,CASH,159915.SZ,-0.6294724683886537,0.3460514708802349,2.9658159461665066,3.44571100935484
score_floor_off,2020-04-08,CASH,CASH,False,CASH,159915.SZ,CASH,CASH,,CASH,,,2.9658159461665066,3.434995466669993
score_floor_off,2020-08-31,CASH,513030.SH,True,159941.SZ,159941.SZ,CASH,513030.SH,CASH,513030.SH,0.4832977954696125,0.7222469270374086,4.064191484883286,4.702417522064893
score_floor_off,2020-09-01,CASH,513030.SH,True,CASH,513030.SH,CASH,513030.SH,,,0.4375310849539158,0.6740650112263429,4.064191484883286,4.677404662904975
score_floor_off,2020-09-02,CASH,159985.SZ,True,CASH,513030.SH,CASH,159985.SZ,,159985.SZ,0.40301183932045936,0.5101877982580247,4.064191484883286,4.676370798059698
score_floor_off,2020-09-03,CASH,513030.SH,True,CASH,159985.SZ,CASH,513030.SH,,513030.SH,0.4675079223157961,0.6623063114332903,4.064191484883286,4.644318552297899
score_floor_off,2020-10-30,CASH,159941.SZ,True,159985.SZ,159985.SZ,CASH,159941.SZ,CASH,159941.SZ,-0.5771534519947392,0.2981608193661932,4.098163733890989,4.551419097743552
score_floor_off,2020-11-02,CASH,159941.SZ,True,CASH,159941.SZ,CASH,159941.SZ,,,-0.659376353249751,0.4202476098355047,4.098163733890989,4.566615822610809
score_floor_off,2020-11-03,CASH,159941.SZ,True,CASH,159941.SZ,CASH,159941.SZ,,,-0.6884448537927533,0.5033533874985473,4.098163733890989,4.665394534247982
score_floor_off,2020-11-04,CASH,159941.SZ,True,CASH,159941.SZ,CASH,159941.SZ,,,-0.6463456472916012,0.4296709312816793,4.098163733890989,4.878148682389583
score_floor_off,2020-11-05,CASH,159941.SZ,True,CASH,159941.SZ,CASH,159941.SZ,,,-0.6041462296871716,0.3707487267609568,4.098163733890989,4.862951957522326
score_floor_off,2020-11-06,CASH,159941.SZ,True,CASH,159941.SZ,CASH,159941.SZ,,,-0.5656101299200955,0.329748561527601,4.098163733890989,4.84015687022144
score_floor_off,2020-11-09,CASH,513520.SH,True,CASH,159941.SZ,CASH,513520.SH,,513520.SH,0.444214306616705,0.29096832901141123,4.098163733890989,4.936640876403656
score_floor_off,2020-11-10,513520.SH,513520.SH,False,CASH,513520.SH,513520.SH,513520.SH,513520.SH,,0.6485756064708468,0.41330595269726145,4.094065570157098,4.919573837937264
score_floor_off,2021-03-03,CASH,518880.SH,True,513520.SH,513520.SH,CASH,518880.SH,CASH,518880.SH,-0.5465100511924259,0.7468216497172433,4.866467743277885,5.841866006013292
score_floor_off,2021-03-04,CASH,159941.SZ,True,CASH,518880.SH,CASH,159941.SZ,,159941.SZ,-0.4469914517160396,0.33227506565165676,4.866467743277885,5.772685407393757
score_floor_off,2021-03-05,CASH,159941.SZ,True,CASH,159941.SZ,CASH,159941.SZ,,,-0.5500474978848375,0.4520164312574503,4.866467743277885,5.699843951149041
score_floor_off,2021-03-08,CASH,159941.SZ,True,CASH,159941.SZ,CASH,159941.SZ,,,-0.6151946788357032,0.5528235196588558,4.866467743277885,5.7089491331796305
score_floor_off,2021-03-09,CASH,159985.SZ,True,CASH,159941.SZ,CASH,159985.SZ,,159985.SZ,-0.416089399975888,0.3061105877119601,4.866467743277885,5.670270319913686
score_floor_off,2021-03-10,CASH,159985.SZ,True,CASH,159985.SZ,CASH,159985.SZ,,,-0.5137676964395365,0.41972737384706993,4.866467743277885,5.5180173332927325
score_floor_off,2021-07-30,CASH,159941.SZ,True,159941.SZ,159941.SZ,CASH,159941.SZ,CASH,,0.367355647663016,0.3712119049925209,4.552149933545004,5.058034253304878
score_floor_off,2021-08-02,CASH,159941.SZ,True,CASH,159941.SZ,CASH,159941.SZ,,,0.34920393973390595,0.3688504274032489,4.552149933545004,5.146652104104019
score_floor_off,2021-08-03,CASH,159941.SZ,True,CASH,159941.SZ,CASH,159941.SZ,,,0.3087395784229894,0.3330501624862885,4.552149933545004,5.126201830842678
score_floor_off,2021-08-04,CASH,159941.SZ,True,CASH,159941.SZ,CASH,159941.SZ,,,0.30846201360681036,0.3485750006929974,4.552149933545004,5.160285619611579
score_floor_off,2021-08-05,CASH,159941.SZ,True,CASH,159941.SZ,CASH,159941.SZ,,,0.2882422290813884,0.3386877169537489,4.552149933545004,5.146652104104018
score_floor_off,2021-08-06,CASH,159941.SZ,True,CASH,159941.SZ,CASH,159941.SZ,,,0.31296616589529935,0.38341646398371587,4.552149933545004,5.187552650626699
score_floor_off,2021-08-09,CASH,159941.SZ,True,CASH,159941.SZ,CASH,159941.SZ,,,0.30368635207576133,0.38781197265585743,4.552149933545004,5.160285619611578
score_floor_off,2021-08-10,CASH,159941.SZ,True,CASH,159941.SZ,CASH,159941.SZ,,,0.3139587211604611,0.42067913838195836,4.552149933545004,5.180735892872919
score_floor_off,2021-08-11,CASH,159941.SZ,True,CASH,159941.SZ,CASH,159941.SZ,,,0.2972479795969085,0.413790913877886,4.552149933545004,5.160285619611579
score_floor_off,2021-08-12,CASH,159941.SZ,True,CASH,159941.SZ,CASH,159941.SZ,,,0.2694446556053012,0.38497275175916235,4.552149933545004,5.153468861857799
score_floor_off,2021-08-13,CASH,513030.SH,True,CASH,159941.SZ,CASH,513030.SH,,513030.SH,0.2574855297282814,0.4567182029172979,4.552149933545004,5.156768172610628
score_floor_off,2021-08-16,CASH,513030.SH,True,CASH,513030.SH,CASH,513030.SH,,,0.3153247365306715,0.5882122218510857,4.552149933545004,5.160893587148716
score_floor_off,2021-08-17,CASH,513030.SH,True,CASH,513030.SH,CASH,513030.SH,,,0.36278243211142747,0.698480483174845,4.552149933545004,5.1650190016868045
score_floor_off,2021-08-18,CASH,513030.SH,True,CASH,513030.SH,CASH,513030.SH,,,0.3806054418780338,0.7641435664816695,4.552149933545004,5.156768172610628
score_floor_off,2021-08-19,CASH,513030.SH,True,CASH,513030.SH,CASH,513030.SH,,,0.29405101399124134,0.5378265096740978,4.552149933545004,5.078385296386947
score_floor_off,2021-08-20,CASH,513030.SH,True,CASH,513030.SH,CASH,513030.SH,,,0.20275735820569496,0.30029572017145867,4.552149933545004,5.07013446731077
score_floor_off,2021-08-23,CASH,513030.SH,True,CASH,513030.SH,CASH,513030.SH,,,0.18831622646924906,0.29193183433020065,4.552149933545004,5.140266514458275
score_floor_off,2021-08-24,CASH,513030.SH,True,CASH,513030.SH,CASH,513030.SH,,,0.1813113508144386,0.29836333598108356,4.552149933545004,5.152642758072541
score_floor_off,2021-08-25,CASH,513030.SH,True,CASH,513030.SH,CASH,513030.SH,,,0.15876460461797026,0.26805916725810797,4.552149933545004,5.136141099920187
score_floor_off,2021-08-26,CASH,159941.SZ,True,CASH,513030.SH,CASH,159941.SZ,,159941.SZ,0.32791994010065273,0.3249218969436093,4.552149933545004,5.105282999175285
score_floor_off,2021-08-27,CASH,159941.SZ,True,CASH,159941.SZ,CASH,159941.SZ,,,0.40841299688142674,0.41715368090866667,4.552149933545004,5.118474944909588
score_floor_off,2021-08-30,CASH,159941.SZ,True,CASH,159941.SZ,CASH,159941.SZ,,,0.49914038487997914,0.5082738844144128,4.552149933545004,5.138262863511042
score_floor_off,2021-08-31,159941.SZ,159941.SZ,False,CASH,159941.SZ,159941.SZ,159941.SZ,159941.SZ,,0.6622986074291539,0.583316092983256,4.547597783611459,5.21081856504971
score_floor_off,2021-09-30,CASH,518880.SH,True,513520.SH,513520.SH,CASH,518880.SH,CASH,518880.SH,-0.4009323603413548,0.8409543627785785,4.431051303391679,5.072192611364096
score_floor_off,2021-10-08,CASH,518880.SH,True,CASH,518880.SH,CASH,518880.SH,,,-0.3890775314930758,0.8274514787728661,4.431051303391679,5.135183431262493
score_floor_off,2021-10-11,CASH,159985.SZ,True,CASH,518880.SH,CASH,159985.SZ,,159985.SZ,-0.34247308000154986,0.27919783711268287,4.431051303391679,5.10491061586314
score_floor_off,2021-10-12,CASH,518880.SH,True,CASH,159985.SZ,CASH,518880.SH,,518880.SH,-0.35390265393033526,0.7620638947373024,4.431051303391679,5.052734560738239
score_floor_off,2021-10-13,CASH,518880.SH,True,CASH,518880.SH,CASH,518880.SH,,,-0.32279533885963885,0.6889351540299422,4.431051303391679,5.051327505722717
score_floor_off,2021-10-14,CASH,518880.SH,True,CASH,518880.SH,CASH,518880.SH,,,-0.24890156609029257,0.4069573195646975,4.431051303391679,5.116052036436712
score_floor_off,2021-10-15,CASH,159941.SZ,True,CASH,518880.SH,CASH,159941.SZ,,159941.SZ,-0.5277227703975051,0.7197794359307357,4.431051303391679,5.095990246025404
score_floor_off,2021-10-18,CASH,159941.SZ,True,CASH,159941.SZ,CASH,159941.SZ,,,-0.4818695367609258,0.6225596457978975,4.431051303391679,5.075794776093995
score_floor_off,2021-10-19,CASH,159941.SZ,True,CASH,159941.SZ,CASH,159941.SZ,,,-0.39763424667641667,0.41124273720709137,4.431051303391679,5.14311300919869
score_floor_off,2021-10-20,CASH,159915.SZ,True,CASH,159941.SZ,CASH,159915.SZ,,159915.SZ,0.38964786067033996,0.30817921875282706,4.431051303391679,5.139545142844142
score_floor_off,2021-10-21,CASH,159915.SZ,True,CASH,159915.SZ,CASH,159915.SZ,,,0.4538363782758079,0.39065702390731527,4.431051303391679,5.121794751455983
score_floor_off,2021-10-22,159915.SZ,159915.SZ,False,CASH,159915.SZ,159915.SZ,159915.SZ,159915.SZ,,0.5196602884768173,0.4711312927713992,4.426620252088287,5.139545142844142
score_floor_off,2021-12-06,CASH,159985.SZ,True,159915.SZ,159915.SZ,CASH,159985.SZ,CASH,159985.SZ,0.4458128703255033,0.536546621001123,4.506738455450911,5.227328898690868
score_floor_off,2021-12-07,CASH,159985.SZ,True,CASH,159985.SZ,CASH,159985.SZ,,,0.3500055562474129,0.4221107052156302,4.506738455450911,5.174169621755029
score_floor_off,2021-12-08,CASH,159985.SZ,True,CASH,159985.SZ,CASH,159985.SZ,,,0.25433034698352763,0.2945077963150974,4.506738455450911,5.169739682010376
score_floor_off,2021-12-09,CASH,159985.SZ,True,CASH,159985.SZ,CASH,159985.SZ,,,0.2523186173794201,0.31791191773989547,4.506738455450911,5.253908537158789
score_floor_off,2021-12-10,CASH,159985.SZ,True,CASH,159985.SZ,CASH,159985.SZ,,,0.29408235266180793,0.3688394106015216,4.506738455450911,5.307067814094628
score_floor_off,2021-12-13,CASH,159985.SZ,True,CASH,159985.SZ,CASH,159985.SZ,,,0.3278023047778722,0.4158475451427064,4.506738455450911,5.302637874349975
score_floor_off,2021-12-14,CASH,159985.SZ,True,CASH,159985.SZ,CASH,159985.SZ,,,0.26619183364708987,0.3355055468917165,4.506738455450911,5.218469019201563
score_floor_off,2021-12-15,CASH,159985.SZ,True,CASH,159985.SZ,CASH,159985.SZ,,,0.3094574376310344,0.3935223226951102,4.506738455450911,5.307067814094628
score_floor_off,2021-12-16,CASH,159985.SZ,True,CASH,159985.SZ,CASH,159985.SZ,,,0.4207082403384319,0.4634183544680144,4.506738455450911,5.373516910264428
score_floor_off,2021-12-17,159985.SZ,159985.SZ,False,CASH,159985.SZ,159985.SZ,159985.SZ,159985.SZ,,0.5496525059401984,0.5322296825640446,4.50223171699546,5.400096548732348
score_floor_off,2022-01-19,CASH,513520.SH,True,513030.SH,513030.SH,CASH,513520.SH,CASH,513520.SH,-0.3409246756737365,0.5234174334874026,4.454905346287412,5.337983359387979
score_floor_off,2022-01-20,CASH,513520.SH,True,CASH,513520.SH,CASH,513520.SH,,,-0.37646816727335497,0.5959859850071176,4.454905346287412,5.37099209040893
score_floor_off,2022-01-21,CASH,518880.SH,True,CASH,513520.SH,CASH,518880.SH,,518880.SH,0.15456052168410905,0.2990847277227484,4.454905346287412,5.336719596543177
score_floor_off,2022-01-24,CASH,518880.SH,True,CASH,518880.SH,CASH,518880.SH,,,0.17393262098417206,0.36302427865496945,4.454905346287412,5.322186046443658
score_floor_off,2022-01-25,CASH,518880.SH,True,CASH,518880.SH,CASH,518880.SH,,,0.19876471602081214,0.4349981378054619,4.454905346287412,5.335266241533225
score_floor_off,2022-01-26,CASH,518880.SH,True,CASH,518880.SH,CASH,518880.SH,,,0.21980897838232027,0.498033685127939,4.454905346287412,5.339626306563082
score_floor_off,2022-01-27,CASH,513030.SH,True,CASH,518880.SH,CASH,513030.SH,,513030.SH,-0.5529968565715174,0.5380058702317561,4.454905346287412,5.230316569554583
score_floor_off,2022-01-28,CASH,159985.SZ,True,CASH,513030.SH,CASH,159985.SZ,,159985.SZ,0.469917689524217,0.2590279988402916,4.454905346287412,5.347399927622006
score_floor_off,2022-02-07,159985.SZ,159985.SZ,False,CASH,159985.SZ,159985.SZ,159985.SZ,159985.SZ,,1.4469126888617012,0.326074933009879,4.4504504409411245,5.822632533245291
score_floor_off,2022-02-10,CASH,513030.SH,True,159985.SZ,159985.SZ,CASH,513030.SH,CASH,513030.SH,-0.525307500323732,0.5533763833396458,4.622704035544903,6.041942049596836
score_floor_off,2022-02-11,CASH,513030.SH,True,CASH,513030.SH,CASH,513030.SH,,,-0.5125103808757685,0.5485896975263974,4.622704035544903,5.94729021592169
score_floor_off,2022-02-14,CASH,513520.SH,True,CASH,513030.SH,CASH,513520.SH,,513520.SH,-0.4981844626109988,0.5293365680825008,4.622704035544903,5.893412288819715
score_floor_off,2022-02-15,CASH,513520.SH,True,CASH,513520.SH,CASH,513520.SH,,,-0.49857775066635224,0.5461675711715528,4.622704035544903,5.834585124412258
score_floor_off,2022-02-16,CASH,518880.SH,True,CASH,513520.SH,CASH,518880.SH,,518880.SH,0.24371774489320086,0.25721044285121897,4.622704035544903,5.924323289753815
score_floor_off,2022-02-17,CASH,518880.SH,True,CASH,518880.SH,CASH,518880.SH,,,0.30585313888290044,0.3367786928163262,4.622704035544903,5.978880979854473
score_floor_off,2022-02-18,CASH,518880.SH,True,CASH,518880.SH,CASH,518880.SH,,,0.4101077848567072,0.4279370835173031,4.622704035544903,6.033438669955132
score_floor_off,2022-02-21,CASH,518880.SH,True,CASH,518880.SH,CASH,518880.SH,,,0.4917438753073846,0.5082902342359964,4.622704035544903,6.0238108422903105
score_floor_off,2022-02-22,518880.SH,518880.SH,False,CASH,518880.SH,518880.SH,518880.SH,518880.SH,,0.6462293452616132,0.5899680652915188,4.618081331509358,6.099228825664749
score_floor_off,2022-04-13,CASH,159915.SZ,True,159941.SZ,159941.SZ,CASH,159915.SZ,CASH,159915.SZ,-0.564349110712038,0.3864210645169187,4.712600880116467,6.21783313619977
score_floor_off,2022-04-14,CASH,159915.SZ,True,CASH,159915.SZ,CASH,159915.SZ,,,-0.6385832470852496,0.5084364229284875,4.712600880116467,6.204846851454156
score_floor_off,2022-04-15,CASH,518880.SH,True,CASH,159915.SZ,CASH,518880.SH,,518880.SH,0.27814344763009213,0.3310781867815785,4.712600880116467,6.18206890801035
score_floor_off,2022-04-18,CASH,518880.SH,True,CASH,518880.SH,CASH,518880.SH,,,0.3971412014916085,0.4794413138472694,4.712600880116467,6.218120526895806
score_floor_off,2022-04-19,CASH,518880.SH,True,CASH,518880.SH,CASH,518880.SH,,,0.4435948135498937,0.567914918296734,4.712600880116467,6.169529214484974
score_floor_off,2022-04-20,CASH,518880.SH,True,CASH,518880.SH,CASH,518880.SH,,,0.38744535466106234,0.4905025519373577,4.712600880116467,6.091156129951374
score_floor_off,2022-04-21,CASH,518880.SH,True,CASH,518880.SH,CASH,518880.SH,,,0.4013350554703168,0.5241584367570451,4.712600880116467,6.171096676175646
score_floor_off,2022-04-22,CASH,518880.SH,True,CASH,518880.SH,CASH,518880.SH,,,0.4266388782842998,0.5683198245495746,4.712600880116467,6.193041139845054
score_floor_off,2022-04-25,CASH,518880.SH,True,CASH,518880.SH,CASH,518880.SH,,,0.40312158747600746,0.5531282798839463,4.712600880116467,6.15071967419691
score_floor_off,2022-04-26,CASH,518880.SH,True,CASH,518880.SH,CASH,518880.SH,,,0.32457167267762377,0.4153030600605988,4.712600880116467,6.097425976714063
score_floor_off,2022-04-27,CASH,518880.SH,True,CASH,518880.SH,CASH,518880.SH,,,0.2566647649479179,0.3007325454147314,4.712600880116467,6.100560900095407
score_floor_off,2022-04-28,CASH,513030.SH,True,CASH,518880.SH,CASH,513030.SH,,513030.SH,-0.3441398070936583,0.25487922470539137,4.712600880116467,6.085231124760635
score_floor_off,2022-04-29,CASH,513520.SH,True,CASH,513030.SH,CASH,513520.SH,,513520.SH,-0.3779984126776923,0.36897426307413006,4.712600880116467,6.165076733155221
score_floor_off,2022-05-05,CASH,159941.SZ,True,CASH,513520.SH,CASH,159941.SZ,,159941.SZ,-0.5753393167005121,0.6143516410196856,4.712600880116467,6.218391790529433
score_floor_off,2022-05-06,CASH,159941.SZ,True,CASH,159941.SZ,CASH,159941.SZ,,,-0.5874632448627868,0.6436815062713034,4.712600880116467,5.985089934030493
score_floor_off,2022-05-09,CASH,159941.SZ,True,CASH,159941.SZ,CASH,159941.SZ,,,-0.613998069258989,0.6717798247691619,4.712600880116467,5.89535845076167
score_floor_off,2022-05-10,CASH,159941.SZ,True,CASH,159941.SZ,CASH,159941.SZ,,,-0.6449280756457789,0.6926703622996686,4.712600880116467,5.823573264146611
score_floor_off,2022-05-11,CASH,159941.SZ,True,CASH,159941.SZ,CASH,159941.SZ,,,-0.6584550630612528,0.7165540626945686,4.712600880116467,5.841519560800376
score_floor_off,2022-05-12,CASH,159915.SZ,True,CASH,159941.SZ,CASH,159915.SZ,,159915.SZ,-0.6647478759784293,0.34831718869749884,4.712600880116467,5.61491167295329
score_floor_off,2022-05-13,CASH,159941.SZ,True,CASH,159915.SZ,CASH,159941.SZ,,159941.SZ,-0.7323877803429282,0.7423076383623539,4.712600880116467,5.623369796378072
score_floor_off,2022-05-16,CASH,159941.SZ,True,CASH,159941.SZ,CASH,159941.SZ,,,-0.7279261152890657,0.7487127381685812,4.712600880116467,5.6937719221543235
score_floor_off,2022-05-17,CASH,518880.SH,True,CASH,159941.SZ,CASH,518880.SH,,518880.SH,-0.14411743619746364,0.2521828593994011,4.712600880116467,5.682384378310015
score_floor_off,2022-05-18,CASH,518880.SH,True,CASH,518880.SH,CASH,518880.SH,,,-0.20421098762262324,0.39611045556135316,4.712600880116467,5.622292100902042
score_floor_off,2022-05-19,CASH,518880.SH,True,CASH,518880.SH,CASH,518880.SH,,,-0.23362875112357728,0.48858125843898914,4.712600880116467,5.642811415138912
score_floor_off,2022-05-20,CASH,513520.SH,True,CASH,518880.SH,CASH,513520.SH,,513520.SH,0.34090453397465503,0.2532538444256618,4.712600880116467,5.663705939693254
score_floor_off,2022-06-23,CASH,159985.SZ,True,159915.SZ,159915.SZ,CASH,159985.SZ,CASH,159985.SZ,-0.4124085964539148,0.29110012321575207,4.87462710174051,5.89155517270996
score_floor_off,2022-06-24,CASH,518880.SH,True,CASH,159985.SZ,CASH,518880.SH,,518880.SH,-0.1351525482580087,0.3367827371080654,4.87462710174051,5.7906258807993565
score_floor_off,2022-06-27,CASH,518880.SH,True,CASH,518880.SH,CASH,518880.SH,,,-0.12864004939425544,0.3265235011321751,4.87462710174051,5.829966427677012
score_floor_off,2022-06-28,CASH,518880.SH,True,CASH,518880.SH,CASH,518880.SH,,,-0.14017406019471157,0.3827870397277542,4.87462710174051,5.798191370583521
score_floor_off,2022-06-29,CASH,518880.SH,True,CASH,518880.SH,CASH,518880.SH,,,-0.15697943242942736,0.4489761208702655,4.87462710174051,5.7815472930583605
score_floor_off,2022-06-30,CASH,518880.SH,True,CASH,518880.SH,CASH,518880.SH,,,-0.17065182276006086,0.50683449002464,4.87462710174051,5.777007999187862
score_floor_off,2022-07-14,CASH,513520.SH,True,159915.SZ,159915.SZ,CASH,513520.SH,CASH,513520.SH,-0.350554468701188,0.7314623124515524,4.9297718581396435,5.778747269667809
score_floor_off,2022-10-18,CASH,159985.SZ,True,159985.SZ,159985.SZ,CASH,159985.SZ,CASH,,0.4046650925573556,0.2758996958522696,5.601477338685864,6.600109360065215
score_floor_off,2022-10-19,CASH,518880.SH,True,CASH,159985.SZ,CASH,518880.SH,,518880.SH,0.240465569835572,0.5297375919161635,5.601477338685864,6.57932490514319
score_floor_off,2022-10-20,CASH,518880.SH,True,CASH,518880.SH,CASH,518880.SH,,,0.20322083786943201,0.4226954918712772,5.601477338685864,6.5481021663368155
score_floor_off,2022-10-21,CASH,518880.SH,True,CASH,518880.SH,CASH,518880.SH,,,0.16355442401524312,0.3050267598513544,5.601477338685864,6.541163779935399
score_floor_off,2022-10-24,CASH,518880.SH,True,CASH,518880.SH,CASH,518880.SH,,,0.18866259148085152,0.37455364280460735,5.601477338685864,6.626159013352751
score_floor_off,2023-01-10,CASH,518880.SH,True,159985.SZ,159985.SZ,CASH,518880.SH,CASH,518880.SH,0.3073195456103255,0.7552383462733673,6.191531247478637,7.322890581439079
score_floor_off,2023-02-23,CASH,513030.SH,True,159941.SZ,159941.SZ,CASH,513030.SH,CASH,513030.SH,0.3342486403700822,0.4458007370395842,6.295190842383781,7.452812710373304
score_floor_off,2023-02-24,CASH,513030.SH,True,CASH,513030.SH,CASH,513030.SH,,,0.33770360137207045,0.4684921586230152,6.295190842383781,7.499062434639806
score_floor_off,2023-02-27,CASH,159985.SZ,True,CASH,513030.SH,CASH,159985.SZ,,159985.SZ,-0.16511945036687792,0.41862944285270975,6.295190842383781,7.338998746056913
score_floor_off,2023-02-28,CASH,518880.SH,True,CASH,159985.SZ,CASH,518880.SH,,518880.SH,-0.14925535053299221,0.331169027178175,6.295190842383781,7.241729740636339
score_floor_off,2023-03-01,CASH,513520.SH,True,CASH,518880.SH,CASH,513520.SH,,513520.SH,-0.2272997011761504,0.4811485711400961,6.295190842383781,7.252447139918747
score_floor_off,2023-03-02,CASH,513520.SH,True,CASH,513520.SH,CASH,513520.SH,,,-0.25131783239582195,0.5732015941794468,6.295190842383781,7.2040514011395
score_floor_off,2023-03-03,CASH,513520.SH,True,CASH,513520.SH,CASH,513520.SH,,,-0.21747292619656133,0.449995529072597,6.295190842383781,7.307756555666459
score_floor_off,2023-03-06,CASH,159941.SZ,True,CASH,513520.SH,CASH,159941.SZ,,159941.SZ,-0.25609844638706614,0.25008556862388664,6.295190842383781,7.424238185231141
score_floor_off,2023-03-07,CASH,518880.SH,True,CASH,159941.SZ,CASH,518880.SH,,518880.SH,0.1489867897517123,0.26844876853989275,6.295190842383781,7.420701754217719
score_floor_off,2023-03-08,CASH,518880.SH,True,CASH,518880.SH,CASH,518880.SH,,,0.1641652263763791,0.36408145230052746,6.295190842383781,7.342416627762528
score_floor_off,2023-03-09,CASH,513030.SH,True,CASH,518880.SH,CASH,513030.SH,,513030.SH,0.26620726326892097,0.25845586972214385,6.295190842383781,7.327731794507003
score_floor_off,2023-03-10,CASH,513520.SH,True,CASH,513030.SH,CASH,513520.SH,,513520.SH,0.3777606187323681,0.2719987751704087,6.295190842383781,7.217188092313296
score_floor_off,2023-03-13,CASH,513520.SH,True,CASH,513520.SH,CASH,513520.SH,,,0.3908439716099712,0.30230177550848636,6.295190842383781,7.15023829553859
score_floor_off,2023-03-14,CASH,518880.SH,True,CASH,513520.SH,CASH,518880.SH,,518880.SH,0.3697068702438979,0.6135449750063013,6.295190842383781,6.995624434867083
score_floor_off,2023-03-15,CASH,518880.SH,True,CASH,518880.SH,CASH,518880.SH,,,0.4633409885779074,0.6702564559073367,6.295190842383781,6.9905575895497
score_floor_off,2023-03-16,518880.SH,518880.SH,False,CASH,518880.SH,518880.SH,518880.SH,518880.SH,,0.594421573978485,0.7067602361941795,6.288895651541398,7.04967078491917
score_floor_off,2023-09-18,CASH,513520.SH,True,159941.SZ,159941.SZ,CASH,513520.SH,CASH,513520.SH,0.48408556053165985,0.5829817712899554,9.890841164723529,11.076249453938104
score_floor_off,2023-09-19,CASH,513520.SH,True,CASH,513520.SH,CASH,513520.SH,,,0.45543321067676157,0.5768400017585962,9.890841164723529,11.067324192492544
score_floor_off,2023-09-20,CASH,518880.SH,True,CASH,513520.SH,CASH,518880.SH,,518880.SH,0.44907317716343176,0.8327727149691819,9.890841164723529,10.97393025672622
score_floor_off,2023-09-21,CASH,518880.SH,True,CASH,518880.SH,CASH,518880.SH,,,0.44049647041121265,0.8349343604243351,9.890841164723529,10.940487717850694
score_floor_off,2023-09-22,CASH,518880.SH,True,CASH,518880.SH,CASH,518880.SH,,,0.39779503483132594,0.7918881938412187,9.890841164723529,10.895101415091052
score_floor_off,2023-09-25,CASH,518880.SH,True,CASH,518880.SH,CASH,518880.SH,,,0.3804568343448764,0.7868267065293431,9.890841164723529,10.942876470627517
score_floor_off,2023-09-26,CASH,518880.SH,True,CASH,518880.SH,CASH,518880.SH,,,0.3535255277476417,0.7689501565162573,9.890841164723529,10.935710212297048
score_floor_off,2023-09-27,CASH,518880.SH,True,CASH,518880.SH,CASH,518880.SH,,,0.2430056074203668,0.4331360072583227,9.890841164723529,10.775663776249885
score_floor_off,2023-09-28,CASH,513520.SH,True,CASH,518880.SH,CASH,513520.SH,,513520.SH,-0.31252027746539324,0.3622952031838399,9.890841164723529,10.575314303352162
score_floor_off,2023-10-09,CASH,513520.SH,True,CASH,513520.SH,CASH,513520.SH,,,-0.4424941671234439,0.49893536930343685,9.890841164723529,10.32627410108651
score_floor_off,2023-10-10,CASH,159915.SZ,True,CASH,513520.SH,CASH,159915.SZ,,159915.SZ,-0.4540097293141301,0.6688484983032124,9.890841164723529,10.518657657336727
score_floor_off,2023-10-11,CASH,518880.SH,True,CASH,159915.SZ,CASH,518880.SH,,518880.SH,-0.35441903586718615,0.3177392100803359,9.890841164723529,10.584288002224506
score_floor_off,2023-10-12,CASH,159915.SZ,True,CASH,518880.SH,CASH,159915.SZ,,159915.SZ,-0.3216679132771084,0.4171721580443166,9.890841164723529,10.648012464088643
score_floor_off,2023-10-13,CASH,159915.SZ,True,CASH,159915.SZ,CASH,159915.SZ,,,-0.2785125438953312,0.3669631784468731,9.890841164723529,10.523569228990047
score_floor_off,2023-10-16,CASH,159915.SZ,True,CASH,159915.SZ,CASH,159915.SZ,,,-0.2977547401558821,0.40752126211707596,9.890841164723529,10.312556786866338
score_floor_off,2023-10-17,CASH,159915.SZ,True,CASH,159915.SZ,CASH,159915.SZ,,,-0.29966897517197755,0.4373803321742161,9.890841164723529,10.345020239500755
score_floor_off,2023-10-18,CASH,159915.SZ,True,CASH,159915.SZ,CASH,159915.SZ,,,-0.3386933858888187,0.4820073225105005,9.890841164723529,10.209755853524019
score_floor_off,2023-10-19,CASH,159915.SZ,True,CASH,159915.SZ,CASH,159915.SZ,,,-0.3977542355124304,0.5232359130906439,9.890841164723529,10.10154434474263
score_floor_off,2023-10-20,CASH,159985.SZ,True,CASH,159915.SZ,CASH,159985.SZ,,159985.SZ,-0.3366580512925925,0.30890055773874536,9.890841164723529,9.989545433153893
score_floor_off,2023-10-23,CASH,159985.SZ,True,CASH,159985.SZ,CASH,159985.SZ,,,-0.2969034612823649,0.25899699705010804,9.890841164723529,9.900432628219423
score_floor_off,2023-10-24,CASH,513030.SH,True,CASH,159985.SZ,CASH,513030.SH,,513030.SH,-0.5099529046382715,0.7369279072307324,9.890841164723529,9.818377557435767
score_floor_off,2023-10-25,CASH,513030.SH,True,CASH,513030.SH,CASH,513030.SH,,,-0.5068762450295401,0.7480903833402006,9.890841164723529,9.749112107295126
score_floor_off,2023-10-26,CASH,513030.SH,True,CASH,513030.SH,CASH,513030.SH,,,-0.5228168003368455,0.7689150947997764,9.890841164723529,9.636555750816587
score_floor_off,2023-10-27,CASH,159941.SZ,True,CASH,513030.SH,CASH,159941.SZ,,159941.SZ,-0.4059450118529264,0.32818960139977016,9.890841164723529,9.66048696384018
score_floor_off,2024-04-26,CASH,159985.SZ,True,518880.SH,518880.SH,CASH,159985.SZ,CASH,159985.SZ,0.3180294906047918,0.3626805247590371,13.195575166866254,12.862465479105381
score_floor_off,2024-04-29,CASH,159985.SZ,True,CASH,159985.SZ,CASH,159985.SZ,,,0.35502243917080123,0.46552205257107615,13.195575166866254,12.803652193878564
score_floor_off,2024-04-30,CASH,159985.SZ,True,CASH,159985.SZ,CASH,159985.SZ,,,0.3948660689736567,0.5467483559441091,13.195575166866254,12.868346807628068
score_floor_off,2024-05-06,159985.SZ,159985.SZ,False,CASH,159985.SZ,159985.SZ,159985.SZ,159985.SZ,,0.5720580240892594,0.5750562385572624,13.182379591699387,13.197701204898257
score_floor_off,2024-06-05,CASH,159941.SZ,True,159941.SZ,159941.SZ,CASH,159941.SZ,CASH,,0.47505123766629254,0.45164359901212403,13.565957096904011,13.595319854334042
score_floor_off,2024-06-06,159941.SZ,159941.SZ,False,CASH,159941.SZ,159941.SZ,159941.SZ,159941.SZ,,0.5192038469945859,0.4837903362077599,13.552391139807106,13.885987528576363
score_floor_off,2024-07-25,CASH,159985.SZ,True,518880.SH,518880.SH,CASH,159985.SZ,CASH,159985.SZ,-0.6273376525401282,0.6800786851334722,14.124761732346776,14.457960269910828
score_floor_off,2024-07-26,CASH,159941.SZ,True,CASH,159985.SZ,CASH,159941.SZ,,159941.SZ,-0.480861340783193,0.2952054399301105,14.124761732346776,14.535453231003537
score_floor_off,2024-07-29,CASH,159941.SZ,True,CASH,159941.SZ,CASH,159941.SZ,,,-0.5410691838174645,0.4116486135823335,14.124761732346776,14.822877447435808
score_floor_off,2024-07-30,CASH,159985.SZ,True,CASH,159941.SZ,CASH,159985.SZ,,159985.SZ,-0.5665180539636561,0.6247707439070584,14.124761732346776,14.601998780541331
score_floor_off,2024-07-31,CASH,159985.SZ,True,CASH,159985.SZ,CASH,159985.SZ,,,-0.5413510646083222,0.6116725964933197,14.124761732346776,14.66049451927159
score_floor_off,2024-08-01,CASH,513030.SH,True,CASH,159985.SZ,CASH,513030.SH,,513030.SH,-0.22146260800591355,0.2694796540163391,14.124761732346776,14.543605409353848
score_floor_off,2024-08-02,CASH,513030.SH,True,CASH,513030.SH,CASH,513030.SH,,,-0.3555543888884395,0.4085855880559385,14.124761732346776,14.037006672308143
score_floor_off,2024-08-05,CASH,159985.SZ,True,CASH,513030.SH,CASH,159985.SZ,,159985.SZ,-0.47046375654663375,0.6089948081274331,14.124761732346776,13.50334711939191
score_floor_off,2024-08-06,CASH,159915.SZ,True,CASH,159985.SZ,CASH,159915.SZ,,159915.SZ,-0.3485922214663668,0.2628071131041877,14.124761732346776,13.36760545450136
score_floor_off,2024-08-07,CASH,159915.SZ,True,CASH,159915.SZ,CASH,159915.SZ,,,-0.402932976418489,0.3647023456691505,14.124761732346776,13.300641870508867
score_floor_off,2024-08-08,CASH,159915.SZ,True,CASH,159915.SZ,CASH,159915.SZ,,,-0.4523839279379488,0.47135095489786305,14.124761732346776,13.242048734515437
score_floor_off,2024-08-09,CASH,159915.SZ,True,CASH,159915.SZ,CASH,159915.SZ,,,-0.5072119992796399,0.5805446101215714,14.124761732346776,13.108121566530452
score_floor_off,2024-08-12,CASH,159985.SZ,True,CASH,159915.SZ,CASH,159985.SZ,,159985.SZ,-0.5413136344012256,0.7701079083417455,14.124761732346776,13.056844202088199
score_floor_off,2024-08-13,CASH,159915.SZ,True,CASH,159985.SZ,CASH,159915.SZ,,159915.SZ,-0.5507922230184866,0.7066548657921818,14.124761732346776,12.577193399701255
score_floor_off,2024-08-14,CASH,159915.SZ,True,CASH,159915.SZ,CASH,159915.SZ,,,-0.572303004226608,0.7570941767895074,14.124761732346776,12.393875625180893
score_floor_off,2024-08-15,CASH,513030.SH,True,CASH,159915.SZ,CASH,513030.SH,,513030.SH,-0.5162743908578055,0.4251810198866902,14.124761732346776,12.448631847396321
score_floor_off,2024-08-16,CASH,159915.SZ,True,CASH,513030.SH,CASH,159915.SZ,,159915.SZ,-0.5608882164895014,0.7798995577236826,14.124761732346776,12.61670679247204
score_floor_off,2024-08-19,CASH,159915.SZ,True,CASH,159915.SZ,CASH,159915.SZ,,,-0.5487675294057814,0.7831922375348279,14.124761732346776,12.600541889470795
score_floor_off,2024-08-20,CASH,159915.SZ,True,CASH,159915.SZ,CASH,159915.SZ,,,-0.5533967648777791,0.8038804639896575,14.124761732346776,12.438892859458342
score_floor_off,2024-08-21,CASH,518880.SH,True,CASH,159915.SZ,CASH,518880.SH,,518880.SH,0.33495742635190306,0.34321121188313963,14.124761732346776,12.33335220776321
score_floor_off,2024-08-22,CASH,518880.SH,True,CASH,518880.SH,CASH,518880.SH,,,0.4016274820050154,0.4539414373604811,14.124761732346776,12.302168004962292
score_floor_off,2024-08-23,CASH,518880.SH,True,CASH,518880.SH,CASH,518880.SH,,,0.4188475972541552,0.5004920014778008,14.124761732346776,12.259846586875332
score_floor_off,2025-03-05,CASH,159985.SZ,True,159915.SZ,159915.SZ,CASH,159985.SZ,CASH,159985.SZ,0.44664477163395944,0.331170413110646,18.584997278949025,16.198359724243556
score_floor_off,2025-03-06,CASH,513520.SH,True,CASH,159985.SZ,CASH,513520.SH,,513520.SH,-0.49743101442110416,0.822247945124829,18.584997278949025,16.23211528307556
score_floor_off,2025-03-07,CASH,513520.SH,True,CASH,513520.SH,CASH,513520.SH,,,-0.5150541474244086,0.8486277853035316,18.584997278949025,16.02808031443355
score_floor_off,2025-03-12,CASH,513520.SH,True,513030.SH,513030.SH,CASH,513520.SH,CASH,513520.SH,-0.5409984341690788,0.907968312733286,18.061968358003515,15.633793753148945
score_floor_off,2025-03-13,CASH,513520.SH,True,CASH,513520.SH,CASH,513520.SH,,,-0.5394688088945103,0.9137411097918505,18.061968358003515,15.656048263829586
score_floor_off,2025-06-10,CASH,159941.SZ,True,159941.SZ,159941.SZ,CASH,159941.SZ,CASH,,0.4644718484487451,0.44686717762360195,21.5730138149866,18.71268117363961
score_floor_off,2025-06-11,CASH,159985.SZ,True,CASH,159941.SZ,CASH,159985.SZ,,159985.SZ,0.4706244843918397,0.5604058549586173,21.5730138149866,18.738454646525128
score_floor_off,2025-06-12,159985.SZ,159985.SZ,False,CASH,159985.SZ,159985.SZ,159985.SZ,159985.SZ,,0.5719865139718867,0.6354356954905899,21.551440801171612,18.766889327324105
score_floor_off,2025-06-25,CASH,159915.SZ,True,159985.SZ,159985.SZ,CASH,159915.SZ,CASH,159915.SZ,0.44513174398388733,0.28274232282930656,21.11668946355525,18.369903270462665
score_floor_off,2025-06-26,159915.SZ,159915.SZ,False,CASH,159915.SZ,159915.SZ,159915.SZ,159915.SZ,,0.6043754312832943,0.37842572533933516,21.095572774091696,18.230539376518898
score_floor_off,2025-09-02,CASH,518880.SH,True,CASH,CASH,CASH,518880.SH,,518880.SH,0.3249961215981607,0.3158136636307456,26.615977041832988,22.978204909585582
score_floor_off,2025-09-03,518880.SH,518880.SH,False,CASH,518880.SH,518880.SH,518880.SH,518880.SH,,0.5321962422974484,0.41901739637388047,26.589361064791156,23.27179866201575
score_floor_off,2025-11-17,CASH,159985.SZ,True,159941.SZ,159941.SZ,CASH,159985.SZ,CASH,159985.SZ,0.29942603770766674,0.5948150827537138,27.84803587806914,24.349030422458092
score_floor_off,2025-11-18,CASH,159985.SZ,True,CASH,159985.SZ,CASH,159985.SZ,,,0.3791951198883099,0.6089739881815872,27.84803587806914,24.942909213249752
score_floor_off,2025-11-19,CASH,159985.SZ,True,CASH,159985.SZ,CASH,159985.SZ,,,0.34530703419719844,0.5745067967956263,27.84803587806914,24.546990019388645
score_floor_off,2025-11-20,CASH,159985.SZ,True,CASH,159985.SZ,CASH,159985.SZ,,,0.30290556925244494,0.5189960305105084,27.84803587806914,24.522245069772325
score_floor_off,2025-11-21,CASH,159985.SZ,True,CASH,159985.SZ,CASH,159985.SZ,,,0.2458199520433777,0.4180664432116734,27.84803587806914,24.46038269573153
score_floor_off,2025-11-24,CASH,159985.SZ,True,CASH,159985.SZ,CASH,159985.SZ,,,0.2748898140659273,0.4654922111961185,27.84803587806914,24.819184465168153
score_floor_off,2025-11-25,CASH,159985.SZ,True,CASH,159985.SZ,CASH,159985.SZ,,,0.3118000824631957,0.5168905634170005,27.84803587806914,24.881046839208956
score_floor_off,2025-11-26,CASH,159985.SZ,True,CASH,159985.SZ,CASH,159985.SZ,,,0.3151590605598382,0.5387311517127311,27.84803587806914,24.769694565935517
score_floor_off,2025-11-27,CASH,159985.SZ,True,CASH,159985.SZ,CASH,159985.SZ,,,0.38532969566929065,0.5949128950761157,27.84803587806914,25.06663396133135
score_floor_off,2025-11-28,CASH,159985.SZ,True,CASH,159985.SZ,CASH,159985.SZ,,,0.43337228132628436,0.6461367318136653,27.84803587806914,25.041889011715032
score_floor_off,2025-12-01,CASH,518880.SH,True,CASH,159985.SZ,CASH,518880.SH,,518880.SH,0.4171552584457072,0.31088883396716505,27.84803587806914,24.362071010905893
score_floor_off,2025-12-02,CASH,518880.SH,True,CASH,518880.SH,CASH,518880.SH,,,0.43017491011026276,0.3380729659563365,27.84803587806914,24.231764114329714
score_floor_off,2025-12-03,CASH,518880.SH,True,CASH,518880.SH,CASH,518880.SH,,,0.4270384447123907,0.3540412752446175,27.84803587806914,24.18921492361096
score_floor_off,2025-12-04,CASH,518880.SH,True,CASH,518880.SH,CASH,518880.SH,,,0.3964192211229147,0.3441934245979964,27.84803587806914,24.104116542173454
score_floor_off,2025-12-05,CASH,518880.SH,True,CASH,518880.SH,CASH,518880.SH,,,0.41317962889532045,0.3807268735449908,27.84803587806914,24.295587900407842
score_floor_off,2025-12-08,CASH,518880.SH,True,CASH,518880.SH,CASH,518880.SH,,,0.40121374165281165,0.39368765255777194,27.84803587806914,24.22644546548987
score_floor_off,2025-12-09,CASH,518880.SH,True,CASH,518880.SH,CASH,518880.SH,,,0.3414939314800387,0.34373694918918984,27.84803587806914,24.05624870261486
score_floor_off,2025-12-10,CASH,518880.SH,True,CASH,518880.SH,CASH,518880.SH,,,0.32026966180164096,0.34529258852379874,27.84803587806914,24.186555599191042
score_floor_off,2026-02-02,CASH,513520.SH,True,513520.SH,513520.SH,CASH,513520.SH,CASH,,0.35536530410648925,0.28311289251918126,29.809600828011252,25.932886195014124
score_floor_off,2026-02-09,CASH,513520.SH,True,518880.SH,518880.SH,CASH,513520.SH,CASH,513520.SH,0.3974106742645378,0.3022589688064279,30.597809689312317,27.61641950344999
score_floor_off,2026-02-10,513520.SH,513520.SH,False,CASH,513520.SH,513520.SH,513520.SH,513520.SH,,0.7756575036186859,0.3631472840631519,30.567211879623006,28.636102685115834
score_floor_off,2026-03-13,CASH,159941.SZ,True,159985.SZ,159985.SZ,CASH,159941.SZ,CASH,159941.SZ,-0.39900319994831646,0.6743993830655897,34.52627836056636,32.31267439822662
score_floor_off,2026-03-16,CASH,159941.SZ,True,CASH,159941.SZ,CASH,159941.SZ,,,-0.3841424150323851,0.6646622099508988,34.52627836056636,32.53382578194072
score_floor_off,2026-03-17,CASH,159941.SZ,True,CASH,159941.SZ,CASH,159941.SZ,,,-0.3844275397880835,0.6845178642964199,34.52627836056636,32.33724677419486
score_floor_off,2026-03-18,CASH,159941.SZ,True,CASH,159941.SZ,CASH,159941.SZ,,,-0.3408783996348863,0.582872705927622,34.52627836056636,32.75497716565482
score_floor_off,2026-03-19,CASH,159941.SZ,True,CASH,159941.SZ,CASH,159941.SZ,,,-0.3505604625615004,0.6142911378714677,34.52627836056636,32.165240142417225
score_floor_off,2026-03-27,CASH,159941.SZ,True,159985.SZ,159985.SZ,CASH,159941.SZ,CASH,159941.SZ,-0.5047094497320171,0.6904612629872295,33.160229669171095,30.6188145405939
score_floor_off,2026-03-30,CASH,159941.SZ,True,CASH,159941.SZ,CASH,159941.SZ,,,-0.5437546987849728,0.7235807400014954,33.160229669171095,30.090903945066415
score_floor_off,2026-03-31,CASH,159941.SZ,True,CASH,159941.SZ,CASH,159941.SZ,,,-0.5740461922701934,0.7583656159628662,33.160229669171095,30.018916136585393
score_floor_off,2026-04-01,CASH,159941.SZ,True,CASH,159941.SZ,CASH,159941.SZ,,,-0.514101087599793,0.6006555670370701,33.160229669171095,31.266704816923077
score_floor_off,2026-04-02,CASH,159941.SZ,True,CASH,159941.SZ,CASH,159941.SZ,,,-0.4832147758511782,0.5526154106372212,33.160229669171095,30.81078202987662
score_floor_off,2026-04-03,CASH,159915.SZ,True,CASH,159941.SZ,CASH,159915.SZ,,159915.SZ,-0.3427779177641809,0.2711101489867811,33.160229669171095,30.749160465816868
score_floor_off,2026-04-07,CASH,159941.SZ,True,CASH,159915.SZ,CASH,159941.SZ,,159941.SZ,-0.41601967286542674,0.4480011086365221,33.160229669171095,30.785362438246857
score_floor_off,2026-04-08,CASH,518880.SH,True,CASH,159941.SZ,CASH,518880.SH,,518880.SH,-0.665498477235956,0.26858209280095,33.160229669171095,32.30305203508566
score_floor_off,2026-04-09,CASH,159985.SZ,True,CASH,518880.SH,CASH,159985.SZ,,159985.SZ,-0.750188396914381,0.7549178822360665,33.160229669171095,31.58494237956111
score_floor_off,2026-04-10,CASH,159985.SZ,True,CASH,159985.SZ,CASH,159985.SZ,,,-0.7436851264605397,0.7774113822421238,33.160229669171095,31.691493992407814
score_floor_off,2026-04-13,CASH,159985.SZ,True,CASH,159985.SZ,CASH,159985.SZ,,,-0.6979876132437995,0.668589678926677,33.160229669171095,32.391690305400495
score_floor_off,2026-04-14,CASH,159985.SZ,True,CASH,159985.SZ,CASH,159985.SZ,,,-0.650138377309305,0.5804636377185435,33.160229669171095,32.13292210277277
score_floor_off,2026-06-22,CASH,159985.SZ,True,513520.SH,513520.SH,CASH,159985.SZ,CASH,159985.SZ,-0.3950633177579085,0.6118518254852972,47.632818547106254,45.75928977139899
score_floor_off,2026-07-06,CASH,518880.SH,True,513520.SH,513520.SH,CASH,518880.SH,CASH,518880.SH,-0.5785007136986552,0.4686395518510509,47.98441901953066,46.12046873498334
score_floor_off,2026-07-30,CASH,159941.SZ,True,159985.SZ,159985.SZ,CASH,159941.SZ,CASH,159941.SZ,-0.5485058825180402,0.705558038092956,46.485906169419515,44.41510459094442
score_floor_off,2026-07-31,CASH,159941.SZ,True,CASH,159941.SZ,CASH,159941.SZ,,,-0.5104353621340281,0.6249563200810031,46.485906169419515,46.114363209859185
score_floor_off,2026-08-03,CASH,159941.SZ,True,CASH,159941.SZ,CASH,159941.SZ,,,-0.44917670507019636,0.4828961432770913,46.485906169419515,46.43663639620508
score_floor_off,2026-08-04,CASH,513520.SH,True,CASH,159941.SZ,CASH,513520.SH,,513520.SH,-0.710252630813617,0.5354050739545207,46.485906169419515,47.6887556178461
score_floor_off,2026-09-08,CASH,513030.SH,True,159985.SZ,159985.SZ,CASH,513030.SH,CASH,513030.SH,-0.3888532225035398,0.4803781055473485,46.153181541176146,49.07989627644687
score_floor_off,2026-09-18,CASH,159915.SZ,True,159985.SZ,159985.SZ,CASH,159915.SZ,CASH,159915.SZ,-0.4698822555937743,0.5181397657756743,44.23310699273266,47.2220147110189
score_floor_off,2026-09-21,CASH,159915.SZ,True,CASH,159915.SZ,CASH,159915.SZ,,,-0.3477617788577657,0.2949777825218227,44.23310699273266,47.59800834039004
score_floor_off,2026-09-22,CASH,513030.SH,True,CASH,159915.SZ,CASH,513030.SH,,513030.SH,-0.44753069405301293,0.7377281770413875,44.23310699273266,47.53060800090277
score_floor_off,2026-09-23,CASH,513030.SH,True,CASH,513030.SH,CASH,513030.SH,,,-0.4169865802886439,0.6863883816633745,44.23310699273266,47.582440725004076
score_ceiling_off,2012-02-22,CASH,159915.SZ,True,159915.SZ,159915.SZ,CASH,159915.SZ,CASH,,5.635006590101865,0.8888358876205005,1.0636038629370628,1.0646685314685314
score_ceiling_off,2012-02-23,CASH,159915.SZ,True,CASH,159915.SZ,CASH,159915.SZ,,,6.396071146833411,0.9291866069695426,1.0636038629370628,1.0618741258741258
score_ceiling_off,2012-02-24,CASH,159915.SZ,True,CASH,159915.SZ,CASH,159915.SZ,,,6.755062812111386,0.9440842508184378,1.0636038629370628,1.067462937062937
score_ceiling_off,2012-02-27,CASH,159915.SZ,True,CASH,159915.SZ,CASH,159915.SZ,,,6.612066530951439,0.9489212940734857,1.0636038629370628,1.066065734265734
score_ceiling_off,2012-02-28,CASH,159915.SZ,True,CASH,159915.SZ,CASH,159915.SZ,,,5.706379324542244,0.9250591536029795,1.0636038629370628,1.0479020979020977
score_ceiling_off,2012-02-29,159915.SZ,159915.SZ,False,CASH,159915.SZ,159915.SZ,159915.SZ,159915.SZ,,4.303147297876993,0.841777045029867,1.0625402590741257,1.0297384615384613
score_ceiling_off,2012-12-28,CASH,159915.SZ,True,159915.SZ,159915.SZ,CASH,159915.SZ,CASH,,5.685480772666906,0.8864359152153136,1.0877675486156373,1.0552421988408167
score_ceiling_off,2012-12-31,CASH,159915.SZ,True,CASH,159915.SZ,CASH,159915.SZ,,,6.170277213589431,0.911753884992313,1.0877675486156373,1.0611956103998623
score_ceiling_off,2013-01-04,CASH,159915.SZ,True,CASH,159915.SZ,CASH,159915.SZ,,,5.997892590566243,0.9152851765780918,1.0877675486156373,1.0537538459510554
score_ceiling_off,2013-01-07,CASH,159915.SZ,True,CASH,159915.SZ,CASH,159915.SZ,,,6.092579917592245,0.9233711484702587,1.0877675486156373,1.0731024335179533
score_ceiling_off,2013-01-08,CASH,159915.SZ,True,CASH,159915.SZ,CASH,159915.SZ,,,6.578234851592868,0.929902418462081,1.0877675486156373,1.0969160797541353
score_ceiling_off,2013-01-09,CASH,159915.SZ,True,CASH,159915.SZ,CASH,159915.SZ,,,6.633893716898536,0.9363349174811733,1.0877675486156373,1.0939393739746126
score_ceiling_off,2013-01-10,CASH,159915.SZ,True,CASH,159915.SZ,CASH,159915.SZ,,,6.759635458666611,0.9430256974408288,1.0877675486156373,1.1058461970927036
score_ceiling_off,2013-01-11,CASH,159915.SZ,True,CASH,159915.SZ,CASH,159915.SZ,,,6.1324766776448,0.9315281897420445,1.0877675486156373,1.087985962415567
score_ceiling_off,2013-01-14,CASH,159915.SZ,True,CASH,159915.SZ,CASH,159915.SZ,,,6.738178459752143,0.9371331239194836,1.0877675486156373,1.1341249019981696
score_ceiling_off,2013-01-15,CASH,159915.SZ,True,CASH,159915.SZ,CASH,159915.SZ,,,7.8432552945210166,0.9354923818171854,1.0877675486156373,1.1609152540138743
score_ceiling_off,2013-01-16,CASH,159915.SZ,True,CASH,159915.SZ,CASH,159915.SZ,,,8.24621598584338,0.9439396159036114,1.0877675486156373,1.151985136675306
score_ceiling_off,2013-01-17,CASH,159915.SZ,True,CASH,159915.SZ,CASH,159915.SZ,,,7.892444695484334,0.943728693329897,1.0877675486156373,1.1430550193367377
score_ceiling_off,2013-01-18,CASH,159915.SZ,True,CASH,159915.SZ,CASH,159915.SZ,,,8.26719662677647,0.948522829311712,1.0877675486156373,1.175798782911488
score_ceiling_off,2013-01-21,CASH,159915.SZ,True,CASH,159915.SZ,CASH,159915.SZ,,,8.394596051499455,0.9528528532644691,1.0877675486156373,1.1817521944705336
score_ceiling_off,2013-01-22,CASH,159915.SZ,True,CASH,159915.SZ,CASH,159915.SZ,,,7.165893248677099,0.9285901632047879,1.0877675486156373,1.151985136675306
score_ceiling_off,2013-01-23,CASH,159915.SZ,True,CASH,159915.SZ,CASH,159915.SZ,,,6.292636860584211,0.9124834091244898,1.0877675486156373,1.1624036069036356
score_ceiling_off,2013-01-24,159915.SZ,159915.SZ,False,CASH,159915.SZ,159915.SZ,159915.SZ,159915.SZ,,4.610501183966991,0.8154163955215595,1.0866797810670217,1.1296598433288854
score_ceiling_off,2013-05-09,CASH,159915.SZ,True,159915.SZ,159915.SZ,CASH,159915.SZ,CASH,,6.358505194351894,0.8413643369112322,1.3218872672144575,1.3755457375429545
score_ceiling_off,2013-05-10,CASH,159915.SZ,True,CASH,159915.SZ,CASH,159915.SZ,,,7.281797788401104,0.8755663293749778,1.3218872672144575,1.3713774171261577
score_ceiling_off,2013-05-13,CASH,159915.SZ,True,CASH,159915.SZ,CASH,159915.SZ,,,7.924502409870698,0.9008215086563471,1.3218872672144575,1.3769351776818868
score_ceiling_off,2013-05-14,CASH,159915.SZ,True,CASH,159915.SZ,CASH,159915.SZ,,,7.258742334456171,0.8892449502449327,1.3218872672144575,1.349146374903241
score_ceiling_off,2013-05-15,CASH,159915.SZ,True,CASH,159915.SZ,CASH,159915.SZ,,,7.766676608450187,0.9033253353478151,1.3218872672144575,1.4033345403216
score_ceiling_off,2013-05-16,CASH,159915.SZ,True,CASH,159915.SZ,CASH,159915.SZ,,,7.7800449702479195,0.9122047813768479,1.3218872672144575,1.399166219904803
score_ceiling_off,2013-05-17,CASH,159915.SZ,True,CASH,159915.SZ,CASH,159915.SZ,,,7.760585881797839,0.919637289729333,1.3218872672144575,1.413060621294126
score_ceiling_off,2013-05-20,CASH,159915.SZ,True,CASH,159915.SZ,CASH,159915.SZ,,,8.474973742054347,0.9253025178013122,1.3218872672144575,1.4561332656010268
score_ceiling_off,2013-05-21,CASH,159915.SZ,True,CASH,159915.SZ,CASH,159915.SZ,,,9.712191238812355,0.9244841707142033,1.3218872672144575,1.4908692690743335
score_ceiling_off,2013-05-22,CASH,159915.SZ,True,CASH,159915.SZ,CASH,159915.SZ,,,8.88492510650884,0.918621719452731,1.3218872672144575,1.443628304350636
score_ceiling_off,2013-05-23,CASH,159915.SZ,True,CASH,159915.SZ,CASH,159915.SZ,,,8.001288263524588,0.9107745184226919,1.3218872672144575,1.449186064906365
score_ceiling_off,2013-05-24,CASH,159915.SZ,True,CASH,159915.SZ,CASH,159915.SZ,,,7.97929299484877,0.9170340915345409,1.3218872672144575,1.4867009486575367
score_ceiling_off,2013-05-27,CASH,159915.SZ,True,CASH,159915.SZ,CASH,159915.SZ,,,8.224501643147104,0.9242291658194828,1.3218872672144575,1.5075425507415208
score_ceiling_off,2013-05-28,CASH,159915.SZ,True,CASH,159915.SZ,CASH,159915.SZ,,,7.030021088964272,0.8989094646835628,1.3218872672144575,1.4644699064346203
score_ceiling_off,2013-05-29,CASH,159915.SZ,True,CASH,159915.SZ,CASH,159915.SZ,,,6.184303844246142,0.8830963569237753,1.3218872672144575,1.478364307823943
score_ceiling_off,2013-05-30,159915.SZ,159915.SZ,False,CASH,159915.SZ,159915.SZ,159915.SZ,159915.SZ,,5.400584713970248,0.867002195088826,1.320565379947243,1.483922068379672
score_ceiling_off,2015-01-23,518880.SH,159915.SZ,True,159915.SZ,159915.SZ,518880.SH,159915.SZ,518880.SH,,5.580835182691339,0.7628134312951234,1.2935394235419508,1.4564658766212237
score_ceiling_off,2015-01-26,518880.SH,159915.SZ,True,518880.SH,159915.SZ,518880.SH,159915.SZ,,,6.833364703081026,0.8314418771679459,1.2945317821330837,1.499146195350051
score_ceiling_off,2015-01-27,518880.SH,159915.SZ,True,518880.SH,159915.SZ,518880.SH,159915.SZ,,,7.637017529492988,0.8725961020616586,1.284608196221753,1.5009245419637522
score_ceiling_off,2015-01-28,518880.SH,159915.SZ,True,518880.SH,159915.SZ,518880.SH,159915.SZ,,,7.429364089204158,0.8798111815582406,1.2890738098818517,1.483141075826741
score_ceiling_off,2015-01-29,518880.SH,159915.SZ,True,518880.SH,159915.SZ,518880.SH,159915.SZ,,,6.580920812786148,0.8574214008295005,1.2826234790394868,1.4689143029171319
score_ceiling_off,2015-01-30,159915.SZ,159915.SZ,False,518880.SH,159915.SZ,159915.SZ,159915.SZ,159915.SZ,,5.156412232477895,0.7773565340426475,1.2587651937914655,1.4431282770184657
score_ceiling_off,2015-03-03,513030.SH,159915.SZ,True,159915.SZ,159915.SZ,513030.SH,159915.SZ,513030.SH,,5.61443277615361,0.7988529617149744,1.4574949785517624,1.6743133367996128
score_ceiling_off,2015-03-04,513030.SH,159915.SZ,True,513030.SH,159915.SZ,513030.SH,159915.SZ,,,7.087311678638605,0.838896669276229,1.4546173971528447,1.7249962152900948
score_ceiling_off,2015-03-05,513030.SH,159915.SZ,True,513030.SH,159915.SZ,513030.SH,159915.SZ,,,8.19219222259141,0.8737807479431074,1.4560561878523037,1.7232178686763937
score_ceiling_off,2015-03-06,513030.SH,159915.SZ,True,513030.SH,159915.SZ,513030.SH,159915.SZ,,,7.591134203129885,0.8654698963614076,1.4589337692512212,1.671645816879061
score_ceiling_off,2015-03-09,513030.SH,159915.SZ,True,513030.SH,159915.SZ,513030.SH,159915.SZ,,,7.690305747736815,0.8809409590416094,1.453178606453386,1.713436962301038
score_ceiling_off,2015-03-10,513030.SH,159915.SZ,True,513030.SH,159915.SZ,513030.SH,159915.SZ,,,8.240313237581423,0.8992482557777617,1.4416682808577157,1.7534497611093134
score_ceiling_off,2015-03-11,513030.SH,159915.SZ,True,513030.SH,159915.SZ,513030.SH,159915.SZ,,,8.011377265009997,0.9039377809083731,1.4128924668685399,1.7427796814271066
score_ceiling_off,2015-03-12,CASH,159915.SZ,True,513030.SH,159915.SZ,CASH,159915.SZ,CASH,,7.0412326050273055,0.885622534990464,1.43591455685058,1.7249962152900953
score_ceiling_off,2015-03-13,CASH,159915.SZ,True,CASH,159915.SZ,CASH,159915.SZ,,,6.828255099742136,0.8910056093934807,1.43591455685058,1.771233227246325
score_ceiling_off,2015-03-16,CASH,159915.SZ,True,CASH,159915.SZ,CASH,159915.SZ,,,7.552810980806296,0.8978813400153866,1.43591455685058,1.832586185419014
score_ceiling_off,2015-03-17,CASH,159915.SZ,True,CASH,159915.SZ,CASH,159915.SZ,,,7.7430211739152135,0.9076023740330674,1.43591455685058,1.8254727989642094
score_ceiling_off,2015-03-18,CASH,159915.SZ,True,CASH,159915.SZ,CASH,159915.SZ,,,8.355051044690155,0.9144722191748961,1.43591455685058,1.866374771079336
score_ceiling_off,2015-03-19,CASH,159915.SZ,True,CASH,159915.SZ,CASH,159915.SZ,,,8.369507866837944,0.921482244207235,1.43591455685058,1.8628180778519337
score_ceiling_off,2015-03-20,CASH,159915.SZ,True,CASH,159915.SZ,CASH,159915.SZ,,,8.509807539908309,0.927726054318194,1.43591455685058,1.890382450364301
score_ceiling_off,2015-03-23,CASH,159915.SZ,True,CASH,159915.SZ,CASH,159915.SZ,,,9.870412883183207,0.9203228822464987,1.43591455685058,1.9615163149123462
score_ceiling_off,2015-03-24,CASH,159915.SZ,True,CASH,159915.SZ,CASH,159915.SZ,,,12.427618859396972,0.9051167599942591,1.43591455685058,2.0210909264713344
score_ceiling_off,2015-03-25,CASH,159915.SZ,True,CASH,159915.SZ,CASH,159915.SZ,,,14.931283918602315,0.9078788908727605,1.43591455685058,2.034428526074093
score_ceiling_off,2015-03-26,CASH,159915.SZ,True,CASH,159915.SZ,CASH,159915.SZ,,,13.670436790983324,0.899680917484166,1.43591455685058,1.9472895420027376
score_ceiling_off,2015-03-27,CASH,159915.SZ,True,CASH,159915.SZ,CASH,159915.SZ,,,13.183629964253786,0.9010377397965291,1.43591455685058,1.9810781276630596
score_ceiling_off,2015-03-30,CASH,159915.SZ,True,CASH,159915.SZ,CASH,159915.SZ,,,11.356127128080498,0.8765066635892945,1.43591455685058,1.9499570619232898
score_ceiling_off,2015-03-31,CASH,159915.SZ,True,CASH,159915.SZ,CASH,159915.SZ,,,10.601850067424301,0.8735209247426897,1.43591455685058,1.99797242049322
score_ceiling_off,2015-04-01,CASH,159915.SZ,True,CASH,159915.SZ,CASH,159915.SZ,,,10.523865874778151,0.8800015451054848,1.43591455685058,2.0415419125288974
score_ceiling_off,2015-04-02,CASH,159915.SZ,True,CASH,159915.SZ,CASH,159915.SZ,,,11.599642045096264,0.889499539725807,1.43591455685058,2.106451563928989
score_ceiling_off,2015-04-03,CASH,159915.SZ,True,CASH,159915.SZ,CASH,159915.SZ,,,12.60424551899596,0.8998727731972223,1.43591455685058,2.1260133766797016
score_ceiling_off,2015-04-07,CASH,159915.SZ,True,CASH,159915.SZ,CASH,159915.SZ,,,14.080319899157681,0.9089270535026214,1.43591455685058,2.167804522101678
score_ceiling_off,2015-04-08,CASH,159915.SZ,True,CASH,159915.SZ,CASH,159915.SZ,,,12.964925416812425,0.9049580664603539,1.43591455685058,2.113564950383793
score_ceiling_off,2015-04-09,CASH,159915.SZ,True,CASH,159915.SZ,CASH,159915.SZ,,,13.608018831102157,0.9131647863021587,1.43591455685058,2.1927013746934936
score_ceiling_off,2015-04-10,CASH,159915.SZ,True,CASH,159915.SZ,CASH,159915.SZ,,,12.319817655796207,0.9082719601175916,1.43591455685058,2.15535609580577
score_ceiling_off,2015-04-13,CASH,159915.SZ,True,CASH,159915.SZ,CASH,159915.SZ,,,11.229923394392324,0.9064269384135678,1.43591455685058,2.1793637750907355
score_ceiling_off,2015-04-14,CASH,159915.SZ,True,CASH,159915.SZ,CASH,159915.SZ,,,9.72052679418168,0.8946481167375286,1.43591455685058,2.1695828687153793
score_ceiling_off,2015-04-15,CASH,159915.SZ,True,CASH,159915.SZ,CASH,159915.SZ,,,6.536006048927078,0.7732217243586887,1.43591455685058,2.071773804961817
score_ceiling_off,2015-04-16,159915.SZ,159915.SZ,False,CASH,159915.SZ,159915.SZ,159915.SZ,159915.SZ,,4.815981058729674,0.7022348095695976,1.4344786422937295,2.1117866037700925
score_ceiling_off,2015-04-29,CASH,159915.SZ,True,159915.SZ,159915.SZ,CASH,159915.SZ,CASH,,5.700640544141702,0.6771635873102693,1.643022845314888,2.421218914554089
score_ceiling_off,2015-04-30,CASH,159915.SZ,True,CASH,159915.SZ,CASH,159915.SZ,,,6.944465225206476,0.7135528182697279,1.643022845314888,2.4434482472253536
score_ceiling_off,2015-05-04,CASH,159915.SZ,True,CASH,159915.SZ,CASH,159915.SZ,,,7.678441464225466,0.7418572178577305,1.643022845314888,2.436334860770549
score_ceiling_off,2015-05-05,CASH,159915.SZ,True,CASH,159915.SZ,CASH,159915.SZ,,,7.127500609031328,0.73820432294931,1.643022845314888,2.374092729291009
score_ceiling_off,2015-05-06,CASH,159915.SZ,True,CASH,159915.SZ,CASH,159915.SZ,,,7.300743545862936,0.7580024580314781,1.643022845314888,2.4345565141568475
score_ceiling_off,2015-05-07,CASH,159915.SZ,True,CASH,159915.SZ,CASH,159915.SZ,,,6.612442494114752,0.7459520661925594,1.643022845314888,2.388319502200618
score_ceiling_off,2015-05-08,CASH,159915.SZ,True,CASH,159915.SZ,CASH,159915.SZ,,,8.514441336824197,0.7775452186987103,1.643022845314888,2.5732675500255358
score_ceiling_off,2015-05-11,CASH,159915.SZ,True,CASH,159915.SZ,CASH,159915.SZ,,,12.988118010836004,0.7873468579517957,1.643022845314888,2.7119785858942236
score_ceiling_off,2015-05-12,CASH,159915.SZ,True,CASH,159915.SZ,CASH,159915.SZ,,,19.73079961823235,0.8061814432973778,1.643022845314888,2.7822232771354183
score_ceiling_off,2015-05-13,CASH,159915.SZ,True,CASH,159915.SZ,CASH,159915.SZ,,,23.10919240370254,0.8372598956470634,1.643022845314888,2.6995301595983157
score_ceiling_off,2015-05-14,CASH,159915.SZ,True,CASH,159915.SZ,CASH,159915.SZ,,,23.680775668178413,0.8528327304529616,1.643022845314888,2.6746333070065
score_ceiling_off,2015-05-15,CASH,159915.SZ,True,CASH,159915.SZ,CASH,159915.SZ,,,23.020992228617878,0.8606453448176898,1.643022845314888,2.6817466934613043
score_ceiling_off,2015-05-18,CASH,159915.SZ,True,CASH,159915.SZ,CASH,159915.SZ,,,25.595562020170814,0.8777663119057982,1.643022845314888,2.807120129727234
score_ceiling_off,2015-05-19,CASH,159915.SZ,True,CASH,159915.SZ,CASH,159915.SZ,,,27.12138029614173,0.8907134493831937,1.643022845314888,2.8320169823190495
score_ceiling_off,2015-05-20,CASH,159915.SZ,True,CASH,159915.SZ,CASH,159915.SZ,,,29.410631072347922,0.9011924714796324,1.643022845314888,2.9022616735602442
score_ceiling_off,2015-05-21,CASH,159915.SZ,True,CASH,159915.SZ,CASH,159915.SZ,,,35.40216043252652,0.9042213935914131,1.643022845314888,3.0320809763604273
score_ceiling_off,2015-05-22,CASH,159915.SZ,True,CASH,159915.SZ,CASH,159915.SZ,,,37.56243672428315,0.9127136128426981,1.643022845314888,3.0071841237686114
score_ceiling_off,2015-05-25,CASH,159915.SZ,True,CASH,159915.SZ,CASH,159915.SZ,,,34.42093524196452,0.911726836620075,1.643022845314888,2.9582795918918303
score_ceiling_off,2015-05-26,CASH,159915.SZ,True,CASH,159915.SZ,CASH,159915.SZ,,,35.98777161983116,0.9200524157821602,1.643022845314888,3.0792071616235073
score_ceiling_off,2015-05-27,CASH,159915.SZ,True,CASH,159915.SZ,CASH,159915.SZ,,,35.776334049609666,0.9256178783100183,1.643022845314888,3.0792071616235073
score_ceiling_off,2015-05-28,CASH,159915.SZ,True,CASH,159915.SZ,CASH,159915.SZ,,,26.603824793847753,0.8776204847684502,1.643022845314888,2.92538017953836
score_ceiling_off,2015-05-29,CASH,159915.SZ,True,CASH,159915.SZ,CASH,159915.SZ,,,22.0369514264733,0.8582179925698584,1.643022845314888,3.0089624703823126
score_ceiling_off,2015-06-01,CASH,159915.SZ,True,CASH,159915.SZ,CASH,159915.SZ,,,22.331743915863377,0.8678027336804768,1.643022845314888,3.1725703588428167
score_ceiling_off,2015-06-02,CASH,159915.SZ,True,CASH,159915.SZ,CASH,159915.SZ,,,26.96355769138546,0.8712697826197171,1.643022845314888,3.350405020212929
score_ceiling_off,2015-06-03,CASH,159915.SZ,True,CASH,159915.SZ,CASH,159915.SZ,,,30.345593739514186,0.8799605191226422,1.643022845314888,3.3699668329636414
score_ceiling_off,2015-06-04,CASH,159915.SZ,True,CASH,159915.SZ,CASH,159915.SZ,,,30.304841605198764,0.887902011242271,1.643022845314888,3.3352890739964693
score_ceiling_off,2015-06-05,CASH,159915.SZ,True,CASH,159915.SZ,CASH,159915.SZ,,,26.639851498616512,0.8837114491664075,1.643022845314888,3.292608755267642
score_ceiling_off,2015-06-08,CASH,159915.SZ,True,CASH,159915.SZ,CASH,159915.SZ,,,17.985913763117363,0.8123157443796248,1.643022845314888,3.1414492931030464
score_ceiling_off,2015-06-09,CASH,159915.SZ,True,CASH,159915.SZ,CASH,159915.SZ,,,11.901704011951452,0.7301793651700622,1.643022845314888,3.1352250799550925
score_ceiling_off,2015-06-10,CASH,159915.SZ,True,CASH,159915.SZ,CASH,159915.SZ,,,9.504576469737808,0.7068792337628225,1.643022845314888,3.2543743030730683
score_ceiling_off,2015-06-11,CASH,159915.SZ,True,CASH,159915.SZ,CASH,159915.SZ,,,7.584485313664457,0.6807497402368509,1.643022845314888,3.2597093429141717
score_ceiling_off,2015-06-12,CASH,159915.SZ,True,CASH,159915.SZ,CASH,159915.SZ,,,6.448174347897197,0.663805840935028,1.643022845314888,3.293497928574493
score_ceiling_off,2015-06-15,159915.SZ,159915.SZ,False,CASH,159915.SZ,159915.SZ,159915.SZ,159915.SZ,,4.101390765089674,0.5172049317011884,1.6413798224695733,3.1227766536591846
score_ceiling_off,2015-10-12,CASH,159915.SZ,True,159915.SZ,159915.SZ,CASH,159915.SZ,CASH,,8.445241752091459,0.5611269758104439,1.8746194148973385,3.570092394667068
score_ceiling_off,2015-10-13,CASH,159915.SZ,True,CASH,159915.SZ,CASH,159915.SZ,,,12.806036232567816,0.6425358310945274,1.8746194148973385,3.579741293031033
score_ceiling_off,2015-10-14,518880.SH,159915.SZ,True,CASH,159915.SZ,518880.SH,159915.SZ,518880.SH,,15.316772003410744,0.6945550550469115,1.8727447954824412,3.5089827050286226
score_ceiling_off,2015-10-15,518880.SH,159915.SZ,True,518880.SH,159915.SZ,518880.SH,159915.SZ,,,21.162308230751414,0.7448543442164235,1.880557664883703,3.6955280733986133
score_ceiling_off,2015-10-16,518880.SH,159915.SZ,True,518880.SH,159915.SZ,518880.SH,159915.SZ,,,28.168407793400196,0.7921196604470692,1.8766512301830722,3.745380714945766
score_ceiling_off,2015-10-19,518880.SH,159915.SZ,True,518880.SH,159915.SZ,518880.SH,159915.SZ,,,32.26116151560023,0.8317821892002372,1.8735260824225675,3.689095474489303
score_ceiling_off,2015-10-20,518880.SH,159915.SZ,True,518880.SH,159915.SZ,518880.SH,159915.SZ,,,41.25788129257582,0.8743433698763611,1.8696196477219362,3.8450859980400707
score_ceiling_off,2015-10-21,518880.SH,159915.SZ,True,518880.SH,159915.SZ,518880.SH,159915.SZ,,,33.79506344665826,0.851868871710475,1.8743073693626935,3.570092394667067
score_ceiling_off,2015-10-22,518880.SH,159915.SZ,True,518880.SH,159915.SZ,518880.SH,159915.SZ,,,33.21812197612914,0.866165845041402,1.8664944999614315,3.7759355597649873
score_ceiling_off,2015-10-23,513030.SH,159915.SZ,True,518880.SH,159915.SZ,513030.SH,159915.SZ,513030.SH,,34.541146968796276,0.8821258165494392,1.8736776520889515,3.902979388223861
score_ceiling_off,2015-10-26,513030.SH,159915.SZ,True,513030.SH,159915.SZ,513030.SH,159915.SZ,,,30.51984190590059,0.8802347119056153,1.9092670600057249,3.856343046131363
score_ceiling_off,2015-10-27,513030.SH,159915.SZ,True,513030.SH,159915.SZ,513030.SH,159915.SZ,,,27.942284184085455,0.8840569334987577,1.8904256087556683,3.930317933588428
score_ceiling_off,2015-10-28,513030.SH,159915.SZ,True,513030.SH,159915.SZ,513030.SH,159915.SZ,,,21.322180660491043,0.848428105918138,1.869490662922272,3.7952333564929175
score_ceiling_off,2015-10-29,159941.SZ,159915.SZ,True,513030.SH,159915.SZ,159941.SZ,159915.SZ,159941.SZ,,15.644323725754422,0.8006473932363714,1.8950019879148485,3.782368158674297
score_ceiling_off,2015-10-30,159941.SZ,159915.SZ,True,159941.SZ,159915.SZ,159941.SZ,159915.SZ,,,11.36898868986929,0.7441473096990382,1.8950019879148485,3.777543709492315
score_ceiling_off,2015-11-02,159941.SZ,159915.SZ,True,159941.SZ,159915.SZ,159941.SZ,159915.SZ,,,7.585625623052323,0.6471199233130295,1.8797810884135244,3.7164340198538697
score_ceiling_off,2015-11-03,159915.SZ,159915.SZ,False,159941.SZ,159915.SZ,159915.SZ,159915.SZ,159915.SZ,,4.866604695438158,0.5370650096486783,1.8988072127901794,3.706785121489905
score_ceiling_off,2015-11-11,159941.SZ,159915.SZ,True,159915.SZ,159915.SZ,159941.SZ,159915.SZ,159941.SZ,,5.693500647265695,0.6711693680131392,2.2033083399640456,4.30984126923772
score_ceiling_off,2015-11-12,159941.SZ,159915.SZ,True,159941.SZ,159915.SZ,159941.SZ,159915.SZ,,,6.3032794263444085,0.7012002203586641,2.19442403214161,4.2583804779632395
score_ceiling_off,2015-11-13,159941.SZ,159915.SZ,True,159941.SZ,159915.SZ,159941.SZ,159915.SZ,,,5.894914948085797,0.6997413356957825,2.19442403214161,4.149026296504969
score_ceiling_off,2015-11-16,159941.SZ,159915.SZ,True,159941.SZ,159915.SZ,159941.SZ,159915.SZ,,,6.480943382750063,0.7310336079027724,2.1500024930294317,4.293759771964444
score_ceiling_off,2015-11-17,CASH,159915.SZ,True,159941.SZ,159915.SZ,CASH,159915.SZ,CASH,,5.575897437391163,0.6984895396897528,2.1656033375656283,4.131336649504366
score_ceiling_off,2015-11-18,159915.SZ,159915.SZ,False,CASH,159915.SZ,159915.SZ,159915.SZ,159915.SZ,,4.226466019036746,0.6040535563821124,2.163437734228063,4.046104713956009
score_ceiling_off,2016-03-25,513030.SH,159915.SZ,True,159915.SZ,159915.SZ,513030.SH,159915.SZ,513030.SH,,5.581538231709727,0.5429376546268168,2.2638269251972436,4.242339274271113
score_ceiling_off,2016-03-28,513030.SH,159915.SZ,True,513030.SH,159915.SZ,513030.SH,159915.SZ,,,6.346428169784758,0.6322377337434264,2.2611822675743496,4.189790050292528
score_ceiling_off,2016-03-29,513030.SH,159915.SZ,True,513030.SH,159915.SZ,513030.SH,159915.SZ,,,6.076347539379693,0.6550287296444854,2.2664715828201376,4.121071834320533
score_ceiling_off,2016-03-30,513030.SH,159915.SZ,True,513030.SH,159915.SZ,513030.SH,159915.SZ,,,6.797809490491903,0.7158137725579443,2.2876288438032897,4.313078614242284
score_ceiling_off,2016-03-31,513030.SH,159915.SZ,True,513030.SH,159915.SZ,513030.SH,159915.SZ,,,6.610987863756498,0.7279106831046948,2.2929181590490777,4.282761754254639
score_ceiling_off,2016-04-01,513030.SH,159915.SZ,True,513030.SH,159915.SZ,513030.SH,159915.SZ,,,5.780944389093865,0.7063113683448201,2.2823395285575017,4.238297026272759
score_ceiling_off,2016-04-05,CASH,159915.SZ,True,513030.SH,159915.SZ,CASH,159915.SZ,CASH,,5.7299209157258435,0.7214243909508513,2.266847124202589,4.381796830214279
score_ceiling_off,2016-04-06,CASH,159915.SZ,True,CASH,159915.SZ,CASH,159915.SZ,,,5.675156344100315,0.7370727058111632,2.266847124202589,4.408071442203571
score_ceiling_off,2016-04-07,159915.SZ,159915.SZ,False,CASH,159915.SZ,159915.SZ,159915.SZ,159915.SZ,,4.960292445008324,0.7197053712411197,2.2645802770783865,4.335310978233224
score_ceiling_off,2016-12-28,513030.SH,159941.SZ,True,159941.SZ,159941.SZ,513030.SH,159941.SZ,513030.SH,,5.667501823224134,0.789162055242202,1.9930199039537526,3.823082144591573
score_ceiling_off,2016-12-29,513030.SH,159941.SZ,True,513030.SH,159941.SZ,513030.SH,159941.SZ,,,5.939755062242588,0.8204704055226122,1.9889105845641573,3.7749930610118048
score_ceiling_off,2016-12-30,513030.SH,159941.SZ,True,513030.SH,159941.SZ,513030.SH,159941.SZ,,,6.04490384592495,0.843517075529862,2.0074025218173364,3.787015331906747
score_ceiling_off,2017-01-03,513030.SH,159941.SZ,True,513030.SH,159941.SZ,513030.SH,159941.SZ,,,5.502746971467824,0.8285454254337614,2.034113097849706,3.7389262483269787
score_ceiling_off,2017-01-04,159941.SZ,159941.SZ,False,513030.SH,159941.SZ,159941.SZ,159941.SZ,159941.SZ,,4.31628553857715,0.7374282558570575,2.0177415694015584,3.666792622957326
score_ceiling_off,2019-02-22,159941.SZ,159915.SZ,True,159915.SZ,159915.SZ,159941.SZ,159915.SZ,159941.SZ,,7.02105860290737,0.80144455653255,2.379894846157195,4.333592138810609
score_ceiling_off,2019-02-25,159941.SZ,159915.SZ,True,159941.SZ,159915.SZ,159941.SZ,159915.SZ,,,11.2187026611327,0.8058442009065019,2.404685417471333,4.598662497230035
score_ceiling_off,2019-02-26,159941.SZ,159915.SZ,True,159941.SZ,159915.SZ,159941.SZ,159915.SZ,,,15.164814585879029,0.8443668415875284,2.38609248898573,4.558593722120122
score_ceiling_off,2019-02-27,159941.SZ,159915.SZ,True,159941.SZ,159915.SZ,159941.SZ,159915.SZ,,,17.294732659513063,0.8759224106143525,2.38609248898573,4.493867239250262
score_ceiling_off,2019-02-28,159941.SZ,159915.SZ,True,159941.SZ,159915.SZ,159941.SZ,159915.SZ,,,18.88840759732401,0.8992518407979263,2.3798948461571956,4.530853800890182
score_ceiling_off,2019-03-01,159941.SZ,159915.SZ,True,159941.SZ,159915.SZ,159941.SZ,159915.SZ,,,21.03230560127681,0.9205013433926261,2.4046854174713332,4.623320204989982
score_ceiling_off,2019-03-04,513030.SH,159915.SZ,True,159941.SZ,159915.SZ,513030.SH,159915.SZ,513030.SH,,25.408964914371282,0.9353797037644125,2.406061294179268,4.7959241593096085
score_ceiling_off,2019-03-05,513030.SH,159915.SZ,True,513030.SH,159915.SZ,513030.SH,159915.SZ,,,32.71744187783467,0.939249294409255,2.384143731782898,4.977774754039214
score_ceiling_off,2019-03-06,513030.SH,159915.SZ,True,513030.SH,159915.SZ,513030.SH,159915.SZ,,,39.83846198555843,0.9468708579430815,2.3817084470721905,5.0394190234390805
score_ceiling_off,2019-03-07,513030.SH,159915.SZ,True,513030.SH,159915.SZ,513030.SH,159915.SZ,,,42.12216034867616,0.9551440329180254,2.3768378776507753,4.996268034859174
score_ceiling_off,2019-03-08,CASH,159915.SZ,True,513030.SH,159915.SZ,CASH,159915.SZ,CASH,,36.85203072504068,0.9448571609614485,2.354998244365148,4.882226136469421
score_ceiling_off,2019-03-11,CASH,159915.SZ,True,CASH,159915.SZ,CASH,159915.SZ,,,37.1769374916384,0.9489576286489433,2.354998244365148,5.110309933248927
score_ceiling_off,2019-03-12,CASH,159915.SZ,True,CASH,159915.SZ,CASH,159915.SZ,,,38.350934259106715,0.9526195789899308,2.354998244365148,5.227434045108673
score_ceiling_off,2019-03-13,CASH,159915.SZ,True,CASH,159915.SZ,CASH,159915.SZ,,,29.793763243933277,0.9241919335795379,2.354998244365148,4.987021394449195
score_ceiling_off,2019-03-14,CASH,159915.SZ,True,CASH,159915.SZ,CASH,159915.SZ,,,20.45154313792361,0.8568343322389729,2.354998244365148,4.879143922999428
score_ceiling_off,2019-03-15,CASH,159915.SZ,True,CASH,159915.SZ,CASH,159915.SZ,,,14.312635764459197,0.788688995071143,2.354998244365148,4.8976372038193885
score_ceiling_off,2019-03-18,CASH,159915.SZ,True,CASH,159915.SZ,CASH,159915.SZ,,,11.381215974491633,0.7595074985786543,2.354998244365148,5.036336809969088
score_ceiling_off,2019-03-19,CASH,159915.SZ,True,CASH,159915.SZ,CASH,159915.SZ,,,8.8163636884962,0.7229522245154473,2.354998244365148,5.033254596499095
score_ceiling_off,2019-03-20,159941.SZ,159915.SZ,True,CASH,159915.SZ,159941.SZ,159915.SZ,159941.SZ,,6.308616406899485,0.6566515588190269,2.3526432461207825,4.971610327099228
score_ceiling_off,2019-03-21,159915.SZ,159915.SZ,False,159941.SZ,159915.SZ,159915.SZ,159915.SZ,159915.SZ,,4.661214417580512,0.603871304727863,2.3597070722081326,5.014761315679134
score_ceiling_off,2020-02-13,159915.SZ,159941.SZ,True,159941.SZ,159941.SZ,159915.SZ,159941.SZ,159915.SZ,,7.5538443357771,0.700498290077932,2.9869336169281335,6.360440617760334
score_ceiling_off,2020-02-14,159915.SZ,159941.SZ,True,159915.SZ,159941.SZ,159915.SZ,159941.SZ,,,8.174260160587888,0.7333100927429295,2.9854311352294776,5.970810977268393
score_ceiling_off,2020-02-17,159915.SZ,159941.SZ,True,159915.SZ,159941.SZ,159915.SZ,159941.SZ,,,8.653340849942504,0.7600082118558731,3.1116395979165823,6.012933100564819
score_ceiling_off,2020-02-18,159915.SZ,159941.SZ,True,159915.SZ,159941.SZ,159915.SZ,159941.SZ,,,7.750608076045133,0.7387590760580627,3.140186750191046,5.876036199851435
score_ceiling_off,2020-02-19,159915.SZ,159941.SZ,True,159915.SZ,159941.SZ,159915.SZ,159941.SZ,,,6.397585467135999,0.6843395991795953,3.08609740903943,5.812853014906796
score_ceiling_off,2020-02-20,159915.SZ,159941.SZ,True,159915.SZ,159941.SZ,159915.SZ,159941.SZ,,,5.510145759828165,0.6500240526555807,3.162723975670886,5.886566730675542
score_ceiling_off,2020-02-21,159941.SZ,159915.SZ,True,159915.SZ,159941.SZ,159941.SZ,159915.SZ,159941.SZ,159915.SZ,6.246496235862934,0.7563464083829348,3.216377597129892,5.748679960064691
score_ceiling_off,2020-02-24,159941.SZ,159915.SZ,True,159941.SZ,159915.SZ,159941.SZ,159915.SZ,,,7.719783644304837,0.8006909757045078,3.087016889384265,5.837121190219532
score_ceiling_off,2020-02-25,518880.SH,159915.SZ,True,159941.SZ,159915.SZ,518880.SH,159915.SZ,518880.SH,,9.182402061429384,0.8401810866760555,3.1336573045587337,5.8826818239356635
score_ceiling_off,2020-02-26,518880.SH,159915.SZ,True,518880.SH,159915.SZ,518880.SH,159915.SZ,,,8.21968919530261,0.8244977315000356,3.1508374432898667,5.633438357135656
score_ceiling_off,2020-02-27,518880.SH,159915.SZ,True,518880.SH,159915.SZ,518880.SH,159915.SZ,,,7.264464736238558,0.8060277992449036,3.151696450226423,5.657558692632432
score_ceiling_off,2020-02-28,159915.SZ,159915.SZ,False,518880.SH,159915.SZ,159915.SZ,159915.SZ,159915.SZ,,4.662422832845276,0.6072507292472085,3.105957766882527,5.346674368451777
score_ceiling_off,2020-04-17,513520.SH,513030.SH,True,513030.SH,513030.SH,513520.SH,513030.SH,513520.SH,,5.765780368489633,0.7505242413404782,3.0172032617867024,5.204298712807276
score_ceiling_off,2020-04-20,513520.SH,513030.SH,True,513520.SH,513030.SH,513520.SH,513030.SH,,,5.846362528888711,0.800710303920429,3.007715201215046,5.222182900823796
score_ceiling_off,2020-04-21,513030.SH,513030.SH,False,513520.SH,513030.SH,513030.SH,513030.SH,513030.SH,,4.9245189714517,0.7708194672216345,2.9606670715270598,5.1268005647356905
score_ceiling_off,2020-04-30,513520.SH,159941.SZ,True,159941.SZ,159941.SZ,513520.SH,159941.SZ,513520.SH,,7.043900028298758,0.8555293462592866,3.243775738188239,5.628298596393947
score_ceiling_off,2020-05-06,513520.SH,159941.SZ,True,513520.SH,159941.SZ,513520.SH,159941.SZ,,,8.340799310189631,0.8744979611959321,3.217295936243845,5.597145652133463
score_ceiling_off,2020-05-07,159915.SZ,159941.SZ,True,513520.SH,159941.SZ,159915.SZ,159941.SZ,159915.SZ,,8.629469268029057,0.8871346199082177,3.1943445679085416,5.534839763612497
score_ceiling_off,2020-05-08,159915.SZ,159941.SZ,True,159915.SZ,159941.SZ,159915.SZ,159941.SZ,,,8.489602495102124,0.891945298727525,3.221161287737897,5.545224078365991
score_ceiling_off,2020-05-11,159915.SZ,159941.SZ,True,159915.SZ,159941.SZ,159915.SZ,159941.SZ,,,7.711393240595148,0.8809217938718787,3.1927671138009326,5.503686819352014
score_ceiling_off,2020-05-12,159915.SZ,159941.SZ,True,159915.SZ,159941.SZ,159915.SZ,159941.SZ,,,6.319692817535835,0.8362049916578654,3.222738741845507,5.430996616077553
score_ceiling_off,2020-05-13,159941.SZ,159941.SZ,False,159915.SZ,159941.SZ,159941.SZ,159941.SZ,159941.SZ,,4.710281809195398,0.7412774599559686,3.239907752352724,5.347922098049598
score_ceiling_off,2020-06-03,513520.SH,513030.SH,True,513030.SH,513030.SH,513520.SH,513030.SH,513520.SH,,6.134647033243193,0.7788517010877194,3.464365616930842,5.729881042769785
score_ceiling_off,2020-06-04,513520.SH,513030.SH,True,513520.SH,513030.SH,513520.SH,513030.SH,,,8.26396979477267,0.817292482809484,3.464365616930842,5.86456972545977
score_ceiling_off,2020-06-05,513520.SH,513030.SH,True,513520.SH,513030.SH,513520.SH,513030.SH,,,11.332766246324415,0.8520845409262306,3.4707280882199716,5.993646379704339
score_ceiling_off,2020-06-08,513520.SH,513030.SH,True,513520.SH,513030.SH,513520.SH,513030.SH,,,15.08989403255391,0.8870733508614216,3.4866342664427945,6.077826806385579
score_ceiling_off,2020-06-09,513520.SH,513030.SH,True,513520.SH,513030.SH,513520.SH,513030.SH,,,18.44368185258437,0.9201694001832104,3.5311715654666984,6.094662891721828
score_ceiling_off,2020-06-10,513520.SH,513030.SH,True,513520.SH,513030.SH,513520.SH,513030.SH,,,19.37491161245774,0.9377790194672977,3.5598026862677794,6.027318550376836
score_ceiling_off,2020-06-11,513520.SH,513030.SH,True,513520.SH,513030.SH,513520.SH,513030.SH,,,16.112322731384513,0.9034177907516707,3.4580031456417126,5.819673497896441
score_ceiling_off,2020-06-12,513520.SH,513030.SH,True,513520.SH,513030.SH,513520.SH,513030.SH,,,11.265022230787707,0.7950140383244202,3.4102846109732443,5.65131264453396
score_ceiling_off,2020-06-15,513520.SH,513030.SH,True,513520.SH,513030.SH,513520.SH,513030.SH,,,6.7075517780603295,0.5995043185114606,3.3116663059917415,5.494175848062311
score_ceiling_off,2020-06-16,513030.SH,513030.SH,False,513520.SH,513030.SH,513030.SH,513030.SH,513030.SH,,5.108814717959878,0.5383292625014876,3.476486124736633,5.7803892987785295
score_ceiling_off,2020-06-30,159941.SZ,159915.SZ,True,159915.SZ,159915.SZ,159941.SZ,159915.SZ,159941.SZ,,5.53531030203576,0.9463309342783761,3.6781511354526475,6.127955701307934
score_ceiling_off,2020-07-01,159941.SZ,159915.SZ,True,159941.SZ,159915.SZ,159941.SZ,159915.SZ,,,5.706648911226234,0.9540271390055639,3.7252207112262647,6.083794935338357
score_ceiling_off,2020-07-02,159941.SZ,159915.SZ,True,159941.SZ,159915.SZ,159941.SZ,159915.SZ,,,5.7478460712087225,0.9597825322574615,3.7924629623314314,6.104576472265217
score_ceiling_off,2020-07-03,159941.SZ,159915.SZ,True,159941.SZ,159915.SZ,159941.SZ,159915.SZ,,,5.878246518320353,0.9646883473045303,3.8126356376629813,6.1825072357409425
score_ceiling_off,2020-07-06,159941.SZ,159915.SZ,True,159941.SZ,159915.SZ,159941.SZ,159915.SZ,,,6.66004920754588,0.9616236740736586,3.8328083129945316,6.364345683850971
score_ceiling_off,2020-07-07,159941.SZ,159915.SZ,True,159941.SZ,159915.SZ,159941.SZ,159915.SZ,,,7.9353301092718365,0.9539626738193948,3.852980988326082,6.502023365991421
score_ceiling_off,2020-07-08,159941.SZ,159915.SZ,True,159941.SZ,159915.SZ,159941.SZ,159915.SZ,,,10.11571367020891,0.9392587564464263,3.8462567632155653,6.686459506217306
score_ceiling_off,2020-07-09,159941.SZ,159915.SZ,True,159941.SZ,159915.SZ,159941.SZ,159915.SZ,,,14.038176545753593,0.9117451466988871,3.8866021138786655,6.946228717803059
score_ceiling_off,2020-07-10,159941.SZ,159915.SZ,True,159941.SZ,159915.SZ,159941.SZ,159915.SZ,,,17.838090439245647,0.9147053574993597,3.879877888768149,6.974803331077492
score_ceiling_off,2020-07-13,159941.SZ,159915.SZ,True,159941.SZ,159915.SZ,159941.SZ,159915.SZ,,,25.045732481568752,0.906168619690755,3.953844364983833,7.278733308632823
score_ceiling_off,2020-07-14,159941.SZ,159915.SZ,True,159941.SZ,159915.SZ,159941.SZ,159915.SZ,,,29.698308987496873,0.9194814750005472,3.900050564099699,7.187814084577809
score_ceiling_off,2020-07-15,159941.SZ,159915.SZ,True,159941.SZ,159915.SZ,159941.SZ,159915.SZ,,,29.92270486289409,0.9254466678275556,3.906774789210216,7.07091793936422
score_ceiling_off,2020-07-16,513030.SH,159915.SZ,True,159941.SZ,159915.SZ,513030.SH,159915.SZ,513030.SH,,21.436977958682093,0.8476722215805004,3.5567116299567156,6.644896432363583
score_ceiling_off,2020-07-17,513030.SH,159915.SZ,True,513030.SH,159915.SZ,513030.SH,159915.SZ,,,15.78732516956903,0.7798086216952169,3.589889910086909,6.709838735260022
score_ceiling_off,2020-07-20,513030.SH,159915.SZ,True,513030.SH,159915.SZ,513030.SH,159915.SZ,,,11.985892799917242,0.7231327550244276,3.5998433941259664,6.782574114504033
score_ceiling_off,2020-07-21,513030.SH,159915.SZ,True,513030.SH,159915.SZ,513030.SH,159915.SZ,,,9.46507614077777,0.6798517412442782,3.6827890944514503,6.865700262211474
score_ceiling_off,2020-07-22,513030.SH,159915.SZ,True,513030.SH,159915.SZ,513030.SH,159915.SZ,,,7.792991140447636,0.6503216609145799,3.6761534384254118,6.956619486266489
score_ceiling_off,2020-07-23,513030.SH,159915.SZ,True,513030.SH,159915.SZ,513030.SH,159915.SZ,,,6.612101403095451,0.629899822883688,3.7192852025946626,7.0293548655105
score_ceiling_off,2020-07-24,159915.SZ,159915.SZ,False,513030.SH,159915.SZ,159915.SZ,159915.SZ,159915.SZ,,3.8926356026307056,0.45331420855031135,3.6323780156216343,6.590344897930576
score_ceiling_off,2020-08-31,CASH,159941.SZ,True,159941.SZ,159941.SZ,CASH,159941.SZ,CASH,,5.985273732050456,0.8091822863783558,4.064191484883286,7.381179694447781
score_ceiling_off,2020-09-01,CASH,159941.SZ,True,CASH,159941.SZ,CASH,159941.SZ,,,8.058694016276439,0.8288959640357403,4.064191484883286,7.541407907786011
score_ceiling_off,2020-09-02,CASH,159941.SZ,True,CASH,159941.SZ,CASH,159941.SZ,,,12.650723229583084,0.8200563988700834,4.064191484883286,7.947319381576193
score_ceiling_off,2020-09-03,CASH,159941.SZ,True,CASH,159941.SZ,CASH,159941.SZ,,,22.414642463915566,0.8067704562065798,4.064191484883286,8.385276498034022
score_ceiling_off,2020-09-04,159985.SZ,159941.SZ,True,CASH,159941.SZ,159985.SZ,159941.SZ,159985.SZ,,21.410717903897634,0.8088996897963853,4.060127293398402,7.541407907786011
score_ceiling_off,2020-09-07,159985.SZ,159941.SZ,True,159985.SZ,159941.SZ,159985.SZ,159941.SZ,,,13.994806980479346,0.6697312707307503,4.075713194716631,7.017995744214462
score_ceiling_off,2020-09-08,159985.SZ,159941.SZ,True,159985.SZ,159941.SZ,159985.SZ,159941.SZ,,,11.874750187756574,0.6399156911078483,4.087402620705301,7.423907218004643
score_ceiling_off,2020-09-09,159985.SZ,159941.SZ,True,159985.SZ,159941.SZ,159985.SZ,159941.SZ,,,7.690445645907532,0.5063809126326385,4.052334342739289,7.0714051486605385
score_ceiling_off,2020-09-10,159985.SZ,159941.SZ,True,159985.SZ,159941.SZ,159985.SZ,159941.SZ,,,5.513831736456493,0.4232467408115691,4.079609670046188,7.231633361998768
score_ceiling_off,2020-09-11,159941.SZ,159941.SZ,False,159985.SZ,159941.SZ,159941.SZ,159941.SZ,159941.SZ,,3.399846937686066,0.29513815222653594,4.1570014630418495,7.060723267771324
score_ceiling_off,2021-01-08,159985.SZ,159915.SZ,True,159915.SZ,159915.SZ,159985.SZ,159915.SZ,159985.SZ,,6.241696366693094,0.8362281586279613,4.734121921239508,8.05708434851088
score_ceiling_off,2021-01-11,159985.SZ,159915.SZ,True,159985.SZ,159915.SZ,159985.SZ,159915.SZ,,,6.216031964217345,0.8458281957930933,4.847799519658118,7.932353464327741
score_ceiling_off,2021-01-12,513030.SH,159915.SZ,True,159985.SZ,159915.SZ,513030.SH,159915.SZ,513030.SH,,6.82763385537246,0.8675022262916496,4.852742661679675,8.163238292496532
score_ceiling_off,2021-01-13,513520.SH,159985.SZ,True,513030.SH,159915.SZ,513520.SH,159985.SZ,513520.SH,159985.SZ,7.099592446879873,0.9163308406190992,4.830436038863627,8.011836229886997
score_ceiling_off,2021-01-14,513520.SH,159985.SZ,True,513520.SH,159985.SZ,513520.SH,159985.SZ,,,7.740353758984982,0.9260473227669721,4.882376211324526,7.925065440393637
score_ceiling_off,2021-01-15,159915.SZ,159985.SZ,True,513520.SH,159985.SZ,159915.SZ,159985.SZ,159915.SZ,,7.79565794627648,0.9322469450038161,4.968878858545835,7.890357124596292
score_ceiling_off,2021-01-18,159915.SZ,159985.SZ,True,159915.SZ,159985.SZ,159915.SZ,159985.SZ,,,6.830279001550668,0.9094830508145656,5.061941472618934,7.751523861406914
score_ceiling_off,2021-01-19,159915.SZ,159985.SZ,True,159915.SZ,159985.SZ,159915.SZ,159985.SZ,,,5.766818865579417,0.8742968991203995,4.94561320502756,7.7341697035082415
score_ceiling_off,2021-01-20,159985.SZ,159985.SZ,False,159915.SZ,159985.SZ,159985.SZ,159985.SZ,159985.SZ,,4.0462418265096005,0.7319813312393264,5.134743026142405,7.496996212226389
score_ceiling_off,2022-02-10,CASH,159985.SZ,True,159985.SZ,159985.SZ,CASH,159985.SZ,CASH,,7.873051575172978,0.6165383069643176,4.622704035544903,6.756148370781617
score_ceiling_off,2022-02-11,CASH,159985.SZ,True,CASH,159985.SZ,CASH,159985.SZ,,,10.20254906049817,0.6852032621726514,4.622704035544903,6.631632325722842
score_ceiling_off,2022-02-14,CASH,159985.SZ,True,CASH,159985.SZ,CASH,159985.SZ,,,11.797198938786165,0.7342146983618361,4.622704035544903,6.594738682742465
score_ceiling_off,2022-02-15,CASH,159985.SZ,True,CASH,159985.SZ,CASH,159985.SZ,,,12.158846424542455,0.759393812315126,4.622704035544903,6.5255631021542575
score_ceiling_off,2022-02-16,CASH,159985.SZ,True,CASH,159985.SZ,CASH,159985.SZ,,,12.025276187783644,0.7735964273548366,4.622704035544903,6.548621629016994
score_ceiling_off,2022-02-17,CASH,159985.SZ,True,CASH,159985.SZ,CASH,159985.SZ,,,12.347221376568124,0.7941189458603118,4.622704035544903,6.686972790193409
score_ceiling_off,2022-02-18,CASH,159985.SZ,True,CASH,159985.SZ,CASH,159985.SZ,,,12.016539120163591,0.8031129308327459,4.622704035544903,6.696196200938504
score_ceiling_off,2022-02-21,CASH,159985.SZ,True,CASH,159985.SZ,CASH,159985.SZ,,,11.437261953460917,0.8074263597079787,4.622704035544903,6.7423132546639755
score_ceiling_off,2022-02-22,518880.SH,159985.SZ,True,CASH,159985.SZ,518880.SH,159985.SZ,518880.SH,,11.354316399097595,0.8196981792445952,4.618081331509358,6.880664415840391
score_ceiling_off,2022-02-23,518880.SH,159985.SZ,True,518880.SH,159985.SZ,518880.SH,159985.SZ,,,11.024931776705358,0.8283856455574677,4.582847351342619,6.936004880310957
score_ceiling_off,2022-02-24,518880.SH,159985.SZ,True,518880.SH,159985.SZ,518880.SH,159985.SZ,,,12.268272087347826,0.8435258519591449,4.68125950284282,7.231154024153977
score_ceiling_off,2022-02-25,518880.SH,159985.SZ,True,518880.SH,159985.SZ,518880.SH,159985.SZ,,,10.287241249117118,0.8233193786323854,4.625371120509373,6.926781469565862
score_ceiling_off,2022-02-28,518880.SH,159985.SZ,True,518880.SH,159985.SZ,518880.SH,159985.SZ,,,7.853744383643285,0.7745020800492038,4.6010718238426564,6.843770772860013
score_ceiling_off,2022-03-01,518880.SH,159985.SZ,True,518880.SH,159985.SZ,518880.SH,159985.SZ,,,6.28769020970502,0.7457501197759032,4.5998568590093205,6.936004880310955
score_ceiling_off,2022-03-02,159985.SZ,159985.SZ,False,518880.SH,159985.SZ,159985.SZ,159985.SZ,159985.SZ,,4.949765923809,0.7123206385488732,4.652496425378428,6.936004880310955
score_ceiling_off,2022-06-23,CASH,159915.SZ,True,159915.SZ,159915.SZ,CASH,159915.SZ,CASH,,5.654729044295027,0.8901713516671709,4.87462710174051,7.2744347452699865
score_ceiling_off,2022-06-24,CASH,159915.SZ,True,CASH,159915.SZ,CASH,159915.SZ,,,6.676592882727543,0.9026290540021744,4.87462710174051,7.431866541995979
score_ceiling_off,2022-06-27,CASH,159915.SZ,True,CASH,159915.SZ,CASH,159915.SZ,,,7.348017490442103,0.9179757694435375,4.87462710174051,7.440009565964566
score_ceiling_off,2022-06-28,CASH,159915.SZ,True,CASH,159915.SZ,CASH,159915.SZ,,,7.69151321303614,0.9281339197197948,4.87462710174051,7.475296003161771
score_ceiling_off,2022-06-29,CASH,159915.SZ,True,CASH,159915.SZ,CASH,159915.SZ,,,6.6305515623192415,0.9053448572665344,4.87462710174051,7.282577769238572
score_ceiling_off,2022-06-30,CASH,159915.SZ,True,CASH,159915.SZ,CASH,159915.SZ,,,6.088808240855091,0.9014627668128437,4.87462710174051,7.410151811413083
score_ceiling_off,2022-07-01,159915.SZ,159915.SZ,False,CASH,159915.SZ,159915.SZ,159915.SZ,159915.SZ,,5.12205963121188,0.8727324088406085,4.869752474638769,7.326007230404363
score_ceiling_off,2022-11-16,513520.SH,513030.SH,True,513030.SH,513030.SH,513520.SH,513030.SH,513520.SH,,5.528769788483873,0.883018904397957,6.257465884024871,9.432534562413686
score_ceiling_off,2022-11-17,513520.SH,513030.SH,True,513520.SH,513030.SH,513520.SH,513030.SH,,,5.838312909306286,0.8930468248386022,6.298633422735561,9.495358294037755
score_ceiling_off,2022-11-18,513520.SH,513030.SH,True,513520.SH,513030.SH,513520.SH,513030.SH,,,5.838828501886234,0.8997578885716765,6.257465884024872,9.459459018824003
score_ceiling_off,2022-11-21,513520.SH,513030.SH,True,513520.SH,513030.SH,513520.SH,513030.SH,,,5.649392375367877,0.9017251953280202,6.245703730107532,9.468433837627439
score_ceiling_off,2022-11-22,513030.SH,513030.SH,False,513520.SH,513030.SH,513030.SH,513030.SH,513030.SH,,5.266278451242673,0.8952462835986128,6.256689581866328,9.450484200020561
score_ceiling_off,2023-05-19,159941.SZ,513520.SH,True,513520.SH,513520.SH,159941.SZ,513520.SH,159941.SZ,,6.735431471541715,0.5697373016627403,8.090290881460987,12.244556153896696
score_ceiling_off,2023-05-22,159941.SZ,513520.SH,True,159941.SZ,513520.SH,159941.SZ,513520.SH,,,7.731016406485972,0.616161461296505,8.047085055658792,11.104303789995141
score_ceiling_off,2023-05-23,159941.SZ,513520.SH,True,159941.SZ,513520.SH,159941.SZ,513520.SH,,,6.4512251509756915,0.5652331313526346,8.090290881460986,10.534177608044365
score_ceiling_off,2023-05-24,513520.SH,513520.SH,False,159941.SZ,513520.SH,513520.SH,513520.SH,513520.SH,,5.1152454304548804,0.4944026547603718,7.9555319107839395,10.46400823180427
score_ceiling_off,2023-07-06,159941.SZ,159985.SZ,True,159985.SZ,159985.SZ,159941.SZ,159985.SZ,159941.SZ,,5.553734126314248,0.8479786409395558,8.754685099863826,11.538220617534666
score_ceiling_off,2023-07-07,159985.SZ,159985.SZ,False,159941.SZ,159985.SZ,159985.SZ,159985.SZ,159985.SZ,,5.242192008028703,0.8443547630252024,8.695520541441624,11.475295269595705
score_ceiling_off,2024-01-22,159941.SZ,513520.SH,True,513520.SH,513520.SH,159941.SZ,513520.SH,159941.SZ,,6.615784657416562,0.7198848553162248,11.86475236196861,15.689041820428537
score_ceiling_off,2024-01-23,159941.SZ,513520.SH,True,159941.SZ,513520.SH,159941.SZ,513520.SH,,,10.255212933526552,0.743459222528583,11.718574714798567,16.457319641531992
score_ceiling_off,2024-01-24,159941.SZ,513520.SH,True,159941.SZ,513520.SH,159941.SZ,513520.SH,,,10.457138150627161,0.763151059222617,11.779482067786088,15.42620993426156
score_ceiling_off,2024-01-25,159941.SZ,513520.SH,True,159941.SZ,513520.SH,159941.SZ,513520.SH,,,6.765816775164375,0.5858556904014753,11.682030303006059,14.182812934317804
score_ceiling_off,2024-01-26,513520.SH,513520.SH,False,159941.SZ,513520.SH,513520.SH,513520.SH,513520.SH,,4.085199486775514,0.3979063522915751,11.53709516583696,14.041288072535588
score_ceiling_off,2024-07-10,159941.SZ,513520.SH,True,513520.SH,513520.SH,159941.SZ,513520.SH,159941.SZ,,5.799201373994449,0.7948066209484731,15.061702408572799,18.367666936814224
score_ceiling_off,2024-07-11,159941.SZ,513520.SH,True,159941.SZ,513520.SH,159941.SZ,513520.SH,,,6.819434437146607,0.8423399745781828,15.244902959154919,18.240194169429397
score_ceiling_off,2024-07-12,159941.SZ,513520.SH,True,159941.SZ,513520.SH,159941.SZ,513520.SH,,,5.781176283449318,0.7886098001486337,14.682215553795553,17.31311949753972
score_ceiling_off,2024-07-15,513520.SH,513520.SH,False,159941.SZ,513520.SH,513520.SH,513520.SH,513520.SH,,5.258405259861148,0.7714395147035338,15.070757750073,17.637595632701107
score_ceiling_off,2024-09-30,518880.SH,159915.SZ,True,159915.SZ,159915.SZ,518880.SH,159915.SZ,518880.SH,,17.097864333674494,0.3852719927238618,17.32477157909603,20.316143353130798
score_ceiling_off,2024-10-08,518880.SH,159915.SZ,True,518880.SH,159915.SZ,518880.SH,159915.SZ,,,124.45724650540669,0.4409008784120628,17.34602151795247,24.37573113785138
score_ceiling_off,2024-10-09,518880.SH,159915.SZ,True,518880.SH,159915.SZ,518880.SH,159915.SZ,,,281.80379307499317,0.526705267794468,17.121379307184444,20.407165500770272
score_ceiling_off,2024-10-10,518880.SH,159915.SZ,True,518880.SH,159915.SZ,518880.SH,159915.SZ,,,451.342845693363,0.5878885720544769,17.23066470701754,19.788214896821845
score_ceiling_off,2024-10-11,518880.SH,159915.SZ,True,518880.SH,159915.SZ,518880.SH,159915.SZ,,,483.75640426963247,0.6118796294900344,17.42191415672545,18.75056241373183
score_ceiling_off,2024-10-14,518880.SH,159915.SZ,True,518880.SH,159915.SZ,518880.SH,159915.SZ,,,518.4582763494766,0.635902495676959,17.604056489780604,19.260286440512893
score_ceiling_off,2024-10-15,159941.SZ,159915.SZ,True,518880.SH,159915.SZ,159941.SZ,159915.SZ,159941.SZ,,423.69224836849634,0.6274411793300265,17.568848376801043,18.61402919227262
score_ceiling_off,2024-10-16,159941.SZ,159915.SZ,True,159941.SZ,159915.SZ,159941.SZ,159915.SZ,,,285.76379869159246,0.5909025896858977,17.378914880835627,18.204429527894984
score_ceiling_off,2024-10-17,518880.SH,159915.SZ,True,159941.SZ,159915.SZ,518880.SH,159915.SZ,518880.SH,,179.97534573989327,0.543253737738975,17.438933865560696,18.15891845407525
score_ceiling_off,2024-10-18,518880.SH,159915.SZ,True,518880.SH,159915.SZ,518880.SH,159915.SZ,,,151.1534839859095,0.5392394261110318,17.55706381553909,19.624375031070795
score_ceiling_off,2024-10-21,518880.SH,159915.SZ,True,518880.SH,159915.SZ,518880.SH,159915.SZ,,,118.57290883911988,0.5270530531470654,17.77855747174858,19.724499393474215
score_ceiling_off,2024-10-22,518880.SH,159915.SZ,True,518880.SH,159915.SZ,518880.SH,159915.SZ,,,87.06222723071714,0.5064839125143429,17.77265097424966,19.797317111585794
score_ceiling_off,2024-10-23,518880.SH,159915.SZ,True,518880.SH,159915.SZ,518880.SH,159915.SZ,,,58.439688324984914,0.4727314964782331,17.884874426729137,19.67898831965448
score_ceiling_off,2024-10-24,518880.SH,159915.SZ,True,518880.SH,159915.SZ,518880.SH,159915.SZ,,,35.195653046434614,0.42030491532573977,17.704726253012083,19.405921876736056
score_ceiling_off,2024-10-25,518880.SH,159915.SZ,True,518880.SH,159915.SZ,518880.SH,159915.SZ,,,23.602258396002178,0.38692713415242064,17.713585999260463,19.988463621628693
score_ceiling_off,2024-10-28,518880.SH,159915.SZ,True,518880.SH,159915.SZ,518880.SH,159915.SZ,,,15.02044291223526,0.3449360571355444,17.769697725500205,19.915645903517113
score_ceiling_off,2024-10-29,518880.SH,159915.SZ,True,518880.SH,159915.SZ,518880.SH,159915.SZ,,,8.309292111903194,0.2762263217556402,17.920313411722656,19.433228521027893
score_ceiling_off,2024-10-30,518880.SH,518880.SH,False,518880.SH,159915.SZ,518880.SH,518880.SH,,518880.SH,1.6877365323315576,0.8720354780399213,18.13294732168377,19.17634581595977
score_ceiling_off,2025-01-21,159985.SZ,513030.SH,True,513030.SH,513030.SH,159985.SZ,513030.SH,159985.SZ,,7.666472435693452,0.7350613034738778,18.784976221853356,19.905704901042412
score_ceiling_off,2025-01-22,159985.SZ,513030.SH,True,159985.SZ,513030.SH,159985.SZ,513030.SH,,,13.30789036649051,0.7563648989397209,18.716879467035657,20.932128850169164
score_ceiling_off,2025-01-23,159985.SZ,513030.SH,True,159985.SZ,513030.SH,159985.SZ,513030.SH,,,19.84380716575592,0.7997084596568373,18.66823892788016,20.932128850169164
score_ceiling_off,2025-01-24,159985.SZ,513030.SH,True,159985.SZ,513030.SH,159985.SZ,513030.SH,,,27.566310376300844,0.8378367836841497,18.71687946703566,21.197384477471584
score_ceiling_off,2025-01-27,159985.SZ,513030.SH,True,159985.SZ,513030.SH,159985.SZ,513030.SH,,,21.33365371190377,0.7781289694085319,18.580685957400267,19.075339459052227
score_ceiling_off,2025-02-05,159985.SZ,513030.SH,True,159985.SZ,513030.SH,159985.SZ,513030.SH,,,15.03387881527905,0.6811480028734984,19.339478368226036,18.78701812502786
score_ceiling_off,2025-02-06,159985.SZ,513030.SH,True,159985.SZ,513030.SH,159985.SZ,513030.SH,,,11.027619287444328,0.6031398078300767,19.154644319435146,19.017675192247353
score_ceiling_off,2025-02-07,159985.SZ,513030.SH,True,159985.SZ,513030.SH,159985.SZ,513030.SH,,,8.351784399338317,0.5392378901186899,19.164372427266247,19.2252665527449
score_ceiling_off,2025-02-10,513030.SH,513030.SH,False,159985.SZ,513030.SH,513030.SH,513030.SH,513030.SH,,5.207094081035793,0.403744668738957,19.06779177271909,18.602492471252262
score_ceiling_off,2025-05-12,159941.SZ,513030.SH,True,513030.SH,513030.SH,159941.SZ,513030.SH,159941.SZ,,6.259591468821373,0.9214902347167294,20.748096654864767,20.282358649996016
score_ceiling_off,2025-05-13,159941.SZ,513030.SH,True,159941.SZ,513030.SH,159941.SZ,513030.SH,,,5.7164000597629485,0.9232065096411985,20.93025729274769,19.70591266731192
score_ceiling_off,2025-05-14,513030.SH,513030.SH,False,159941.SZ,513030.SH,513030.SH,513030.SH,513030.SH,,5.024201546427606,0.9132264462239617,21.470144991305094,19.79131207215401
score_ceiling_off,2025-08-22,513520.SH,159915.SZ,True,159915.SZ,159915.SZ,513520.SH,159915.SZ,513520.SH,,5.515609032749109,0.7942287447939491,26.776923982409397,24.732598873967962
score_ceiling_off,2025-08-25,513520.SH,159915.SZ,True,513520.SH,159915.SZ,513520.SH,159915.SZ,,,7.468361859705018,0.821959420888905,26.995168503896117,25.429422658921983
score_ceiling_off,2025-08-26,513520.SH,159915.SZ,True,513520.SH,159915.SZ,513520.SH,159915.SZ,,,8.902589417105425,0.8579518749702953,26.70977182195194,25.234311999134857
score_ceiling_off,2025-08-27,513520.SH,159915.SZ,True,513520.SH,159915.SZ,513520.SH,159915.SZ,,,9.546701181463078,0.8835362258473476,26.87765222309557,25.04849232314712
score_ceiling_off,2025-08-28,513520.SH,159915.SZ,True,513520.SH,159915.SZ,513520.SH,159915.SZ,,,11.708803856984257,0.9089264138509657,27.045532624239204,26.07050054107968
score_ceiling_off,2025-08-29,513520.SH,159915.SZ,True,513520.SH,159915.SZ,513520.SH,159915.SZ,,,14.529563154465704,0.9278351890321862,26.87765222309557,26.618668585243512
score_ceiling_off,2025-09-01,CASH,159915.SZ,True,513520.SH,159915.SZ,CASH,159915.SZ,CASH,,18.195623828007662,0.9420363234408119,26.615977041832988,27.194709580805497
score_ceiling_off,2025-09-02,CASH,159915.SZ,True,CASH,159915.SZ,CASH,159915.SZ,,,18.266988431791724,0.9510641707722737,26.615977041832988,26.46072186065393
score_ceiling_off,2025-09-03,518880.SH,159915.SZ,True,CASH,159915.SZ,518880.SH,159915.SZ,518880.SH,,17.664501884420474,0.9530435589560262,26.589361064791156,26.66512350424044
score_ceiling_off,2025-09-04,518880.SH,159915.SZ,True,518880.SH,159915.SZ,518880.SH,159915.SZ,,,13.18822164188148,0.8849374830247889,26.527748230192003,25.5594964321134
score_ceiling_off,2025-09-05,518880.SH,159915.SZ,True,518880.SH,159915.SZ,518880.SH,159915.SZ,,,13.232027581013545,0.8910660711518368,26.613321611579718,27.352656305395072
score_ceiling_off,2025-09-08,518880.SH,159915.SZ,True,518880.SH,159915.SZ,518880.SH,159915.SZ,,,11.825225155396232,0.883416820913017,26.859772949976342,27.018180888617145
score_ceiling_off,2025-09-09,518880.SH,159915.SZ,True,518880.SH,159915.SZ,518880.SH,159915.SZ,,,9.137065211684805,0.836515679941459,27.267102245381867,26.43284890925577
score_ceiling_off,2025-09-10,518880.SH,159915.SZ,True,518880.SH,159915.SZ,518880.SH,159915.SZ,,,7.274424312453238,0.8025268945546438,27.2020664755272,26.711578423237377
score_ceiling_off,2025-09-11,518880.SH,159915.SZ,True,518880.SH,159915.SZ,518880.SH,159915.SZ,,,7.2905475317555375,0.813547678504261,27.119916029394993,28.10522599314541
score_ceiling_off,2025-09-12,518880.SH,159915.SZ,True,518880.SH,159915.SZ,518880.SH,159915.SZ,,,6.6643264448689035,0.8169313314395537,27.22602702231576,27.826496479163804
score_ceiling_off,2025-09-15,518880.SH,159915.SZ,True,518880.SH,159915.SZ,518880.SH,159915.SZ,,,6.389890728080254,0.8256624884752346,27.147299511439062,28.216717798738053
score_ceiling_off,2025-09-16,518880.SH,159915.SZ,True,518880.SH,159915.SZ,518880.SH,159915.SZ,,,6.177180892190257,0.8346203023249943,27.493015972245438,28.421119442324567
score_ceiling_off,2025-09-17,518880.SH,159915.SZ,True,518880.SH,159915.SZ,518880.SH,159915.SZ,,,6.410556592662953,0.8458973329681472,27.26025637487085,28.978578470287786
score_ceiling_off,2025-09-18,518880.SH,159915.SZ,True,518880.SH,159915.SZ,518880.SH,159915.SZ,,,5.843493523689186,0.8444397934662327,26.911116978808966,28.495447312719666
score_ceiling_off,2025-09-19,159915.SZ,159915.SZ,False,518880.SH,159915.SZ,159915.SZ,159915.SZ,159915.SZ,,5.192389912889313,0.8349328942411695,26.980273962711262,28.448992393722726
score_ceiling_off,2025-10-15,513520.SH,518880.SH,True,518880.SH,518880.SH,513520.SH,518880.SH,513520.SH,,5.520907775825281,0.799700809927234,27.794591713639463,29.36637169995025
score_ceiling_off,2025-10-16,513520.SH,518880.SH,True,513520.SH,518880.SH,513520.SH,518880.SH,,,7.094400170766372,0.8292102357362632,28.59545283081212,29.548572982947654
score_ceiling_off,2025-10-17,513520.SH,518880.SH,True,513520.SH,518880.SH,513520.SH,518880.SH,,,9.902710969627112,0.8442581985575022,27.967326464402188,30.584243433669744
score_ceiling_off,2025-10-20,513520.SH,518880.SH,True,513520.SH,518880.SH,513520.SH,518880.SH,,,10.793561945563102,0.8700829662850514,29.80459608615124,29.625289312630773
score_ceiling_off,2025-10-21,513520.SH,518880.SH,True,513520.SH,518880.SH,513520.SH,518880.SH,,,12.407051781636216,0.8968895147480618,29.82029924531149,30.334915362199617
score_ceiling_off,2025-10-22,513520.SH,518880.SH,True,513520.SH,518880.SH,513520.SH,518880.SH,,,10.930615516472072,0.8729672242492467,30.322800338439436,29.091471518585745
score_ceiling_off,2025-10-23,513520.SH,518880.SH,True,513520.SH,518880.SH,513520.SH,518880.SH,,,8.75798783304078,0.8120548322504023,29.61615817622826,28.749444548748507
score_ceiling_off,2025-10-24,159941.SZ,518880.SH,True,513520.SH,518880.SH,159941.SZ,518880.SH,159941.SZ,,6.6702619505405325,0.7286875954583845,29.61961287124351,28.608797944329453
score_ceiling_off,2025-10-27,518880.SH,513520.SH,True,159941.SZ,518880.SH,518880.SH,513520.SH,518880.SH,513520.SH,6.578212098376646,0.8237076309329988,30.139178164433915,28.436736002905167
score_ceiling_off,2025-10-28,518880.SH,513520.SH,True,518880.SH,513520.SH,518880.SH,513520.SH,,,7.068162570901867,0.8492129158907245,29.067367588023153,28.451439589256204
score_ceiling_off,2025-10-29,159941.SZ,513520.SH,True,518880.SH,513520.SH,159941.SZ,513520.SH,159941.SZ,,8.086365820489293,0.8753186802820668,29.329795505053745,29.14250814775493
score_ceiling_off,2025-10-30,159941.SZ,513520.SH,True,159941.SZ,513520.SH,159941.SZ,513520.SH,,,8.014348477038368,0.8846394371161257,28.95351858770329,28.68669697087279
score_ceiling_off,2025-10-31,159941.SZ,513520.SH,True,159941.SZ,513520.SH,159941.SZ,513520.SH,,,7.967425639511266,0.8941994715526174,28.87430239457688,28.980768697893527
score_ceiling_off,2025-11-03,159941.SZ,513520.SH,True,159941.SZ,513520.SH,159941.SZ,513520.SH,,,7.924470197375818,0.9025684824855046,28.834694298013677,29.30424759761634
score_ceiling_off,2025-11-04,159941.SZ,513520.SH,True,159941.SZ,513520.SH,159941.SZ,513520.SH,,,6.424483810585082,0.8498243276617938,28.438613332381617,28.37792165750102
score_ceiling_off,2025-11-05,513520.SH,513520.SH,False,159941.SZ,513520.SH,513520.SH,513520.SH,513520.SH,,4.835001922825837,0.7607392938529717,28.16432726368142,28.113257103182356
score_ceiling_off,2026-01-28,513520.SH,518880.SH,True,518880.SH,518880.SH,513520.SH,518880.SH,513520.SH,,7.495508041992736,0.8400347561697699,30.93921367654133,30.945001839285336
score_ceiling_off,2026-01-29,513520.SH,518880.SH,True,513520.SH,518880.SH,513520.SH,518880.SH,,,12.302163032260927,0.8285349362674175,30.72896287790304,32.656853004862825
score_ceiling_off,2026-01-30,513520.SH,518880.SH,True,513520.SH,518880.SH,513520.SH,518880.SH,,,12.256945869663422,0.8407505462471914,30.486365802551177,30.20155365679896
score_ceiling_off,2026-02-02,CASH,518880.SH,True,513520.SH,518880.SH,CASH,518880.SH,CASH,,6.964193359430372,0.5711706011776783,29.809600828011252,27.181123955996373
score_ceiling_off,2026-02-03,518880.SH,518880.SH,False,CASH,518880.SH,518880.SH,518880.SH,518880.SH,,5.12515858406748,0.4784330050980894,29.779791227183242,28.591206486616294
score_ceiling_off,2026-02-25,513030.SH,513520.SH,True,513520.SH,513520.SH,513030.SH,513520.SH,513030.SH,,5.544985517800601,0.7094353975876945,32.301440075669795,31.074358842769467
score_ceiling_off,2026-02-26,513030.SH,513520.SH,True,513030.SH,513520.SH,513030.SH,513520.SH,,,6.310612688233812,0.7568531738536647,32.71135682789911,30.813107810929278
score_ceiling_off,2026-02-27,513030.SH,513520.SH,True,513030.SH,513520.SH,513030.SH,513520.SH,,,6.812797176410307,0.7909370029821232,33.38362030155518,30.885677541995996
score_ceiling_off,2026-03-02,513030.SH,513520.SH,True,513030.SH,513520.SH,513030.SH,513520.SH,,,6.772222149906,0.8043128650544443,32.104680034599724,30.72602413364921
score_ceiling_off,2026-03-03,513520.SH,513520.SH,False,513030.SH,513520.SH,513520.SH,513520.SH,513520.SH,,4.7730186949126425,0.648425352994821,31.14045745333585,28.998864534261276
score_ceiling_off,2026-03-13,CASH,159985.SZ,True,159985.SZ,159985.SZ,CASH,159985.SZ,CASH,,6.302642314981567,0.8193482170502943,34.52627836056636,32.184019635750204
score_ceiling_off,2026-03-16,CASH,159985.SZ,True,CASH,159985.SZ,CASH,159985.SZ,,,6.9464987511952145,0.8503010828208556,34.52627836056636,31.36589936064927
score_ceiling_off,2026-03-17,CASH,159985.SZ,True,CASH,159985.SZ,CASH,159985.SZ,,,7.022250315530293,0.8637218597885123,34.52627836056636,31.199502016560945
score_ceiling_off,2026-03-18,CASH,159985.SZ,True,CASH,159985.SZ,CASH,159985.SZ,,,6.7869773065067704,0.8655476907439206,34.52627836056636,31.21336846190164
score_ceiling_off,2026-03-19,CASH,159985.SZ,True,CASH,159985.SZ,CASH,159985.SZ,,,6.199581205085876,0.8506901679716683,34.52627836056636,31.11630334451679
score_ceiling_off,2026-03-20,159985.SZ,159985.SZ,False,CASH,159985.SZ,159985.SZ,159985.SZ,159985.SZ,,5.000867768648735,0.7818970153343121,34.49175208220579,30.57551197622973
score_ceiling_off,2026-04-21,513520.SH,159915.SZ,True,159915.SZ,159915.SZ,513520.SH,159915.SZ,513520.SH,,5.850467166874467,0.6860105795748175,34.66159530663428,30.787646264143866
score_ceiling_off,2026-04-22,513520.SH,159915.SZ,True,513520.SH,159915.SZ,513520.SH,159915.SZ,,,7.55388490891071,0.7555560044078311,34.76404337158001,31.43166929113085
score_ceiling_off,2026-04-23,513520.SH,159915.SZ,True,513520.SH,159915.SZ,513520.SH,159915.SZ,,,8.636748243787418,0.8073573178115322,34.37132578928809,31.180751228668388
score_ceiling_off,2026-04-24,159941.SZ,159915.SZ,True,513520.SH,159915.SZ,159941.SZ,159915.SZ,159941.SZ,,8.55855965932266,0.8244652709658162,34.40482630652535,30.72909871623596
score_ceiling_off,2026-04-27,159941.SZ,159915.SZ,True,159941.SZ,159915.SZ,159941.SZ,159915.SZ,,,7.827127137688629,0.8157042102283502,35.181239876207165,30.545092137096823
score_ceiling_off,2026-04-28,159941.SZ,159915.SZ,True,159941.SZ,159915.SZ,159941.SZ,159915.SZ,,,6.370894970532539,0.7587844073378285,35.35108034457507,30.126895366326053
score_ceiling_off,2026-04-29,159941.SZ,159915.SZ,True,159941.SZ,159915.SZ,159941.SZ,159915.SZ,,,5.761657580029184,0.7486047325456929,35.22976572431228,30.896377424544262
score_ceiling_off,2026-04-30,159915.SZ,159915.SZ,False,159941.SZ,159915.SZ,159915.SZ,159915.SZ,159915.SZ,,4.9942409604570255,0.7254466987687598,35.256163785681466,30.854557747467187
score_ceiling_off,2026-05-11,159915.SZ,159941.SZ,True,159941.SZ,159941.SZ,159915.SZ,159941.SZ,159915.SZ,,6.333894821775003,0.9139896534734069,37.55274190183802,32.930276847806496
score_ceiling_off,2026-05-12,159915.SZ,159941.SZ,True,159915.SZ,159941.SZ,159915.SZ,159941.SZ,,,6.598100892968659,0.9221801126032485,37.48614215688923,32.53352652433895
score_ceiling_off,2026-05-13,159915.SZ,159941.SZ,True,159915.SZ,159941.SZ,159915.SZ,159941.SZ,,,6.8025550411673885,0.9290778152029684,38.513681078956246,32.80498727197464
score_ceiling_off,2026-05-14,159915.SZ,159941.SZ,True,159915.SZ,159941.SZ,159915.SZ,159941.SZ,,,6.849570605688975,0.9347814910085616,37.68594139173559,32.930276847806496
score_ceiling_off,2026-05-15,159915.SZ,159941.SZ,True,159915.SZ,159941.SZ,159915.SZ,159941.SZ,,,6.38835731114226,0.9287362169101389,37.77156963524118,32.6588161001708
score_ceiling_off,2026-05-18,159941.SZ,159941.SZ,False,159915.SZ,159941.SZ,159941.SZ,159941.SZ,159941.SZ,,5.119030147651658,0.8588142573742242,37.24975111931815,31.823552261291756
score_ceiling_off,2026-06-02,513520.SH,159941.SZ,True,159941.SZ,159941.SZ,513520.SH,159941.SZ,513520.SH,,5.586607967323066,0.777711825241793,42.32221886852556,36.229569011378736
score_ceiling_off,2026-06-03,513520.SH,159941.SZ,True,513520.SH,159941.SZ,513520.SH,159941.SZ,,,5.508884442321173,0.7866836756897728,43.415816255309174,35.6448843241634
score_ceiling_off,2026-06-04,159941.SZ,159941.SZ,False,513520.SH,159941.SZ,159941.SZ,159941.SZ,159941.SZ,,4.762577368908889,0.7531149004164489,42.80146969666037,34.934910061116206
score_ceiling_off,2026-06-22,CASH,513520.SH,True,513520.SH,513520.SH,CASH,513520.SH,CASH,,6.324240057629631,0.6969690937877001,47.632818547106254,38.917213769798195
score_ceiling_off,2026-06-23,513520.SH,513520.SH,False,CASH,513520.SH,513520.SH,513520.SH,513520.SH,,5.41257004154795,0.6697325145223751,47.585185728559146,36.542755984150496
score_ceiling_off,2026-09-08,CASH,159985.SZ,True,159985.SZ,159985.SZ,CASH,159985.SZ,CASH,,5.680536555639009,0.9078377020863965,46.153181541176146,35.478535552753286
score_ceiling_off,2026-09-09,159985.SZ,159985.SZ,False,CASH,159985.SZ,159985.SZ,159985.SZ,159985.SZ,,5.378262459892151,0.9018819621338113,46.10702835963497,34.653453330596236
r2_off,2012-02-13,CASH,159915.SZ,True,CASH,CASH,CASH,159915.SZ,,159915.SZ,0.8735749134700772,0.13780219422630413,1.0,0.999
r2_off,2012-02-14,159915.SZ,159915.SZ,False,CASH,159915.SZ,159915.SZ,159915.SZ,159915.SZ,,1.412585465719863,0.26143675587299176,0.999,0.994825905292479
r2_off,2012-03-20,CASH,159915.SZ,True,159915.SZ,159915.SZ,CASH,159915.SZ,CASH,,0.520773671636916,0.21771009213725034,1.0888428160436623,1.085378712237611
r2_off,2012-03-21,CASH,CASH,False,CASH,159915.SZ,CASH,CASH,,CASH,,,1.0888428160436623,1.0756878308783466
r2_off,2012-05-14,CASH,159915.SZ,True,CASH,CASH,CASH,159915.SZ,,159915.SZ,0.5230430068669369,0.1490114513524987,1.0888428160436623,1.0746121430474682
r2_off,2012-05-15,CASH,159915.SZ,True,CASH,159915.SZ,CASH,159915.SZ,,,0.5616988887315264,0.17606392481996058,1.0888428160436623,1.0775889079866579
r2_off,2012-05-16,CASH,CASH,False,CASH,159915.SZ,CASH,CASH,,CASH,,,1.0888428160436623,1.0616423782074187
r2_off,2012-09-12,CASH,159915.SZ,True,CASH,CASH,CASH,159915.SZ,,159915.SZ,0.6180003849903339,0.21379002006945225,1.0161559072735005,0.9897804935419738
r2_off,2012-09-13,CASH,159915.SZ,True,CASH,159915.SZ,CASH,159915.SZ,,,0.652494696407099,0.24347432368918376,1.0161559072735005,0.9703983689948072
r2_off,2012-09-14,CASH,159915.SZ,True,CASH,159915.SZ,CASH,159915.SZ,,,0.6357144169735349,0.2479565470096058,1.0161559072735005,0.9665219440853738
r2_off,2012-09-17,CASH,CASH,False,CASH,159915.SZ,CASH,CASH,,CASH,,,1.0161559072735005,0.9384475827496213
r2_off,2012-12-19,CASH,159915.SZ,True,CASH,CASH,CASH,159915.SZ,,159915.SZ,0.5854268632384543,0.13263279057255162,1.0161559072735005,0.9375091351668716
r2_off,2012-12-20,159915.SZ,159915.SZ,False,CASH,159915.SZ,159915.SZ,159915.SZ,159915.SZ,,0.8980769795375367,0.2540742257576848,1.015139751366227,0.9475436366136117
r2_off,2013-03-14,CASH,159915.SZ,True,159915.SZ,159915.SZ,CASH,159915.SZ,CASH,,0.6251089359129525,0.1471010333213315,1.2014469105141004,1.1225675442132588
r2_off,2013-03-15,CASH,CASH,False,CASH,159915.SZ,CASH,CASH,,CASH,,,1.2014469105141004,1.1388006727365427
r2_off,2013-04-24,CASH,159915.SZ,True,CASH,CASH,CASH,159915.SZ,,159915.SZ,0.9179848333764786,0.24541305347750186,1.2014469105141004,1.137661872063806
r2_off,2013-04-25,159915.SZ,159915.SZ,False,CASH,159915.SZ,159915.SZ,159915.SZ,159915.SZ,,1.1155690665840998,0.3199577493524691,1.2002454636035862,1.1032617290640365
r2_off,2013-06-06,CASH,159915.SZ,True,159915.SZ,159915.SZ,CASH,159915.SZ,CASH,,0.7797549915314497,0.21246719130978464,1.257482416881561,1.1570307812648397
r2_off,2013-06-07,CASH,CASH,False,CASH,159915.SZ,CASH,CASH,,CASH,,,1.257482416881561,1.1717698531424847
r2_off,2013-07-10,CASH,159915.SZ,True,CASH,CASH,CASH,159915.SZ,,159915.SZ,0.5230849113111535,0.09682685527681423,1.257482416881561,1.1705980832893423
r2_off,2013-07-11,CASH,159915.SZ,True,CASH,159915.SZ,CASH,159915.SZ,,,0.6965363386951877,0.15127108328650452,1.257482416881561,1.1848336072208312
r2_off,2013-07-12,CASH,159915.SZ,True,CASH,159915.SZ,CASH,159915.SZ,,,0.9108547269287308,0.21925562733199,1.257482416881561,1.1957840102450534
r2_off,2013-07-15,159915.SZ,159915.SZ,False,CASH,159915.SZ,159915.SZ,159915.SZ,159915.SZ,,1.5108245350264067,0.33575150802278797,1.2562249344646794,1.246155864156475
r2_off,2013-08-13,CASH,159915.SZ,True,159915.SZ,159915.SZ,CASH,159915.SZ,CASH,,0.5718533885737958,0.2137491054019791,1.2825383208995085,1.2735318717170305
r2_off,2013-08-14,CASH,CASH,False,CASH,159915.SZ,CASH,CASH,,CASH,,,1.2825383208995085,1.2821038472043913
r2_off,2013-10-23,CASH,159915.SZ,True,159915.SZ,159915.SZ,CASH,159915.SZ,CASH,,0.6803809897613702,0.15979155077978757,1.2383955282476553,1.239215223623484
r2_off,2013-10-24,CASH,CASH,False,CASH,159915.SZ,CASH,CASH,,CASH,,,1.2383955282476553,1.217807275912353
r2_off,2013-11-22,CASH,159915.SZ,True,CASH,CASH,CASH,159915.SZ,,159915.SZ,0.5075974137511752,0.1261344964373915,1.2383955282476553,1.2165894686364407
r2_off,2013-11-25,159915.SZ,159915.SZ,False,CASH,159915.SZ,159915.SZ,159915.SZ,159915.SZ,,0.7913136588734162,0.2678834666213348,1.2371571327194077,1.2204272903040636
r2_off,2013-12-03,CASH,159915.SZ,True,159915.SZ,159915.SZ,CASH,159915.SZ,CASH,,1.0596048576786825,0.24912533782796698,1.192196391544706,1.1772517965433063
r2_off,2013-12-04,CASH,159915.SZ,True,CASH,159915.SZ,CASH,159915.SZ,,,0.6344507516635591,0.11842605590981814,1.192196391544706,1.170535608624966
r2_off,2013-12-05,CASH,CASH,False,CASH,159915.SZ,CASH,CASH,,CASH,,,1.192196391544706,1.1310252345567888
r2_off,2014-05-29,CASH,159915.SZ,True,CASH,CASH,CASH,159915.SZ,,159915.SZ,0.5040582908387121,0.15289422176630452,1.35258223615313,1.2818985589122436
r2_off,2014-05-30,CASH,159915.SZ,True,CASH,159915.SZ,CASH,159915.SZ,,,0.6917369749370272,0.2465876561062892,1.35258223615313,1.2858827036174876
r2_off,2014-06-03,159915.SZ,159915.SZ,False,CASH,159915.SZ,159915.SZ,159915.SZ,159915.SZ,,0.8182917187905658,0.3201933916643226,1.3512296539169768,1.2818985589122436
r2_off,2014-12-22,CASH,159915.SZ,True,159915.SZ,159915.SZ,CASH,159915.SZ,CASH,,0.5888764500604018,0.14788669529259035,1.2884996710011283,1.223610839114622
r2_off,2014-12-23,CASH,CASH,False,CASH,159915.SZ,CASH,CASH,,CASH,,,1.2884996710011283,1.2149032248370861
r2_off,2015-06-17,CASH,159915.SZ,True,159915.SZ,159915.SZ,CASH,159915.SZ,CASH,,1.3472618302361163,0.19531451018386747,1.655146007740314,1.5621696479700775
r2_off,2015-06-18,CASH,CASH,False,CASH,159915.SZ,CASH,CASH,,CASH,,,1.655146007740314,1.4615562279349497
r2_off,2015-07-23,CASH,159915.SZ,True,CASH,CASH,CASH,159915.SZ,,159915.SZ,1.2490154621462288,0.02985007174489307,1.655146007740314,1.4600946717070147
r2_off,2015-07-24,CASH,159915.SZ,True,CASH,159915.SZ,CASH,159915.SZ,,,3.186509066415688,0.10162350479353355,1.655146007740314,1.418673546268518
r2_off,2015-07-27,CASH,159915.SZ,True,CASH,159915.SZ,CASH,159915.SZ,,,3.3593578394260266,0.12025494514371804,1.655146007740314,1.2768061916416662
r2_off,2015-07-28,CASH,159915.SZ,True,CASH,159915.SZ,CASH,159915.SZ,,,2.836670047784241,0.11032073786787744,1.655146007740314,1.2400449428150002
r2_off,2015-07-29,CASH,159915.SZ,True,CASH,159915.SZ,CASH,159915.SZ,,,3.418873672101056,0.15015799701398214,1.655146007740314,1.3322069469156559
r2_off,2015-07-30,CASH,159915.SZ,True,CASH,159915.SZ,CASH,159915.SZ,,,2.409639288473767,0.11072182465908242,1.655146007740314,1.2426337631549063
r2_off,2015-07-31,CASH,159915.SZ,True,CASH,159915.SZ,CASH,159915.SZ,,,1.3831281179379453,0.05892982069079966,1.655146007740314,1.2260653129795076
r2_off,2015-08-03,CASH,CASH,False,CASH,159915.SZ,CASH,CASH,,CASH,,,1.655146007740314,1.1586317207656347
r2_off,2015-08-17,513030.SH,518880.SH,True,CASH,CASH,513030.SH,518880.SH,513030.SH,518880.SH,0.6780488457770102,0.23890293307831534,1.6534908617325736,1.157473089044869
r2_off,2015-08-18,518880.SH,518880.SH,False,513030.SH,518880.SH,518880.SH,518880.SH,518880.SH,,0.9288973654211237,0.37070304066820103,1.6310764877142663,1.157976119505123
r2_off,2015-09-22,CASH,159941.SZ,True,CASH,CASH,CASH,159941.SZ,,159941.SZ,0.5034943517442192,0.13580636820155334,1.637231640385324,1.1611835991682384
r2_off,2015-09-23,CASH,159941.SZ,True,CASH,159941.SZ,CASH,159941.SZ,,,0.5958922870299637,0.21754651334198338,1.637231640385324,1.1512589530215014
r2_off,2015-09-24,CASH,159941.SZ,True,CASH,159941.SZ,CASH,159941.SZ,,,0.5576118627053741,0.2408511559923786,1.637231640385324,1.1363719838013957
r2_off,2015-09-25,CASH,159915.SZ,True,CASH,159941.SZ,CASH,159915.SZ,,159915.SZ,0.5275797695793056,0.032841164203298634,1.637231640385324,1.134099239833793
r2_off,2015-09-28,CASH,159915.SZ,True,CASH,159915.SZ,CASH,159915.SZ,,,1.309968765466769,0.1347239362276208,1.637231640385324,1.2164674231062744
r2_off,2015-09-29,CASH,159915.SZ,True,CASH,159915.SZ,CASH,159915.SZ,,,1.890694580224872,0.22727227775974146,1.637231640385324,1.1998708488648042
r2_off,2015-09-30,159915.SZ,159915.SZ,False,CASH,159915.SZ,159915.SZ,159915.SZ,159915.SZ,,2.135556508869643,0.27655061529405556,1.6355944087449386,1.1894211539720267
r2_off,2015-11-30,CASH,159915.SZ,True,159915.SZ,159915.SZ,CASH,159915.SZ,CASH,,1.1076831485390919,0.2034154048696647,2.164710344659962,1.5757755052147053
r2_off,2015-12-01,CASH,159915.SZ,True,CASH,159915.SZ,CASH,159915.SZ,,,0.528576117035034,0.07301551564104602,2.164710344659962,1.567646504592566
r2_off,2015-12-02,CASH,CASH,False,CASH,159915.SZ,CASH,CASH,,CASH,,,2.164710344659962,1.5329706891694803
r2_off,2015-12-22,CASH,159915.SZ,True,CASH,CASH,CASH,159915.SZ,,159915.SZ,0.5632115696354068,0.15581330836730667,2.164710344659962,1.5314377184803107
r2_off,2015-12-23,CASH,159915.SZ,True,CASH,159915.SZ,CASH,159915.SZ,,,0.591263303273784,0.18343877015652643,2.164710344659962,1.49914836899428
r2_off,2015-12-24,159915.SZ,159915.SZ,False,CASH,159915.SZ,159915.SZ,159915.SZ,159915.SZ,,0.6944589835404094,0.25329286766967085,2.162545634315302,1.51298666163115
r2_off,2015-12-28,CASH,159915.SZ,True,159915.SZ,159915.SZ,CASH,159915.SZ,CASH,,0.6090624950621746,0.24118919958397278,2.1002809676925294,1.4708951881940031
r2_off,2015-12-29,CASH,159915.SZ,True,CASH,159915.SZ,CASH,159915.SZ,,,0.5467359034091461,0.2276406794220499,2.1002809676925294,1.4876164584635547
r2_off,2015-12-30,CASH,159915.SZ,True,CASH,159915.SZ,CASH,159915.SZ,,,0.5323938221839066,0.2460934559914315,2.1002809676925294,1.5020313466269613
r2_off,2015-12-31,CASH,CASH,False,CASH,159915.SZ,CASH,CASH,,CASH,,,2.1002809676925294,1.4625120658336925
r2_off,2016-03-22,513030.SH,159915.SZ,True,513030.SH,513030.SH,513030.SH,159915.SZ,,159915.SZ,1.2502703346943358,0.11851492834958388,2.3097980110692133,1.6051905900997934
r2_off,2016-03-23,159915.SZ,159915.SZ,False,513030.SH,159915.SZ,159915.SZ,159915.SZ,159915.SZ,,2.7555807135536257,0.2747317685665902,2.321317353775526,1.642662881150241
r2_off,2016-12-08,CASH,159941.SZ,True,CASH,CASH,CASH,159941.SZ,,159941.SZ,0.5389592003177768,0.23102908742420003,1.9035148495394816,1.3456610526730257
r2_off,2016-12-09,CASH,CASH,False,CASH,159941.SZ,CASH,CASH,,CASH,,,1.9035148495394816,1.3208133742843329
r2_off,2017-01-09,513030.SH,159941.SZ,True,159941.SZ,159941.SZ,513030.SH,159941.SZ,513030.SH,,1.053401239364875,0.19446600448327445,1.9542852509304114,1.3587595258792764
r2_off,2017-01-10,CASH,159941.SZ,True,513030.SH,159941.SZ,CASH,159941.SZ,CASH,,0.6014447585022604,0.09519568702479353,1.9503408219835792,1.372530737290215
r2_off,2017-01-11,CASH,CASH,False,CASH,159941.SZ,CASH,CASH,,CASH,,,1.9503408219835792,1.4078447137516652
r2_off,2017-04-28,CASH,513030.SH,True,CASH,CASH,CASH,513030.SH,,513030.SH,0.5898413332771197,0.21706977840211872,1.929702929196798,1.3915543967092774
r2_off,2017-05-02,513030.SH,513030.SH,False,CASH,513030.SH,513030.SH,513030.SH,513030.SH,,0.8077347209603749,0.3131348521023819,1.9277732262676013,1.3992567273183694
r2_off,2018-03-05,CASH,159915.SZ,True,CASH,CASH,CASH,159915.SZ,,159915.SZ,0.7405642844986695,0.1164090978335588,2.2122604036501294,1.6041434179073064
r2_off,2018-03-06,CASH,159915.SZ,True,CASH,159915.SZ,CASH,159915.SZ,,,1.26844595253309,0.2467356521992662,2.2122604036501294,1.6069910097734144
r2_off,2018-03-07,159915.SZ,159915.SZ,False,CASH,159915.SZ,159915.SZ,159915.SZ,159915.SZ,,1.7333134461611222,0.3797852853550745,2.210048143246479,1.5937022477315785
r2_off,2018-03-23,CASH,159915.SZ,True,159915.SZ,159915.SZ,CASH,159915.SZ,CASH,,0.7710669638279302,0.18553302209698297,2.132884687467209,1.5395980022755336
r2_off,2018-03-26,CASH,CASH,False,CASH,159915.SZ,CASH,CASH,,CASH,,,2.132884687467209,1.586419056935364
r2_off,2018-11-06,CASH,159915.SZ,True,CASH,CASH,CASH,159915.SZ,,159915.SZ,0.5812668940280057,0.09238129332287393,2.19925749813618,1.6341507267718436
r2_off,2018-11-07,CASH,159915.SZ,True,CASH,159915.SZ,CASH,159915.SZ,,,1.0275378055695095,0.22547594898078804,2.19925749813618,1.6290678318207648
r2_off,2018-11-08,159915.SZ,159915.SZ,False,CASH,159915.SZ,159915.SZ,159915.SZ,159915.SZ,,1.31650560814396,0.34239687017124043,2.197058240638044,1.6074655282786794
r2_off,2019-01-17,CASH,159941.SZ,True,CASH,CASH,CASH,159941.SZ,,159941.SZ,0.7451833808322221,0.1969030895513394,2.1434121035995166,1.5666474127524688
r2_off,2019-01-18,159941.SZ,159941.SZ,False,CASH,159941.SZ,159941.SZ,159941.SZ,159941.SZ,,1.1148384491501608,0.3550960320695987,2.141268691495917,1.5923301572238207
r2_off,2019-03-26,159941.SZ,159915.SZ,True,159915.SZ,159915.SZ,159941.SZ,159915.SZ,159941.SZ,,1.1205089277422982,0.22863565032783228,2.2522192968329096,1.6781937029054605
r2_off,2019-03-27,159941.SZ,159941.SZ,False,159941.SZ,159915.SZ,159941.SZ,159941.SZ,,159941.SZ,0.9154882365901418,0.6040319768025836,2.274911682695206,1.687753798652603
r2_off,2019-12-09,CASH,159941.SZ,True,159941.SZ,159941.SZ,CASH,159941.SZ,CASH,,0.5245085636982947,0.2020739652071215,2.3723192680358594,1.761782132241247
r2_off,2019-12-10,CASH,CASH,False,CASH,159941.SZ,CASH,CASH,,CASH,,,2.3723192680358594,1.7525468029747848
r2_off,2020-02-04,159941.SZ,159915.SZ,True,159915.SZ,159915.SZ,159941.SZ,159915.SZ,159941.SZ,,0.8591512014534284,0.1836919636635277,2.5370443069370605,1.8779931300697028
r2_off,2020-02-05,159941.SZ,159915.SZ,True,159941.SZ,159915.SZ,159941.SZ,159915.SZ,,,0.7629271757032021,0.16823790007486072,2.576685624232952,1.934870675308598
r2_off,2020-02-06,159941.SZ,159941.SZ,False,159941.SZ,159915.SZ,159941.SZ,159941.SZ,,159941.SZ,0.9416715333367571,0.5652566682890107,2.6262372708528163,1.991892999753556
r2_off,2020-02-25,518880.SH,159941.SZ,True,159941.SZ,159941.SZ,518880.SH,159941.SZ,518880.SH,,1.5011924573242688,0.2059910599673842,3.1336573045587337,2.3815132607263796
r2_off,2020-02-26,518880.SH,518880.SH,False,518880.SH,159941.SZ,518880.SH,518880.SH,,518880.SH,1.5497665438097488,0.7613029160720268,3.1508374432898667,2.3099875871766984
r2_off,2020-03-23,CASH,159985.SZ,True,CASH,CASH,CASH,159985.SZ,,159985.SZ,0.5735368899087947,0.2377074124042734,3.0810345604653326,2.256553873919701
r2_off,2020-03-24,159985.SZ,159985.SZ,False,CASH,159985.SZ,159985.SZ,159985.SZ,159985.SZ,,0.8816565678766424,0.34325486157883656,3.077953525904867,2.225852460669093
r2_off,2020-04-07,CASH,159985.SZ,True,159985.SZ,159985.SZ,CASH,159985.SZ,CASH,,0.7427683999821773,0.22331216558727107,2.9658159461665066,2.1469059694532437
r2_off,2020-04-08,CASH,518880.SH,True,CASH,159985.SZ,CASH,518880.SH,,518880.SH,0.8517575296392457,0.19322960793572674,2.9658159461665066,2.1469893018606383
r2_off,2020-04-09,518880.SH,518880.SH,False,CASH,518880.SH,518880.SH,518880.SH,518880.SH,,1.1257850825454851,0.29536480539371623,2.9628501302203403,2.1522963339168717
r2_off,2020-07-16,513030.SH,159941.SZ,True,159941.SZ,159941.SZ,513030.SH,159941.SZ,513030.SH,,0.813518911108396,0.21337009981984434,3.5567116299567156,2.5888715059448284
r2_off,2020-07-17,513030.SH,513030.SH,False,513030.SH,159941.SZ,513030.SH,513030.SH,,513030.SH,0.8416445983255931,0.6041269979679742,3.589889910086909,2.8128137758722747
r2_off,2020-08-13,159941.SZ,518880.SH,True,518880.SH,518880.SH,159941.SZ,518880.SH,159941.SZ,,0.9133899920504873,0.2066853675412077,3.550160095529135,2.787258488733199
r2_off,2020-08-14,159941.SZ,159941.SZ,False,159941.SZ,518880.SH,159941.SZ,159941.SZ,,159941.SZ,0.909370475863136,0.5386476343301173,3.573710079579079,2.8050133390570875
r2_off,2020-09-14,159985.SZ,159941.SZ,True,159941.SZ,159941.SZ,159985.SZ,159941.SZ,159985.SZ,,2.3084766467525024,0.21736401508458614,4.236556786048626,3.3319471522959336
r2_off,2020-09-15,159985.SZ,159941.SZ,True,159985.SZ,159941.SZ,159985.SZ,159941.SZ,,,1.6212172031865002,0.16025509011427796,4.24824921508096,3.3665006783197433
r2_off,2020-09-16,159985.SZ,159985.SZ,False,159985.SZ,159941.SZ,159985.SZ,159985.SZ,,159985.SZ,1.4103196042726913,0.7893854190721947,4.170299688198741,3.34498864026092
r2_off,2021-02-02,159941.SZ,159915.SZ,True,159915.SZ,159915.SZ,159941.SZ,159915.SZ,159941.SZ,,0.8109068879573667,0.23953578042709822,5.059569766835494,4.066403112929483
r2_off,2021-02-03,159941.SZ,159941.SZ,False,159941.SZ,159915.SZ,159941.SZ,159941.SZ,,159941.SZ,0.8167121792716074,0.459395947474468,5.1276357278243125,4.042651562739402
r2_off,2022-04-13,CASH,159941.SZ,True,159941.SZ,159941.SZ,CASH,159941.SZ,CASH,,0.7453931536018403,0.1340789634370675,4.712600880116467,3.7191553375902546
r2_off,2022-04-14,CASH,CASH,False,CASH,159941.SZ,CASH,CASH,,CASH,,,4.712600880116467,3.7688188860206626
r2_off,2022-05-05,CASH,159985.SZ,True,CASH,CASH,CASH,159985.SZ,,159985.SZ,0.5658813584330489,0.24852407679469368,4.712600880116467,3.765050067134642
r2_off,2022-05-06,CASH,159985.SZ,True,CASH,159985.SZ,CASH,159985.SZ,,,0.5180348963734125,0.24453753559781544,4.712600880116467,3.6896076111870473
r2_off,2022-05-09,CASH,CASH,False,CASH,159985.SZ,CASH,CASH,,CASH,,,4.712600880116467,3.619971866770669
r2_off,2022-05-20,CASH,159915.SZ,True,CASH,CASH,CASH,159915.SZ,,159915.SZ,0.65521507543043,0.14634130014383706,4.712600880116467,3.6163518949038984
r2_off,2022-05-23,159915.SZ,159915.SZ,False,CASH,159915.SZ,159915.SZ,159915.SZ,159915.SZ,,1.0071934851496542,0.2884062892546916,4.70788827923635,3.59323929225219
r2_off,2022-07-14,CASH,159915.SZ,True,159915.SZ,159915.SZ,CASH,159915.SZ,CASH,,0.6341518727488651,0.22009476947709927,4.9297718581396435,3.7663556296001697
r2_off,2022-10-24,CASH,513030.SH,True,CASH,CASH,CASH,513030.SH,,513030.SH,0.6440234994918608,0.15803041529365247,5.601477338685864,4.185092791473951
r2_off,2022-10-25,513030.SH,513030.SH,False,CASH,513030.SH,513030.SH,513030.SH,513030.SH,,1.2441855635648085,0.3354738811636786,5.595875861347179,4.2809346111260265
r2_off,2023-01-10,CASH,159915.SZ,True,159985.SZ,159985.SZ,CASH,159915.SZ,CASH,159915.SZ,0.5057236864593719,0.21349458091426277,6.191531247478637,4.731879154720786
r2_off,2023-01-11,159915.SZ,159915.SZ,False,CASH,159915.SZ,159915.SZ,159915.SZ,159915.SZ,,0.7234897595674141,0.344240717402042,6.185339716231159,4.678667685675613
r2_off,2023-02-23,CASH,159941.SZ,True,159941.SZ,159941.SZ,CASH,159941.SZ,CASH,,0.5008795024621475,0.22727483845187513,6.295190842383781,4.766526967082138
r2_off,2023-02-24,CASH,CASH,False,CASH,159941.SZ,CASH,CASH,,CASH,,,6.295190842383781,4.7765255887665745
r2_off,2024-02-23,159941.SZ,159915.SZ,True,159941.SZ,159941.SZ,159941.SZ,159915.SZ,,159915.SZ,1.002605447362269,0.1529787428283228,12.301351570203547,9.315079809110753
r2_off,2024-02-26,159941.SZ,159915.SZ,True,159941.SZ,159915.SZ,159941.SZ,159915.SZ,,,1.3865360957237187,0.24230810589368046,12.165629536831192,9.287826796211071
r2_off,2024-02-27,159915.SZ,159915.SZ,False,159941.SZ,159915.SZ,159915.SZ,159915.SZ,159915.SZ,,2.027477594904475,0.3656900336751079,12.116670897883782,9.516752104568386
r2_off,2024-04-26,CASH,518880.SH,True,518880.SH,518880.SH,CASH,518880.SH,CASH,,0.6347609748036072,0.22091889507847984,13.195575166866254,10.374526429093837
r2_off,2024-04-29,CASH,CASH,False,CASH,518880.SH,CASH,CASH,,CASH,,,13.195575166866254,10.29608184888481
r2_off,2024-07-22,518880.SH,513520.SH,True,513520.SH,513520.SH,518880.SH,513520.SH,518880.SH,,1.0827716253944821,0.2184132385267531,14.388395031233951,11.249299328621502
r2_off,2024-07-23,518880.SH,513520.SH,True,518880.SH,513520.SH,518880.SH,513520.SH,,,0.5802937000536903,0.09775818542748116,14.316731746629022,11.334287166955868
r2_off,2024-07-24,518880.SH,518880.SH,False,518880.SH,513520.SH,518880.SH,518880.SH,,518880.SH,0.5388823340935607,0.4701492427818851,14.505179643182723,11.219090015177194
r2_off,2024-08-21,CASH,513520.SH,True,CASH,CASH,CASH,513520.SH,,513520.SH,0.5952510677124796,0.05866125820610468,14.124761732346776,10.91392938516372
r2_off,2024-08-22,CASH,513520.SH,True,CASH,513520.SH,CASH,513520.SH,,,1.1292498226188896,0.14676033643644648,14.124761732346776,10.986786056626762
r2_off,2024-08-23,CASH,513520.SH,True,CASH,513520.SH,CASH,513520.SH,,,1.6113511150081612,0.23547692928886732,14.124761732346776,10.913929385163721
r2_off,2024-08-26,513520.SH,513520.SH,False,CASH,513520.SH,513520.SH,513520.SH,513520.SH,,1.9997100461328063,0.31503721575402677,14.11063697061443,10.862929715139591
r2_off,2024-10-30,518880.SH,159915.SZ,True,518880.SH,518880.SH,518880.SH,159915.SZ,,159915.SZ,4.300244805348014,0.19732901164897232,18.13294732168377,13.931545317805169
r2_off,2024-10-31,518880.SH,159915.SZ,True,518880.SH,159915.SZ,518880.SH,159915.SZ,,,2.2517670986576555,0.13011489176515378,18.023677117953753,14.004139822066586
r2_off,2024-11-01,518880.SH,518880.SH,False,518880.SH,159915.SZ,518880.SH,518880.SH,,518880.SH,1.5368223523499842,0.8554586907685567,17.870108182981838,13.72585208973063
r2_off,2024-11-07,518880.SH,159915.SZ,True,518880.SH,518880.SH,518880.SH,159915.SZ,,159915.SZ,0.7843679168491051,0.1128869944945794,17.306037671834996,13.266009958573763
r2_off,2024-11-08,159941.SZ,159915.SZ,True,518880.SH,159915.SZ,159941.SZ,159915.SZ,159941.SZ,,1.1847176644477861,0.21792859560810252,17.38342460206584,13.127942205318876
r2_off,2024-11-11,159915.SZ,159915.SZ,False,159941.SZ,159915.SZ,159915.SZ,159915.SZ,159915.SZ,,2.0819314158365825,0.4012223579609927,17.469344067664228,13.513381349822104
r2_off,2024-11-19,159941.SZ,159915.SZ,True,159915.SZ,159915.SZ,159941.SZ,159915.SZ,159941.SZ,,1.1705416634152193,0.2236895217847028,16.43985011309345,12.742503060815649
r2_off,2024-11-20,159941.SZ,159941.SZ,False,159941.SZ,159915.SZ,159941.SZ,159941.SZ,,159941.SZ,0.8889801237588624,0.47796341770107187,16.61397032611827,12.762948593943475
r2_off,2025-02-12,518880.SH,513030.SH,True,513030.SH,513030.SH,518880.SH,513030.SH,518880.SH,,2.2577918481479715,0.21994873267771575,19.336395842563924,14.88409990297604
r2_off,2025-02-13,518880.SH,518880.SH,False,518880.SH,513030.SH,518880.SH,518880.SH,,518880.SH,2.3154095557084573,0.8730503882589582,19.431037119248238,14.836205612013078
r2_off,2025-03-12,CASH,513030.SH,True,513030.SH,513030.SH,CASH,513030.SH,CASH,,0.5316112532210948,0.240181866475759,18.061968358003515,13.804683403488085
r2_off,2025-03-13,CASH,513030.SH,True,CASH,513030.SH,CASH,513030.SH,,,0.5137698490789415,0.2475503989706157,18.061968358003515,13.92577711755377
r2_off,2025-03-14,513030.SH,513030.SH,False,CASH,513030.SH,513030.SH,513030.SH,513030.SH,,0.5150852866108202,0.26816891410882593,18.04390638964551,13.990360431722134
r2_off,2025-12-10,CASH,159915.SZ,True,CASH,CASH,CASH,159915.SZ,,159915.SZ,0.5386439892829116,0.1498969755082631,27.84803587806914,21.570409798502293
r2_off,2025-12-11,159915.SZ,159915.SZ,False,CASH,159915.SZ,159915.SZ,159915.SZ,159915.SZ,,0.7468302502135911,0.25589783089884544,27.82018784219107,21.259558028223122
r2_off,2026-02-09,CASH,518880.SH,True,518880.SH,518880.SH,CASH,518880.SH,CASH,,1.7082424612437808,0.21480774436598682,30.597809689312317,23.405559350560583
r2_off,2026-02-10,513520.SH,518880.SH,True,CASH,518880.SH,513520.SH,518880.SH,513520.SH,,1.285170553450858,0.16632602909528504,30.567211879623006,23.296381445202993
r2_off,2026-02-11,513520.SH,513520.SH,False,513520.SH,518880.SH,513520.SH,513520.SH,,513520.SH,1.6432367845666969,0.4051276817468593,32.04870879564826,23.443736680506024
r2_off,2026-03-05,159985.SZ,513520.SH,True,513520.SH,513520.SH,159985.SZ,513520.SH,159985.SZ,,1.6438498459340636,0.22237824343625645,30.68931046562601,22.494320939476154
r2_off,2026-03-06,159985.SZ,159985.SZ,False,159985.SZ,513520.SH,159985.SZ,159985.SZ,,159985.SZ,1.2210527059696403,0.7068924507931649,31.657192649161036,22.563115025917508
r2_off,2026-03-27,CASH,159985.SZ,True,159985.SZ,159985.SZ,CASH,159985.SZ,CASH,,0.7422842153998583,0.14245399384391444,33.160229669171095,23.65803663119612
r2_off,2026-03-30,CASH,CASH,False,CASH,159985.SZ,CASH,CASH,,CASH,,,33.160229669171095,23.779169792363852
r2_off,2026-04-14,CASH,159915.SZ,True,CASH,CASH,CASH,159915.SZ,,159915.SZ,0.7786563001939151,0.15238130058114352,33.160229669171095,23.75539062257149
r2_off,2026-04-15,159915.SZ,159915.SZ,False,CASH,159915.SZ,159915.SZ,159915.SZ,159915.SZ,,1.2628181720091134,0.26329957911058455,33.12706943950192,23.49441590868972
r2_off,2026-06-22,CASH,159915.SZ,True,513520.SH,513520.SH,CASH,159915.SZ,CASH,159915.SZ,0.9369841354823929,0.16136130470358878,47.632818547106254,33.74838291733748
r2_off,2026-07-06,CASH,513520.SH,True,513520.SH,513520.SH,CASH,513520.SH,CASH,,1.1809552449767113,0.24629702688844646,47.98441901953066,32.68538793825606
r2_off,2026-09-18,CASH,159985.SZ,True,159985.SZ,159985.SZ,CASH,159985.SZ,CASH,,0.7206200794310165,0.1858132518582135,44.23310699273266,29.39818395174878
r2_off,2026-09-21,CASH,CASH,False,CASH,159985.SZ,CASH,CASH,,CASH,,,44.23310699273266,29.304912810494297
