date,runner_return,poe_return,runner_nav,poe_nav,abs_return_diff,abs_nav_diff
2011-12-09,0.0,0.0,1.0,1.0,0.0,0.0
2011-12-12,0.0,0.0,1.0,1.0,0.0,0.0
2011-12-13,0.0,0.0,1.0,1.0,0.0,0.0
2011-12-14,0.0,0.0,1.0,1.0,0.0,0.0
2011-12-15,0.0,0.0,1.0,1.0,0.0,0.0
2011-12-16,0.0,0.0,1.0,1.0,0.0,0.0
2011-12-19,0.0,0.0,1.0,1.0,0.0,0.0
2011-12-20,0.0,0.0,1.0,1.0,0.0,0.0
2011-12-21,0.0,0.0,1.0,1.0,0.0,0.0
2011-12-22,0.0,0.0,1.0,1.0,0.0,0.0
2011-12-23,0.0,0.0,1.0,1.0,0.0,0.0
2011-12-26,0.0,0.0,1.0,1.0,0.0,0.0
2011-12-27,0.0,0.0,1.0,1.0,0.0,0.0
2011-12-28,0.0,0.0,1.0,1.0,0.0,0.0
2011-12-29,0.0,0.0,1.0,1.0,0.0,0.0
2011-12-30,0.0,0.0,1.0,1.0,0.0,0.0
2012-01-04,0.0,0.0,1.0,1.0,0.0,0.0
2012-01-05,0.0,0.0,1.0,1.0,0.0,0.0
2012-01-06,0.0,0.0,1.0,1.0,0.0,0.0
2012-01-09,0.0,0.0,1.0,1.0,0.0,0.0
2012-01-10,0.0,0.0,1.0,1.0,0.0,0.0
2012-01-11,0.0,0.0,1.0,1.0,0.0,0.0
2012-01-12,0.0,0.0,1.0,1.0,0.0,0.0
2012-01-13,0.0,0.0,1.0,1.0,0.0,0.0
2012-01-16,0.0,0.0,1.0,1.0,0.0,0.0
2012-01-17,0.0,0.0,1.0,1.0,0.0,0.0
2012-01-18,0.0,0.0,1.0,1.0,0.0,0.0
2012-01-19,0.0,0.0,1.0,1.0,0.0,0.0
2012-01-20,0.0,0.0,1.0,1.0,0.0,0.0
2012-01-30,0.0,0.0,1.0,1.0,0.0,0.0
2012-01-31,0.0,0.0,1.0,1.0,0.0,0.0
2012-02-01,0.0,0.0,1.0,1.0,0.0,0.0
2012-02-02,0.0,0.0,1.0,1.0,0.0,0.0
2012-02-03,0.0,0.0,1.0,1.0,0.0,0.0
2012-02-06,0.0,0.0,1.0,1.0,0.0,0.0
2012-02-07,0.0,0.0,1.0,1.0,0.0,0.0
2012-02-08,0.0,0.0,1.0,1.0,0.0,0.0
2012-02-09,0.0,0.0,1.0,1.0,0.0,0.0
2012-02-10,0.0,0.0,1.0,1.0,0.0,0.0
2012-02-13,0.0,0.0,1.0,1.0,0.0,0.0
2012-02-14,-0.0010000000000000009,-0.0010000000000000009,0.999,0.999,0.0,0.0
2012-02-15,0.01538461538461533,0.01538461538461533,1.0143692307692307,1.0143692307692307,0.0,0.0
2012-02-16,-0.004132231404958775,-0.004132231404958775,1.0101776223776222,1.0101776223776222,0.0,0.0
2012-02-17,-0.0055325034578146415,-0.0055325034578146415,1.004588811188811,1.004588811188811,0.0,0.0
2012-02-20,0.0055632823365785455,0.0055632823365785455,1.0101776223776222,1.0101776223776222,0.0,0.0
2012-02-21,0.020746887966804906,0.020746887966804906,1.0311356643356642,1.0311356643356642,0.0,0.0
2012-02-22,0.0314878048780487,0.0314878048780487,1.0636038629370628,1.0636038629370628,0.0,0.0
2012-02-23,0.0,0.0,1.0636038629370628,1.0636038629370628,0.0,0.0
2012-02-24,0.0,0.0,1.0636038629370628,1.0636038629370628,0.0,0.0
2012-02-27,0.0,0.0,1.0636038629370628,1.0636038629370628,0.0,0.0
2012-02-28,0.0,0.0,1.0636038629370628,1.0636038629370628,0.0,0.0
2012-02-29,-0.0010000000000000009,-0.0010000000000000009,1.0625402590741257,1.0625402590741257,0.0,0.0
2012-03-01,0.008141112618724522,0.008141112618724522,1.071190518985177,1.071190518985177,0.0,0.0
2012-03-02,0.021534320323014722,0.021534320323014722,1.0942578787479802,1.0942578787479802,0.0,0.0
2012-03-05,0.0026350461133068936,0.0026350461133068936,1.0971412987183304,1.0971412987183304,0.0,0.0
2012-03-06,-0.01182654402102512,-0.01182654402102512,1.0841659088517535,1.0841659088517535,0.0,0.0
2012-03-07,-0.003989361702127603,-0.003989361702127603,1.0798407788962279,1.0798407788962279,0.0,0.0
2012-03-08,0.021361815754339153,0.021361815754339153,1.1029081386590311,1.1029081386590311,0.0,0.0
2012-03-09,0.018300653594771177,0.018300653594771177,1.123092078451484,1.123092078451484,0.0,0.0
2012-03-12,0.00898587933247752,0.00898587933247752,1.1331840483477105,1.1331840483477105,0.0,0.0
2012-03-13,0.008905852417302906,0.008905852417302906,1.143276018243937,1.143276018243937,0.0,0.0
2012-03-14,-0.046658259773013855,-0.046658259773013855,1.0899327487924544,1.0899327487924544,0.0,0.0
2012-03-15,-0.011904761904761862,-0.011904761904761862,1.0769573589258776,1.0769573589258776,0.0,0.0
2012-03-16,0.02677376171352086,0.02677376171352086,1.1057915586293818,1.1057915586293818,0.0,0.0
2012-03-19,0.016949152542372836,0.016949152542372836,1.1245337884366595,1.1245337884366595,0.0,0.0
2012-03-20,-0.03076923076923077,-0.03076923076923077,1.0899327487924546,1.0899327487924546,0.0,0.0
2012-03-21,-0.008928571428571508,-0.008928571428571508,1.080201206392522,1.080201206392522,0.0,0.0
2012-03-22,0.0,0.0,1.080201206392522,1.080201206392522,0.0,0.0
2012-03-23,0.0,0.0,1.080201206392522,1.080201206392522,0.0,0.0
2012-03-26,0.0,0.0,1.080201206392522,1.080201206392522,0.0,0.0
2012-03-27,0.0,0.0,1.080201206392522,1.080201206392522,0.0,0.0
2012-03-28,0.0,0.0,1.080201206392522,1.080201206392522,0.0,0.0
2012-03-29,0.0,0.0,1.080201206392522,1.080201206392522,0.0,0.0
2012-03-30,0.0,0.0,1.080201206392522,1.080201206392522,0.0,0.0
2012-04-05,0.0,0.0,1.080201206392522,1.080201206392522,0.0,0.0
2012-04-06,0.0,0.0,1.080201206392522,1.080201206392522,0.0,0.0
2012-04-09,0.0,0.0,1.080201206392522,1.080201206392522,0.0,0.0
2012-04-10,0.0,0.0,1.080201206392522,1.080201206392522,0.0,0.0
2012-04-11,0.0,0.0,1.080201206392522,1.080201206392522,0.0,0.0
2012-04-12,0.0,0.0,1.080201206392522,1.080201206392522,0.0,0.0
2012-04-13,0.0,0.0,1.080201206392522,1.080201206392522,0.0,0.0
2012-04-16,0.0,0.0,1.080201206392522,1.080201206392522,0.0,0.0
2012-04-17,0.0,0.0,1.080201206392522,1.080201206392522,0.0,0.0
2012-04-18,0.0,0.0,1.080201206392522,1.080201206392522,0.0,0.0
2012-04-19,0.0,0.0,1.080201206392522,1.080201206392522,0.0,0.0
2012-04-20,0.0,0.0,1.080201206392522,1.080201206392522,0.0,0.0
2012-04-23,0.0,0.0,1.080201206392522,1.080201206392522,0.0,0.0
2012-04-24,0.0,0.0,1.080201206392522,1.080201206392522,0.0,0.0
2012-04-25,0.0,0.0,1.080201206392522,1.080201206392522,0.0,0.0
2012-04-26,0.0,0.0,1.080201206392522,1.080201206392522,0.0,0.0
2012-04-27,0.0,0.0,1.080201206392522,1.080201206392522,0.0,0.0
2012-05-02,0.0,0.0,1.080201206392522,1.080201206392522,0.0,0.0
2012-05-03,0.0,0.0,1.080201206392522,1.080201206392522,0.0,0.0
2012-05-04,0.0,0.0,1.080201206392522,1.080201206392522,0.0,0.0
2012-05-07,0.0,0.0,1.080201206392522,1.080201206392522,0.0,0.0
2012-05-08,0.0,0.0,1.080201206392522,1.080201206392522,0.0,0.0
2012-05-09,0.0,0.0,1.080201206392522,1.080201206392522,0.0,0.0
2012-05-10,0.0,0.0,1.080201206392522,1.080201206392522,0.0,0.0
2012-05-11,0.0,0.0,1.080201206392522,1.080201206392522,0.0,0.0
2012-05-14,0.0,0.0,1.080201206392522,1.080201206392522,0.0,0.0
2012-05-15,0.0,0.0,1.080201206392522,1.080201206392522,0.0,0.0
2012-05-16,0.0,0.0,1.080201206392522,1.080201206392522,0.0,0.0
2012-05-17,0.0,0.0,1.080201206392522,1.080201206392522,0.0,0.0
2012-05-18,0.0,0.0,1.080201206392522,1.080201206392522,0.0,0.0
2012-05-21,0.0,0.0,1.080201206392522,1.080201206392522,0.0,0.0
2012-05-22,0.0,0.0,1.080201206392522,1.080201206392522,0.0,0.0
2012-05-23,0.0,0.0,1.080201206392522,1.080201206392522,0.0,0.0
2012-05-24,0.0,0.0,1.080201206392522,1.080201206392522,0.0,0.0
2012-05-25,0.0,0.0,1.080201206392522,1.080201206392522,0.0,0.0
2012-05-28,0.0,0.0,1.080201206392522,1.080201206392522,0.0,0.0
2012-05-29,0.0,0.0,1.080201206392522,1.080201206392522,0.0,0.0
2012-05-30,0.0,0.0,1.080201206392522,1.080201206392522,0.0,0.0
2012-05-31,0.0,0.0,1.080201206392522,1.080201206392522,0.0,0.0
2012-06-01,0.0,0.0,1.080201206392522,1.080201206392522,0.0,0.0
2012-06-04,0.0,0.0,1.080201206392522,1.080201206392522,0.0,0.0
2012-06-05,0.0,0.0,1.080201206392522,1.080201206392522,0.0,0.0
2012-06-06,0.0,0.0,1.080201206392522,1.080201206392522,0.0,0.0
2012-06-07,0.0,0.0,1.080201206392522,1.080201206392522,0.0,0.0
2012-06-08,0.0,0.0,1.080201206392522,1.080201206392522,0.0,0.0
2012-06-11,0.0,0.0,1.080201206392522,1.080201206392522,0.0,0.0
2012-06-12,-0.001000000000000112,-0.001000000000000112,1.0791210051861293,1.0791210051861293,0.0,0.0
2012-06-13,0.014844804318488558,0.014844804318488558,1.095140345344088,1.095140345344088,0.0,0.0
2012-06-14,-0.009308510638297851,-0.009308510638297851,1.0849462197890234,1.0849462197890234,0.0,0.0
2012-06-15,0.0026845637583892135,0.0026845637583892135,1.0878588270904703,1.0878588270904703,0.0,0.0
2012-06-18,0.016064257028112428,0.016064257028112428,1.1053344708991526,1.1053344708991526,0.0,0.0
2012-06-19,-0.00922266139657435,-0.00922266139657435,1.095140345344088,1.095140345344088,0.0,0.0
2012-06-20,0.0026595744680850686,0.0026595744680850686,1.098052952645535,1.098052952645535,0.0,0.0
2012-06-21,-0.01326259946949615,-0.01326259946949615,1.0834899161382996,1.0834899161382996,0.0,0.0
2012-06-25,-0.01881720430107514,-0.01881720430107514,1.0631016650281704,1.0631016650281704,0.0,0.0
2012-06-26,-0.013316438356164362,-0.013316438356164362,1.048944937239487,1.048944937239487,0.0,0.0
2012-06-27,0.0,0.0,1.048944937239487,1.048944937239487,0.0,0.0
2012-06-28,0.0,0.0,1.048944937239487,1.048944937239487,0.0,0.0
2012-06-29,0.0,0.0,1.048944937239487,1.048944937239487,0.0,0.0
2012-07-02,0.0,0.0,1.048944937239487,1.048944937239487,0.0,0.0
2012-07-03,0.0,0.0,1.048944937239487,1.048944937239487,0.0,0.0
2012-07-04,0.0,0.0,1.048944937239487,1.048944937239487,0.0,0.0
2012-07-05,0.0,0.0,1.048944937239487,1.048944937239487,0.0,0.0
2012-07-06,0.0,0.0,1.048944937239487,1.048944937239487,0.0,0.0
2012-07-09,0.0,0.0,1.048944937239487,1.048944937239487,0.0,0.0
2012-07-10,0.0,0.0,1.048944937239487,1.048944937239487,0.0,0.0
2012-07-11,0.0,0.0,1.048944937239487,1.048944937239487,0.0,0.0
2012-07-12,0.0,0.0,1.048944937239487,1.048944937239487,0.0,0.0
2012-07-13,0.0,0.0,1.048944937239487,1.048944937239487,0.0,0.0
2012-07-16,0.0,0.0,1.048944937239487,1.048944937239487,0.0,0.0
2012-07-17,0.0,0.0,1.048944937239487,1.048944937239487,0.0,0.0
2012-07-18,0.0,0.0,1.048944937239487,1.048944937239487,0.0,0.0
2012-07-19,0.0,0.0,1.048944937239487,1.048944937239487,0.0,0.0
2012-07-20,0.0,0.0,1.048944937239487,1.048944937239487,0.0,0.0
2012-07-23,0.0,0.0,1.048944937239487,1.048944937239487,0.0,0.0
2012-07-24,0.0,0.0,1.048944937239487,1.048944937239487,0.0,0.0
2012-07-25,0.0,0.0,1.048944937239487,1.048944937239487,0.0,0.0
2012-07-26,0.0,0.0,1.048944937239487,1.048944937239487,0.0,0.0
2012-07-27,0.0,0.0,1.048944937239487,1.048944937239487,0.0,0.0
2012-07-30,0.0,0.0,1.048944937239487,1.048944937239487,0.0,0.0
2012-07-31,0.0,0.0,1.048944937239487,1.048944937239487,0.0,0.0
2012-08-01,0.0,0.0,1.048944937239487,1.048944937239487,0.0,0.0
2012-08-02,0.0,0.0,1.048944937239487,1.048944937239487,0.0,0.0
2012-08-03,0.0,0.0,1.048944937239487,1.048944937239487,0.0,0.0
2012-08-06,0.0,0.0,1.048944937239487,1.048944937239487,0.0,0.0
2012-08-07,0.0,0.0,1.048944937239487,1.048944937239487,0.0,0.0
2012-08-08,0.0,0.0,1.048944937239487,1.048944937239487,0.0,0.0
2012-08-09,0.0,0.0,1.048944937239487,1.048944937239487,0.0,0.0
2012-08-10,-0.0010000000000000009,-0.0010000000000000009,1.0478959923022475,1.0478959923022475,0.0,0.0
2012-08-13,-0.021390374331550777,-0.021390374331550777,1.0254811047663706,1.0254811047663706,0.0,0.0
2012-08-14,0.013661202185792254,0.013661202185792254,1.0394904094762936,1.0394904094762936,0.0,0.0
2012-08-15,-0.010781671159029504,-0.010781671159029504,1.0282829657083552,1.0282829657083552,0.0,0.0
2012-08-16,-0.006811989100817484,-0.006811989100817484,1.0212783133533936,1.0212783133533936,0.0,0.0
2012-08-17,-0.002743484224965731,-0.002743484224965731,1.018476452411409,1.018476452411409,0.0,0.0
2012-08-20,0.012379642365887289,0.012379642365887289,1.0310848266503398,1.0310848266503398,0.0,0.0
2012-08-21,0.02309782608695654,0.02309782608695654,1.0549006446572091,1.0549006446572091,0.0,0.0
2012-08-22,-0.0013280212483399723,-0.0013280212483399723,1.0534997141862168,1.0534997141862168,0.0,0.0
2012-08-23,0.003989361702127603,0.003989361702127603,1.0577025055991938,1.0577025055991938,0.0,0.0
2012-08-24,-0.021192052980132492,-0.021192052980132492,1.0352876180633168,1.0352876180633168,0.0,0.0
2012-08-27,-0.014884979702300294,-0.014884979702300294,1.0198773828824015,1.0198773828824015,0.0,0.0
2012-08-28,0.006868131868131844,0.006868131868131844,1.026882035237363,1.026882035237363,0.0,0.0
2012-08-29,-0.003725784447476066,-0.003725784447476066,1.0230560941210831,1.0230560941210831,0.0,0.0
2012-08-30,0.0,0.0,1.0230560941210831,1.0230560941210831,0.0,0.0
2012-08-31,0.0,0.0,1.0230560941210831,1.0230560941210831,0.0,0.0
2012-09-03,0.0,0.0,1.0230560941210831,1.0230560941210831,0.0,0.0
2012-09-04,0.0,0.0,1.0230560941210831,1.0230560941210831,0.0,0.0
2012-09-05,0.0,0.0,1.0230560941210831,1.0230560941210831,0.0,0.0
2012-09-06,0.0,0.0,1.0230560941210831,1.0230560941210831,0.0,0.0
2012-09-07,0.0,0.0,1.0230560941210831,1.0230560941210831,0.0,0.0
2012-09-10,0.0,0.0,1.0230560941210831,1.0230560941210831,0.0,0.0
2012-09-11,0.0,0.0,1.0230560941210831,1.0230560941210831,0.0,0.0
2012-09-12,-0.0010000000000000009,-0.0010000000000000009,1.022033038026962,1.022033038026962,0.0,0.0
2012-09-13,-0.019582245430809553,-0.019582245430809553,1.0020193362379222,1.0020193362379222,0.0,0.0
2012-09-14,-0.003994673768308976,-0.003994673768308976,0.9980165958801142,0.9980165958801142,0.0,0.0
2012-09-17,-0.02904679144385025,-0.02904679144385025,0.9690274159620831,0.9690274159620831,0.0,0.0
2012-09-18,0.0,0.0,0.9690274159620831,0.9690274159620831,0.0,0.0
2012-09-19,0.0,0.0,0.9690274159620831,0.9690274159620831,0.0,0.0
2012-09-20,0.0,0.0,0.9690274159620831,0.9690274159620831,0.0,0.0
2012-09-21,0.0,0.0,0.9690274159620831,0.9690274159620831,0.0,0.0
2012-09-24,0.0,0.0,0.9690274159620831,0.9690274159620831,0.0,0.0
2012-09-25,0.0,0.0,0.9690274159620831,0.9690274159620831,0.0,0.0
2012-09-26,0.0,0.0,0.9690274159620831,0.9690274159620831,0.0,0.0
2012-09-27,0.0,0.0,0.9690274159620831,0.9690274159620831,0.0,0.0
2012-09-28,0.0,0.0,0.9690274159620831,0.9690274159620831,0.0,0.0
2012-10-08,0.0,0.0,0.9690274159620831,0.9690274159620831,0.0,0.0
2012-10-09,0.0,0.0,0.9690274159620831,0.9690274159620831,0.0,0.0
2012-10-10,0.0,0.0,0.9690274159620831,0.9690274159620831,0.0,0.0
2012-10-11,0.0,0.0,0.9690274159620831,0.9690274159620831,0.0,0.0
2012-10-12,0.0,0.0,0.9690274159620831,0.9690274159620831,0.0,0.0
2012-10-15,0.0,0.0,0.9690274159620831,0.9690274159620831,0.0,0.0
2012-10-16,0.0,0.0,0.9690274159620831,0.9690274159620831,0.0,0.0
2012-10-17,0.0,0.0,0.9690274159620831,0.9690274159620831,0.0,0.0
2012-10-18,0.0,0.0,0.9690274159620831,0.9690274159620831,0.0,0.0
2012-10-19,0.0,0.0,0.9690274159620831,0.9690274159620831,0.0,0.0
2012-10-22,0.0,0.0,0.9690274159620831,0.9690274159620831,0.0,0.0
2012-10-23,0.0,0.0,0.9690274159620831,0.9690274159620831,0.0,0.0
2012-10-24,0.0,0.0,0.9690274159620831,0.9690274159620831,0.0,0.0
2012-10-25,0.0,0.0,0.9690274159620831,0.9690274159620831,0.0,0.0
2012-10-26,0.0,0.0,0.9690274159620831,0.9690274159620831,0.0,0.0
2012-10-29,0.0,0.0,0.9690274159620831,0.9690274159620831,0.0,0.0
2012-10-30,0.0,0.0,0.9690274159620831,0.9690274159620831,0.0,0.0
2012-10-31,0.0,0.0,0.9690274159620831,0.9690274159620831,0.0,0.0
2012-11-01,0.0,0.0,0.9690274159620831,0.9690274159620831,0.0,0.0
2012-11-02,0.0,0.0,0.9690274159620831,0.9690274159620831,0.0,0.0
2012-11-05,0.0,0.0,0.9690274159620831,0.9690274159620831,0.0,0.0
2012-11-06,0.0,0.0,0.9690274159620831,0.9690274159620831,0.0,0.0
2012-11-07,0.0,0.0,0.9690274159620831,0.9690274159620831,0.0,0.0
2012-11-08,0.0,0.0,0.9690274159620831,0.9690274159620831,0.0,0.0
2012-11-09,0.0,0.0,0.9690274159620831,0.9690274159620831,0.0,0.0
2012-11-12,0.0,0.0,0.9690274159620831,0.9690274159620831,0.0,0.0
2012-11-13,0.0,0.0,0.9690274159620831,0.9690274159620831,0.0,0.0
2012-11-14,0.0,0.0,0.9690274159620831,0.9690274159620831,0.0,0.0
2012-11-15,0.0,0.0,0.9690274159620831,0.9690274159620831,0.0,0.0
2012-11-16,0.0,0.0,0.9690274159620831,0.9690274159620831,0.0,0.0
2012-11-19,0.0,0.0,0.9690274159620831,0.9690274159620831,0.0,0.0
2012-11-20,0.0,0.0,0.9690274159620831,0.9690274159620831,0.0,0.0
2012-11-21,0.0,0.0,0.9690274159620831,0.9690274159620831,0.0,0.0
2012-11-22,0.0,0.0,0.9690274159620831,0.9690274159620831,0.0,0.0
2012-11-23,0.0,0.0,0.9690274159620831,0.9690274159620831,0.0,0.0
2012-11-26,0.0,0.0,0.9690274159620831,0.9690274159620831,0.0,0.0
2012-11-27,0.0,0.0,0.9690274159620831,0.9690274159620831,0.0,0.0
2012-11-28,0.0,0.0,0.9690274159620831,0.9690274159620831,0.0,0.0
2012-11-29,0.0,0.0,0.9690274159620831,0.9690274159620831,0.0,0.0
2012-11-30,0.0,0.0,0.9690274159620831,0.9690274159620831,0.0,0.0
2012-12-03,0.0,0.0,0.9690274159620831,0.9690274159620831,0.0,0.0
2012-12-04,0.0,0.0,0.9690274159620831,0.9690274159620831,0.0,0.0
2012-12-05,0.0,0.0,0.9690274159620831,0.9690274159620831,0.0,0.0
2012-12-06,0.0,0.0,0.9690274159620831,0.9690274159620831,0.0,0.0
2012-12-07,0.0,0.0,0.9690274159620831,0.9690274159620831,0.0,0.0
2012-12-10,0.0,0.0,0.9690274159620831,0.9690274159620831,0.0,0.0
2012-12-11,0.0,0.0,0.9690274159620831,0.9690274159620831,0.0,0.0
2012-12-12,0.0,0.0,0.9690274159620831,0.9690274159620831,0.0,0.0
2012-12-13,0.0,0.0,0.9690274159620831,0.9690274159620831,0.0,0.0
2012-12-14,0.0,0.0,0.9690274159620831,0.9690274159620831,0.0,0.0
2012-12-17,0.0,0.0,0.9690274159620831,0.9690274159620831,0.0,0.0
2012-12-18,0.0,0.0,0.9690274159620831,0.9690274159620831,0.0,0.0
2012-12-19,0.0,0.0,0.9690274159620831,0.9690274159620831,0.0,0.0
2012-12-20,-0.0010000000000000009,-0.0010000000000000009,0.968058388546121,0.968058388546121,0.0,0.0
2012-12-21,0.015128593040847127,0.015128593040847127,0.9827037499462136,0.9827037499462136,0.0,0.0
2012-12-24,0.017883755588673722,0.017883755588673722,1.0002781836263248,1.0002781836263248,0.0,0.0
2012-12-25,0.020497803806734938,0.020497803806734938,1.0207816895864543,1.0207816895864543,0.0,0.0
2012-12-26,0.020086083213773254,0.020086083213773254,1.0412851955465838,1.0412851955465838,0.0,0.0
2012-12-27,-0.011251758087201247,-0.011251758087201247,1.0295689064265097,1.0295689064265097,0.0,0.0
2012-12-28,0.007526315789473603,0.007526315789473603,1.0373177671432985,1.0373177671432985,0.0,0.0
2012-12-31,0.0,0.0,1.0373177671432985,1.0373177671432985,0.0,0.0
2013-01-04,0.0,0.0,1.0373177671432985,1.0373177671432985,0.0,0.0
2013-01-07,0.0,0.0,1.0373177671432985,1.0373177671432985,0.0,0.0
2013-01-08,0.0,0.0,1.0373177671432985,1.0373177671432985,0.0,0.0
2013-01-09,0.0,0.0,1.0373177671432985,1.0373177671432985,0.0,0.0
2013-01-10,0.0,0.0,1.0373177671432985,1.0373177671432985,0.0,0.0
2013-01-11,0.0,0.0,1.0373177671432985,1.0373177671432985,0.0,0.0
2013-01-14,0.0,0.0,1.0373177671432985,1.0373177671432985,0.0,0.0
2013-01-15,0.0,0.0,1.0373177671432985,1.0373177671432985,0.0,0.0
2013-01-16,0.0,0.0,1.0373177671432985,1.0373177671432985,0.0,0.0
2013-01-17,0.0,0.0,1.0373177671432985,1.0373177671432985,0.0,0.0
2013-01-18,0.0,0.0,1.0373177671432985,1.0373177671432985,0.0,0.0
2013-01-21,0.0,0.0,1.0373177671432985,1.0373177671432985,0.0,0.0
2013-01-22,0.0,0.0,1.0373177671432985,1.0373177671432985,0.0,0.0
2013-01-23,0.0,0.0,1.0373177671432985,1.0373177671432985,0.0,0.0
2013-01-24,-0.0009999999999998899,-0.0009999999999998899,1.0362804493761553,1.0362804493761553,0.0,0.0
2013-01-25,0.005270092226614009,0.005270092226614009,1.0417417429170046,1.0417417429170046,0.0,0.0
2013-01-28,0.030144167758846763,0.030144167758846763,1.0731441807768882,1.0731441807768882,0.0,0.0
2013-01-29,0.007633587786259444,0.007633587786259444,1.081336121088162,1.081336121088162,0.0,0.0
2013-01-30,-0.010101010101009944,-0.010101010101009944,1.0704135340064636,1.0704135340064636,0.0,0.0
2013-01-31,-0.005102040816326592,-0.005102040816326592,1.0649522404656142,1.0649522404656142,0.0,0.0
2013-02-01,0.0038461538461538325,0.0038461538461538325,1.069048210621251,1.069048210621251,0.0,0.0
2013-02-04,-0.01532567049808442,-0.01532567049808442,1.052664329998703,1.052664329998703,0.0,0.0
2013-02-05,0.016861219195849486,0.016861219195849486,1.0704135340064633,1.0704135340064633,0.0,0.0
2013-02-06,0.008928571428571397,0.008928571428571397,1.0799707977029496,1.0799707977029496,0.0,0.0
2013-02-07,0.01896333754740831,0.01896333754740831,1.1004506484811345,1.1004506484811345,0.0,0.0
2013-02-08,0.01985111662531014,0.01985111662531014,1.1222958226445316,1.1222958226445316,0.0,0.0
2013-02-18,0.012165450121654597,0.012165450121654597,1.135949056496655,1.135949056496655,0.0,0.0
2013-02-19,-0.01682692307692324,-0.01682692307692324,1.1168345291036823,1.1168345291036823,0.0,0.0
2013-02-20,0.04034229828850866,0.04034229828850866,1.161890200815689,1.161890200815689,0.0,0.0
2013-02-21,-0.01527614571092839,-0.01527614571092839,1.1441409968079288,1.1441409968079288,0.0,0.0
2013-02-22,-0.0035799522673030104,-0.0035799522673030104,1.140045026652292,1.140045026652292,0.0,0.0
2013-02-25,0.022754491017964007,0.022754491017964007,1.165986170971326,1.165986170971326,0.0,0.0
2013-02-26,-0.004683840749414525,-0.004683840749414525,1.1605248774304766,1.1605248774304766,0.0,0.0
2013-02-27,-0.009411764705882453,-0.009411764705882453,1.149602290348778,1.149602290348778,0.0,0.0
2013-02-28,0.0213776722090262,0.0213776722090262,1.1741781112826,1.1741781112826,0.0,0.0
2013-03-01,0.029069767441860517,0.029069767441860517,1.2083111959129083,1.2083111959129083,0.0,0.0
2013-03-04,-0.024858757062146908,-0.024858757062146908,1.178274081438237,1.178274081438237,0.0,0.0
2013-03-05,0.02780996523754342,0.02780996523754342,1.211041842683333,1.211041842683333,0.0,0.0
2013-03-06,0.016910935738444266,0.016910935738444266,1.2315216934615179,1.2315216934615179,0.0,0.0
2013-03-07,-0.024390243902439046,-0.024390243902439046,1.2014845789868467,1.2014845789868467,0.0,0.0
2013-03-08,-0.0193181818181819,-0.0193181818181819,1.178274081438237,1.178274081438237,0.0,0.0
2013-03-11,0.004634994206257348,0.004634994206257348,1.1837353749790864,1.1837353749790864,0.0,0.0
2013-03-12,-0.035755478662053086,-0.035755478662053086,1.1414103500375044,1.1414103500375044,0.0,0.0
2013-03-13,-0.004784688995215336,-0.004784688995215336,1.135949056496655,1.135949056496655,0.0,0.0
2013-03-14,0.008605769230769278,0.008605769230769278,1.1457247719347754,1.1457247719347754,0.0,0.0
2013-03-15,0.0,0.0,1.1457247719347754,1.1457247719347754,0.0,0.0
2013-03-18,0.0,0.0,1.1457247719347754,1.1457247719347754,0.0,0.0
2013-03-19,0.0,0.0,1.1457247719347754,1.1457247719347754,0.0,0.0
2013-03-20,0.0,0.0,1.1457247719347754,1.1457247719347754,0.0,0.0
2013-03-21,0.0,0.0,1.1457247719347754,1.1457247719347754,0.0,0.0
2013-03-22,0.0,0.0,1.1457247719347754,1.1457247719347754,0.0,0.0
2013-03-25,0.0,0.0,1.1457247719347754,1.1457247719347754,0.0,0.0
2013-03-26,0.0,0.0,1.1457247719347754,1.1457247719347754,0.0,0.0
2013-03-27,0.0,0.0,1.1457247719347754,1.1457247719347754,0.0,0.0
2013-03-28,0.0,0.0,1.1457247719347754,1.1457247719347754,0.0,0.0
2013-03-29,0.0,0.0,1.1457247719347754,1.1457247719347754,0.0,0.0
2013-04-01,0.0,0.0,1.1457247719347754,1.1457247719347754,0.0,0.0
2013-04-02,0.0,0.0,1.1457247719347754,1.1457247719347754,0.0,0.0
2013-04-03,0.0,0.0,1.1457247719347754,1.1457247719347754,0.0,0.0
2013-04-08,0.0,0.0,1.1457247719347754,1.1457247719347754,0.0,0.0
2013-04-09,0.0,0.0,1.1457247719347754,1.1457247719347754,0.0,0.0
2013-04-10,0.0,0.0,1.1457247719347754,1.1457247719347754,0.0,0.0
2013-04-11,0.0,0.0,1.1457247719347754,1.1457247719347754,0.0,0.0
2013-04-12,0.0,0.0,1.1457247719347754,1.1457247719347754,0.0,0.0
2013-04-15,0.0,0.0,1.1457247719347754,1.1457247719347754,0.0,0.0
2013-04-16,0.0,0.0,1.1457247719347754,1.1457247719347754,0.0,0.0
2013-04-17,0.0,0.0,1.1457247719347754,1.1457247719347754,0.0,0.0
2013-04-18,0.0,0.0,1.1457247719347754,1.1457247719347754,0.0,0.0
2013-04-19,0.0,0.0,1.1457247719347754,1.1457247719347754,0.0,0.0
2013-04-22,0.0,0.0,1.1457247719347754,1.1457247719347754,0.0,0.0
2013-04-23,0.0,0.0,1.1457247719347754,1.1457247719347754,0.0,0.0
2013-04-24,-0.001000000000000112,-0.001000000000000112,1.1445790471628405,1.1445790471628405,0.0,0.0
2013-04-25,-0.030237580993520585,-0.030237580993520585,1.1099697455207675,1.1099697455207675,0.0,0.0
2013-04-26,-0.008908685968819663,-0.008908685968819663,1.1000813736230324,1.1000813736230324,0.0,0.0
2013-05-02,0.026966292134831482,0.026966292134831482,1.1297464893162377,1.1297464893162377,0.0,0.0
2013-05-03,0.026258205689277725,0.026258205689277725,1.1594116050094427,1.1594116050094427,0.0,0.0
2013-05-06,0.015991471215351938,0.015991471215351938,1.1779523023176963,1.1779523023176963,0.0,0.0
2013-05-07,-0.0031479538300105414,-0.0031479538300105414,1.1742441628560456,1.1742441628560456,0.0,0.0
2013-05-08,0.03265052631578946,0.03265052631578946,1.2125838527965391,1.2125838527965391,0.0,0.0
2013-05-09,0.0,0.0,1.2125838527965391,1.2125838527965391,0.0,0.0
2013-05-10,0.0,0.0,1.2125838527965391,1.2125838527965391,0.0,0.0
2013-05-13,0.0,0.0,1.2125838527965391,1.2125838527965391,0.0,0.0
2013-05-14,0.0,0.0,1.2125838527965391,1.2125838527965391,0.0,0.0
2013-05-15,0.0,0.0,1.2125838527965391,1.2125838527965391,0.0,0.0
2013-05-16,0.0,0.0,1.2125838527965391,1.2125838527965391,0.0,0.0
2013-05-17,0.0,0.0,1.2125838527965391,1.2125838527965391,0.0,0.0
2013-05-20,0.0,0.0,1.2125838527965391,1.2125838527965391,0.0,0.0
2013-05-21,0.0,0.0,1.2125838527965391,1.2125838527965391,0.0,0.0
2013-05-22,0.0,0.0,1.2125838527965391,1.2125838527965391,0.0,0.0
2013-05-23,0.0,0.0,1.2125838527965391,1.2125838527965391,0.0,0.0
2013-05-24,0.0,0.0,1.2125838527965391,1.2125838527965391,0.0,0.0
2013-05-27,0.0,0.0,1.2125838527965391,1.2125838527965391,0.0,0.0
2013-05-28,0.0,0.0,1.2125838527965391,1.2125838527965391,0.0,0.0
2013-05-29,0.0,0.0,1.2125838527965391,1.2125838527965391,0.0,0.0
2013-05-30,0.0,0.0,1.2125838527965391,1.2125838527965391,0.0,0.0
2013-05-31,-0.0010000000000000009,-0.0010000000000000009,1.2113712689437426,1.2113712689437426,0.0,0.0
2013-06-03,-0.019681349578256624,-0.019681349578256624,1.1875298475306044,1.1875298475306044,0.0,0.0
2013-06-04,-0.02485659655831729,-0.02485659655831729,1.158011897209576,1.158011897209576,0.0,0.0
2013-06-05,0.014705882352941124,0.014705882352941124,1.1750414839332464,1.1750414839332464,0.0,0.0
2013-06-06,-0.016425120772946777,-0.016425120772946777,1.1557412856464202,1.1557412856464202,0.0,0.0
2013-06-07,0.012738703339882251,0.012738703339882251,1.170463931021924,1.170463931021924,0.0,0.0
2013-06-13,0.0,0.0,1.170463931021924,1.170463931021924,0.0,0.0
2013-06-14,0.0,0.0,1.170463931021924,1.170463931021924,0.0,0.0
2013-06-17,0.0,0.0,1.170463931021924,1.170463931021924,0.0,0.0
2013-06-18,0.0,0.0,1.170463931021924,1.170463931021924,0.0,0.0
2013-06-19,0.0,0.0,1.170463931021924,1.170463931021924,0.0,0.0
2013-06-20,0.0,0.0,1.170463931021924,1.170463931021924,0.0,0.0
2013-06-21,0.0,0.0,1.170463931021924,1.170463931021924,0.0,0.0
2013-06-24,0.0,0.0,1.170463931021924,1.170463931021924,0.0,0.0
2013-06-25,0.0,0.0,1.170463931021924,1.170463931021924,0.0,0.0
2013-06-26,0.0,0.0,1.170463931021924,1.170463931021924,0.0,0.0
2013-06-27,0.0,0.0,1.170463931021924,1.170463931021924,0.0,0.0
2013-06-28,0.0,0.0,1.170463931021924,1.170463931021924,0.0,0.0
2013-07-01,0.0,0.0,1.170463931021924,1.170463931021924,0.0,0.0
2013-07-02,0.0,0.0,1.170463931021924,1.170463931021924,0.0,0.0
2013-07-03,0.0,0.0,1.170463931021924,1.170463931021924,0.0,0.0
2013-07-04,0.0,0.0,1.170463931021924,1.170463931021924,0.0,0.0
2013-07-05,0.0,0.0,1.170463931021924,1.170463931021924,0.0,0.0
2013-07-08,0.0,0.0,1.170463931021924,1.170463931021924,0.0,0.0
2013-07-09,0.0,0.0,1.170463931021924,1.170463931021924,0.0,0.0
2013-07-10,0.0,0.0,1.170463931021924,1.170463931021924,0.0,0.0
2013-07-11,0.0,0.0,1.170463931021924,1.170463931021924,0.0,0.0
2013-07-12,-0.0010000000000000009,-0.0010000000000000009,1.169293467090902,1.169293467090902,0.0,0.0
2013-07-15,0.042124542124541975,0.042124542124541975,1.2185494190013246,1.2185494190013246,0.0,0.0
2013-07-16,-0.0008787346221440506,-0.0008787346221440506,1.2174786374380546,1.2174786374380546,0.0,0.0
2013-07-17,-0.009674582233949125,-0.009674582233949125,1.2057000402420839,1.2057000402420839,0.0,0.0
2013-07-18,-0.001776198934280604,-0.001776198934280604,1.2035584771155439,1.2035584771155439,0.0,0.0
2013-07-19,-0.016014234875444844,-0.016014234875444844,1.1842844089766829,1.1842844089766829,0.0,0.0
2013-07-22,0.04339963833634708,0.04339963833634708,1.2356819240136454,1.2356819240136454,0.0,0.0
2013-07-23,0.016464471403812908,0.016464471403812908,1.2560267737157766,1.2560267737157766,0.0,0.0
2013-07-24,0.021994884910485846,0.021994884910485846,1.283652938048144,1.283652938048144,0.0,0.0
2013-07-25,-0.001000000000000112,-0.001000000000000112,1.2823692851100958,1.2823692851100958,0.0,0.0
2013-07-26,0.0043591979075849885,0.0043591979075849885,1.287959386614499,1.287959386614499,0.0,0.0
2013-07-29,-0.02430555555555547,-0.02430555555555547,1.2566548181898411,1.2566548181898411,0.0,0.0
2013-07-30,-0.01245551601423489,-0.01245551601423489,1.2410025339775121,1.2410025339775121,0.0,0.0
2013-07-31,0.010810810810810922,0.010810810810810922,1.25441877758808,1.25441877758808,0.0,0.0
2013-08-01,0.0490196078431373,0.0490196078431373,1.3159098941365153,1.3159098941365153,0.0,0.0
2013-08-02,-0.00679694137638065,-0.00679694137638065,1.30696573172947,1.30696573172947,0.0,0.0
2013-08-05,0.020530367835757124,0.020530367835757124,1.3337982189506055,1.3337982189506055,0.0,0.0
2013-08-06,0.0025146689019277524,0.0025146689019277524,1.3371522798532471,1.3371522798532471,0.0,0.0
2013-08-07,-0.02842809364548493,-0.02842809364548493,1.2991395896233053,1.2991395896233053,0.0,0.0
2013-08-08,0.0077452667814115195,0.0077452667814115195,1.3092017723312313,1.3092017723312313,0.0,0.0
2013-08-09,-0.00853970964987194,-0.00853970964987194,1.2980215693224249,1.2980215693224249,0.0,0.0
2013-08-12,-0.007751937984496249,-0.007751937984496249,1.287959386614499,1.287959386614499,0.0,0.0
2013-08-13,0.00954861111111116,0.00954861111111116,1.300257609924186,1.300257609924186,0.0,0.0
2013-08-14,0.006730868443679983,0.006730868443679983,1.3090094728394794,1.3090094728394794,0.0,0.0
2013-08-15,0.0,0.0,1.3090094728394794,1.3090094728394794,0.0,0.0
2013-08-16,0.0,0.0,1.3090094728394794,1.3090094728394794,0.0,0.0
2013-08-19,0.0,0.0,1.3090094728394794,1.3090094728394794,0.0,0.0
2013-08-20,0.0,0.0,1.3090094728394794,1.3090094728394794,0.0,0.0
2013-08-21,0.0,0.0,1.3090094728394794,1.3090094728394794,0.0,0.0
2013-08-22,0.0,0.0,1.3090094728394794,1.3090094728394794,0.0,0.0
2013-08-23,0.0,0.0,1.3090094728394794,1.3090094728394794,0.0,0.0
2013-08-26,0.0,0.0,1.3090094728394794,1.3090094728394794,0.0,0.0
2013-08-27,-0.0009999999999998899,-0.0009999999999998899,1.30770046336664,1.30770046336664,0.0,0.0
2013-08-28,-0.016273393002441017,-0.016273393002441017,1.2864197397968005,1.2864197397968005,0.0,0.0
2013-08-29,-0.0016542597187757524,-0.0016542597187757524,1.2842916674398166,1.2842916674398166,0.0,0.0
2013-08-30,-0.031766362883181576,-0.031766362883181576,1.243494392284077,1.243494392284077,0.0,0.0
2013-09-02,-0.0071761750986724104,-0.0071761750986724104,1.2345708587908293,1.2345708587908293,0.0,0.0
2013-09-03,-0.0018070112034693775,-0.0018070112034693775,1.2323399754175175,1.2323399754175175,0.0,0.0
2013-09-04,0.009051412020275151,0.009051412020275151,1.243494392284077,1.243494392284077,0.0,0.0
2013-09-05,-0.014891280947255225,-0.014891280947255225,1.2249771679322385,1.2249771679322385,0.0,0.0
2013-09-06,0.011217948717948678,0.011217948717948678,1.2387188989827604,1.2387188989827604,0.0,0.0
2013-09-09,-0.005546751188589494,-0.005546751188589494,1.2318480334574995,1.2318480334574995,0.0,0.0
2013-09-10,-0.008764940239043617,-0.008764940239043617,1.221050959060661,1.221050959060661,0.0,0.0
2013-09-11,-0.0337620578778135,-0.0337620578778135,1.1798257659090954,1.1798257659090954,0.0,0.0
2013-09-12,0.004159733777038266,0.004159733777038266,1.1847335269985675,1.1847335269985675,0.0,0.0
2013-09-13,0.023198011599005808,0.023198011599005808,1.2122169890996113,1.2122169890996113,0.0,0.0
2013-09-16,0.017813765182186136,0.017813765182186136,1.2338111378932886,1.2338111378932886,0.0,0.0
2013-09-17,-0.008750994431185322,-0.008750994431185322,1.22301406349645,1.22301406349645,0.0,0.0
2013-09-18,0.015248796147672383,0.015248796147672383,1.2416635556364437,1.2416635556364437,0.0,0.0
2013-09-23,0.027667984189723382,0.027667984189723382,1.2760178832627485,1.2760178832627485,0.0,0.0
2013-09-24,0.0038461538461538325,0.0038461538461538325,1.2809256443522206,1.2809256443522206,0.0,0.0
2013-09-25,-0.0045977011494252595,-0.0045977011494252595,1.275036331044854,1.275036331044854,0.0,0.0
2013-09-26,-0.01385681293302543,-0.01385681293302543,1.2573683911227544,1.2573683911227544,0.0,0.0
2013-09-27,0.021077283372365363,0.021077283372365363,1.2838703010059038,1.2838703010059038,0.0,0.0
2013-09-30,0.02905198776758411,0.02905198776758411,1.3211692852858918,1.3211692852858918,0.0,0.0
2013-10-08,0.010401188707280795,0.010401188707280795,1.3349110163364137,1.3349110163364137,0.0,0.0
2013-10-09,0.022058823529411686,0.022058823529411686,1.3643575828732464,1.3643575828732464,0.0,0.0
2013-10-10,-0.029496402877697836,-0.029496402877697836,1.324113941939575,1.324113941939575,0.0,0.0
2013-10-11,0.0081541882876206,0.0081541882876206,1.334911016336414,1.334911016336414,0.0,0.0
2013-10-14,0.00955882352941173,0.00955882352941173,1.3476711951690414,1.3476711951690414,0.0,0.0
2013-10-15,-0.0058266569555717185,-0.0058266569555717185,1.339818777425886,1.339818777425886,0.0,0.0
2013-10-16,-0.0388278388278388,-0.0388278388278388,1.2877965098774817,1.2877965098774817,0.0,0.0
2013-10-17,-0.009908536585366057,-0.009908536585366057,1.275036331044854,1.275036331044854,0.0,0.0
2013-10-18,0.025404157043880105,0.025404157043880105,1.3074275542353702,1.3074275542353702,0.0,0.0
2013-10-21,0.033033033033032844,0.033033033033032844,1.3506158518227245,1.3506158518227245,0.0,0.0
2013-10-22,-0.04215116279069753,-0.04215116279069753,1.2936858231848483,1.2936858231848483,0.0,0.0
2013-10-23,-0.022981031866464385,-0.022981031866464385,1.263955588057044,1.263955588057044,0.0,0.0
2013-10-24,0.0,0.0,1.263955588057044,1.263955588057044,0.0,0.0
2013-10-25,0.0,0.0,1.263955588057044,1.263955588057044,0.0,0.0
2013-10-28,0.0,0.0,1.263955588057044,1.263955588057044,0.0,0.0
2013-10-29,0.0,0.0,1.263955588057044,1.263955588057044,0.0,0.0
2013-10-30,0.0,0.0,1.263955588057044,1.263955588057044,0.0,0.0
2013-10-31,0.0,0.0,1.263955588057044,1.263955588057044,0.0,0.0
2013-11-01,0.0,0.0,1.263955588057044,1.263955588057044,0.0,0.0
2013-11-04,0.0,0.0,1.263955588057044,1.263955588057044,0.0,0.0
2013-11-05,0.0,0.0,1.263955588057044,1.263955588057044,0.0,0.0
2013-11-06,0.0,0.0,1.263955588057044,1.263955588057044,0.0,0.0
2013-11-07,0.0,0.0,1.263955588057044,1.263955588057044,0.0,0.0
2013-11-08,0.0,0.0,1.263955588057044,1.263955588057044,0.0,0.0
2013-11-11,0.0,0.0,1.263955588057044,1.263955588057044,0.0,0.0
2013-11-12,0.0,0.0,1.263955588057044,1.263955588057044,0.0,0.0
2013-11-13,0.0,0.0,1.263955588057044,1.263955588057044,0.0,0.0
2013-11-14,0.0,0.0,1.263955588057044,1.263955588057044,0.0,0.0
2013-11-15,0.0,0.0,1.263955588057044,1.263955588057044,0.0,0.0
2013-11-18,0.0,0.0,1.263955588057044,1.263955588057044,0.0,0.0
2013-11-19,0.0,0.0,1.263955588057044,1.263955588057044,0.0,0.0
2013-11-20,0.0,0.0,1.263955588057044,1.263955588057044,0.0,0.0
2013-11-21,0.0,0.0,1.263955588057044,1.263955588057044,0.0,0.0
2013-11-22,0.0,0.0,1.263955588057044,1.263955588057044,0.0,0.0
2013-11-25,-0.001000000000000112,-0.001000000000000112,1.262691632468987,1.262691632468987,0.0,0.0
2013-11-26,-0.005503144654088188,-0.005503144654088188,1.2557428577620033,1.2557428577620033,0.0,0.0
2013-11-27,0.033992094861660105,0.033992094861660105,1.2984281881049016,1.2984281881049016,0.0,0.0
2013-11-28,0.002293577981651307,0.002293577981651307,1.3014062344078943,1.3014062344078943,0.0,0.0
2013-11-29,0.022883295194507935,0.022883295194507935,1.331186697437823,1.331186697437823,0.0,0.0
2013-12-02,-0.09917971662938108,-0.09917971662938108,1.199159978005138,1.199159978005138,0.0,0.0
2013-12-03,0.01572847682119205,0.01572847682119205,1.2180209379240932,1.2180209379240932,0.0,0.0
2013-12-04,-0.006699266503667589,-0.006699266503667589,1.2098610910538925,1.2098610910538925,0.0,0.0
2013-12-05,0.0,0.0,1.2098610910538925,1.2098610910538925,0.0,0.0
2013-12-06,0.0,0.0,1.2098610910538925,1.2098610910538925,0.0,0.0
2013-12-09,0.0,0.0,1.2098610910538925,1.2098610910538925,0.0,0.0
2013-12-10,0.0,0.0,1.2098610910538925,1.2098610910538925,0.0,0.0
2013-12-11,0.0,0.0,1.2098610910538925,1.2098610910538925,0.0,0.0
2013-12-12,0.0,0.0,1.2098610910538925,1.2098610910538925,0.0,0.0
2013-12-13,0.0,0.0,1.2098610910538925,1.2098610910538925,0.0,0.0
2013-12-16,0.0,0.0,1.2098610910538925,1.2098610910538925,0.0,0.0
2013-12-17,0.0,0.0,1.2098610910538925,1.2098610910538925,0.0,0.0
2013-12-18,0.0,0.0,1.2098610910538925,1.2098610910538925,0.0,0.0
2013-12-19,0.0,0.0,1.2098610910538925,1.2098610910538925,0.0,0.0
2013-12-20,0.0,0.0,1.2098610910538925,1.2098610910538925,0.0,0.0
2013-12-23,0.0,0.0,1.2098610910538925,1.2098610910538925,0.0,0.0
2013-12-24,0.0,0.0,1.2098610910538925,1.2098610910538925,0.0,0.0
2013-12-25,0.0,0.0,1.2098610910538925,1.2098610910538925,0.0,0.0
2013-12-26,0.0,0.0,1.2098610910538925,1.2098610910538925,0.0,0.0
2013-12-27,0.0,0.0,1.2098610910538925,1.2098610910538925,0.0,0.0
2013-12-30,0.0,0.0,1.2098610910538925,1.2098610910538925,0.0,0.0
2013-12-31,-0.0009999999999998899,-0.0009999999999998899,1.2086512299628387,1.2086512299628387,0.0,0.0
2014-01-02,0.02511773940345363,0.02511773940345363,1.239009816586709,1.239009816586709,0.0,0.0
2014-01-03,0.014548238897396537,0.014548238897396537,1.257035227394632,1.257035227394632,0.0,0.0
2014-01-06,-0.019622641509433936,-0.019622641509433936,1.2323688757627373,1.2323688757627373,0.0,0.0
2014-01-07,0.019245573518090975,0.019245573518090975,1.2560865215626362,1.2560865215626362,0.0,0.0
2014-01-08,0.038519637462235634,0.038519637462235634,1.3044705189944297,1.3044705189944297,0.0,0.0
2014-01-09,-0.019636363636363563,-0.019636363636363563,1.2788554615305392,1.2788554615305392,0.0,0.0
2014-01-10,-0.017804154302670572,-0.017804154302670572,1.2560865215626364,1.2560865215626364,0.0,0.0
2014-01-13,0.009063444108761365,0.009063444108761365,1.2674709915465878,1.2674709915465878,0.0,0.0
2014-01-14,0.030688622754490913,0.030688622754490913,1.3063679306584215,1.3063679306584215,0.0,0.0
2014-01-15,0.009440813362382006,0.009440813362382006,1.3187011064743688,1.3187011064743688,0.0,0.0
2014-01-16,-0.013669064748201398,-0.013669064748201398,1.3006756956664458,1.3006756956664458,0.0,0.0
2014-01-17,-0.0029175784099197966,-0.0029175784099197966,1.296880872338462,1.296880872338462,0.0,0.0
2014-01-20,-0.018288222384784114,-0.018288222384784114,1.2731632265385633,1.2731632265385633,0.0,0.0
2014-01-21,0.029061102831594576,0.029061102831594576,1.3101627539864051,1.3101627539864051,0.0,0.0
2014-01-22,0.01303403330919628,0.01303403330919628,1.3272394589623322,1.3272394589623322,0.0,0.0
2014-01-23,0.022158684774839177,0.022158684774839177,1.3566493397542065,1.3566493397542065,0.0,0.0
2014-01-24,0.016083916083916128,0.016083916083916128,1.3784695738901134,1.3784695738901134,0.0,0.0
2014-01-27,-0.005505849965588339,-0.005505849965588339,1.3708799272341459,1.3708799272341459,0.0,0.0
2014-01-28,-0.0027681660899654403,-0.0027681660899654403,1.367085103906162,1.367085103906162,0.0,0.0
2014-01-29,0.017349063150589705,0.017349063150589705,1.3908027497060604,1.3908027497060604,0.0,0.0
2014-01-30,-0.0020463847203273655,-0.0020463847203273655,1.3879566322100727,1.3879566322100727,0.0,0.0
2014-02-07,0.02392344497607657,0.02392344497607657,1.421161336329931,1.421161336329931,0.0,0.0
2014-02-10,0.012016021361815676,0.012016021361815676,1.438238041305858,1.438238041305858,0.0,0.0
2014-02-11,-0.0158311345646438,-0.0158311345646438,1.4154691013379552,1.4154691013379552,0.0,0.0
2014-02-12,0.009383378016085908,0.009383378016085908,1.4287509829858986,1.4287509829858986,0.0,0.0
2014-02-13,-0.037184594953519334,-0.037184594953519334,1.3756234563941254,1.3756234563941254,0.0,0.0
2014-02-14,0.020000000000000018,0.020000000000000018,1.403135925522008,1.403135925522008,0.0,0.0
2014-02-17,0.028397565922920753,0.028397565922920753,1.4429815704658375,1.4429815704658375,0.0,0.0
2014-02-18,-0.00920447074293218,-0.00920447074293218,1.4296996888178943,1.4296996888178943,0.0,0.0
2014-02-19,-0.0006635700066356387,-0.0006635700066356387,1.4287509829858984,1.4287509829858984,0.0,0.0
2014-02-20,-0.015272244355909681,-0.015272244355909681,1.4069307488499916,1.4069307488499916,0.0,0.0
2014-02-21,0.0,0.0,1.4069307488499916,1.4069307488499916,0.0,0.0
2014-02-24,0.01483479433580559,0.01483479433580559,1.427802277153902,1.427802277153902,0.0,0.0
2014-02-25,-0.05040797342192693,-0.05040797342192693,1.3558296579153615,1.3558296579153615,0.0,0.0
2014-02-26,0.014931087289433265,0.014931087289433265,1.376073668887298,1.376073668887298,0.0,0.0
2014-02-27,-0.018483591097698926,-0.018483591097698926,1.350638885871275,1.350638885871275,0.0,0.0
2014-02-28,0.007302075326671931,0.007302075326671931,1.3605013527550394,1.3605013527550394,0.0,0.0
2014-03-03,0.011446012972147868,0.011446012972147868,1.3760736688872983,1.3760736688872983,0.0,0.0
2014-03-04,-0.003017729158807936,-0.003017729158807936,1.3719210512520292,1.3719210512520292,0.0,0.0
2014-03-05,-0.007188800605372525,-0.007188800605372525,1.3620585843682653,1.3620585843682653,0.0,0.0
2014-03-06,-0.0003810975609755962,-0.0003810975609755962,1.3615395071638567,1.3615395071638567,0.0,0.0
2014-03-07,0.009912314144109757,0.009912314144109757,1.3750355144784814,1.3750355144784814,0.0,0.0
2014-03-10,-0.014722536806341946,-0.014722536806341946,1.3547915035065445,1.3547915035065445,0.0,0.0
2014-03-11,0.011877394636015337,0.011877394636015337,1.3708828968432123,1.3708828968432123,0.0,0.0
2014-03-12,0.010223400227186819,0.010223400227186819,1.3848979813622457,1.3848979813622457,0.0,0.0
2014-03-13,0.009745127436281864,0.009745127436281864,1.3983939886768704,1.3983939886768704,0.0,0.0
2014-03-14,-0.0007423904974015461,-0.0007423904974015461,1.3973558342680532,1.3973558342680532,0.0,0.0
2014-03-17,0.011144130757800852,0.011144130757800852,1.4129281504003124,1.4129281504003124,0.0,0.0
2014-03-18,-0.013225569434239581,-0.013225569434239581,1.3942413710416013,1.3942413710416013,0.0,0.0
2014-03-19,-0.0022338049143707517,-0.0022338049143707517,1.3911269078151496,1.3911269078151496,0.0,0.0
2014-03-20,-0.012313432835820981,-0.012313432835820981,1.3739973600696644,1.3739973600696644,0.0,0.0
2014-03-21,0.0,0.0,1.3739973600696644,1.3739973600696644,0.0,0.0
2014-03-24,-0.0026445032111823696,-0.0026445032111823696,1.3703638196388042,1.3703638196388042,0.0,0.0
2014-03-25,-0.013109090909090848,-0.013109090909090848,1.3523995957486301,1.3523995957486301,0.0,0.0
2014-03-26,0.0,0.0,1.3523995957486301,1.3523995957486301,0.0,0.0
2014-03-27,0.0,0.0,1.3523995957486301,1.3523995957486301,0.0,0.0
2014-03-28,0.0,0.0,1.3523995957486301,1.3523995957486301,0.0,0.0
2014-03-31,0.0,0.0,1.3523995957486301,1.3523995957486301,0.0,0.0
2014-04-01,0.0,0.0,1.3523995957486301,1.3523995957486301,0.0,0.0
2014-04-02,0.0,0.0,1.3523995957486301,1.3523995957486301,0.0,0.0
2014-04-03,0.0,0.0,1.3523995957486301,1.3523995957486301,0.0,0.0
2014-04-04,0.0,0.0,1.3523995957486301,1.3523995957486301,0.0,0.0
2014-04-08,0.0,0.0,1.3523995957486301,1.3523995957486301,0.0,0.0
2014-04-09,0.0,0.0,1.3523995957486301,1.3523995957486301,0.0,0.0
2014-04-10,0.0,0.0,1.3523995957486301,1.3523995957486301,0.0,0.0
2014-04-11,0.0,0.0,1.3523995957486301,1.3523995957486301,0.0,0.0
2014-04-14,0.0,0.0,1.3523995957486301,1.3523995957486301,0.0,0.0
2014-04-15,0.0,0.0,1.3523995957486301,1.3523995957486301,0.0,0.0
2014-04-16,0.0,0.0,1.3523995957486301,1.3523995957486301,0.0,0.0
2014-04-17,0.0,0.0,1.3523995957486301,1.3523995957486301,0.0,0.0
2014-04-18,0.0,0.0,1.3523995957486301,1.3523995957486301,0.0,0.0
2014-04-21,0.0,0.0,1.3523995957486301,1.3523995957486301,0.0,0.0
2014-04-22,0.0,0.0,1.3523995957486301,1.3523995957486301,0.0,0.0
2014-04-23,0.0,0.0,1.3523995957486301,1.3523995957486301,0.0,0.0
2014-04-24,0.0,0.0,1.3523995957486301,1.3523995957486301,0.0,0.0
2014-04-25,0.0,0.0,1.3523995957486301,1.3523995957486301,0.0,0.0
2014-04-28,0.0,0.0,1.3523995957486301,1.3523995957486301,0.0,0.0
2014-04-29,0.0,0.0,1.3523995957486301,1.3523995957486301,0.0,0.0
2014-04-30,0.0,0.0,1.3523995957486301,1.3523995957486301,0.0,0.0
2014-05-05,0.0,0.0,1.3523995957486301,1.3523995957486301,0.0,0.0
2014-05-06,0.0,0.0,1.3523995957486301,1.3523995957486301,0.0,0.0
2014-05-07,0.0,0.0,1.3523995957486301,1.3523995957486301,0.0,0.0
2014-05-08,0.0,0.0,1.3523995957486301,1.3523995957486301,0.0,0.0
2014-05-09,0.0,0.0,1.3523995957486301,1.3523995957486301,0.0,0.0
2014-05-12,0.0,0.0,1.3523995957486301,1.3523995957486301,0.0,0.0
2014-05-13,0.0,0.0,1.3523995957486301,1.3523995957486301,0.0,0.0
2014-05-14,0.0,0.0,1.3523995957486301,1.3523995957486301,0.0,0.0
2014-05-15,0.0,0.0,1.3523995957486301,1.3523995957486301,0.0,0.0
2014-05-16,0.0,0.0,1.3523995957486301,1.3523995957486301,0.0,0.0
2014-05-19,0.0,0.0,1.3523995957486301,1.3523995957486301,0.0,0.0
2014-05-20,0.0,0.0,1.3523995957486301,1.3523995957486301,0.0,0.0
2014-05-21,0.0,0.0,1.3523995957486301,1.3523995957486301,0.0,0.0
2014-05-22,0.0,0.0,1.3523995957486301,1.3523995957486301,0.0,0.0
2014-05-23,0.0,0.0,1.3523995957486301,1.3523995957486301,0.0,0.0
2014-05-26,0.0,0.0,1.3523995957486301,1.3523995957486301,0.0,0.0
2014-05-27,0.0,0.0,1.3523995957486301,1.3523995957486301,0.0,0.0
2014-05-28,0.0,0.0,1.3523995957486301,1.3523995957486301,0.0,0.0
2014-05-29,0.0,0.0,1.3523995957486301,1.3523995957486301,0.0,0.0
2014-05-30,-0.001000000000000112,-0.001000000000000112,1.3510471961528814,1.3510471961528814,0.0,0.0
2014-06-03,-0.0030983733539891034,-0.0030983733539891034,1.3468611475203396,1.3468611475203396,0.0,0.0
2014-06-04,0.0062160062160061536,0.0062160062160061536,1.3552332447854232,1.3552332447854232,0.0,0.0
2014-06-05,0.02316602316602312,0.02316602316602312,1.386628609529487,1.386628609529487,0.0,0.0
2014-06-06,-0.0030188679245282124,-0.0030188679245282124,1.3824425608969453,1.3824425608969453,0.0,0.0
2014-06-09,-0.020439061317183982,-0.020439061317183982,1.3541867326272878,1.3541867326272878,0.0,0.0
2014-06-10,0.023183925811437467,0.023183925811437467,1.3855820973713517,1.3855820973713517,0.0,0.0
2014-06-11,0.009818731117824608,0.009818731117824608,1.3991867554271125,1.3991867554271125,0.0,0.0
2014-06-12,-0.00224382946896029,-0.00224382946896029,1.3960472189527062,1.3960472189527062,0.0,0.0
2014-06-13,0.011994002998500841,0.011994002998500841,1.4127914134828738,1.4127914134828738,0.0,0.0
2014-06-16,0.009629629629629655,0.009629629629629655,1.4263960715386348,1.4263960715386348,0.0,0.0
2014-06-17,-0.009537784299339602,-0.009537784299339602,1.4127914134828738,1.4127914134828738,0.0,0.0
2014-06-18,-0.009629629629629766,-0.009629629629629766,1.3991867554271127,1.3991867554271127,0.0,0.0
2014-06-19,-0.03440538519072556,-0.03440538519072556,1.3510471961528814,1.3510471961528814,0.0,0.0
2014-06-20,0.010844306738962084,0.010844306738962084,1.3656983663667779,1.3656983663667779,0.0,0.0
2014-06-23,0.020689655172413834,0.020689655172413834,1.3939541946364353,1.3939541946364353,0.0,0.0
2014-06-24,0.007507507507507505,0.007507507507507505,1.40441931621779,1.40441931621779,0.0,0.0
2014-06-25,-0.012411326378539478,-0.012411326378539478,1.3869886097118858,1.3869886097118858,0.0,0.0
2014-06-26,0.0007607455306199995,0.0007607455306199995,1.388043755097745,1.388043755097745,0.0,0.0
2014-06-27,0.0011402508551880963,0.0011402508551880963,1.3896264731765335,1.3896264731765335,0.0,0.0
2014-06-30,-0.0018982536066819433,-0.0018982536066819433,1.3869886097118855,1.3869886097118855,0.0,0.0
2014-07-01,0.0034233548877899977,0.0034233548877899977,1.3917367639482519,1.3917367639482519,0.0,0.0
2014-07-02,0.0022744503411675776,0.0022744503411675776,1.3949022001058293,1.3949022001058293,0.0,0.0
2014-07-03,-0.0022692889561272134,-0.0022692889561272134,1.3917367639482516,1.3917367639482516,0.0,0.0
2014-07-04,-0.0011372251705837888,-0.0011372251705837888,1.3901540458694628,1.3901540458694628,0.0,0.0
2014-07-07,-0.008817457305502652,-0.008817457305502652,1.377896421921937,1.377896421921937,0.0,0.0
2014-07-08,0.012463343108504388,0.012463343108504388,1.3950696177963307,1.3950696177963307,0.0,0.0
2014-07-09,-0.020275162925416423,-0.020275162925416423,1.3667843540032116,1.3667843540032116,0.0,0.0
2014-07-10,-0.017490022172948927,-0.017490022172948927,1.3428792653460557,1.3428792653460557,0.0,0.0
2014-07-11,0.009073724007561346,0.009073724007561346,1.3550641811752826,1.3550641811752826,0.0,0.0
2014-07-14,-0.014612214312476612,-0.014612214312476612,1.3352636929527888,1.3352636929527888,0.0,0.0
2014-07-15,-0.0076045627376426506,-0.0076045627376426506,1.325109596428433,1.325109596428433,0.0,0.0
2014-07-16,-0.008272413793103395,-0.008272413793103395,1.3141477415255647,1.3141477415255647,0.0,0.0
2014-07-17,0.0,0.0,1.3141477415255647,1.3141477415255647,0.0,0.0
2014-07-18,0.0,0.0,1.3141477415255647,1.3141477415255647,0.0,0.0
2014-07-21,0.0,0.0,1.3141477415255647,1.3141477415255647,0.0,0.0
2014-07-22,0.0,0.0,1.3141477415255647,1.3141477415255647,0.0,0.0
2014-07-23,0.0,0.0,1.3141477415255647,1.3141477415255647,0.0,0.0
2014-07-24,0.0,0.0,1.3141477415255647,1.3141477415255647,0.0,0.0
2014-07-25,0.0,0.0,1.3141477415255647,1.3141477415255647,0.0,0.0
2014-07-28,0.0,0.0,1.3141477415255647,1.3141477415255647,0.0,0.0
2014-07-29,0.0,0.0,1.3141477415255647,1.3141477415255647,0.0,0.0
2014-07-30,0.0,0.0,1.3141477415255647,1.3141477415255647,0.0,0.0
2014-07-31,0.0,0.0,1.3141477415255647,1.3141477415255647,0.0,0.0
2014-08-01,0.0,0.0,1.3141477415255647,1.3141477415255647,0.0,0.0
2014-08-04,0.0,0.0,1.3141477415255647,1.3141477415255647,0.0,0.0
2014-08-05,0.0,0.0,1.3141477415255647,1.3141477415255647,0.0,0.0
2014-08-06,0.0,0.0,1.3141477415255647,1.3141477415255647,0.0,0.0
2014-08-07,0.0,0.0,1.3141477415255647,1.3141477415255647,0.0,0.0
2014-08-08,0.0,0.0,1.3141477415255647,1.3141477415255647,0.0,0.0
2014-08-11,-0.0010000000000000009,-0.0010000000000000009,1.3128335937840392,1.3128335937840392,0.0,0.0
2014-08-12,-0.0014641288433381305,-0.0014641288433381305,1.3109114362528766,1.3109114362528766,0.0,0.0
2014-08-13,-0.01026392961876832,-0.01026392961876832,1.2974563335347387,1.2974563335347387,0.0,0.0
2014-08-14,-0.002962962962962945,-0.002962962962962945,1.2936120184724136,1.2936120184724136,0.0,0.0
2014-08-15,0.010401188707280795,0.010401188707280795,1.3070671211905516,1.3070671211905516,0.0,0.0
2014-08-18,0.026470588235294024,0.026470588235294024,1.3416659567514777,1.3416659567514777,0.0,0.0
2014-08-19,0.005730659025787954,0.005730659025787954,1.349354586876128,1.349354586876128,0.0,0.0
2014-08-20,-0.008547008547008517,-0.008547008547008517,1.3378216416891526,1.3378216416891526,0.0,0.0
2014-08-21,0.016522988505747183,0.016522988505747183,1.3599264532975224,1.3599264532975224,0.0,0.0
2014-08-22,0.009893992932862306,0.009893992932862306,1.3733815560156606,1.3733815560156606,0.0,0.0
2014-08-25,-0.01469559132260334,-0.01469559132260334,1.3531989019384534,1.3531989019384534,0.0,0.0
2014-08-26,-0.022017045454545414,-0.022017045454545414,1.3234054602054335,1.3234054602054335,0.0,0.0
2014-08-27,0.007988380537400142,0.007988380537400142,1.3339773266268276,1.3339773266268276,0.0,0.0
2014-08-28,-0.012968299711815456,-0.012968299711815456,1.3166779088463645,1.3166779088463645,0.0,0.0
2014-08-29,0.017518248175182327,0.017518248175182327,1.3397437992203152,1.3397437992203152,0.0,0.0
2014-09-01,0.016499282639885315,0.016499282639885315,1.361848610828685,1.361848610828685,0.0,0.0
2014-09-02,0.00917431192660545,0.00917431192660545,1.3743426347812415,1.3743426347812415,0.0,0.0
2014-09-03,0.0062937062937062915,0.0062937062937062915,1.382992343671473,1.382992343671473,0.0,0.0
2014-09-04,0.012508686587908269,0.012508686587908269,1.4002917614519363,1.4002917614519363,0.0,0.0
2014-09-05,0.0020590253946464188,0.0020590253946464188,1.40317499774868,1.40317499774868,0.0,0.0
2014-09-09,-0.001369863013698569,-0.001369863013698569,1.4012528402175175,1.4012528402175175,0.0,0.0
2014-09-10,0.006172839506172867,0.006172839506172867,1.409902549107749,1.409902549107749,0.0,0.0
2014-09-11,0.0027266530334015826,0.0027266530334015826,1.4137468641700743,1.4137468641700743,0.0,0.0
2014-09-12,0.008157715839564927,0.008157715839564927,1.4252798093570498,1.4252798093570498,0.0,0.0
2014-09-15,0.0,0.0,1.4252798093570498,1.4252798093570498,0.0,0.0
2014-09-16,-0.030343897505057393,-0.030343897505057393,1.3820312649058917,1.3820312649058917,0.0,0.0
2014-09-17,0.0013908205841446364,0.0013908205841446364,1.3839534224370542,1.3839534224370542,0.0,0.0
2014-09-18,0.011111111111111072,0.011111111111111072,1.3993306826863547,1.3993306826863547,0.0,0.0
2014-09-19,0.0027472527472527375,0.0027472527472527375,1.4031749977486798,1.4031749977486798,0.0,0.0
2014-09-22,-0.012328767123287787,-0.012328767123287787,1.3858755799682165,1.3858755799682165,0.0,0.0
2014-09-23,0.013176144244105403,0.013176144244105403,1.404136076514261,1.404136076514261,0.0,0.0
2014-09-24,0.012320328542094527,0.012320328542094527,1.4214354942947243,1.4214354942947243,0.0,0.0
2014-09-25,-0.006761325219743042,-0.006761325219743042,1.4118247066389114,1.4118247066389114,0.0,0.0
2014-09-26,0.002042205582028611,0.002042205582028611,1.4147079429356553,1.4147079429356553,0.0,0.0
2014-09-29,0.01154891304347827,0.01154891304347827,1.4310462819505372,1.4310462819505372,0.0,0.0
2014-09-30,0.00738750839489577,0.00738750839489577,1.4416181483719313,1.4416181483719313,0.0,0.0
2014-10-08,0.010000000000000009,0.010000000000000009,1.4560343298556506,1.4560343298556506,0.0,0.0
2014-10-09,0.0026402640264027166,0.0026402640264027166,1.459878644917976,1.459878644917976,0.0,0.0
2014-10-10,-0.004608294930875556,-0.004608294930875556,1.453151093558907,1.453151093558907,0.0,0.0
2014-10-13,-0.004629629629629761,-0.004629629629629761,1.4464235421998377,1.4464235421998377,0.0,0.0
2014-10-14,-0.007973421926910196,-0.007973421926910196,1.4348905970128625,1.4348905970128625,0.0,0.0
2014-10-15,0.00602813127930335,0.00602813127930335,1.443540305903094,1.443540305903094,0.0,0.0
2014-10-16,-0.013315579227696439,-0.013315579227696439,1.4243187305914682,1.4243187305914682,0.0,0.0
2014-10-17,-0.0080971659919028,-0.0080971659919028,1.4127857854044927,1.4127857854044927,0.0,0.0
2014-10-20,0.017006802721088565,0.017006802721088565,1.436812754544025,1.436812754544025,0.0,0.0
2014-10-21,-0.01503277591973251,-0.01503277591973251,1.415213470366351,1.415213470366351,0.0,0.0
2014-10-22,-0.001000000000000112,-0.001000000000000112,1.4137982568959846,1.4137982568959846,0.0,0.0
2014-10-23,-0.006493506493506551,-0.006493506493506551,1.4046177487343223,1.4046177487343223,0.0,0.0
2014-10-24,-0.006944444444444531,-0.006944444444444531,1.3948634588125561,1.3948634588125561,0.0,0.0
2014-10-27,-0.0016454134101192563,-0.0016454134101192563,1.3925683317721407,1.3925683317721407,0.0,0.0
2014-10-28,-0.0030580964153275048,-0.0030580964153275048,1.3883097235486497,1.3883097235486497,0.0,0.0
2014-10-29,0.0,0.0,1.3883097235486497,1.3883097235486497,0.0,0.0
2014-10-30,0.0,0.0,1.3883097235486497,1.3883097235486497,0.0,0.0
2014-10-31,0.0,0.0,1.3883097235486497,1.3883097235486497,0.0,0.0
2014-11-03,0.0,0.0,1.3883097235486497,1.3883097235486497,0.0,0.0
2014-11-04,0.0,0.0,1.3883097235486497,1.3883097235486497,0.0,0.0
2014-11-05,-0.001000000000000112,-0.001000000000000112,1.386921413825101,1.386921413825101,0.0,0.0
2014-11-06,0.010928961748633892,0.010928961748633892,1.4020790249051567,1.4020790249051567,0.0,0.0
2014-11-07,0.00648648648648642,0.00648648648648642,1.41117359155319,1.41117359155319,0.0,0.0
2014-11-10,-0.004296455424274925,-0.004296455424274925,1.4051105471211678,1.4051105471211678,0.0,0.0
2014-11-11,-0.0021574973031283085,-0.0021574973031283085,1.4020790249051567,1.4020790249051567,0.0,0.0
2014-11-12,-0.001081081081081181,-0.001081081081081181,1.400563263797151,1.400563263797151,0.0,0.0
2014-11-13,-0.016233766233766267,-0.016233766233766267,1.3778268471770674,1.3778268471770674,0.0,0.0
2014-11-14,-0.002099009900990101,-0.002099009900990101,1.3749347749829928,1.3749347749829928,0.0,0.0
2014-11-17,0.0,0.0,1.3749347749829928,1.3749347749829928,0.0,0.0
2014-11-18,0.0,0.0,1.3749347749829928,1.3749347749829928,0.0,0.0
2014-11-19,0.0,0.0,1.3749347749829928,1.3749347749829928,0.0,0.0
2014-11-20,0.0,0.0,1.3749347749829928,1.3749347749829928,0.0,0.0
2014-11-21,0.0,0.0,1.3749347749829928,1.3749347749829928,0.0,0.0
2014-11-24,0.0,0.0,1.3749347749829928,1.3749347749829928,0.0,0.0
2014-11-25,-0.0010000000000000009,-0.0010000000000000009,1.3735598402080098,1.3735598402080098,0.0,0.0
2014-11-26,0.018750000000000044,0.018750000000000044,1.39931408721191,1.39931408721191,0.0,0.0
2014-11-27,0.009202453987730008,0.009202453987730008,1.4121912107138601,1.4121912107138601,0.0,0.0
2014-11-28,0.0,0.0,1.4121912107138601,1.4121912107138601,0.0,0.0
2014-12-01,-0.011144883485309065,-0.011144883485309065,1.3964525042114766,1.3964525042114766,0.0,0.0
2014-12-02,-0.010245901639344246,-0.010245901639344246,1.3821445892093098,1.3821445892093098,0.0,0.0
2014-12-03,-0.008281573498964856,-0.008281573498964856,1.3706982572075763,1.3706982572075763,0.0,0.0
2014-12-04,-0.0009582463465552804,-0.0009582463465552804,1.3693847906103775,1.3693847906103775,0.0,0.0
2014-12-05,-0.03166561114629518,-0.03166561114629518,1.3260223843212584,1.3260223843212584,0.0,0.0
2014-12-08,-0.007194244604316502,-0.007194244604316502,1.3164826549376523,1.3164826549376523,0.0,0.0
2014-12-09,-0.035573122529644396,-0.035573122529644396,1.2696512561454036,1.2696512561454036,0.0,0.0
2014-12-10,0.049180327868852514,0.049180327868852514,1.332093121201735,1.332093121201735,0.0,0.0
2014-12-11,0.006510416666666741,0.006510416666666741,1.340765602459559,1.340765602459559,0.0,0.0
2014-12-12,0.01487710219922378,0.01487710219922378,1.3607123093525535,1.3607123093525535,0.0,0.0
2014-12-15,0.020395156150414318,0.020395156150414318,1.3884642493775896,1.3884642493775896,0.0,0.0
2014-12-16,-0.006870705808869393,-0.006870705808869393,1.3789245199939835,1.3789245199939835,0.0,0.0
2014-12-17,0.0031446540880502027,0.0031446540880502027,1.3832607606228953,1.3832607606228953,0.0,0.0
2014-12-18,-0.011285266457680243,-0.011285266457680243,1.3676502943588125,1.3676502943588125,0.0,0.0
2014-12-19,-0.022828154724159777,-0.022828154724159777,1.3364293618306469,1.3364293618306469,0.0,0.0
2014-12-22,-0.04798182998053224,-0.04798182998053224,1.2723050354102976,1.2723050354102976,0.0,0.0
2014-12-23,-0.012038190120381986,-0.012038190120381986,1.2569887855029092,1.2569887855029092,0.0,0.0
2014-12-24,-0.0018394957983192128,-0.0018394957983192128,1.2546765599134422,1.2546765599134422,0.0,0.0
2014-12-25,0.0,0.0,1.2546765599134422,1.2546765599134422,0.0,0.0
2014-12-26,0.0,0.0,1.2546765599134422,1.2546765599134422,0.0,0.0
2014-12-29,0.0,0.0,1.2546765599134422,1.2546765599134422,0.0,0.0
2014-12-30,0.0,0.0,1.2546765599134422,1.2546765599134422,0.0,0.0
2014-12-31,0.0,0.0,1.2546765599134422,1.2546765599134422,0.0,0.0
2015-01-05,0.0,0.0,1.2546765599134422,1.2546765599134422,0.0,0.0
2015-01-06,0.0,0.0,1.2546765599134422,1.2546765599134422,0.0,0.0
2015-01-07,0.0,0.0,1.2546765599134422,1.2546765599134422,0.0,0.0
2015-01-08,0.0,0.0,1.2546765599134422,1.2546765599134422,0.0,0.0
2015-01-09,0.0,0.0,1.2546765599134422,1.2546765599134422,0.0,0.0
2015-01-12,0.0,0.0,1.2546765599134422,1.2546765599134422,0.0,0.0
2015-01-13,-0.001000000000000112,-0.001000000000000112,1.2534218833535287,1.2534218833535287,0.0,0.0
2015-01-14,-0.0020234722784295833,-0.0020234722784295833,1.2508856189193858,1.2508856189193858,0.0,0.0
2015-01-15,-0.0016220600162205612,-0.0016220600162205612,1.2488566073720713,1.2488566073720713,0.0,0.0
2015-01-16,0.022745735174654502,0.022745735174654502,1.2772627690344738,1.2772627690344738,0.0,0.0
2015-01-19,0.01945988880063565,0.01945988880063565,1.3021181604890766,1.3021181604890766,0.0,0.0
2015-01-20,-0.0008336579664981469,-0.0008336579664981469,1.301032639311263,1.301032639311263,0.0,0.0
2015-01-21,0.006638503319251532,0.006638503319251532,1.3096695488057855,1.3096695488057855,0.0,0.0
2015-01-22,0.00899280575539585,0.00899280575539585,1.321447152661953,1.321447152661953,0.0,0.0
2015-01-23,-0.028684491978609672,-0.028684491978609672,1.2835421124112645,1.2835421124112645,0.0,0.0
2015-01-26,0.0007671653241272391,0.0007671653241272391,1.2845268014119635,1.2845268014119635,0.0,0.0
2015-01-27,-0.007665772326561959,-0.007665772326561959,1.2746799114049725,1.2746799114049725,0.0,0.0
2015-01-28,0.0034762456546928444,0.0034762456546928444,1.2791110119081184,1.2791110119081184,0.0,0.0
2015-01-29,-0.005003849114703529,-0.005003849114703529,1.2727105334035744,1.2727105334035744,0.0,0.0
2015-01-30,-0.016634429400386952,-0.016634429400386952,1.2515397198885438,1.2515397198885438,0.0,0.0
2015-02-02,0.015274586939417745,0.015274586939417745,1.270656472148116,1.270656472148116,0.0,0.0
2015-02-03,0.032946918852959195,0.032946918852959195,1.3125206878259674,1.3125206878259674,0.0,0.0
2015-02-04,0.002953337271116352,0.002953337271116352,1.316397004092435,1.316397004092435,0.0,0.0
2015-02-05,0.006478209658421719,0.006478209658421719,1.324924899878664,1.324924899878664,0.0,0.0
2015-02-06,-0.02808660035108268,-0.02808660035108268,1.2877122637205738,1.2877122637205738,0.0,0.0
2015-02-09,-0.009632751354605618,-0.009632751354605618,1.2753080516678772,1.2753080516678772,0.0,0.0
2015-02-10,0.024316109422492405,0.024316109422492405,1.3063185817996188,1.3063185817996188,0.0,0.0
2015-02-11,0.011869436201780381,0.011869436201780381,1.3218238468654897,1.3218238468654897,0.0,0.0
2015-02-12,0.008797653958944274,0.008797653958944274,1.3334527956648927,1.3334527956648927,0.0,0.0
2015-02-13,0.02383720930232558,0.02383720930232558,1.365238589049928,1.365238589049928,0.0,0.0
2015-02-16,0.03918228279386726,0.03918228279386726,1.4187317535271826,1.4187317535271826,0.0,0.0
2015-02-17,-0.005464480874316835,-0.005464480874316835,1.4109791209942473,1.4109791209942473,0.0,0.0
2015-02-25,-0.009340659340659418,-0.009340659340659418,1.3977996456882569,1.3977996456882569,0.0,0.0
2015-02-26,0.006100942872989457,0.006100942872989457,1.4063275414744858,1.4063275414744858,0.0,0.0
2015-02-27,0.027012127894156412,0.027012127894156412,1.4443154408858692,1.4443154408858692,0.0,0.0
2015-03-02,0.027375201288244666,0.027375201288244666,1.4838538668038397,1.4838538668038397,0.0,0.0
2015-03-03,-0.01816405433646795,-0.01816405433646795,1.4569010645398366,1.4569010645398366,0.0,0.0
2015-03-04,-0.001974333662388972,-0.001974333662388972,1.4540246557253453,1.4540246557253453,0.0,0.0
2015-03-05,0.0009891196834819205,0.0009891196834819205,1.4554628601325914,1.4554628601325914,0.0,0.0
2015-03-06,0.0019762845849802257,0.0019762845849802257,1.4583392689470827,1.4583392689470827,0.0,0.0
2015-03-09,-0.0039447731755423154,-0.0039447731755423154,1.4525864513181002,1.4525864513181002,0.0,0.0
2015-03-10,-0.007920792079207928,-0.007920792079207928,1.441080816060135,1.441080816060135,0.0,0.0
2015-03-11,-0.019960079840319445,-0.019960079840319445,1.412316727915222,1.412316727915222,0.0,0.0
2015-03-12,0.01731160896130346,0.01731160896130346,1.4367662028383978,1.4367662028383978,0.0,0.0
2015-03-13,0.002002002002001957,0.002002002002001957,1.439642611652889,1.439642611652889,0.0,0.0
2015-03-16,0.003996003996004083,0.003996003996004083,1.4453954292818718,1.4453954292818718,0.0,0.0
2015-03-17,0.014925373134328401,0.014925373134328401,1.4669684953905566,1.4669684953905566,0.0,0.0
2015-03-18,-0.006862745098039302,-0.006862745098039302,1.456901064539837,1.456901064539837,0.0,0.0
2015-03-19,0.0,0.0,1.456901064539837,1.456901064539837,0.0,0.0
2015-03-20,-0.002972359328726637,-0.002972359328726637,1.4525706310696203,1.4525706310696203,0.0,0.0
2015-03-23,-0.0009999999999998899,-0.0009999999999998899,1.4511180604385507,1.4511180604385507,0.0,0.0
2015-03-24,-0.003910068426197344,-0.003910068426197344,1.4454440895277452,1.4454440895277452,0.0,0.0
2015-03-25,0.013738959764475034,0.013738959764475034,1.465302987715565,1.465302987715565,0.0,0.0
2015-03-26,-0.007744433688286589,-0.007744433688286589,1.4539550458939536,1.4539550458939536,0.0,0.0
2015-03-27,0.0009756097560975618,0.0009756097560975618,1.455373538621655,1.455373538621655,0.0,0.0
2015-03-30,-0.006822612085770174,-0.006822612085770174,1.445444089527745,1.445444089527745,0.0,0.0
2015-03-31,0.0029440628066732533,0.0029440628066732533,1.4496995677108493,1.4496995677108493,0.0,0.0
2015-04-01,-0.00587084148728001,-0.00587084148728001,1.4411886113446406,1.4411886113446406,0.0,0.0
2015-04-02,0.004921259842519676,0.004921259842519676,1.4482810749831476,1.4482810749831476,0.0,0.0
2015-04-03,-0.0009794319294808007,-0.0009794319294808007,1.4468625822554464,1.4468625822554464,0.0,0.0
2015-04-07,0.006862745098039191,0.006862745098039191,1.4567920313493563,1.4567920313493563,0.0,0.0
2015-04-08,-0.0009737098344692052,-0.0009737098344692052,1.455373538621655,1.455373538621655,0.0,0.0
2015-04-09,-0.006822612085770174,-0.006822612085770174,1.445444089527745,1.445444089527745,0.0,0.0
2015-04-10,0.012757605495584023,0.012757605495584023,1.4638844949878635,1.4638844949878635,0.0,0.0
2015-04-13,-0.0009689922480622393,-0.0009689922480622393,1.4624660022601619,1.4624660022601619,0.0,0.0
2015-04-14,-0.008729388942773864,-0.008729388942773864,1.4496995677108493,1.4496995677108493,0.0,0.0
2015-04-15,-0.009797455968688973,-0.009797455968688973,1.4354962000283749,1.4354962000283749,0.0,0.0
2015-04-16,-0.001000000000000112,-0.001000000000000112,1.4340607038283464,1.4340607038283464,0.0,0.0
2015-04-17,-0.0029473684210528095,-0.0029473684210528095,1.42983399859601,1.42983399859601,0.0,0.0
2015-04-20,-0.021114864864864802,-0.021114864864864802,1.399643246936466,1.399643246936466,0.0,0.0
2015-04-21,0.0767903364969802,0.0767903364969802,1.507122322844443,1.507122322844443,0.0,0.0
2015-04-22,0.011217948717948678,0.011217948717948678,1.5240291437737876,1.5240291437737876,0.0,0.0
2015-04-23,0.02931854199683026,0.02931854199683026,1.5687114562299127,1.5687114562299127,0.0,0.0
2015-04-24,0.018090839107005374,0.018090839107005374,1.5970907627898843,1.5970907627898843,0.0,0.0
2015-04-27,0.001890359168241984,0.001890359168241984,1.6001098379558387,1.6001098379558387,0.0,0.0
2015-04-28,-0.02528301886792439,-0.02528301886792439,1.5596542307320498,1.5596542307320498,0.0,0.0
2015-04-29,0.05314634146341457,0.05314634146341457,1.6425441470433946,1.6425441470433946,0.0,0.0
2015-04-30,0.0,0.0,1.6425441470433946,1.6425441470433946,0.0,0.0
2015-05-04,0.0,0.0,1.6425441470433946,1.6425441470433946,0.0,0.0
2015-05-05,0.0,0.0,1.6425441470433946,1.6425441470433946,0.0,0.0
2015-05-06,0.0,0.0,1.6425441470433946,1.6425441470433946,0.0,0.0
2015-05-07,0.0,0.0,1.6425441470433946,1.6425441470433946,0.0,0.0
2015-05-08,0.0,0.0,1.6425441470433946,1.6425441470433946,0.0,0.0
2015-05-11,0.0,0.0,1.6425441470433946,1.6425441470433946,0.0,0.0
2015-05-12,0.0,0.0,1.6425441470433946,1.6425441470433946,0.0,0.0
2015-05-13,0.0,0.0,1.6425441470433946,1.6425441470433946,0.0,0.0
2015-05-14,0.0,0.0,1.6425441470433946,1.6425441470433946,0.0,0.0
2015-05-15,0.0,0.0,1.6425441470433946,1.6425441470433946,0.0,0.0
2015-05-18,0.0,0.0,1.6425441470433946,1.6425441470433946,0.0,0.0
2015-05-19,0.0,0.0,1.6425441470433946,1.6425441470433946,0.0,0.0
2015-05-20,-0.0010000000000000009,-0.0010000000000000009,1.6409016028963512,1.6409016028963512,0.0,0.0
2015-05-21,0.0067829457364338985,0.0067829457364338985,1.6520317494276247,1.6520317494276247,0.0,0.0
2015-05-22,-0.010587102983637964,-0.010587102983637964,1.6345415191641948,1.6345415191641948,0.0,0.0
2015-05-25,-0.004863813229572189,-0.004863813229572189,1.626591414498999,1.626591414498999,0.0,0.0
2015-05-26,-0.0009775171065492527,-0.0009775171065492527,1.6250013935659602,1.6250013935659602,0.0,0.0
2015-05-27,-0.008806262230919848,-0.008806262230919848,1.6106912051686082,1.6106912051686082,0.0,0.0
2015-05-28,-1.3820335636682834e-05,-1.3820335636682834e-05,1.6106689448755458,1.6106689448755458,0.0,0.0
2015-05-29,0.0,0.0,1.6106689448755458,1.6106689448755458,0.0,0.0
2015-06-01,0.0,0.0,1.6106689448755458,1.6106689448755458,0.0,0.0
2015-06-02,0.0,0.0,1.6106689448755458,1.6106689448755458,0.0,0.0
2015-06-03,0.0,0.0,1.6106689448755458,1.6106689448755458,0.0,0.0
2015-06-04,0.0,0.0,1.6106689448755458,1.6106689448755458,0.0,0.0
2015-06-05,0.0,0.0,1.6106689448755458,1.6106689448755458,0.0,0.0
2015-06-08,0.0,0.0,1.6106689448755458,1.6106689448755458,0.0,0.0
2015-06-09,0.0,0.0,1.6106689448755458,1.6106689448755458,0.0,0.0
2015-06-10,0.0,0.0,1.6106689448755458,1.6106689448755458,0.0,0.0
2015-06-11,0.0,0.0,1.6106689448755458,1.6106689448755458,0.0,0.0
2015-06-12,0.0,0.0,1.6106689448755458,1.6106689448755458,0.0,0.0
2015-06-15,-0.0010000000000000009,-0.0010000000000000009,1.6090582759306702,1.6090582759306702,0.0,0.0
2015-06-16,-0.031321184510250455,-0.031321184510250455,1.5586606647825,1.5586606647825,0.0,0.0
2015-06-17,0.040992063492063524,0.040992063492063524,1.6225533817158462,1.6225533817158462,0.0,0.0
2015-06-18,0.0,0.0,1.6225533817158462,1.6225533817158462,0.0,0.0
2015-06-19,0.0,0.0,1.6225533817158462,1.6225533817158462,0.0,0.0
2015-06-23,0.0,0.0,1.6225533817158462,1.6225533817158462,0.0,0.0
2015-06-24,0.0,0.0,1.6225533817158462,1.6225533817158462,0.0,0.0
2015-06-25,0.0,0.0,1.6225533817158462,1.6225533817158462,0.0,0.0
2015-06-26,0.0,0.0,1.6225533817158462,1.6225533817158462,0.0,0.0
2015-06-29,0.0,0.0,1.6225533817158462,1.6225533817158462,0.0,0.0
2015-06-30,0.0,0.0,1.6225533817158462,1.6225533817158462,0.0,0.0
2015-07-01,0.0,0.0,1.6225533817158462,1.6225533817158462,0.0,0.0
2015-07-02,0.0,0.0,1.6225533817158462,1.6225533817158462,0.0,0.0
2015-07-03,0.0,0.0,1.6225533817158462,1.6225533817158462,0.0,0.0
2015-07-06,0.0,0.0,1.6225533817158462,1.6225533817158462,0.0,0.0
2015-07-07,0.0,0.0,1.6225533817158462,1.6225533817158462,0.0,0.0
2015-07-08,0.0,0.0,1.6225533817158462,1.6225533817158462,0.0,0.0
2015-07-09,0.0,0.0,1.6225533817158462,1.6225533817158462,0.0,0.0
2015-07-10,0.0,0.0,1.6225533817158462,1.6225533817158462,0.0,0.0
2015-07-13,0.0,0.0,1.6225533817158462,1.6225533817158462,0.0,0.0
2015-07-14,0.0,0.0,1.6225533817158462,1.6225533817158462,0.0,0.0
2015-07-15,0.0,0.0,1.6225533817158462,1.6225533817158462,0.0,0.0
2015-07-16,0.0,0.0,1.6225533817158462,1.6225533817158462,0.0,0.0
2015-07-17,0.0,0.0,1.6225533817158462,1.6225533817158462,0.0,0.0
2015-07-20,0.0,0.0,1.6225533817158462,1.6225533817158462,0.0,0.0
2015-07-21,0.0,0.0,1.6225533817158462,1.6225533817158462,0.0,0.0
2015-07-22,0.0,0.0,1.6225533817158462,1.6225533817158462,0.0,0.0
2015-07-23,0.0,0.0,1.6225533817158462,1.6225533817158462,0.0,0.0
2015-07-24,0.0,0.0,1.6225533817158462,1.6225533817158462,0.0,0.0
2015-07-27,0.0,0.0,1.6225533817158462,1.6225533817158462,0.0,0.0
2015-07-28,0.0,0.0,1.6225533817158462,1.6225533817158462,0.0,0.0
2015-07-29,0.0,0.0,1.6225533817158462,1.6225533817158462,0.0,0.0
2015-07-30,0.0,0.0,1.6225533817158462,1.6225533817158462,0.0,0.0
2015-07-31,0.0,0.0,1.6225533817158462,1.6225533817158462,0.0,0.0
2015-08-03,0.0,0.0,1.6225533817158462,1.6225533817158462,0.0,0.0
2015-08-04,0.0,0.0,1.6225533817158462,1.6225533817158462,0.0,0.0
2015-08-05,0.0,0.0,1.6225533817158462,1.6225533817158462,0.0,0.0
2015-08-06,0.0,0.0,1.6225533817158462,1.6225533817158462,0.0,0.0
2015-08-07,0.0,0.0,1.6225533817158462,1.6225533817158462,0.0,0.0
2015-08-10,0.0,0.0,1.6225533817158462,1.6225533817158462,0.0,0.0
2015-08-11,0.0,0.0,1.6225533817158462,1.6225533817158462,0.0,0.0
2015-08-12,0.0,0.0,1.6225533817158462,1.6225533817158462,0.0,0.0
2015-08-13,0.0,0.0,1.6225533817158462,1.6225533817158462,0.0,0.0
2015-08-14,0.0,0.0,1.6225533817158462,1.6225533817158462,0.0,0.0
2015-08-17,-0.0010000000000000009,-0.0010000000000000009,1.6209308283341304,1.6209308283341304,0.0,0.0
2015-08-18,0.0004345936549325913,0.0004345936549325913,1.6216352745872091,1.6216352745872091,0.0,0.0
2015-08-19,0.0034752389226759828,0.0034752389226759828,1.627270844611839,1.627270844611839,0.0,0.0
2015-08-20,0.01558441558441559,0.01558441558441559,1.6526309097226728,1.6526309097226728,0.0,0.0
2015-08-21,0.018755328218243772,0.018755328218243772,1.6836265448581362,1.6836265448581362,0.0,0.0
2015-08-24,-0.003765690376569153,-0.003765690376569153,1.6772865285804275,1.6772865285804275,0.0,0.0
2015-08-25,-0.005459890802183898,-0.005459890802183898,1.6681287272904042,1.6681287272904042,0.0,0.0
2015-08-26,-0.008023648648648463,-0.008023648648648463,1.6547442484819088,1.6547442484819088,0.0,0.0
2015-08-27,-0.011494252873563315,-0.011494252873563315,1.6357241996487832,1.6357241996487832,0.0,0.0
2015-08-28,0.004737295434969813,0.004737295434969813,1.643473108432649,1.643473108432649,0.0,0.0
2015-08-31,0.002571795970852886,0.002571795970852886,1.647699785951121,1.647699785951121,0.0,0.0
2015-09-01,0.006412997007268162,0.006412997007268162,1.6582664797473021,1.6582664797473021,0.0,0.0
2015-09-02,-0.0012744265080714134,-0.0012744265080714134,1.6561531409880659,1.6561531409880659,0.0,0.0
2015-09-07,-0.0161633347511696,-0.0161633347511696,1.6293841833710747,1.6293841833710747,0.0,0.0
2015-09-08,-0.004323389537397415,-0.004323389537397415,1.6223397208402874,1.6223397208402874,0.0,0.0
2015-09-09,0.003337820234476929,0.003337820234476929,1.6277547991877037,1.6277547991877037,0.0,0.0
2015-09-10,0.0,0.0,1.6277547991877037,1.6277547991877037,0.0,0.0
2015-09-11,0.0,0.0,1.6277547991877037,1.6277547991877037,0.0,0.0
2015-09-14,0.0,0.0,1.6277547991877037,1.6277547991877037,0.0,0.0
2015-09-15,0.0,0.0,1.6277547991877037,1.6277547991877037,0.0,0.0
2015-09-16,0.0,0.0,1.6277547991877037,1.6277547991877037,0.0,0.0
2015-09-17,0.0,0.0,1.6277547991877037,1.6277547991877037,0.0,0.0
2015-09-18,0.0,0.0,1.6277547991877037,1.6277547991877037,0.0,0.0
2015-09-21,0.0,0.0,1.6277547991877037,1.6277547991877037,0.0,0.0
2015-09-22,0.0,0.0,1.6277547991877037,1.6277547991877037,0.0,0.0
2015-09-23,-0.0010000000000000009,-0.0010000000000000009,1.626127044388516,1.626127044388516,0.0,0.0
2015-09-24,-0.012931034482758563,-0.012931034482758563,1.6050995395041818,1.6050995395041818,0.0,0.0
2015-09-25,0.0,0.0,1.6050995395041818,1.6050995395041818,0.0,0.0
2015-09-28,-0.0097248908296943,-0.0097248908296943,1.589490121711711,1.589490121711711,0.0,0.0
2015-09-29,-0.0010000000000000009,-0.0010000000000000009,1.5879006315899993,1.5879006315899993,0.0,0.0
2015-09-30,-0.00870901639344257,-0.00870901639344257,1.5740715789583242,1.5740715789583242,0.0,0.0
2015-10-08,0.07493540051679592,0.07493540051679592,1.6920252631696715,1.6920252631696715,0.0,0.0
2015-10-09,0.01105769230769238,0.01105769230769238,1.7107351579066439,1.7107351579066439,0.0,0.0
2015-10-12,0.05352353780313823,0.05352353780313823,1.8022997558020177,1.8022997558020177,0.0,0.0
2015-10-13,-0.005894736842105175,-0.005894736842105175,1.7916756730309744,1.7916756730309744,0.0,0.0
2015-10-14,0.01524777636594643,0.01524777636594643,1.8189947430136573,1.8189947430136573,0.0,0.0
2015-10-15,0.004171881518564957,0.004171881518564957,1.8265833735644028,1.8265833735644028,0.0,0.0
2015-10-16,-0.002077274615704172,-0.002077274615704172,1.8227890582890303,1.8227890582890303,0.0,0.0
2015-10-19,-0.0016652789342215257,-0.0016652789342215257,1.819753606068732,1.819753606068732,0.0,0.0
2015-10-20,-0.002085070892410501,-0.002085070892410501,1.815959290793359,1.815959290793359,0.0,0.0
2015-10-21,0.002507312996239186,0.002507312996239186,1.8205124691238066,1.8205124691238066,0.0,0.0
2015-10-22,-0.004168403501459084,-0.004168403501459084,1.812923838573061,1.812923838573061,0.0,0.0
2015-10-23,0.003848472164085459,0.003848472164085459,1.8199008255014164,1.8199008255014164,0.0,0.0
2015-10-26,0.018994413407821265,0.018994413407821265,1.8544687741422254,1.8544687741422254,0.0,0.0
2015-10-27,-0.009868421052631637,-0.009868421052631637,1.8361680954500323,1.8361680954500323,0.0,0.0
2015-10-28,-0.011074197120708784,-0.011074197120708784,1.8158340080142623,1.8158340080142623,0.0,0.0
2015-10-29,0.015677491601343796,0.015677491601343796,1.8443017304243403,1.8443017304243403,0.0,0.0
2015-10-30,-0.003100330760749781,-0.003100330760749781,1.8385837850374016,1.8385837850374016,0.0,0.0
2015-11-02,-0.008032128514056214,-0.008032128514056214,1.8238160437921214,1.8238160437921214,0.0,0.0
2015-11-03,0.010121457489878471,0.010121457489878471,1.8422757203487217,1.8422757203487217,0.0,0.0
2015-11-04,0.07982646420824291,0.07982646420824291,1.9893380772008538,1.9893380772008538,0.0,0.0
2015-11-05,-0.018481317798312524,-0.018481317798312524,1.9525724879878208,1.9525724879878208,0.0,0.0
2015-11-06,0.042979942693409656,0.042979942693409656,2.0364939416262655,2.0364939416262655,0.0,0.0
2015-11-09,0.013736263736263687,0.013736263736263687,2.0644677595057472,2.0644677595057472,0.0,0.0
2015-11-10,0.010065814943863716,0.010065814943863716,2.0852483099305053,2.0852483099305053,0.0,0.0
2015-11-11,0.02515906477577623,0.02515906477577623,2.137711207233625,2.137711207233625,0.0,0.0
2015-11-12,-0.0040322580645162365,-0.0040322580645162365,2.1290914039786504,2.1290914039786504,0.0,0.0
2015-11-13,0.0,0.0,2.1290914039786504,2.1290914039786504,0.0,0.0
2015-11-16,-0.020242914979757054,-0.020242914979757054,2.085992387703779,2.085992387703779,0.0,0.0
2015-11-17,0.007256198347107334,0.007256198347107334,2.1011287622195134,2.1011287622195134,0.0,0.0
2015-11-18,-0.001000000000000112,-0.001000000000000112,2.0990276334572937,2.0990276334572937,0.0,0.0
2015-11-19,0.042925278219395846,0.042925278219395846,2.189128978613648,2.189128978613648,0.0,0.0
2015-11-20,0.008003048780487854,0.008003048780487854,2.2066486846162725,2.2066486846162725,0.0,0.0
2015-11-23,-0.009829867674858161,-0.009829867674858161,2.1849576200415948,2.1849576200415948,0.0,0.0
2015-11-24,0.01680030546009914,0.01680030546009914,2.2216655754756647,2.2216655754756647,0.0,0.0
2015-11-25,0.03116785580172743,0.03116785580172743,2.290910127771752,2.290910127771752,0.0,0.0
2015-11-26,-0.02621995630007279,-0.02621995630007279,2.2308425643341825,2.2308425643341825,0.0,0.0
2015-11-27,-0.0665669409124906,-0.0665669409124906,2.08234219916908,2.08234219916908,0.0,0.0
2015-11-30,0.009615384615384581,0.009615384615384581,2.1023647203149367,2.1023647203149367,0.0,0.0
2015-12-01,-0.006153571428571425,-0.006153571428571425,2.08942766883957,2.08942766883957,0.0,0.0
2015-12-02,-0.0010000000000000009,-0.0010000000000000009,2.0873382411707304,2.0873382411707304,0.0,0.0
2015-12-03,0.0,0.0,2.0873382411707304,2.0873382411707304,0.0,0.0
2015-12-04,-0.007625272331154731,-0.007625272331154731,2.07142171863457,2.07142171863457,0.0,0.0
2015-12-07,0.003293084522502765,0.003293084522502765,2.0782430854357816,2.0782430854357816,0.0,0.0
2015-12-08,0.003282275711159688,0.003282275711159688,2.085064452236993,2.085064452236993,0.0,0.0
2015-12-09,-0.018538713195201728,-0.018538713195201728,2.0464100403634613,2.0464100403634613,0.0,0.0
2015-12-10,-0.00666666666666671,-0.00666666666666671,2.032767306761038,2.032767306761038,0.0,0.0
2015-12-11,-0.0020000000000000018,-0.0020000000000000018,2.028701772147516,2.028701772147516,0.0,0.0
2015-12-14,-0.01692031872509958,-0.01692031872509958,1.9943754915646057,1.9943754915646057,0.0,0.0
2015-12-15,0.0,0.0,1.9943754915646057,1.9943754915646057,0.0,0.0
2015-12-16,0.0,0.0,1.9943754915646057,1.9943754915646057,0.0,0.0
2015-12-17,0.0,0.0,1.9943754915646057,1.9943754915646057,0.0,0.0
2015-12-18,0.0,0.0,1.9943754915646057,1.9943754915646057,0.0,0.0
2015-12-21,-0.0010000000000000009,-0.0010000000000000009,1.9923811160730411,1.9923811160730411,0.0,0.0
2015-12-22,0.004915102770330693,0.004915102770330693,2.0021738740162065,2.0021738740162065,0.0,0.0
2015-12-23,-0.002223210315695834,-0.002223210315695834,1.997722620405677,1.997722620405677,0.0,0.0
2015-12-24,-0.0015552584670230907,-0.0015552584670230907,1.9946156453855275,1.9946156453855275,0.0,0.0
2015-12-25,-0.0015243902439023849,-0.0015243902439023849,1.9915750727553667,1.9915750727553667,0.0,0.0
2015-12-28,-0.02633587786259539,-0.02633587786259539,1.9391251948850918,1.9391251948850918,0.0,0.0
2015-12-29,0.011368090944727571,0.011368090944727571,1.961169346453758,1.961169346453758,0.0,0.0
2015-12-30,0.009689922480620172,0.009689922480620172,1.9801729253922635,1.9801729253922635,0.0,0.0
2015-12-31,-0.027285220729366566,-0.027285220729366566,1.9261434700406201,1.9261434700406201,0.0,0.0
2016-01-04,0.008512544802867339,0.008512544802867339,1.9425398526260913,1.9425398526260913,0.0,0.0
2016-01-05,0.008440693025322243,0.008440693025322243,1.958936235211563,1.958936235211563,0.0,0.0
2016-01-06,0.008370044052863568,0.008370044052863568,1.9753326177970343,1.9753326177970343,0.0,0.0
2016-01-07,0.02184359982525108,0.02184359982525108,2.0184809930219583,2.0184809930219583,0.0,0.0
2016-01-08,-0.00042753313381782565,-0.00042753313381782565,2.01761802551746,2.01761802551746,0.0,0.0
2016-01-11,0.0038494439692045024,0.0038494439692045024,2.025384733057946,2.025384733057946,0.0,0.0
2016-01-12,-0.01235619940349375,-0.01235619940349375,2.0003586754274902,2.0003586754274902,0.0,0.0
2016-01-13,-0.007765314926660993,-0.007765314926660993,1.9848252603465173,1.9848252603465173,0.0,0.0
2016-01-14,0.0073913043478262,0.0073913043478262,1.9994957079229918,1.9994957079229918,0.0,0.0
2016-01-15,-0.005610703495899982,-0.005610703495899982,1.9882771303645113,1.9882771303645113,0.0,0.0
2016-01-18,0.003906250000000222,0.003906250000000222,1.996043837904998,1.996043837904998,0.0,0.0
2016-01-19,-0.0008646779074795719,-0.0008646779074795719,1.994317902896001,1.994317902896001,0.0,0.0
2016-01-20,0.007788836001730859,0.007788836001730859,2.009851317976974,2.009851317976974,0.0,0.0
2016-01-21,0.009016745384285096,0.009016745384285096,2.027973635571442,2.027973635571442,0.0,0.0
2016-01-22,-0.00638297872340432,-0.00638297872340432,2.0150291230039645,2.0150291230039645,0.0,0.0
2016-01-25,0.0017130620985010836,0.0017130620985010836,2.0184809930219587,2.0184809930219587,0.0,0.0
2016-01-26,0.017101325352714802,0.017101325352714802,2.052999693201898,2.052999693201898,0.0,0.0
2016-01-27,-0.0016813787305591799,-0.0016813787305591799,2.0495478231839037,2.0495478231839037,0.0,0.0
2016-01-28,-0.005894736842105175,-0.005894736842105175,2.037466278120925,2.037466278120925,0.0,0.0
2016-01-29,0.0008470986869968389,0.0008470986869968389,2.0391922131299216,2.0391922131299216,0.0,0.0
2016-02-01,0.008463817181548983,0.008463817181548983,2.0564515632198916,2.0564515632198916,0.0,0.0
2016-02-02,0.0025178346621903547,0.0025178346621903547,2.0616293682468823,2.0616293682468823,0.0,0.0
2016-02-03,0.004185851820845743,0.004185851820845743,2.0702590432918675,2.0702590432918675,0.0,0.0
2016-02-04,0.009170487703209496,0.009170487703209496,2.089244328390834,2.089244328390834,0.0,0.0
2016-02-05,0.01239157372986388,0.01239157372986388,2.115133353525789,2.115133353525789,0.0,0.0
2016-02-15,0.03916768665850667,0.03916768665850667,2.1979782339576435,2.1979782339576435,0.0,0.0
2016-02-16,-0.013741656851197437,-0.013741656851197437,2.1677743713001965,2.1677743713001965,0.0,0.0
2016-02-17,0.00835987261146487,0.00835987261146487,2.1858966888946645,2.1858966888946645,0.0,0.0
2016-02-18,0.0015791551519936942,0.0015791551519936942,2.1893485589126587,2.1893485589126587,0.0,0.0
2016-02-19,0.014584154513204606,0.014584154513204606,2.2212783565791026,2.2212783565791026,0.0,0.0
2016-02-22,-0.007381507381507113,-0.007381507381507113,2.204881973993632,2.204881973993632,0.0,0.0
2016-02-23,0.0007827788649705791,0.0007827788649705791,2.2066079090026287,2.2066079090026287,0.0,0.0
2016-02-24,0.007821666014861117,0.007821666014861117,2.2238672590925983,2.2238672590925983,0.0,0.0
2016-02-25,0.014357780364765205,0.014357780364765205,2.255797056759042,2.255797056759042,0.0,0.0
2016-02-26,-0.0007651109410864443,-0.0007651109410864443,2.2540711217500453,2.2540711217500453,0.0,0.0
2016-02-29,-0.009571209800918856,-0.009571209800918856,2.232496934137583,2.232496934137583,0.0,0.0
2016-03-01,0.015075376884422065,0.015075376884422065,2.266152666813024,2.266152666813024,0.0,0.0
2016-03-02,-0.01180502665651173,-0.01180502665651173,2.239400674173571,2.239400674173571,0.0,0.0
2016-03-03,0.008477842003853375,0.008477842003853375,2.2583859592725375,2.2583859592725375,0.0,0.0
2016-03-04,0.012991975544516476,0.012991975544516476,2.2877268544254856,2.2877268544254856,0.0,0.0
2016-03-07,-0.0007544322897019562,-0.0007544322897019562,2.2860009194164888,2.2860009194164888,0.0,0.0
2016-03-08,0.004907512268780723,0.004907512268780723,2.2972194969749693,2.2972194969749693,0.0,0.0
2016-03-09,-0.010518407212622094,-0.010518407212622094,2.273056406849012,2.273056406849012,0.0,0.0
2016-03-10,-0.006074411541381997,-0.006074411541381997,2.259248926777036,2.259248926777036,0.0,0.0
2016-03-11,0.012605042016806678,0.012605042016806678,2.287726854425486,2.287726854425486,0.0,0.0
2016-03-14,-0.010184835910976742,-0.010184835910976742,2.2644267318040274,2.2644267318040274,0.0,0.0
2016-03-15,-0.01981707317073167,-0.01981707317073167,2.219552421570106,2.219552421570106,0.0,0.0
2016-03-16,0.005372472783826021,0.005372472783826021,2.231476906547267,2.231476906547267,0.0,0.0
2016-03-17,0.0034843205574912606,0.0034843205574912606,2.2392520874063164,2.2392520874063164,0.0,0.0
2016-03-18,-0.0057870370370370905,-0.0057870370370370905,2.2262934526412335,2.2262934526412335,0.0,0.0
2016-03-21,0.0,0.0,2.2262934526412335,2.2262934526412335,0.0,0.0
2016-03-22,-0.002328288707799886,-0.002328288707799886,2.2211099987352,2.2211099987352,0.0,0.0
2016-03-23,0.004987164527421317,0.004987164527421317,2.232187039732393,2.232187039732393,0.0,0.0
2016-03-24,-0.022346368715083775,-0.022346368715083775,2.1823057651015016,2.1823057651015016,0.0,0.0
2016-03-25,-0.002475238095238086,-0.002475238095238086,2.176904038736265,2.176904038736265,0.0,0.0
2016-03-28,-0.001168224299065379,-0.001168224299065379,2.1743609265414796,2.1743609265414796,0.0,0.0
2016-03-29,0.002339181286549641,0.002339181286549641,2.17944715093105,2.17944715093105,0.0,0.0
2016-03-30,0.009334889148191472,0.009334889148191472,2.199792048489333,2.199792048489333,0.0,0.0
2016-03-31,0.0023121387283238093,0.0023121387283238093,2.204878272878904,2.204878272878904,0.0,0.0
2016-04-01,-0.0046136101499422155,-0.0046136101499422155,2.1947058240997626,2.1947058240997626,0.0,0.0
2016-04-05,-0.005793742757821629,-0.005793742757821629,2.1819902631258357,2.1819902631258357,0.0,0.0
2016-04-06,-0.009324009324009341,-0.009324009324009341,2.1616453655675527,2.1616453655675527,0.0,0.0
2016-04-07,-0.0020000000000000018,-0.0020000000000000018,2.1573220748364177,2.1573220748364177,0.0,0.0
2016-04-08,-0.009324009324009452,-0.009324009324009452,2.1372071836957516,2.1372071836957516,0.0,0.0
2016-04-11,0.021176470588235352,0.021176470588235352,2.18246568876225,2.18246568876225,0.0,0.0
2016-04-12,-0.0036866359447004227,-0.0036866359447004227,2.1744197323059837,2.1744197323059837,0.0,0.0
2016-04-13,0.006938020351526353,0.006938020351526353,2.189505900661483,2.189505900661483,0.0,0.0
2016-04-14,0.016077170418006492,0.016077170418006492,2.224706960157649,2.224706960157649,0.0,0.0
2016-04-15,-0.007685352622061714,-0.007685352622061714,2.2076093026880823,2.2076093026880823,0.0,0.0
2016-04-18,-0.015945330296127436,-0.015945330296127436,2.172408243191917,2.172408243191917,0.0,0.0
2016-04-19,0.0004629629629628873,0.0004629629629628873,2.1734139877489502,2.1734139877489502,0.0,0.0
2016-04-20,-0.06249884312818155,-0.06249884312818155,2.037578127876033,2.037578127876033,0.0,0.0
2016-04-21,0.011235955056179803,0.011235955056179803,2.060472264144303,2.060472264144303,0.0,0.0
2016-04-22,-0.006666666666666599,-0.006666666666666599,2.046735782383341,2.046735782383341,0.0,0.0
2016-04-25,0.0,0.0,2.046735782383341,2.046735782383341,0.0,0.0
2016-04-26,-0.005592841163310824,-0.005592841163310824,2.0352887142492064,2.0352887142492064,0.0,0.0
2016-04-27,0.0022497187851517886,0.0022497187851517886,2.0398675415028604,2.0398675415028604,0.0,0.0
2016-04-28,0.011223344556677839,0.011223344556677839,2.0627616777711304,2.0627616777711304,0.0,0.0
2016-04-29,-0.008879023307436174,-0.008879023307436174,2.0444463687565144,2.0444463687565144,0.0,0.0
2016-05-03,0.007838745800671898,0.007838745800671898,2.0604722641443036,2.0604722641443036,0.0,0.0
2016-05-04,-0.01777777777777767,-0.01777777777777767,2.0238416461150717,2.0238416461150717,0.0,0.0
2016-05-05,0.0,0.0,2.0238416461150717,2.0238416461150717,0.0,0.0
2016-05-06,-0.012160633484162853,-0.012160633484162853,1.9992304496266815,1.9992304496266815,0.0,0.0
2016-05-09,-0.003731343283582156,-0.003731343283582156,1.9917706345161341,1.9917706345161341,0.0,0.0
2016-05-10,-0.004868913857677848,-0.004868913857677848,1.9820728748724228,1.9820728748724228,0.0,0.0
2016-05-11,0.004516371847948841,0.004516371847948841,1.9910246530050797,1.9910246530050797,0.0,0.0
2016-05-12,-0.0033720494567253123,-0.0033720494567253123,1.9843108194055872,1.9843108194055872,0.0,0.0
2016-05-13,0.008270676691729317,0.008270676691729317,2.0007224126487912,2.0007224126487912,0.0,0.0
2016-05-16,0.004847129008202833,0.004847129008202833,2.010420172292503,2.010420172292503,0.0,0.0
2016-05-17,-0.0048237476808905555,-0.0048237476808905555,2.0007224126487912,2.0007224126487912,0.0,0.0
2016-05-18,-0.00037285607755399575,-0.00037285607755399575,1.9999764311377366,1.9999764311377366,0.0,0.0
2016-05-19,-0.015292801193584449,-0.015292801193584449,1.9693911891844926,1.9693911891844926,0.0,0.0
2016-05-20,-0.0007575757575758457,-0.0007575757575758457,1.9678992261623829,1.9678992261623829,0.0,0.0
2016-05-23,-0.002136087945413201,-0.002136087945413201,1.9636956203475895,1.9636956203475895,0.0,0.0
2016-05-24,0.0,0.0,1.9636956203475895,1.9636956203475895,0.0,0.0
2016-05-25,0.0,0.0,1.9636956203475895,1.9636956203475895,0.0,0.0
2016-05-26,0.0,0.0,1.9636956203475895,1.9636956203475895,0.0,0.0
2016-05-27,0.0,0.0,1.9636956203475895,1.9636956203475895,0.0,0.0
2016-05-30,-0.0010000000000000009,-0.0010000000000000009,1.961731924727242,1.961731924727242,0.0,0.0
2016-05-31,0.004098360655737654,0.004098360655737654,1.9697718096646486,1.9697718096646486,0.0,0.0
2016-06-01,0.0,0.0,1.9697718096646486,1.9697718096646486,0.0,0.0
2016-06-02,-0.004081632653061273,-0.004081632653061273,1.9617319247272418,1.9617319247272418,0.0,0.0
2016-06-03,0.012295081967213184,0.012295081967213184,1.985851579539462,1.985851579539462,0.0,0.0
2016-06-06,-0.014121457489878586,-0.014121457489878586,1.9578084608777873,1.9578084608777873,0.0,0.0
2016-06-07,-0.0019029495718363432,-0.0019029495718363432,1.9540828501054224,1.9540828501054224,0.0,0.0
2016-06-08,-0.0028598665395613843,-0.0028598665395613843,1.948494433946875,1.948494433946875,0.0,0.0
2016-06-13,-0.05975143403441685,-0.05975143403441685,1.8320690973104699,1.8320690973104699,0.0,0.0
2016-06-14,0.0,0.0,1.8320690973104699,1.8320690973104699,0.0,0.0
2016-06-15,0.037112353838332446,0.037112353838332446,1.9000614939061302,1.9000614939061302,0.0,0.0
2016-06-16,-0.017165686274509873,-0.017165686274509873,1.867445634399461,1.867445634399461,0.0,0.0
2016-06-17,-0.022326251350378246,-0.022326251350378246,1.825752573782692,1.825752573782692,0.0,0.0
2016-06-20,0.0007366482504604921,0.0007366482504604921,1.8270975112219427,1.8270975112219427,0.0,0.0
2016-06-21,-0.001840264998159702,-0.001840264998159702,1.8237351676238163,1.8237351676238163,0.0,0.0
2016-06-22,-0.013643067846607848,-0.013643067846607848,1.7988538249976798,1.7988538249976798,0.0,0.0
2016-06-23,0.0022429906542056344,0.0022429906542056344,1.8028886373154316,1.8028886373154316,0.0,0.0
2016-06-24,0.046251398731816495,0.046251398731816495,1.886274758548969,1.886274758548969,0.0,0.0
2016-06-27,0.00819964349376101,0.00819964349376101,1.9017415391003507,1.9017415391003507,0.0,0.0
2016-06-28,-0.0038896746817537187,-0.0038896746817537187,1.8943443831844726,1.8943443831844726,0.0,0.0
2016-06-29,0.004614838480653249,0.004614838480653249,1.9030864765396016,1.9030864765396016,0.0,0.0
2016-06-30,-0.004240282685512353,-0.004240282685512353,1.895016851904098,1.895016851904098,0.0,0.0
2016-07-01,0.01419446415897796,0.01419446415897796,1.9219156006891098,1.9219156006891098,0.0,0.0
2016-07-04,0.014345696291112597,0.014345696291112597,1.949486818193747,1.949486818193747,0.0,0.0
2016-07-05,-0.0031045187995860646,-0.0031045187995860646,1.9434345997171194,1.9434345997171194,0.0,0.0
2016-07-06,0.01972318339100343,0.01972318339100343,1.9817653167357614,1.9817653167357614,0.0,0.0
2016-07-07,-0.0037326094333220983,-0.0037326094333220983,1.9743681608198829,1.9743681608198829,0.0,0.0
2016-07-08,-0.006811989100817484,-0.006811989100817484,1.9609187864273767,1.9609187864273767,0.0,0.0
2016-07-11,0.008916323731138709,0.008916323731138709,1.978402973137635,1.978402973137635,0.0,0.0
2016-07-12,-0.007817811012916454,-0.007817811012916454,1.962936192586253,1.962936192586253,0.0,0.0
2016-07-13,-0.009249743062692772,-0.009249743062692772,1.9447795371563696,1.9447795371563696,0.0,0.0
2016-07-14,-0.006915629322268302,-0.006915629322268302,1.9313301627638637,1.9313301627638637,0.0,0.0
2016-07-15,0.0010445682451254434,0.0010445682451254434,1.9333475689227397,1.9333475689227397,0.0,0.0
2016-07-18,-0.005471304347826056,-0.005471304347826056,1.9227696359630337,1.9227696359630337,0.0,0.0
2016-07-19,-0.0039215686274508554,-0.0039215686274508554,1.915229362880826,1.915229362880826,0.0,0.0
2016-07-20,0.003937007874015741,0.003937007874015741,1.922769635963034,1.922769635963034,0.0,0.0
2016-07-21,0.0117647058823529,0.0117647058823529,1.945390455209658,1.945390455209658,0.0,0.0
2016-07-22,-0.015503875968992276,-0.015503875968992276,1.915229362880826,1.915229362880826,0.0,0.0
2016-07-25,0.007874015748031482,0.007874015748031482,1.9303099090452418,1.9303099090452418,0.0,0.0
2016-07-26,0.0078125,0.0078125,1.9453904552096577,1.9453904552096577,0.0,0.0
2016-07-27,-0.003875968992248069,-0.003875968992248069,1.9378501821274496,1.9378501821274496,0.0,0.0
2016-07-28,0.011673151750972721,0.011673151750972721,1.9604710013740734,1.9604710013740734,0.0,0.0
2016-07-29,-0.0038461538461537215,-0.0038461538461537215,1.9529307282918655,1.9529307282918655,0.0,0.0
2016-08-01,0.0038610038610038533,0.0038610038610038533,1.9604710013740736,1.9604710013740736,0.0,0.0
2016-08-02,0.011538461538461497,0.011538461538461497,1.9830918206206973,1.9830918206206973,0.0,0.0
2016-08-03,-0.019011406844106515,-0.019011406844106515,1.9453904552096573,1.9453904552096573,0.0,0.0
2016-08-04,0.007751937984496138,0.007751937984496138,1.9604710013740732,1.9604710013740732,0.0,0.0
2016-08-05,-0.0038461538461537215,-0.0038461538461537215,1.9529307282918653,1.9529307282918653,0.0,0.0
2016-08-08,0.01158301158301156,0.01158301158301156,1.9755515475384893,1.9755515475384893,0.0,0.0
2016-08-09,0.003816793893129722,0.003816793893129722,1.983091820620697,1.983091820620697,0.0,0.0
2016-08-10,-0.005794676806083698,-0.005794676806083698,1.971600444443412,1.971600444443412,0.0,0.0
2016-08-11,0.006472491909385036,0.006472491909385036,1.984361612368612,1.984361612368612,0.0,0.0
2016-08-12,0.002143622722400762,0.002143622722400762,1.9886153350103453,1.9886153350103453,0.0,0.0
2016-08-15,-0.00855614973262031,-0.00855614973262031,1.9716004444434119,1.9716004444434119,0.0,0.0
2016-08-16,0.004314994606256839,0.004314994606256839,1.9801078897268787,1.9801078897268787,0.0,0.0
2016-08-17,0.002148227712137407,0.002148227712137407,1.9843616123686119,1.9843616123686119,0.0,0.0
2016-08-18,-0.002143622722400873,-0.002143622722400873,1.9801078897268785,1.9801078897268785,0.0,0.0
2016-08-19,0.005370569280343629,0.005370569280343629,1.9907421963312117,1.9907421963312117,0.0,0.0
2016-08-22,-0.0032051282051281937,-0.0032051282051281937,1.9843616123686116,1.9843616123686116,0.0,0.0
2016-08-23,-0.003215434083601254,-0.003215434083601254,1.9779810284060118,1.9779810284060118,0.0,0.0
2016-08-24,0.0010752688172042113,0.0010752688172042113,1.9801078897268782,1.9801078897268782,0.0,0.0
2016-08-25,-0.0010741138560687036,-0.0010741138560687036,1.9779810284060115,1.9779810284060115,0.0,0.0
2016-08-26,-0.005376344086021501,-0.005376344086021501,1.9673467218016782,1.9673467218016782,0.0,0.0
2016-08-29,-0.00108108108108107,-0.00108108108108107,1.9652198604808115,1.9652198604808115,0.0,0.0
2016-08-30,0.002320346320346278,0.002320346320346278,1.9697798511527496,1.9697798511527496,0.0,0.0
2016-08-31,-0.002376425855513231,-0.002376425855513231,1.9650988153848012,1.9650988153848012,0.0,0.0
2016-09-01,-0.007146260123868542,-0.007146260123868542,1.9510557080809556,1.9510557080809556,0.0,0.0
2016-09-02,-0.0014395393474089246,-0.0014395393474089246,1.9482470866201864,1.9482470866201864,0.0,0.0
2016-09-05,0.0033637674195099443,0.0033637674195099443,1.9548005366953145,1.9548005366953145,0.0,0.0
2016-09-06,0.019157088122605304,0.019157088122605304,1.9922488228389028,1.9922488228389028,0.0,0.0
2016-09-07,-0.006578947368421129,-0.006578947368421129,1.9791419226886466,1.9791419226886466,0.0,0.0
2016-09-08,0.0066225165562914245,0.0066225165562914245,1.9922488228389026,1.9922488228389026,0.0,0.0
2016-09-09,-0.008928571428571508,-0.008928571428571508,1.9744608869206979,1.9744608869206979,0.0,0.0
2016-09-12,-0.02421052631578946,-0.02421052631578946,1.9266581496584074,1.9266581496584074,0.0,0.0
2016-09-13,0.0,0.0,1.9266581496584074,1.9266581496584074,0.0,0.0
2016-09-14,0.0,0.0,1.9266581496584074,1.9266581496584074,0.0,0.0
2016-09-19,0.0,0.0,1.9266581496584074,1.9266581496584074,0.0,0.0
2016-09-20,0.0,0.0,1.9266581496584074,1.9266581496584074,0.0,0.0
2016-09-21,0.0,0.0,1.9266581496584074,1.9266581496584074,0.0,0.0
2016-09-22,0.0,0.0,1.9266581496584074,1.9266581496584074,0.0,0.0
2016-09-23,0.0,0.0,1.9266581496584074,1.9266581496584074,0.0,0.0
2016-09-26,0.0,0.0,1.9266581496584074,1.9266581496584074,0.0,0.0
2016-09-27,-0.0010000000000000009,-0.0010000000000000009,1.924731491508749,1.924731491508749,0.0,0.0
2016-09-28,0.0,0.0,1.924731491508749,1.924731491508749,0.0,0.0
2016-09-29,0.0,0.0,1.924731491508749,1.924731491508749,0.0,0.0
2016-09-30,-0.0037174721189591198,-0.0037174721189591198,1.9175763558525827,1.9175763558525827,0.0,0.0
2016-10-10,0.003731343283582156,0.003731343283582156,1.9247314915087492,1.9247314915087492,0.0,0.0
2016-10-11,0.011152416356877248,0.011152416356877248,1.9461968984772482,1.9461968984772482,0.0,0.0
2016-10-12,-0.003676470588235281,-0.003676470588235281,1.9390417628210819,1.9390417628210819,0.0,0.0
2016-10-13,0.0,0.0,1.9390417628210819,1.9390417628210819,0.0,0.0
2016-10-14,0.0,0.0,1.9390417628210819,1.9390417628210819,0.0,0.0
2016-10-17,-0.0036900369003689537,-0.0036900369003689537,1.9318866271649155,1.9318866271649155,0.0,0.0
2016-10-18,0.0037037037037037646,0.0037037037037037646,1.939041762821082,1.939041762821082,0.0,0.0
2016-10-19,0.0,0.0,1.939041762821082,1.939041762821082,0.0,0.0
2016-10-20,0.0036900369003689537,0.0036900369003689537,1.9461968984772484,1.9461968984772484,0.0,0.0
2016-10-21,0.003676470588235281,0.003676470588235281,1.9533520341334147,1.9533520341334147,0.0,0.0
2016-10-24,0.0,0.0,1.9533520341334147,1.9533520341334147,0.0,0.0
2016-10-25,0.01098901098901095,0.01098901098901095,1.9748174411019137,1.9748174411019137,0.0,0.0
2016-10-26,-0.0036231884057971175,-0.0036231884057971175,1.9676623054457474,1.9676623054457474,0.0,0.0
2016-10-27,0.0,0.0,1.9676623054457474,1.9676623054457474,0.0,0.0
2016-10-28,-0.0036363636363636598,-0.0036363636363636598,1.960507169789581,1.960507169789581,0.0,0.0
2016-10-31,-0.007299270072992692,-0.007299270072992692,1.9461968984772484,1.9461968984772484,0.0,0.0
2016-11-01,0.003676470588235281,0.003676470588235281,1.9533520341334147,1.9533520341334147,0.0,0.0
2016-11-02,-0.014652014652014711,-0.014652014652014711,1.9247314915087492,1.9247314915087492,0.0,0.0
2016-11-03,-0.004713754646840207,-0.004713754646840207,1.9156587794967301,1.9156587794967301,0.0,0.0
2016-11-04,-0.001000000000000112,-0.001000000000000112,1.9137431207172333,1.9137431207172333,0.0,0.0
2016-11-07,-0.004279600570613384,-0.004279600570613384,1.9055530645658043,1.9055530645658043,0.0,0.0
2016-11-08,0.0021489971346706493,0.0021489971346706493,1.9096480926415191,1.9096480926415191,0.0,0.0
2016-11-09,0.023945675482487605,0.023945675482487605,1.9553759061536644,1.9553759061536644,0.0,0.0
2016-11-10,-0.018150087260034864,-0.018150087260034864,1.9198856628308056,1.9198856628308056,0.0,0.0
2016-11-11,-0.01564166370423037,-0.01564166370423037,1.8898554569422328,1.8898554569422328,0.0,0.0
2016-11-14,-0.032027085590465965,-0.032027085590465965,1.8293288944691348,1.8293288944691348,0.0,0.0
2016-11-15,0.0,0.0,1.8293288944691348,1.8293288944691348,0.0,0.0
2016-11-16,0.0,0.0,1.8293288944691348,1.8293288944691348,0.0,0.0
2016-11-17,0.0,0.0,1.8293288944691348,1.8293288944691348,0.0,0.0
2016-11-18,0.0,0.0,1.8293288944691348,1.8293288944691348,0.0,0.0
2016-11-21,0.0,0.0,1.8293288944691348,1.8293288944691348,0.0,0.0
2016-11-22,0.0,0.0,1.8293288944691348,1.8293288944691348,0.0,0.0
2016-11-23,-0.0010000000000000009,-0.0010000000000000009,1.8274995655746658,1.8274995655746658,0.0,0.0
2016-11-24,0.0,0.0,1.8274995655746658,1.8274995655746658,0.0,0.0
2016-11-25,0.010714285714285454,0.010714285714285454,1.8470799180629653,1.8470799180629653,0.0,0.0
2016-11-28,0.028268551236749095,0.028268551236749095,1.8992941913650987,1.8992941913650987,0.0,0.0
2016-11-29,-0.027491408934707917,-0.027491408934707917,1.8470799180629653,1.8470799180629653,0.0,0.0
2016-11-30,0.017667844522968323,0.017667844522968323,1.8797138388767989,1.8797138388767989,0.0,0.0
2016-12-01,-0.03124999999999989,-0.03124999999999989,1.8209727814118992,1.8209727814118992,0.0,0.0
2016-12-02,-0.017921146953404965,-0.017921146953404965,1.788338860598066,1.788338860598066,0.0,0.0
2016-12-05,0.0,0.0,1.788338860598066,1.788338860598066,0.0,0.0
2016-12-06,0.010948905109489093,0.010948905109489093,1.807919213086366,1.807919213086366,0.0,0.0
2016-12-07,0.00260649819494585,0.00260649819494585,1.8126315512518836,1.8126315512518836,0.0,0.0
2016-12-08,-0.0010000000000000009,-0.0010000000000000009,1.8108189197006317,1.8108189197006317,0.0,0.0
2016-12-09,-0.01846503496503471,-0.01846503496503471,1.777382085033013,1.777382085033013,0.0,0.0
2016-12-12,-0.0010000000000000009,-0.0010000000000000009,1.77560470294798,1.77560470294798,0.0,0.0
2016-12-13,0.004206098843322792,0.004206098843322792,1.783073071835248,1.783073071835248,0.0,0.0
2016-12-14,0.012565445026178068,0.012565445026178068,1.8054781784970524,1.8054781784970524,0.0,0.0
2016-12-15,-0.013443640124095158,-0.013443640124095158,1.7812059796134312,1.7812059796134312,0.0,0.0
2016-12-16,0.013626834381551323,0.013626834381551323,1.8054781784970524,1.8054781784970524,0.0,0.0
2016-12-19,-0.0020682523267838704,-0.0020682523267838704,1.8017439940534183,1.8017439940534183,0.0,0.0
2016-12-20,-0.0031088082901554737,-0.0031088082901554737,1.7961427173879672,1.7961427173879672,0.0,0.0
2016-12-21,0.011434511434511352,0.011434511434511352,1.816680731827954,1.816680731827954,0.0,0.0
2016-12-22,-0.008154162384378272,-0.008154162384378272,1.8018672221400578,1.8018672221400578,0.0,0.0
2016-12-23,-0.0032679738562091387,-0.0032679738562091387,1.795978767165744,1.795978767165744,0.0,0.0
2016-12-26,0.059016393442623105,0.059016393442623105,1.9019709567033947,1.9019709567033947,0.0,0.0
2016-12-27,-0.006191950464396245,-0.006191950464396245,1.8901940467547669,1.8901940467547669,0.0,0.0
2016-12-28,-0.011327102803738276,-0.011327102803738276,1.8687836244681615,1.8687836244681615,0.0,0.0
2016-12-29,-0.0020618556701030855,-0.0020618556701030855,1.864930462355856,1.864930462355856,0.0,0.0
2016-12-30,0.009297520661156966,0.009297520661156966,1.8822696918612305,1.8822696918612305,0.0,0.0
2017-01-03,0.013306038894575156,0.013306038894575156,1.9073152455912161,1.9073152455912161,0.0,0.0
2017-01-04,-0.00804848484848486,-0.00804848484848486,1.891964247735791,1.891964247735791,0.0,0.0
2017-01-05,-0.013114754098360715,-0.013114754098360715,1.867151601863846,1.867151601863846,0.0,0.0
2017-01-06,-0.019933554817275767,-0.019933554817275767,1.829932633055929,1.829932633055929,0.0,0.0
2017-01-09,0.0013830508474574899,0.0013830508474574899,1.832463522934867,1.832463522934867,0.0,0.0
2017-01-10,-0.0010193679918450993,-0.0010193679918450993,1.8305955682733634,1.8305955682733634,0.0,0.0
2017-01-11,0.0020408163265306367,0.0020408163265306367,1.8343314775963704,1.8343314775963704,0.0,0.0
2017-01-12,0.004073319755600879,0.004073319755600879,1.8418032962423843,1.8418032962423843,0.0,0.0
2017-01-13,-0.009085192697768751,-0.009085192697768751,1.8250701583846365,1.8250701583846365,0.0,0.0
2017-01-16,0.007513148009015813,0.007513148009015813,1.8387821806114182,1.8387821806114182,0.0,0.0
2017-01-17,0.004474272930648837,0.004474272930648837,1.8470093939474872,1.8470093939474872,0.0,0.0
2017-01-18,-0.0033407572383072903,-0.0033407572383072903,1.8408389839454355,1.8408389839454355,0.0,0.0
2017-01-19,-0.008566108007448836,-0.008566108007448836,1.8250701583846365,1.8250701583846365,0.0,0.0
2017-01-20,0.002253944402704766,0.002253944402704766,1.829183765052671,1.829183765052671,0.0,0.0
2017-01-23,0.004872563718140821,0.004872563718140821,1.8380965795000788,1.8380965795000788,0.0,0.0
2017-01-24,-0.0014919806042521522,-0.0014919806042521522,1.8353541750547224,1.8353541750547224,0.0,0.0
2017-01-25,-0.009712364587224576,-0.009712364587224576,1.8175285461599062,1.8175285461599062,0.0,0.0
2017-01-26,-0.005764617125612825,-0.005764617125612825,1.8070511899764226,1.8070511899764226,0.0,0.0
2017-02-03,-0.013671875,-0.013671875,1.7823454119884636,1.7823454119884636,0.0,0.0
2017-02-06,-0.002970297029703084,-0.002970297029703084,1.7770513167053295,1.7770513167053295,0.0,0.0
2017-02-07,-0.015888778550148808,-0.015888778550148808,1.7488161418619481,1.7488161418619481,0.0,0.0
2017-02-08,0.003027245206861817,0.003027245206861817,1.7541102371450823,1.7541102371450823,0.0,0.0
2017-02-09,-0.0020000000000000018,-0.0020000000000000018,1.750602016670792,1.750602016670792,0.0,0.0
2017-02-10,0.006349206349206327,0.006349206349206327,1.7617169501099716,1.7617169501099716,0.0,0.0
2017-02-13,0.003154574132492094,0.003154574132492094,1.7672744168295613,1.7672744168295613,0.0,0.0
2017-02-14,0.0,0.0,1.7672744168295613,1.7672744168295613,0.0,0.0
2017-02-15,-0.0062893081761006275,-0.0062893081761006275,1.7561594833903817,1.7561594833903817,0.0,0.0
2017-02-16,0.0031645569620253333,0.0031645569620253333,1.7617169501099716,1.7617169501099716,0.0,0.0
2017-02-17,0.018927444794952786,0.018927444794952786,1.7950617504275108,1.7950617504275108,0.0,0.0
2017-02-20,0.006191950464396356,0.006191950464396356,1.8061766838666906,1.8061766838666906,0.0,0.0
2017-02-21,0.0,0.0,1.8061766838666906,1.8061766838666906,0.0,0.0
2017-02-22,0.003076923076922977,0.003076923076922977,1.8117341505862803,1.8117341505862803,0.0,0.0
2017-02-23,0.0,0.0,1.8117341505862803,1.8117341505862803,0.0,0.0
2017-02-24,-0.006134969325153339,-0.006134969325153339,1.8006192171471007,1.8006192171471007,0.0,0.0
2017-02-27,-0.0030864197530864335,-0.0030864197530864335,1.7950617504275108,1.7950617504275108,0.0,0.0
2017-02-28,0.003095975232198178,0.003095975232198178,1.8006192171471007,1.8006192171471007,0.0,0.0
2017-03-01,0.0030864197530864335,0.0030864197530864335,1.8061766838666906,1.8061766838666906,0.0,0.0
2017-03-02,0.0,0.0,1.8061766838666906,1.8061766838666906,0.0,0.0
2017-03-03,-0.003076923076923088,-0.003076923076923088,1.8006192171471007,1.8006192171471007,0.0,0.0
2017-03-06,0.006172839506172867,0.006172839506172867,1.8117341505862803,1.8117341505862803,0.0,0.0
2017-03-07,-0.0030674846625765584,-0.0030674846625765584,1.8061766838666906,1.8061766838666906,0.0,0.0
2017-03-08,-0.008141538461538533,-0.008141538461538533,1.7914716269266557,1.7914716269266557,0.0,0.0
2017-03-09,-0.007961783439490389,-0.007961783439490389,1.7772083177950742,1.7772083177950742,0.0,0.0
2017-03-10,-0.0005350454788656256,-0.0005350454788656256,1.7762574305196355,1.7762574305196355,0.0,0.0
2017-03-13,0.011777301927194728,0.011777301927194728,1.7971769505792883,1.7971769505792883,0.0,0.0
2017-03-14,-0.007936507936507908,-0.007936507936507908,1.7829136414477067,1.7829136414477067,0.0,0.0
2017-03-15,0.0005333333333332746,0.0005333333333332746,1.7838645287231454,1.7838645287231454,0.0,0.0
2017-03-16,0.0031982942430703876,0.0031982942430703876,1.7895698523757781,1.7895698523757781,0.0,0.0
2017-03-17,-0.012605738575982905,-0.012605738575982905,1.7670110026532688,1.7670110026532688,0.0,0.0
2017-03-20,0.007729468599033895,0.007729468599033895,1.7806690587124248,1.7806690587124248,0.0,0.0
2017-03-21,-0.0019175455417066445,-0.0019175455417066445,1.7772545446976358,1.7772545446976358,0.0,0.0
2017-03-22,-0.01729106628242072,-0.01729106628242072,1.7465239185645356,1.7465239185645356,0.0,0.0
2017-03-23,0.004887585532747041,0.004887585532747041,1.7550602036015084,1.7550602036015084,0.0,0.0
2017-03-24,0.005836575875486361,0.005836575875486361,1.765303745645875,1.765303745645875,0.0,0.0
2017-03-27,-0.0009671179883946612,-0.0009671179883946612,1.7635964886384805,1.7635964886384805,0.0,0.0
2017-03-28,0.0058083252662148865,0.0058083252662148865,1.7738400306828472,1.7738400306828472,0.0,0.0
2017-03-29,0.010587102983638186,0.010587102983638186,1.7926198577641865,1.7926198577641865,0.0,0.0
2017-03-30,0.0009523809523808158,0.0009523809523808158,1.7943271147715807,1.7943271147715807,0.0,0.0
2017-03-31,0.0019029495718363432,0.0019029495718363432,1.7977416287863697,1.7977416287863697,0.0,0.0
2017-04-05,0.0009496676163343043,0.0009496676163343043,1.7994488857937643,1.7994488857937643,0.0,0.0
2017-04-06,-0.002846299810246755,-0.002846299810246755,1.7943271147715807,1.7943271147715807,0.0,0.0
2017-04-07,-0.0009514747859179495,-0.0009514747859179495,1.7926198577641865,1.7926198577641865,0.0,0.0
2017-04-10,-0.0009523809523810378,-0.0009523809523810378,1.790912600756792,1.790912600756792,0.0,0.0
2017-04-11,-0.004766444232602418,-0.004766444232602418,1.7823763157198198,1.7823763157198198,0.0,0.0
2017-04-12,-0.014427203065134231,-0.014427203065134231,1.7566616106744442,1.7566616106744442,0.0,0.0
2017-04-13,0.0038705137227306174,0.0038705137227306174,1.7634607935447537,1.7634607935447537,0.0,0.0
2017-04-14,0.002103049421661396,0.002103049421661396,1.7671694387467405,1.7671694387467405,0.0,0.0
2017-04-17,-0.0024484085344526063,-0.0024484085344526063,1.762842686011089,1.762842686011089,0.0,0.0
2017-04-18,-0.003155680224403934,-0.003155680224403934,1.7572797182081088,1.7572797182081088,0.0,0.0
2017-04-19,-0.000703482237073505,-0.000703482237073505,1.75604350314078,1.75604350314078,0.0,0.0
2017-04-20,-0.0017599436818023229,-0.0017599436818023229,1.7529529654724574,1.7529529654724574,0.0,0.0
2017-04-21,-0.003173483779971731,-0.003173483779971731,1.7473899976694771,1.7473899976694771,0.0,0.0
2017-04-24,-0.0077821011673151474,-0.0077821011673151474,1.7337916319288587,1.7337916319288587,0.0,0.0
2017-04-25,0.0007130124777183777,0.0007130124777183777,1.7350278469961877,1.7350278469961877,0.0,0.0
2017-04-26,-0.005626647666547968,-0.005626647666547968,1.725265456609491,1.725265456609491,0.0,0.0
2017-04-27,0.0,0.0,1.725265456609491,1.725265456609491,0.0,0.0
2017-04-28,-0.0010000000000000009,-0.0010000000000000009,1.7235401911528814,1.7235401911528814,0.0,0.0
2017-05-02,0.005535055350553542,0.005535055350553542,1.7330800815098162,1.7330800815098162,0.0,0.0
2017-05-03,0.004587155963302614,0.004587155963302614,1.741029990140595,1.741029990140595,0.0,0.0
2017-05-04,-0.002739726027397027,-0.002739726027397027,1.736260044962128,1.736260044962128,0.0,0.0
2017-05-05,0.015567765567765512,0.015567765567765512,1.7632897343067764,1.7632897343067764,0.0,0.0
2017-05-08,0.023444544634806164,0.023444544634806164,1.8046292591868272,1.8046292591868272,0.0,0.0
2017-05-09,-0.006167400881057383,-0.006167400881057383,1.7934993871037364,1.7934993871037364,0.0,0.0
2017-05-10,0.012411347517730542,0.012411347517730542,1.8157591312699175,1.8157591312699175,0.0,0.0
2017-05-11,0.017513134851138368,0.017513134851138368,1.8475587657930335,1.8475587657930335,0.0,0.0
2017-05-12,-0.024956970740103168,-0.024956970740103168,1.8014492957345156,1.8014492957345156,0.0,0.0
2017-05-15,0.008826125330979817,0.008826125330979817,1.8173491129960737,1.8173491129960737,0.0,0.0
2017-05-16,-0.005249343832021025,-0.005249343832021025,1.807809222639139,1.807809222639139,0.0,0.0
2017-05-17,-0.014951627088830133,-0.014951627088830133,1.7807795332944907,1.7807795332944907,0.0,0.0
2017-05-18,-0.008035714285714368,-0.008035714285714368,1.7664696977590884,1.7664696977590884,0.0,0.0
2017-05-19,0.0036003600360035026,0.0036003600360035026,1.7728296246637114,1.7728296246637114,0.0,0.0
2017-05-22,0.02062780269058284,0.02062780269058284,1.8093992043652944,1.8093992043652944,0.0,0.0
2017-05-23,0.0017574692442883233,0.0017574692442883233,1.8125791678176062,1.8125791678176062,0.0,0.0
2017-05-24,-0.011403508771929749,-0.011403508771929749,1.791909405377581,1.791909405377581,0.0,0.0
2017-05-25,-0.006211180124223503,-0.006211180124223503,1.7807795332944907,1.7807795332944907,0.0,0.0
2017-05-26,-0.0027839285714286177,-0.0027839285714286177,1.7758219702723368,1.7758219702723368,0.0,0.0
2017-05-31,0.0,0.0,1.7758219702723368,1.7758219702723368,0.0,0.0
2017-06-01,0.0,0.0,1.7758219702723368,1.7758219702723368,0.0,0.0
2017-06-02,-0.0010000000000000009,-0.0010000000000000009,1.7740461483020644,1.7740461483020644,0.0,0.0
2017-06-05,0.0122699386503069,0.0122699386503069,1.795813585704544,1.795813585704544,0.0,0.0
2017-06-06,0.0060606060606061,0.0060606060606061,1.806697304405784,1.806697304405784,0.0,0.0
2017-06-07,0.0003543586109142627,0.0003543586109142627,1.8073375231529156,1.8073375231529156,0.0,0.0
2017-06-08,-0.006021962451292939,-0.006021962451292939,1.796453804451676,1.796453804451676,0.0,0.0
2017-06-09,-0.009265858873842014,-0.009265858873842014,1.7798081170262503,1.7798081170262503,0.0,0.0
2017-06-12,-0.003597122302158251,-0.003597122302158251,1.773405929554933,1.773405929554933,0.0,0.0
2017-06-13,0.00080324909747298,0.00080324909747298,1.7748304162673012,1.7748304162673012,0.0,0.0
2017-06-14,0.0,0.0,1.7748304162673012,1.7748304162673012,0.0,0.0
2017-06-15,0.0,0.0,1.7748304162673012,1.7748304162673012,0.0,0.0
2017-06-16,0.0,0.0,1.7748304162673012,1.7748304162673012,0.0,0.0
2017-06-19,-0.0010000000000000009,-0.0010000000000000009,1.773055585851034,1.773055585851034,0.0,0.0
2017-06-20,0.001145475372279492,0.001145475372279492,1.7750865773583089,1.7750865773583089,0.0,0.0
2017-06-21,0.0028604118993134087,0.0028604118993134087,1.7801640561264962,1.7801640561264962,0.0,0.0
2017-06-22,-0.01597261836851105,-0.01597261836851105,1.751730175024647,1.751730175024647,0.0,0.0
2017-06-23,0.006956521739130528,0.006956521739130528,1.7639161240682968,1.7639161240682968,0.0,0.0
2017-06-26,0.006908462867012188,0.006908462867012188,1.7761020731119468,1.7761020731119468,0.0,0.0
2017-06-27,-0.0017152658662092923,-0.0017152658662092923,1.7730555858510344,1.7730555858510344,0.0,0.0
2017-06-28,-0.0068728522336770626,-0.0068728522336770626,1.7608696368073846,1.7608696368073846,0.0,0.0
2017-06-29,0.0046136101499423265,0.0046136101499423265,1.7689936028364843,1.7689936028364843,0.0,0.0
2017-06-30,0.003444316877152742,0.003444316877152742,1.7750865773583093,1.7750865773583093,0.0,0.0
2017-07-03,0.009153318077803174,0.009153318077803174,1.791334509416509,1.791334509416509,0.0,0.0
2017-07-04,-0.005102040816326592,-0.005102040816326592,1.7821950476337716,1.7821950476337716,0.0,0.0
2017-07-05,0.0034188034188034067,0.0034188034188034067,1.7882880221555963,1.7882880221555963,0.0,0.0
2017-07-06,-0.004542873367404998,-0.004542873367404998,1.7801640561264964,1.7801640561264964,0.0,0.0
2017-07-07,-0.0017113519680547196,-0.0017113519680547196,1.777117568865584,1.777117568865584,0.0,0.0
2017-07-10,-0.020409142857142903,-0.020409142857142903,1.7408481225286678,1.7408481225286678,0.0,0.0
2017-07-11,0.0,0.0,1.7408481225286678,1.7408481225286678,0.0,0.0
2017-07-12,0.0,0.0,1.7408481225286678,1.7408481225286678,0.0,0.0
2017-07-13,0.0,0.0,1.7408481225286678,1.7408481225286678,0.0,0.0
2017-07-14,0.0,0.0,1.7408481225286678,1.7408481225286678,0.0,0.0
2017-07-17,0.0,0.0,1.7408481225286678,1.7408481225286678,0.0,0.0
2017-07-18,0.0,0.0,1.7408481225286678,1.7408481225286678,0.0,0.0
2017-07-19,0.0,0.0,1.7408481225286678,1.7408481225286678,0.0,0.0
2017-07-20,0.0,0.0,1.7408481225286678,1.7408481225286678,0.0,0.0
2017-07-21,0.0,0.0,1.7408481225286678,1.7408481225286678,0.0,0.0
2017-07-24,-0.0010000000000000009,-0.0010000000000000009,1.739107274406139,1.739107274406139,0.0,0.0
2017-07-25,0.0030674846625766694,0.0030674846625766694,1.7444419592969556,1.7444419592969556,0.0,0.0
2017-07-26,-0.003058103975535187,-0.003058103975535187,1.739107274406139,1.739107274406139,0.0,0.0
2017-07-27,0.006134969325153339,0.006134969325153339,1.7497766441877718,1.7497766441877718,0.0,0.0
2017-07-28,-0.009146341463414642,-0.009146341463414642,1.7337725895153226,1.7337725895153226,0.0,0.0
2017-07-31,0.003076923076922977,0.003076923076922977,1.7391072744061389,1.7391072744061389,0.0,0.0
2017-08-01,-0.0030674846625767804,-0.0030674846625767804,1.7337725895153224,1.7337725895153224,0.0,0.0
2017-08-02,0.006153846153846176,0.006153846153846176,1.7444419592969551,1.7444419592969551,0.0,0.0
2017-08-03,-0.006116207951070374,-0.006116207951070374,1.7337725895153222,1.7337725895153222,0.0,0.0
2017-08-04,-0.003076923076923088,-0.003076923076923088,1.7284379046245057,1.7284379046245057,0.0,0.0
2017-08-07,0.006172839506172867,0.006172839506172867,1.7391072744061387,1.7391072744061387,0.0,0.0
2017-08-08,0.0,0.0,1.7391072744061387,1.7391072744061387,0.0,0.0
2017-08-09,-0.00506134969325156,-0.00506134969325156,1.7303050443362915,1.7303050443362915,0.0,0.0
2017-08-10,0.006051338467180312,0.006051338467180312,1.7407757058110398,1.7407757058110398,0.0,0.0
2017-08-11,-0.005991611743559,-0.005991611743559,1.7303456536492001,1.7303456536492001,0.0,0.0
2017-08-14,0.02591922845087402,0.02591922845087402,1.7751948779451108,1.7751948779451108,0.0,0.0
2017-08-15,0.00235017626321965,0.00235017626321965,1.7793668988098466,1.7793668988098466,0.0,0.0
2017-08-16,0.016998827667057625,0.016998827667057625,1.809614050079182,1.809614050079182,0.0,0.0
2017-08-17,0.006340057636887497,0.006340057636887497,1.8210871074572055,1.8210871074572055,0.0,0.0
2017-08-18,-0.0074455899198168085,-0.0074455899198168085,1.8075280396468139,1.8075280396468139,0.0,0.0
2017-08-21,0.002308136180034559,0.002308136180034559,1.8117000605115496,1.8117000605115496,0.0,0.0
2017-08-22,-0.0063327576280944875,-0.0063327576280944875,1.800227003133526,1.800227003133526,0.0,0.0
2017-08-23,-0.005214368482039378,-0.005214368482039378,1.7908399561878703,1.7908399561878703,0.0,0.0
2017-08-24,-0.006988934187536433,-0.006988934187536433,1.7783238935936627,1.7783238935936627,0.0,0.0
2017-08-25,0.010557184750733084,0.010557184750733084,1.797097987484974,1.797097987484974,0.0,0.0
2017-08-28,0.01857225769007531,0.01857225769007531,1.8304741544028607,1.8304741544028607,0.0,0.0
2017-08-29,-0.006837606837606702,-0.006837606837606702,1.8179580918086533,1.8179580918086533,0.0,0.0
2017-08-30,0.007458405048766492,0.007458405048766492,1.831517159619045,1.831517159619045,0.0,0.0
2017-08-31,0.005125284738040969,0.005125284738040969,1.8409042065647006,1.8409042065647006,0.0,0.0
2017-09-01,0.006232294617563916,0.006232294617563916,1.8523772639427245,1.8523772639427245,0.0,0.0
2017-09-04,0.011261261261261257,0.011261261261261257,1.8732373682664039,1.8732373682664039,0.0,0.0
2017-09-05,0.0,0.0,1.8732373682664039,1.8732373682664039,0.0,0.0
2017-09-06,0.009465478841870878,0.009465478841870878,1.8909684569415315,1.8909684569415315,0.0,0.0
2017-09-07,-0.007170435741864267,-0.007170435741864267,1.87740938913114,1.87740938913114,0.0,0.0
2017-09-08,-0.0050000000000001155,-0.0050000000000001155,1.8680223421854842,1.8680223421854842,0.0,0.0
2017-09-11,0.008933556672250154,0.008933556672250154,1.8847104256444278,1.8847104256444278,0.0,0.0
2017-09-12,-0.007747648035417831,-0.007747648035417831,1.8701083526178524,1.8701083526178524,0.0,0.0
2017-09-13,0.002230897936419396,0.002230897936419396,1.8742803734825881,1.8742803734825881,0.0,0.0
2017-09-14,-0.005564830272676735,-0.005564830272676735,1.8638503213207485,1.8638503213207485,0.0,0.0
2017-09-15,-0.002797985450475715,-0.002797985450475715,1.8586352952398286,1.8586352952398286,0.0,0.0
2017-09-18,0.014590347923681302,0.014590347923681302,1.8857534308606119,1.8857534308606119,0.0,0.0
2017-09-19,-0.009955752212389424,-0.009955752212389424,1.8669793369693004,1.8669793369693004,0.0,0.0
2017-09-20,0.0061452513966480105,0.0061452513966480105,1.878452394347324,1.878452394347324,0.0,0.0
2017-09-21,-0.01363686840644085,-0.01363686840644085,1.8528361862378457,1.8528361862378457,0.0,0.0
2017-09-22,0.0071492403932083,0.0071492403932083,1.8660825575424953,1.8660825575424953,0.0,0.0
2017-09-25,0.003549245785270605,0.003549245785270605,1.87270574319482,1.87270574319482,0.0,0.0
2017-09-26,-0.015030946065428763,-0.015030946065428763,1.8445572041724398,1.8445572041724398,0.0,0.0
2017-09-27,0.006283662477558183,0.006283662477558183,1.8561477790640077,1.8561477790640077,0.0,0.0
2017-09-28,0.00267618198037467,0.00267618198037467,1.8611151683032514,1.8611151683032514,0.0,0.0
2017-09-29,0.008007117437722311,0.008007117437722311,1.876017336020982,1.876017336020982,0.0,0.0
2017-10-09,0.007060900264783676,0.007060900264783676,1.8892637073256313,1.8892637073256313,0.0,0.0
2017-10-10,0.0035056967572304476,0.0035056967572304476,1.895886892977956,1.895886892977956,0.0,0.0
2017-10-11,0.0008733624454146938,0.0008733624454146938,1.897542689391037,1.897542689391037,0.0,0.0
2017-10-12,0.0043630017452007674,0.0043630017452007674,1.905821671456443,1.905821671456443,0.0,0.0
2017-10-13,-0.0008688097306690512,-0.0008688097306690512,1.9041658750433619,1.9041658750433619,0.0,0.0
2017-10-16,0.0008695652173913437,0.0008695652173913437,1.905821671456443,1.905821671456443,0.0,0.0
2017-10-17,0.004344048653344812,0.004344048653344812,1.9141006535218488,1.9141006535218488,0.0,0.0
2017-10-18,-0.00519031141868509,-0.00519031141868509,1.9041658750433617,1.9041658750433617,0.0,0.0
2017-10-19,0.006956521739130528,0.006956521739130528,1.9174122463480112,1.9174122463480112,0.0,0.0
2017-10-20,-0.0008635578583764403,-0.0008635578583764403,1.9157564499349302,1.9157564499349302,0.0,0.0
2017-10-23,-0.0008643042350908736,-0.0008643042350908736,1.9141006535218488,1.9141006535218488,0.0,0.0
2017-10-24,-0.006316608996539741,-0.006316608996539741,1.9020100281135301,1.9020100281135301,0.0,0.0
2017-10-25,0.0,0.0,1.9020100281135301,1.9020100281135301,0.0,0.0
2017-10-26,-0.00303030303030305,-0.00303030303030305,1.896246361361671,1.896246361361671,0.0,0.0
2017-10-27,0.003039513677811634,0.003039513677811634,1.9020100281135301,1.9020100281135301,0.0,0.0
2017-10-30,0.021212121212121238,0.021212121212121238,1.9423556953765444,1.9423556953765444,0.0,0.0
2017-10-31,0.011869436201780381,0.011869436201780381,1.9654103623839811,1.9654103623839811,0.0,0.0
2017-11-01,0.0058651026392961825,0.0058651026392961825,1.9769376958876994,1.9769376958876994,0.0,0.0
2017-11-02,-0.005830903790087438,-0.005830903790087438,1.9654103623839811,1.9654103623839811,0.0,0.0
2017-11-03,0.0029325513196480912,0.0029325513196480912,1.9711740291358404,1.9711740291358404,0.0,0.0
2017-11-06,0.0029239766081872176,0.0029239766081872176,1.9769376958876996,1.9769376958876996,0.0,0.0
2017-11-07,0.005830903790087216,0.005830903790087216,1.9884650293914174,1.9884650293914174,0.0,0.0
2017-11-08,-0.0028985507246377384,-0.0028985507246377384,1.9827013626395582,1.9827013626395582,0.0,0.0
2017-11-09,0.0029069767441860517,0.0029069767441860517,1.9884650293914174,1.9884650293914174,0.0,0.0
2017-11-10,0.0,0.0,1.9884650293914174,1.9884650293914174,0.0,0.0
2017-11-13,-0.0028985507246377384,-0.0028985507246377384,1.9827013626395582,1.9827013626395582,0.0,0.0
2017-11-14,0.0029069767441860517,0.0029069767441860517,1.9884650293914174,1.9884650293914174,0.0,0.0
2017-11-15,-0.0028985507246377384,-0.0028985507246377384,1.9827013626395582,1.9827013626395582,0.0,0.0
2017-11-16,0.0,0.0,1.9827013626395582,1.9827013626395582,0.0,0.0
2017-11-17,0.0029069767441860517,0.0029069767441860517,1.9884650293914174,1.9884650293914174,0.0,0.0
2017-11-20,-0.005797101449275255,-0.005797101449275255,1.9769376958876994,1.9769376958876994,0.0,0.0
2017-11-21,0.002915451895043608,0.002915451895043608,1.9827013626395584,1.9827013626395584,0.0,0.0
2017-11-22,0.008720930232558155,0.008720930232558155,1.999992362895136,1.999992362895136,0.0,0.0
2017-11-23,-0.0057636887608069065,-0.0057636887608069065,1.9884650293914177,1.9884650293914177,0.0,0.0
2017-11-24,0.0028985507246377384,0.0028985507246377384,1.994228696143277,1.994228696143277,0.0,0.0
2017-11-27,0.0,0.0,1.994228696143277,1.994228696143277,0.0,0.0
2017-11-28,0.0,0.0,1.994228696143277,1.994228696143277,0.0,0.0
2017-11-29,0.00867052023121384,0.00867052023121384,2.0115196963988544,2.0115196963988544,0.0,0.0
2017-11-30,-0.011461318051575908,-0.011461318051575908,1.9884650293914177,1.9884650293914177,0.0,0.0
2017-12-01,0.005797101449275477,0.005797101449275477,1.9999923628951362,1.9999923628951362,0.0,0.0
2017-12-04,0.0028818443804035088,0.0028818443804035088,2.0057560296469954,2.0057560296469954,0.0,0.0
2017-12-05,-0.023965517241379186,-0.023965517241379186,1.9576870489364901,1.9576870489364901,0.0,0.0
2017-12-06,0.0,0.0,1.9576870489364901,1.9576870489364901,0.0,0.0
2017-12-07,0.0,0.0,1.9576870489364901,1.9576870489364901,0.0,0.0
2017-12-08,0.0,0.0,1.9576870489364901,1.9576870489364901,0.0,0.0
2017-12-11,0.0,0.0,1.9576870489364901,1.9576870489364901,0.0,0.0
2017-12-12,0.0,0.0,1.9576870489364901,1.9576870489364901,0.0,0.0
2017-12-13,0.0,0.0,1.9576870489364901,1.9576870489364901,0.0,0.0
2017-12-14,0.0,0.0,1.9576870489364901,1.9576870489364901,0.0,0.0
2017-12-15,0.0,0.0,1.9576870489364901,1.9576870489364901,0.0,0.0
2017-12-18,0.0,0.0,1.9576870489364901,1.9576870489364901,0.0,0.0
2017-12-19,-0.0010000000000000009,-0.0010000000000000009,1.9557293618875538,1.9557293618875538,0.0,0.0
2017-12-20,-0.0028248587570621764,-0.0028248587570621764,1.9502047026731821,1.9502047026731821,0.0,0.0
2017-12-21,-0.011331444759206777,-0.011331444759206777,1.9281060658156957,1.9281060658156957,0.0,0.0
2017-12-22,0.0,0.0,1.9281060658156957,1.9281060658156957,0.0,0.0
2017-12-25,0.0,0.0,1.9281060658156957,1.9281060658156957,0.0,0.0
2017-12-26,0.002865329512893977,0.002865329512893977,1.9336307250300673,1.9336307250300673,0.0,0.0
2017-12-27,-0.011428571428571455,-0.011428571428571455,1.9115320881725808,1.9115320881725808,0.0,0.0
2017-12-28,0.0018872832369940529,0.0018872832369940529,1.9151396906395652,1.9151396906395652,0.0,0.0
2017-12-29,0.0,0.0,1.9151396906395652,1.9151396906395652,0.0,0.0
2018-01-02,-0.0010000000000000009,-0.0010000000000000009,1.9132245509489256,1.9132245509489256,0.0,0.0
2018-01-03,0.0036724201248623523,0.0036724201248623523,1.9202507152932111,1.9202507152932111,0.0,0.0
2018-01-04,-0.005122575923893202,-0.005122575923893202,1.9104140852112115,1.9104140852112115,0.0,0.0
2018-01-05,0.0033100404560502117,0.0033100404560502117,1.9167376331210688,1.9167376331210688,0.0,0.0
2018-01-08,0.0007331378299120228,0.0007331378299120228,1.918142865989926,1.918142865989926,0.0,0.0
2018-01-09,0.00219780219780219,0.00219780219780219,1.9223585645964973,1.9223585645964973,0.0,0.0
2018-01-10,-0.0025584795321638154,-0.0025584795321638154,1.9174402495554974,1.9174402495554974,0.0,0.0
2018-01-11,0.0018321729571271206,0.0018321729571271206,1.9209533317276402,1.9209533317276402,0.0,0.0
2018-01-12,0.014630577907827291,0.014630577907827291,1.949057989104782,1.949057989104782,0.0,0.0
2018-01-15,0.0032444124008650377,0.0032444124008650377,1.9553815370146386,1.9553815370146386,0.0,0.0
2018-01-16,-0.0007186489399927387,-0.0007186489399927387,1.9539763041457816,1.9539763041457816,0.0,0.0
2018-01-17,-0.004512046026609151,-0.004512046026609151,1.9451598731265722,1.9451598731265722,0.0,0.0
2018-01-18,0.008310249307479145,0.008310249307479145,1.9613246366151587,1.9613246366151587,0.0,0.0
2018-01-19,-0.0027472527472527375,-0.0027472527472527375,1.9559363821189633,1.9559363821189633,0.0,0.0
2018-01-22,-0.0027548209366391463,-0.0027548209366391463,1.9505481276227676,1.9505481276227676,0.0,0.0
2018-01-23,0.011049723756906049,0.011049723756906049,1.9721011456075495,1.9721011456075495,0.0,0.0
2018-01-24,0.008196721311475308,0.008196721311475308,1.9882659090961357,1.9882659090961357,0.0,0.0
2018-01-25,-0.01084010840108407,-0.01084010840108407,1.9667128911113536,1.9667128911113536,0.0,0.0
2018-01-26,0.00273972602739736,0.00273972602739736,1.9721011456075492,1.9721011456075492,0.0,0.0
2018-01-29,0.010928961748633892,0.010928961748633892,1.9936541635923313,1.9936541635923313,0.0,0.0
2018-01-30,-0.008108108108108136,-0.008108108108108136,1.9774894001037449,1.9774894001037449,0.0,0.0
2018-01-31,-0.010899182561307952,-0.010899182561307952,1.9559363821189628,1.9559363821189628,0.0,0.0
2018-02-01,-0.0027548209366391463,-0.0027548209366391463,1.9505481276227672,1.9505481276227672,0.0,0.0
2018-02-02,0.0,0.0,1.9505481276227672,1.9505481276227672,0.0,0.0
2018-02-05,-0.03963535911602212,-0.03963535911602212,1.8732374521113542,1.8732374521113542,0.0,0.0
2018-02-06,0.0,0.0,1.8732374521113542,1.8732374521113542,0.0,0.0
2018-02-07,0.0,0.0,1.8732374521113542,1.8732374521113542,0.0,0.0
2018-02-08,0.0,0.0,1.8732374521113542,1.8732374521113542,0.0,0.0
2018-02-09,0.0,0.0,1.8732374521113542,1.8732374521113542,0.0,0.0
2018-02-12,0.0,0.0,1.8732374521113542,1.8732374521113542,0.0,0.0
2018-02-13,0.0,0.0,1.8732374521113542,1.8732374521113542,0.0,0.0
2018-02-14,0.0,0.0,1.8732374521113542,1.8732374521113542,0.0,0.0
2018-02-22,0.0,0.0,1.8732374521113542,1.8732374521113542,0.0,0.0
2018-02-23,0.0,0.0,1.8732374521113542,1.8732374521113542,0.0,0.0
2018-02-26,0.0,0.0,1.8732374521113542,1.8732374521113542,0.0,0.0
2018-02-27,0.0,0.0,1.8732374521113542,1.8732374521113542,0.0,0.0
2018-02-28,0.0,0.0,1.8732374521113542,1.8732374521113542,0.0,0.0
2018-03-01,0.0,0.0,1.8732374521113542,1.8732374521113542,0.0,0.0
2018-03-02,0.0,0.0,1.8732374521113542,1.8732374521113542,0.0,0.0
2018-03-05,0.0,0.0,1.8732374521113542,1.8732374521113542,0.0,0.0
2018-03-06,-0.0010000000000000009,-0.0010000000000000009,1.8713642146592429,1.8713642146592429,0.0,0.0
2018-03-07,-0.008269344359125852,-0.008269344359125852,1.8558892595468806,1.8558892595468806,0.0,0.0
2018-03-08,0.004169148302560988,0.004169148302560988,1.8636267371030617,1.8636267371030617,0.0,0.0
2018-03-09,0.040925266903914626,0.040925266903914626,1.9398961587282761,1.9398961587282761,0.0,0.0
2018-03-12,0.012535612535612639,0.012535612535612639,1.964213945333417,1.964213945333417,0.0,0.0
2018-03-13,-0.007616207090602067,-0.007616207090602067,1.9492540851555094,1.9492540851555094,0.0,0.0
2018-03-14,-0.008152173913043459,-0.008152173913043459,1.9333634268526112,1.9333634268526112,0.0,0.0
2018-03-15,0.00273972602739736,0.00273972602739736,1.9386603129535775,1.9386603129535775,0.0,0.0
2018-03-16,0.0034535519125682423,0.0034535519125682423,1.9453555769851985,1.9453555769851985,0.0,0.0
2018-03-19,0.011655011655011593,0.011655011655011593,1.9680287189081027,1.9680287189081027,0.0,0.0
2018-03-20,0.01382488479262678,0.01382488479262678,1.995236489215588,1.995236489215588,0.0,0.0
2018-03-21,-0.022727272727272707,-0.022727272727272707,1.9498902053697793,1.9498902053697793,0.0,0.0
2018-03-22,-0.005232558139534826,-0.005232558139534826,1.9396872915044725,1.9396872915044725,0.0,0.0
2018-03-23,-0.05296434833430741,-0.05296434833430741,1.8369530181376004,1.8369530181376004,0.0,0.0
2018-03-26,0.0,0.0,1.8369530181376004,1.8369530181376004,0.0,0.0
2018-03-27,0.0,0.0,1.8369530181376004,1.8369530181376004,0.0,0.0
2018-03-28,0.0,0.0,1.8369530181376004,1.8369530181376004,0.0,0.0
2018-03-29,0.0,0.0,1.8369530181376004,1.8369530181376004,0.0,0.0
2018-03-30,0.0,0.0,1.8369530181376004,1.8369530181376004,0.0,0.0
2018-04-02,0.0,0.0,1.8369530181376004,1.8369530181376004,0.0,0.0
2018-04-03,0.0,0.0,1.8369530181376004,1.8369530181376004,0.0,0.0
2018-04-04,0.0,0.0,1.8369530181376004,1.8369530181376004,0.0,0.0
2018-04-09,0.0,0.0,1.8369530181376004,1.8369530181376004,0.0,0.0
2018-04-10,0.0,0.0,1.8369530181376004,1.8369530181376004,0.0,0.0
2018-04-11,0.0,0.0,1.8369530181376004,1.8369530181376004,0.0,0.0
2018-04-12,0.0,0.0,1.8369530181376004,1.8369530181376004,0.0,0.0
2018-04-13,0.0,0.0,1.8369530181376004,1.8369530181376004,0.0,0.0
2018-04-16,0.0,0.0,1.8369530181376004,1.8369530181376004,0.0,0.0
2018-04-17,0.0,0.0,1.8369530181376004,1.8369530181376004,0.0,0.0
2018-04-18,-0.0010000000000000009,-0.0010000000000000009,1.8351160651194627,1.8351160651194627,0.0,0.0
2018-04-19,0.0005617895122846939,0.0005617895122846939,1.836147014078672,1.836147014078672,0.0,0.0
2018-04-20,-0.009972801450589208,-0.009972801450589208,1.8178354844731732,1.8178354844731732,0.0,0.0
2018-04-23,-0.003663003663003539,-0.003663003663003539,1.81117674643481,1.81117674643481,0.0,0.0
2018-04-24,0.0009191176470586537,0.0009191176470586537,1.8128414309444005,1.8128414309444005,0.0,0.0
2018-04-25,-0.009182736455463747,-0.009182736455463747,1.7961945858484922,1.7961945858484922,0.0,0.0
2018-04-26,-0.004633920296570837,-0.004633920296570837,1.7878711633005382,1.7878711633005382,0.0,0.0
2018-04-27,0.005586592178770999,0.005586592178770999,1.7978592703580831,1.7978592703580831,0.0,0.0
2018-05-02,0.0037037037037037646,0.0037037037037037646,1.8045180083964465,1.8045180083964465,0.0,0.0
2018-05-03,0.0064575645756457245,0.0064575645756457245,1.816170799963582,1.816170799963582,0.0,0.0
2018-05-04,-0.00466269477543535,-0.00466269477543535,1.8077025498632937,1.8077025498632937,0.0,0.0
2018-05-07,-0.0010000000000000009,-0.0010000000000000009,1.8058948473134304,1.8058948473134304,0.0,0.0
2018-05-08,0.0028328611898016387,0.0028328611898016387,1.8110106967392474,1.8110106967392474,0.0,0.0
2018-05-09,0.005649717514124353,0.005649717514124353,1.8212423955908816,1.8212423955908816,0.0,0.0
2018-05-10,0.011235955056179803,0.011235955056179803,1.84170579329415,1.84170579329415,0.0,0.0
2018-05-11,0.016666666666666607,0.016666666666666607,1.8724008898490525,1.8724008898490525,0.0,0.0
2018-05-14,0.002732240437158362,0.002732240437158362,1.8775167392748693,1.8775167392748693,0.0,0.0
2018-05-15,0.0027247956403269047,0.0027247956403269047,1.8826325887006863,1.8826325887006863,0.0,0.0
2018-05-16,-0.008152173913043459,-0.008152173913043459,1.867285040423235,1.867285040423235,0.0,0.0
2018-05-17,0.005479452054794498,0.005479452054794498,1.8775167392748693,1.8775167392748693,0.0,0.0
2018-05-18,0.0,0.0,1.8775167392748693,1.8775167392748693,0.0,0.0
2018-05-21,0.008174386920980936,0.008174386920980936,1.8928642875523205,1.8928642875523205,0.0,0.0
2018-05-22,-0.008108108108108136,-0.008108108108108136,1.8775167392748693,1.8775167392748693,0.0,0.0
2018-05-23,-0.013623978201634857,-0.013623978201634857,1.8519374921457838,1.8519374921457838,0.0,0.0
2018-05-24,0.008287292817679592,0.008287292817679592,1.867285040423235,1.867285040423235,0.0,0.0
2018-05-25,0.0,0.0,1.867285040423235,1.867285040423235,0.0,0.0
2018-05-28,0.013698630136986356,0.013698630136986356,1.8928642875523205,1.8928642875523205,0.0,0.0
2018-05-29,-0.005405405405405461,-0.005405405405405461,1.8826325887006863,1.8826325887006863,0.0,0.0
2018-05-30,-0.005434782608695676,-0.005434782608695676,1.872400889849052,1.872400889849052,0.0,0.0
2018-05-31,0.008196721311475308,0.008196721311475308,1.887748438126503,1.887748438126503,0.0,0.0
2018-06-01,0.0,0.0,1.887748438126503,1.887748438126503,0.0,0.0
2018-06-04,0.024390243902439046,0.024390243902439046,1.933791082958857,1.933791082958857,0.0,0.0
2018-06-05,0.007936507936507908,0.007936507936507908,1.9491386312363082,1.9491386312363082,0.0,0.0
2018-06-06,0.007874015748031482,0.007874015748031482,1.9644861795137594,1.9644861795137594,0.0,0.0
2018-06-07,0.0026041666666667407,0.0026041666666667407,1.9696020289395766,1.9696020289395766,0.0,0.0
2018-06-08,-0.012987012987012991,-0.012987012987012991,1.9440227818104912,1.9440227818104912,0.0,0.0
2018-06-11,0.007894736842105177,0.007894736842105177,1.9593703300879421,1.9593703300879421,0.0,0.0
2018-06-12,0.0026109660574411553,0.0026109660574411553,1.9644861795137591,1.9644861795137591,0.0,0.0
2018-06-13,0.0078125,0.0078125,1.9798337277912104,1.9798337277912104,0.0,0.0
2018-06-14,-0.0025839793281653423,-0.0025839793281653423,1.9747178783653934,1.9747178783653934,0.0,0.0
2018-06-15,0.023316062176165886,0.023316062176165886,2.0207605231977475,2.0207605231977475,0.0,0.0
2018-06-19,-0.027848101265822822,-0.027848101265822822,1.9644861795137596,1.9644861795137596,0.0,0.0
2018-06-20,0.01302083333333326,0.01302083333333326,1.9900654266428448,1.9900654266428448,0.0,0.0
2018-06-21,0.01799485861182526,0.01799485861182526,2.0258763726235647,2.0258763726235647,0.0,0.0
2018-06-22,-0.005050505050505194,-0.005050505050505194,2.0156446737719302,2.0156446737719302,0.0,0.0
2018-06-25,0.0,0.0,2.0156446737719302,2.0156446737719302,0.0,0.0
2018-06-26,-0.022842639593908642,-0.022842639593908642,1.9696020289395766,1.9696020289395766,0.0,0.0
2018-06-27,0.0,0.0,1.9696020289395766,1.9696020289395766,0.0,0.0
2018-06-28,-0.0051948051948051965,-0.0051948051948051965,1.9593703300879424,1.9593703300879424,0.0,0.0
2018-06-29,0.02088772845953013,0.02088772845953013,2.000297125494479,2.000297125494479,0.0,0.0
2018-07-02,-0.005115089514066473,-0.005115089514066473,1.9900654266428448,1.9900654266428448,0.0,0.0
2018-07-03,0.010282776349614497,0.010282776349614497,2.0105288243461135,2.0105288243461135,0.0,0.0
2018-07-04,0.0,0.0,2.0105288243461135,2.0105288243461135,0.0,0.0
2018-07-05,0.0,0.0,2.0105288243461135,2.0105288243461135,0.0,0.0
2018-07-06,0.012722646310432628,0.012722646310432628,2.036108071475199,2.036108071475199,0.0,0.0
2018-07-09,0.01005025125628145,0.01005025125628145,2.0565714691784676,2.0565714691784676,0.0,0.0
2018-07-10,0.00995024875621886,0.00995024875621886,2.077034866881736,2.077034866881736,0.0,0.0
2018-07-11,0.004926108374384119,0.004926108374384119,2.08726656573337,2.08726656573337,0.0,0.0
2018-07-12,0.002450980392156854,0.002450980392156854,2.092382415159187,2.092382415159187,0.0,0.0
2018-07-13,0.009779951100244544,0.009779951100244544,2.1128458128624557,2.1128458128624557,0.0,0.0
2018-07-16,0.007263922518159882,0.007263922518159882,2.128193361139907,2.128193361139907,0.0,0.0
2018-07-17,-0.024038461538461564,-0.024038461538461564,2.077034866881736,2.077034866881736,0.0,0.0
2018-07-18,0.009852216748768239,0.009852216748768239,2.097498264585004,2.097498264585004,0.0,0.0
2018-07-19,0.0,0.0,2.097498264585004,2.097498264585004,0.0,0.0
2018-07-20,-0.0019999999999998908,-0.0019999999999998908,2.093303268055834,2.093303268055834,0.0,0.0
2018-07-23,-0.0044682752457549935,-0.0044682752457549935,2.0839498128813223,2.0839498128813223,0.0,0.0
2018-07-24,0.0053859964093356805,0.0053859964093356805,2.095173959090737,2.095173959090737,0.0,0.0
2018-07-25,0.010714285714285454,0.010714285714285454,2.117622251509566,2.117622251509566,0.0,0.0
2018-07-26,0.009717314487632578,0.009717314487632578,2.138199852893493,2.138199852893493,0.0,0.0
2018-07-27,0.0209973753280841,0.0209973753280841,2.1830964377311517,2.1830964377311517,0.0,0.0
2018-07-30,-0.015424164524421635,-0.015424164524421635,2.1494239991029076,2.1494239991029076,0.0,0.0
2018-07-31,-0.006092254134029584,-0.006092254134029584,2.1363291618585905,2.1363291618585905,0.0,0.0
2018-08-01,0.007005253940455258,0.007005253940455258,2.1512946901378096,2.1512946901378096,0.0,0.0
2018-08-02,-0.017391304347826098,-0.017391304347826098,2.1138808694397606,2.1138808694397606,0.0,0.0
2018-08-03,0.011504424778761235,0.011504424778761235,2.138199852893493,2.138199852893493,0.0,0.0
2018-08-06,-0.01049868766404205,-0.01049868766404205,2.1157515604746635,2.1157515604746635,0.0,0.0
2018-08-07,-0.007073386383731228,-0.007073386383731228,2.100786032195444,2.100786032195444,0.0,0.0
2018-08-08,-0.004666073018699812,-0.004666073018699812,2.0909836111725553,2.0909836111725553,0.0,0.0
2018-08-09,-0.007109004739336622,-0.007109004739336622,2.0761187987708545,2.0761187987708545,0.0,0.0
2018-08-10,0.0,0.0,2.0761187987708545,2.0761187987708545,0.0,0.0
2018-08-13,-0.004773269689737458,-0.004773269689737458,2.0662089238363874,2.0662089238363874,0.0,0.0
2018-08-14,0.004796163069544335,0.004796163069544335,2.0761187987708545,2.0761187987708545,0.0,0.0
2018-08-15,0.009546539379474916,0.009546539379474916,2.0959385486397886,2.0959385486397886,0.0,0.0
2018-08-16,-0.007092198581560405,-0.007092198581560405,2.081073736238088,2.081073736238088,0.0,0.0
2018-08-17,0.00952380952380949,0.00952380952380949,2.100893486107022,2.100893486107022,0.0,0.0
2018-08-20,-0.004716981132075415,-0.004716981132075415,2.090983611172555,2.090983611172555,0.0,0.0
2018-08-21,-0.007109004739336622,-0.007109004739336622,2.076118798770854,2.076118798770854,0.0,0.0
2018-08-22,-0.0023866348448687846,-0.0023866348448687846,2.0711638613036203,2.0711638613036203,0.0,0.0
2018-08-23,0.0023923444976077235,0.0023923444976077235,2.076118798770854,2.076118798770854,0.0,0.0
2018-08-24,-0.001000000000000112,-0.001000000000000112,2.074042679972083,2.074042679972083,0.0,0.0
2018-08-27,0.0,0.0,2.074042679972083,2.074042679972083,0.0,0.0
2018-08-28,0.0,0.0,2.074042679972083,2.074042679972083,0.0,0.0
2018-08-29,-0.0009999999999998899,-0.0009999999999998899,2.071968637292111,2.071968637292111,0.0,0.0
2018-08-30,0.014051522248243575,0.014051522248243575,2.101082950696684,2.101082950696684,0.0,0.0
2018-08-31,0.0,0.0,2.101082950696684,2.101082950696684,0.0,0.0
2018-09-03,0.002309468822170979,0.002309468822170979,2.105935336264113,2.105935336264113,0.0,0.0
2018-09-04,0.004608294930875667,0.004608294930875667,2.115640107398971,2.115640107398971,0.0,0.0
2018-09-05,-0.002293577981651307,-0.002293577981651307,2.1107877218315423,2.1107877218315423,0.0,0.0
2018-09-06,-0.02298850574712641,-0.02298850574712641,2.062263866157254,2.062263866157254,0.0,0.0
2018-09-07,-0.0117647058823529,-0.0117647058823529,2.03800193832011,2.03800193832011,0.0,0.0
2018-09-10,0.0013785714285714512,0.0013785714285714512,2.0408114695636512,2.0408114695636512,0.0,0.0
2018-09-11,0.0,0.0,2.0408114695636512,2.0408114695636512,0.0,0.0
2018-09-12,0.0,0.0,2.0408114695636512,2.0408114695636512,0.0,0.0
2018-09-13,0.0,0.0,2.0408114695636512,2.0408114695636512,0.0,0.0
2018-09-14,-0.0010000000000000009,-0.0010000000000000009,2.0387706580940876,2.0387706580940876,0.0,0.0
2018-09-17,-0.005271084337349463,-0.005271084337349463,2.0280241260107603,2.0280241260107603,0.0,0.0
2018-09-18,0.0015140045420136694,0.0015140045420136694,2.0310945637488538,2.0310945637488538,0.0,0.0
2018-09-19,0.0007558578987150177,0.0007558578987150177,2.0326297826179003,2.0326297826179003,0.0,0.0
2018-09-20,0.0011329305135949763,0.0011329305135949763,2.03493261092147,2.03493261092147,0.0,0.0
2018-09-21,0.0022632968691060906,0.0022632968691060906,2.0395382675286102,2.0395382675286102,0.0,0.0
2018-09-25,-0.0030109145652991165,-0.0030109145652991165,2.0333973920524233,2.0333973920524233,0.0,0.0
2018-09-26,0.0015100037750095385,0.0015100037750095385,2.036467829790517,2.036467829790517,0.0,0.0
2018-09-27,-0.004146249528835355,-0.004146249528835355,2.02802412601076,2.02802412601076,0.0,0.0
2018-09-28,-0.008184330052990019,-0.008184330052990019,2.0114261072080613,2.0114261072080613,0.0,0.0
2018-10-08,0.0,0.0,2.0114261072080613,2.0114261072080613,0.0,0.0
2018-10-09,0.0,0.0,2.0114261072080613,2.0114261072080613,0.0,0.0
2018-10-10,0.0,0.0,2.0114261072080613,2.0114261072080613,0.0,0.0
2018-10-11,-0.0010000000000000009,-0.0010000000000000009,2.009414681100853,2.009414681100853,0.0,0.0
2018-10-12,0.013883677298311525,0.013883677298311525,2.037312746091747,2.037312746091747,0.0,0.0
2018-10-15,0.009622501850481191,0.009622501850481191,2.0569167917610236,2.0569167917610236,0.0,0.0
2018-10-16,-0.00036656891495623345,-0.00036656891495623345,2.0561627900045125,2.0561627900045125,0.0,0.0
2018-10-17,-0.0029336266960029445,-0.0029336266960029445,2.0501307759524274,2.0501307759524274,0.0,0.0
2018-10-18,0.001103346818683404,0.001103346818683404,2.0523927812219593,2.0523927812219593,0.0,0.0
2018-10-19,0.004408523144746601,0.004408523144746601,2.0614408023000874,2.0614408023000874,0.0,0.0
2018-10-22,-0.001463057790782707,-0.001463057790782707,2.058424795274045,2.058424795274045,0.0,0.0
2018-10-23,0.00512820512820511,0.00512820512820511,2.0689808198651938,2.0689808198651938,0.0,0.0
2018-10-24,0.00036443148688047877,0.00036443148688047877,2.0697348216217044,2.0697348216217044,0.0,0.0
2018-10-25,0.0051001821493623645,0.0051001821493623645,2.0802908462128533,2.0802908462128533,0.0,0.0
2018-10-26,-0.0007249003262050913,-0.0007249003262050913,2.078782842699832,2.078782842699832,0.0,0.0
2018-10-29,-0.0014508523757708058,-0.0014508523757708058,2.0757668356737895,2.0757668356737895,0.0,0.0
2018-10-30,-0.002179440610243333,-0.002179440610243333,2.0712428251347257,2.0712428251347257,0.0,0.0
2018-10-31,-0.008372770294867049,-0.008372770294867049,2.053900784734981,2.053900784734981,0.0,0.0
2018-11-01,0.0022026431718060735,0.0022026431718060735,2.058424795274045,2.058424795274045,0.0,0.0
2018-11-02,0.000366300366300365,0.000366300366300365,2.0591787970305555,2.0591787970305555,0.0,0.0
2018-11-05,0.0003661662394729426,0.0003661662394729426,2.0599327987870666,2.0599327987870666,0.0,0.0
2018-11-06,0.0007320644216690653,0.0007320644216690653,2.061440802300088,2.061440802300088,0.0,0.0
2018-11-07,-0.0016349670811998118,-0.0016349670811998118,2.058070414448485,2.058070414448485,0.0,0.0
2018-11-08,-0.013260530421216998,-0.013260530421216998,2.0307793091086843,2.0307793091086843,0.0,0.0
2018-11-09,-0.0039525691699603405,-0.0039525691699603405,2.022752513420508,2.022752513420508,0.0,0.0
2018-11-12,0.03571428571428559,0.03571428571428559,2.094993674614097,2.094993674614097,0.0,0.0
2018-11-13,0.016091954022988686,0.016091954022988686,2.1287062165044395,2.1287062165044395,0.0,0.0
2018-11-14,-0.004524886877828149,-0.004524886877828149,2.1190740616786274,2.1190740616786274,0.0,0.0
2018-11-15,0.0121212121212122,0.0121212121212122,2.1447598078807926,2.1447598078807926,0.0,0.0
2018-11-16,-0.0029940119760477613,-0.0029940119760477613,2.1383383713302515,2.1383383713302515,0.0,0.0
2018-11-19,-0.005255255255255498,-0.005255255255255498,2.1271008573668038,2.1271008573668038,0.0,0.0
2018-11-20,-0.025660377358490694,-0.025660377358490694,2.0725186466872025,2.0725186466872025,0.0,0.0
2018-11-21,0.0023237800154920496,0.0023237800154920496,2.0773347241001088,2.0773347241001088,0.0,0.0
2018-11-22,-0.006955177743431351,-0.006955177743431351,2.0628864918613905,2.0628864918613905,0.0,0.0
2018-11-23,-0.028793774319065935,-0.028793774319065935,2.003488203768884,2.003488203768884,0.0,0.0
2018-11-26,-0.00420192307692302,-0.00420192307692302,1.9950697004511244,1.9950697004511244,0.0,0.0
2018-11-27,0.0,0.0,1.9950697004511244,1.9950697004511244,0.0,0.0
2018-11-28,0.0,0.0,1.9950697004511244,1.9950697004511244,0.0,0.0
2018-11-29,0.0,0.0,1.9950697004511244,1.9950697004511244,0.0,0.0
2018-11-30,0.0,0.0,1.9950697004511244,1.9950697004511244,0.0,0.0
2018-12-03,0.0,0.0,1.9950697004511244,1.9950697004511244,0.0,0.0
2018-12-04,0.0,0.0,1.9950697004511244,1.9950697004511244,0.0,0.0
2018-12-05,0.0,0.0,1.9950697004511244,1.9950697004511244,0.0,0.0
2018-12-06,-0.0010000000000000009,-0.0010000000000000009,1.9930746307506733,1.9930746307506733,0.0,0.0
2018-12-07,0.00109689213893982,0.00109689213893982,1.9952608186454641,1.9952608186454641,0.0,0.0
2018-12-10,0.01059167275383488,0.01059167275383488,2.0163939682951058,2.0163939682951058,0.0,0.0
2018-12-11,-0.0014456089627755686,-0.0014456089627755686,2.0134790511020517,2.0134790511020517,0.0,0.0
2018-12-12,-0.004705030763662799,-0.004705030763662799,2.004005570224626,2.004005570224626,0.0,0.0
2018-12-13,-0.0007272727272725765,-0.0007272727272725765,2.002548111628099,2.002548111628099,0.0,0.0
2018-12-14,-0.0010917030567687558,-0.0010917030567687558,2.0003619237333083,2.0003619237333083,0.0,0.0
2018-12-17,0.00036429872495435944,0.00036429872495435944,2.0010906530315715,2.0010906530315715,0.0,0.0
2018-12-18,0.005462490895848493,0.005462490895848493,2.012021592505524,2.012021592505524,0.0,0.0
2018-12-19,0.003259688518652659,0.003259688518652659,2.0185801561898957,2.0185801561898957,0.0,0.0
2018-12-20,0.0,0.0,2.0185801561898957,2.0185801561898957,0.0,0.0
2018-12-21,0.006498194945848246,0.006498194945848246,2.0316972835586387,2.0316972835586387,0.0,0.0
2018-12-24,0.0035868005738881603,0.0035868005738881603,2.038984576541274,2.038984576541274,0.0,0.0
2018-12-25,0.00786275911365264,0.00786275911365264,2.055016621103071,2.055016621103071,0.0,0.0
2018-12-26,-0.00035460992907809796,-0.00035460992907809796,2.0542878918048073,2.0542878918048073,0.0,0.0
2018-12-27,-0.003547357218871894,-0.003547357218871894,2.0470005988221724,2.0470005988221724,0.0,0.0
2018-12-28,0.006051975792096709,0.006051975792096709,2.0593889968926518,2.0593889968926518,0.0,0.0
2019-01-02,0.0038924274593064023,0.0038924274593064023,2.0674050191735502,2.0674050191735502,0.0,0.0
2019-01-03,0.010927035600986956,0.010927035600986956,2.089995627419719,2.089995627419719,0.0,0.0
2019-01-04,-0.0052301255230123855,-0.0052301255230123855,2.079064687945767,2.079064687945767,0.0,0.0
2019-01-07,-0.004206098843322903,-0.004206098843322903,2.0703199363666047,2.0703199363666047,0.0,0.0
2019-01-08,-0.004575853572685751,-0.004575853572685751,2.060846455489179,2.060846455489179,0.0,0.0
2019-01-09,-0.0038896746817538297,-0.0038896746817538297,2.0528304332082805,2.0528304332082805,0.0,0.0
2019-01-10,0.0021299254526090383,0.0021299254526090383,2.0572028089978613,2.0572028089978613,0.0,0.0
2019-01-11,-0.006376195536663132,-0.006376195536663132,2.0440856816291184,2.0440856816291184,0.0,0.0
2019-01-14,0.0007130124777183777,0.0007130124777183777,2.0455431402256457,2.0455431402256457,0.0,0.0
2019-01-15,-0.002137513359458443,-0.002137513359458443,2.041170764436065,2.041170764436065,0.0,0.0
2019-01-16,-0.0002866833273831304,-0.0002866833273831304,2.040585594809559,2.040585594809559,0.0,0.0
2019-01-17,0.0,0.0,2.040585594809559,2.040585594809559,0.0,0.0
2019-01-18,-0.0010000000000000009,-0.0010000000000000009,2.0385450092147495,2.0385450092147495,0.0,0.0
2019-01-21,0.005376344086021501,0.005376344086021501,2.04950492861913,2.04950492861913,0.0,0.0
2019-01-22,-0.008021390374331694,-0.008021390374331694,2.033065049512559,2.033065049512559,0.0,0.0
2019-01-23,-0.008086253369272378,-0.008086253369272378,2.0166251704059883,2.0166251704059883,0.0,0.0
2019-01-24,0.0,0.0,2.0166251704059883,2.0166251704059883,0.0,0.0
2019-01-25,0.005434782608695565,0.005434782608695565,2.0275850898103687,2.0275850898103687,0.0,0.0
2019-01-28,0.0,0.0,2.0275850898103687,2.0275850898103687,0.0,0.0
2019-01-29,-0.010810810810810811,-0.010810810810810811,2.005665251001608,2.005665251001608,0.0,0.0
2019-01-30,0.0,0.0,2.005665251001608,2.005665251001608,0.0,0.0
2019-01-31,0.021857923497267784,0.021857923497267784,2.0495049286191294,2.0495049286191294,0.0,0.0
2019-02-01,0.016042780748663166,0.016042780748663166,2.0823846868322704,2.0823846868322704,0.0,0.0
2019-02-11,0.0,0.0,2.0823846868322704,2.0823846868322704,0.0,0.0
2019-02-12,0.002631578947368318,0.002631578947368318,2.0878646465344604,2.0878646465344604,0.0,0.0
2019-02-13,0.013123359580052396,0.013123359580052396,2.115264445045411,2.115264445045411,0.0,0.0
2019-02-14,-0.0045854922279794375,-0.0045854922279794375,2.105564916372534,2.105564916372534,0.0,0.0
2019-02-15,-0.0015337423312883347,-0.0015337423312883347,2.102335522329018,2.102335522329018,0.0,0.0
2019-02-18,0.04224270353302617,0.04224270353302617,2.191143858525712,2.191143858525712,0.0,0.0
2019-02-19,-0.008106116433308608,-0.008106116433308608,2.1733821912863736,2.1733821912863736,0.0,0.0
2019-02-20,0.0014858841010401136,0.0014858841010401136,2.1766115853298897,2.1766115853298897,0.0,0.0
2019-02-21,0.003182492581602192,0.003182492581602192,2.1835386355532314,2.1835386355532314,0.0,0.0
2019-02-22,-0.005181347150259086,-0.005181347150259086,2.172224963866427,2.172224963866427,0.0,0.0
2019-02-25,0.01041666666666674,0.01041666666666674,2.1948523072400357,2.1948523072400357,0.0,0.0
2019-02-26,-0.0077319587628865705,-0.0077319587628865705,2.177881799709829,2.177881799709829,0.0,0.0
2019-02-27,0.0,0.0,2.177881799709829,2.177881799709829,0.0,0.0
2019-02-28,-0.0025974025974025983,-0.0025974025974025983,2.172224963866427,2.172224963866427,0.0,0.0
2019-03-01,0.01041666666666674,0.01041666666666674,2.1948523072400357,2.1948523072400357,0.0,0.0
2019-03-04,0.0005721649484535796,0.0005721649484535796,2.196108124797271,2.196108124797271,0.0,0.0
2019-03-05,-0.009109311740890691,-0.009109311740890691,2.1761030912717896,2.1761030912717896,0.0,0.0
2019-03-06,-0.0010214504596528506,-0.0010214504596528506,2.173880309768958,2.173880309768958,0.0,0.0
2019-03-07,-0.002044989775051187,-0.002044989775051187,2.1694347467632955,2.1694347467632955,0.0,0.0
2019-03-08,-0.008196721311475308,-0.008196721311475308,2.1516524947406457,2.1516524947406457,0.0,0.0
2019-03-11,0.0010330578512396382,0.0010330578512396382,2.1538752762434767,2.1538752762434767,0.0,0.0
2019-03-12,0.007223942208462342,0.007223942208462342,2.1694347467632955,2.1694347467632955,0.0,0.0
2019-03-13,-0.00714139344262299,-0.00714139344262299,2.1539419596885616,2.1539419596885616,0.0,0.0
2019-03-14,0.0,0.0,2.1539419596885616,2.1539419596885616,0.0,0.0
2019-03-15,0.0,0.0,2.1539419596885616,2.1539419596885616,0.0,0.0
2019-03-18,-0.001000000000000112,-0.001000000000000112,2.151788017728873,2.151788017728873,0.0,0.0
2019-03-19,0.002512562814070307,0.002512562814070307,2.1571945202859806,2.1571945202859806,0.0,0.0
2019-03-20,0.0,0.0,2.1571945202859806,2.1571945202859806,0.0,0.0
2019-03-21,0.0030025062656642287,0.0030025062656642287,2.163671510349396,2.163671510349396,0.0,0.0
2019-03-22,-0.003687768899815702,-0.003687768899815702,2.1556923898441123,2.1556923898441123,0.0,0.0
2019-03-25,-0.014188772362738966,-0.014188772362738966,2.1251057612405253,2.1251057612405253,0.0,0.0
2019-03-26,-0.026282853566958697,-0.026282853566958697,2.0692519177035402,2.0692519177035402,0.0,0.0
2019-03-27,0.005696658097686269,0.005696658097686269,2.081039738396679,2.081039738396679,0.0,0.0
2019-03-28,-0.007481296758104827,-0.007481296758104827,2.0654708625483247,2.0654708625483247,0.0,0.0
2019-03-29,0.005025125628140614,0.005025125628140614,2.075850113113894,2.075850113113894,0.0,0.0
2019-04-01,0.014999999999999902,0.014999999999999902,2.106987864810602,2.106987864810602,0.0,0.0
2019-04-02,0.004926108374384119,0.004926108374384119,2.117367115376171,2.117367115376171,0.0,0.0
2019-04-03,0.002450980392156854,0.002450980392156854,2.122556740658956,2.122556740658956,0.0,0.0
2019-04-04,0.004889975550122161,0.004889975550122161,2.132935991224525,2.132935991224525,0.0,0.0
2019-04-08,0.0,0.0,2.132935991224525,2.132935991224525,0.0,0.0
2019-04-09,0.0,0.0,2.132935991224525,2.132935991224525,0.0,0.0
2019-04-10,-0.0048661800486617945,-0.0048661800486617945,2.1225567406589554,2.1225567406589554,0.0,0.0
2019-04-11,0.012224938875305735,0.012224938875305735,2.1485048670728792,2.1485048670728792,0.0,0.0
2019-04-12,-0.0024154589371980784,-0.0024154589371980784,2.1433152417900945,2.1433152417900945,0.0,0.0
2019-04-15,0.0,0.0,2.1433152417900945,2.1433152417900945,0.0,0.0
2019-04-16,0.002421307506053294,0.002421307506053294,2.1485048670728792,2.1485048670728792,0.0,0.0
2019-04-17,0.0,0.0,2.1485048670728792,2.1485048670728792,0.0,0.0
2019-04-18,0.0,0.0,2.1485048670728792,2.1485048670728792,0.0,0.0
2019-04-19,0.00041062801932367776,0.00041062801932367776,2.1493871033709526,2.1493871033709526,0.0,0.0
2019-04-22,-0.006829268292682822,-0.006829268292682822,2.1347083621772,2.1347083621772,0.0,0.0
2019-04-23,-0.0009823182711199419,-0.0009823182711199419,2.132611399149521,2.132611399149521,0.0,0.0
2019-04-24,0.0068829891838742,0.0068829891838742,2.147290140343274,2.147290140343274,0.0,0.0
2019-04-25,-0.001953125,-0.001953125,2.1430962142879157,2.1430962142879157,0.0,0.0
2019-04-26,-0.008835616438356286,-0.008835616438356286,2.1241606381479743,2.1241606381479743,0.0,0.0
2019-04-29,0.009280742459396807,0.009280742459396807,2.1438744259730136,2.1438744259730136,0.0,0.0
2019-04-30,-0.0045977011494252595,-0.0045977011494252595,2.134017532060494,2.134017532060494,0.0,0.0
2019-05-06,-0.027713625866050973,-0.027713625866050973,2.074876168585376,2.074876168585376,0.0,0.0
2019-05-07,0.01187648456057011,0.01187648456057011,2.099518403366675,2.099518403366675,0.0,0.0
2019-05-08,-0.018779342723004744,-0.018779342723004744,2.0600908277165964,2.0600908277165964,0.0,0.0
2019-05-09,-0.0023923444976076125,-0.0023923444976076125,2.0551623807603367,2.0551623807603367,0.0,0.0
2019-05-10,0.0023980815347721673,0.0023980815347721673,2.0600908277165964,2.0600908277165964,0.0,0.0
2019-05-13,-0.008169856459329994,-0.008169856459329994,2.0432601813609694,2.0432601813609694,0.0,0.0
2019-05-14,-0.0010000000000000009,-0.0010000000000000009,2.0412169211796085,2.0412169211796085,0.0,0.0
2019-05-15,-0.004898530440867743,-0.004898530440867743,2.0312179579547958,2.0312179579547958,0.0,0.0
2019-05-16,0.004922644163150469,0.004922644163150469,2.0412169211796085,2.0412169211796085,0.0,0.0
2019-05-17,-0.0013995801259621965,-0.0013995801259621965,2.038360074543948,2.038360074543948,0.0,0.0
2019-05-20,-0.006657323055360931,-0.006657323055360931,2.0247900530245593,2.0247900530245593,0.0,0.0
2019-05-21,-0.0003527336860670305,-0.0003527336860670305,2.024075841365644,2.024075841365644,0.0,0.0
2019-05-22,0.0,0.0,2.024075841365644,2.024075841365644,0.0,0.0
2019-05-23,0.0024700070571630484,0.0024700070571630484,2.0290753229780507,2.0290753229780507,0.0,0.0
2019-05-24,0.0052798310454065245,0.0052798310454065245,2.0397884978617786,2.0397884978617786,0.0,0.0
2019-05-27,0.0007002801120448154,0.0007002801120448154,2.041216921179609,2.041216921179609,0.0,0.0
2019-05-28,-0.0013995801259621965,-0.0013995801259621965,2.0383600745439483,2.0383600745439483,0.0,0.0
2019-05-29,0.0024526979677645944,0.0024526979677645944,2.043359556156355,2.043359556156355,0.0,0.0
2019-05-30,-0.00489339391821042,-0.00489339391821042,2.033360592931542,2.033360592931542,0.0,0.0
2019-05-31,0.010888654724271252,0.010888654724271252,2.055501154357913,2.055501154357913,0.0,0.0
2019-06-03,0.012508686587908269,0.012508686587908269,2.08121277407886,2.08121277407886,0.0,0.0
2019-06-04,0.010295126973232538,0.010295126973232538,2.1026391238463153,2.1026391238463153,0.0,0.0
2019-06-05,0.006453804347826164,0.006453804347826164,2.116209145365704,2.116209145365704,0.0,0.0
2019-06-06,-0.0003374957813027102,-0.0003374957813027102,2.1154949337067888,2.1154949337067888,0.0,0.0
2019-06-10,-0.0030384875084403795,-0.0030384875084403795,2.109067028776552,2.109067028776552,0.0,0.0
2019-06-11,-0.0054182187605824605,-0.0054182187605824605,2.0976396422339088,2.0976396422339088,0.0,0.0
2019-06-12,0.01191692202928163,0.01191692202928163,2.1226370502959404,2.1226370502959404,0.0,0.0
2019-06-13,0.001682368775235421,0.001682368775235421,2.1262081085905162,2.1262081085905162,0.0,0.0
2019-06-14,0.015115888478333783,0.015115888478333783,2.1583476332416995,2.1583476332416995,0.0,0.0
2019-06-17,-0.01290536068828585,-0.01290536068828585,2.130493378544007,2.130493378544007,0.0,0.0
2019-06-18,0.007039892725444252,0.007039892725444252,2.145491823381226,2.145491823381226,0.0,0.0
2019-06-19,-0.004993342210386165,-0.004993342210386165,2.134778648497498,2.134778648497498,0.0,0.0
2019-06-20,0.02174640347942458,0.02174640347942458,2.1812024063269857,2.1812024063269857,0.0,0.0
2019-06-21,0.008185985592665368,0.008185985592665368,2.1990576977998653,2.1990576977998653,0.0,0.0
2019-06-24,0.007145177005521308,0.007145177005521308,2.2147703542959993,2.2147703542959993,0.0,0.0
2019-06-25,0.020960980328926127,0.020960980328926127,2.2611941121254864,2.2611941121254864,0.0,0.0
2019-06-26,-0.01831964624131399,-0.01831964624131399,2.2197698359084055,2.2197698359084055,0.0,0.0
2019-06-27,-0.002574002574002532,-0.002574002574002532,2.214056142637084,2.214056142637084,0.0,0.0
2019-06-28,0.002903225806451637,0.002903225806451637,2.220484047567321,2.220484047567321,0.0,0.0
2019-07-01,-0.026075265358636246,-0.026075265358636246,2.1625843368023845,2.1625843368023845,0.0,0.0
2019-07-02,-0.009259259259259411,-0.009259259259259411,2.1425604077579177,2.1425604077579177,0.0,0.0
2019-07-03,-0.0019999999999998908,-0.0019999999999998908,2.138275286942402,2.138275286942402,0.0,0.0
2019-07-04,-0.008064516129032251,-0.008064516129032251,2.121031131402544,2.121031131402544,0.0,0.0
2019-07-05,0.01084010840108407,0.01084010840108407,2.1440233387890215,2.1440233387890215,0.0,0.0
2019-07-08,-0.028150134048257502,-0.028150134048257502,2.083668794399518,2.083668794399518,0.0,0.0
2019-07-09,0.008275862068965578,0.008275862068965578,2.100912949939376,2.100912949939376,0.0,0.0
2019-07-10,-0.004103967168262668,-0.004103967168262668,2.092290872169447,2.092290872169447,0.0,0.0
2019-07-11,-0.0006291208791209257,-0.0006291208791209257,2.0909745682965712,2.0909745682965712,0.0,0.0
2019-07-12,-0.0023041474654378336,-0.0023041474654378336,2.0861566545447356,2.0861566545447356,0.0,0.0
2019-07-15,0.006928406466512715,0.006928406466512715,2.100610395800242,2.100610395800242,0.0,0.0
2019-07-16,0.006880733944954143,0.006880733944954143,2.1150641370557484,2.1150641370557484,0.0,0.0
2019-07-17,-0.004555808656036442,-0.004555808656036442,2.1054283095520776,2.1054283095520776,0.0,0.0
2019-07-18,-0.009153318077803174,-0.009153318077803174,2.086156654544736,2.086156654544736,0.0,0.0
2019-07-19,0.006928406466512715,0.006928406466512715,2.1006103958002424,2.1006103958002424,0.0,0.0
2019-07-22,-0.004587155963302725,-0.004587155963302725,2.0909745682965717,2.0909745682965717,0.0,0.0
2019-07-23,0.004608294930875667,0.004608294930875667,2.100610395800243,2.100610395800243,0.0,0.0
2019-07-24,0.002293577981651307,0.002293577981651307,2.105428309552078,2.105428309552078,0.0,0.0
2019-07-25,0.009153318077803174,0.009153318077803174,2.1246999645594196,2.1246999645594196,0.0,0.0
2019-07-26,-0.0022675736961451642,-0.0022675736961451642,2.119882050807584,2.119882050807584,0.0,0.0
2019-07-29,0.006818181818181834,0.006818181818181834,2.1343357920630903,2.1343357920630903,0.0,0.0
2019-07-30,-0.0022573363431149795,-0.0022573363431149795,2.129517878311255,2.129517878311255,0.0,0.0
2019-07-31,-0.006787330316742168,-0.006787330316742168,2.115064137055749,2.115064137055749,0.0,0.0
2019-08-01,-0.011093394077448693,-0.011093394077448693,2.0916008970843105,2.0916008970843105,0.0,0.0
2019-08-02,-0.00989445910290232,-0.00989445910290232,2.070905637548516,2.070905637548516,0.0,0.0
2019-08-05,-0.020616922051965192,-0.020616922051965192,2.028209937442203,2.028209937442203,0.0,0.0
2019-08-06,0.00212830647613238,0.00212830647613238,2.0325265897870173,2.0325265897870173,0.0,0.0
2019-08-07,0.02032766990291268,0.02032766990291268,2.0738431193731004,2.0738431193731004,0.0,0.0
2019-08-08,0.006839131727624181,0.006839131727624181,2.08802640564892,2.08802640564892,0.0,0.0
2019-08-09,0.005020673360897732,0.005020673360897732,2.0985097042006124,2.0985097042006124,0.0,0.0
2019-08-12,-0.0061710255656773905,-0.0061710255656773905,2.0855597471661684,2.0855597471661684,0.0,0.0
2019-08-13,0.024541691306918967,0.024541691306918967,2.1367429106832567,2.1367429106832567,0.0,0.0
2019-08-14,-0.025685425685425645,-0.025685425685425645,2.081859759442042,2.081859759442042,0.0,0.0
2019-08-15,0.011255924170616272,0.011255924170616272,2.105293015028179,2.105293015028179,0.0,0.0
2019-08-16,0.0014645577035734547,0.0014645577035734547,2.1083763381316176,2.1083763381316176,0.0,0.0
2019-08-19,-0.00497221409768922,-0.00497221409768922,2.097893039579925,2.097893039579925,0.0,0.0
2019-08-20,-0.004115226337448763,-0.004115226337448763,2.0892597348902955,2.0892597348902955,0.0,0.0
2019-08-21,0.0008854781582054994,0.0008854781582054994,2.0911097287523592,2.0911097287523592,0.0,0.0
2019-08-22,0.0029489826010025144,0.0029489826010025144,2.097276374959237,2.097276374959237,0.0,0.0
2019-08-23,-0.000882093501911152,-0.000882093501911152,2.0954263810971736,2.0954263810971736,0.0,0.0
2019-08-26,0.03590347263095928,0.03590347263095928,2.170659464821086,2.170659464821086,0.0,0.0
2019-08-27,0.0005681818181817455,0.0005681818181817455,2.1718927940624617,2.1718927940624617,0.0,0.0
2019-08-28,0.0005678591709257219,0.0005678591709257219,2.1731261233038377,2.1731261233038377,0.0,0.0
2019-08-29,0.01163450624290574,0.01163450624290574,2.198409372752038,2.198409372752038,0.0,0.0
2019-08-30,-0.015988779803646547,-0.015988779803646547,2.163259489372833,2.163259489372833,0.0,0.0
2019-09-02,-0.0054139110604333185,-0.0054139110604333185,2.15154779489673,2.15154779489673,0.0,0.0
2019-09-03,0.0018844221105527303,0.0018844221105527303,2.1556022191333444,2.1556022191333444,0.0,0.0
2019-09-04,0.007523510971786829,0.007523510971786829,2.171819916079802,2.171819916079802,0.0,0.0
2019-09-05,0.012445550715619147,0.012445550715619147,2.1988494109905647,2.1988494109905647,0.0,0.0
2019-09-06,0.0024585125998770607,0.0024585125998770607,2.204255309972717,2.204255309972717,0.0,0.0
2019-09-09,0.02391171060698949,0.02391171060698949,2.2569628250487046,2.2569628250487046,0.0,0.0
2019-09-10,-0.005389221556886259,-0.005389221556886259,2.2447995523388613,2.2447995523388613,0.0,0.0
2019-09-11,-0.013847080072245666,-0.013847080072245666,2.213715633191484,2.213715633191484,0.0,0.0
2019-09-12,0.004884004884004867,0.004884004884004867,2.224527431155789,2.224527431155789,0.0,0.0
2019-09-16,0.002430133657351119,0.002430133657351119,2.2299333301379414,2.2299333301379414,0.0,0.0
2019-09-17,-0.019393939393939297,-0.019393939393939297,2.186686138280721,2.186686138280721,0.0,0.0
2019-09-18,-0.0006180469715698633,-0.0006180469715698633,2.185334663535183,2.185334663535183,0.0,0.0
2019-09-19,0.015460729746443969,0.015460729746443969,2.2191215321736366,2.2191215321736366,0.0,0.0
2019-09-20,-0.0024360535931789995,-0.0024360535931789995,2.2137156331914842,2.2137156331914842,0.0,0.0
2019-09-23,-0.012967032967032943,-0.012967032967032943,2.185010309596254,2.185010309596254,0.0,0.0
2019-09-24,0.0028328611898018607,0.0028328611898018607,2.191200140501626,2.191200140501626,0.0,0.0
2019-09-25,-0.0028248587570622874,-0.0028248587570622874,2.185010309596254,2.185010309596254,0.0,0.0
2019-09-26,0.0018885741265344258,0.0018885741265344258,2.1891368635331685,2.1891368635331685,0.0,0.0
2019-09-27,0.0037700282752120007,0.0037700282752120007,2.1973899714069973,2.1973899714069973,0.0,0.0
2019-09-30,-0.0065727699530516714,-0.0065727699530516714,2.1829470326277964,2.1829470326277964,0.0,0.0
2019-10-08,-0.006616257088846833,-0.006616257088846833,2.1685040938485955,2.1685040938485955,0.0,0.0
2019-10-09,-0.0009514747859181716,-0.0009514747859181716,2.1664408168801383,2.1664408168801383,0.0,0.0
2019-10-10,-0.003809523809523929,-0.003809523809523929,2.158187709006309,2.158187709006309,0.0,0.0
2019-10-11,0.006692160611854625,0.006692160611854625,2.17263064778551,2.17263064778551,0.0,0.0
2019-10-14,-0.002849002849002802,-0.002849002849002802,2.1664408168801383,2.1664408168801383,0.0,0.0
2019-10-15,0.01333333333333342,0.01333333333333342,2.1953266944385406,2.1953266944385406,0.0,0.0
2019-10-16,0.011278195488721776,0.011278195488721776,2.220086018060028,2.220086018060028,0.0,0.0
2019-10-17,-0.0018587360594795044,-0.0018587360594795044,2.2159594641231135,2.2159594641231135,0.0,0.0
2019-10-18,-0.0018621973929238145,-0.0018621973929238145,2.2118329101861987,2.2118329101861987,0.0,0.0
2019-10-21,0.002654850746268478,0.002654850746268478,2.2177049964384277,2.2177049964384277,0.0,0.0
2019-10-22,0.009319664492078328,0.009319664492078328,2.2383732629476394,2.2383732629476394,0.0,0.0
2019-10-23,-0.004616805170821747,-0.004616805170821747,2.2280391296930335,2.2280391296930335,0.0,0.0
2019-10-24,0.011131725417439675,0.011131725417439675,2.2528410495040876,2.2528410495040876,0.0,0.0
2019-10-25,-0.0009174311926605228,-0.0009174311926605228,2.2507742228531664,2.2507742228531664,0.0,0.0
2019-10-28,0.005509641873278293,0.005509641873278293,2.2631751827586934,2.2631751827586934,0.0,0.0
2019-10-29,0.0,0.0,2.2631751827586934,2.2631751827586934,0.0,0.0
2019-10-30,0.0009132420091324533,0.0009132420091324533,2.2652420094096146,2.2652420094096146,0.0,0.0
2019-10-31,0.0018248175182482562,0.0018248175182482562,2.269375662711457,2.269375662711457,0.0,0.0
2019-11-01,0.0018214936247722413,0.0018214936247722413,2.2735093160132993,2.2735093160132993,0.0,0.0
2019-11-04,0.005454545454545379,0.005454545454545379,2.2859102759188263,2.2859102759188263,0.0,0.0
2019-11-05,0.006329113924050445,0.006329113924050445,2.300378062475274,2.300378062475274,0.0,0.0
2019-11-06,-0.010781671159029615,-0.010781671159029615,2.27557614266422,2.27557614266422,0.0,0.0
2019-11-07,0.0036330608537693543,0.0036330608537693543,2.2838434492679047,2.2838434492679047,0.0,0.0
2019-11-08,0.0,0.0,2.2838434492679047,2.2838434492679047,0.0,0.0
2019-11-11,-0.010859728506787292,-0.010859728506787292,2.2590415294568507,2.2590415294568507,0.0,0.0
2019-11-12,0.0045745654162856475,0.0045745654162856475,2.269375662711457,2.269375662711457,0.0,0.0
2019-11-13,0.006180327868852364,0.006180327868852364,2.2834011483646077,2.2834011483646077,0.0,0.0
2019-11-14,0.006535947712418277,0.006535947712418277,2.298325338876795,2.298325338876795,0.0,0.0
2019-11-15,0.0021645021645022577,0.0021645021645022577,2.303300069047524,2.303300069047524,0.0,0.0
2019-11-18,0.004319654427645814,0.004319654427645814,2.313249529388982,2.313249529388982,0.0,0.0
2019-11-19,0.006451612903225712,0.006451612903225712,2.3281737199011685,2.3281737199011685,0.0,0.0
2019-11-20,-0.002136752136752129,-0.002136752136752129,2.3231989897304395,2.3231989897304395,0.0,0.0
2019-11-21,-0.0064239828693790635,-0.0064239828693790635,2.3082747992182524,2.3082747992182524,0.0,0.0
2019-11-22,0.004310344827586299,0.004310344827586299,2.3182242595597105,2.3182242595597105,0.0,0.0
2019-11-25,0.0042918454935623185,0.0042918454935623185,2.3281737199011685,2.3281737199011685,0.0,0.0
2019-11-26,0.008547008547008517,0.008547008547008517,2.3480726405840846,2.3480726405840846,0.0,0.0
2019-11-27,0.006355932203389925,0.006355932203389925,2.3629968310962717,2.3629968310962717,0.0,0.0
2019-11-28,0.02736842105263171,0.02736842105263171,2.427668323315749,2.427668323315749,0.0,0.0
2019-11-29,0.002049180327868827,0.002049180327868827,2.432643053486478,2.432643053486478,0.0,0.0
2019-12-02,0.02249488752556239,0.02249488752556239,2.487365085364497,2.487365085364497,0.0,0.0
2019-12-03,-0.051999999999999935,-0.051999999999999935,2.358022100925543,2.358022100925543,0.0,0.0
2019-12-04,-0.012658227848101111,-0.012658227848101111,2.3281737199011694,2.3281737199011694,0.0,0.0
2019-12-05,0.002136752136752129,0.002136752136752129,2.3331484500718984,2.3331484500718984,0.0,0.0
2019-12-06,-0.00213219616204674,-0.00213219616204674,2.32817371990117,2.32817371990117,0.0,0.0
2019-12-09,0.0064102564102563875,0.0064102564102563875,2.343097910413357,2.343097910413357,0.0,0.0
2019-12-10,-0.006237791932059533,-0.006237791932059533,2.328482153171755,2.328482153171755,0.0,0.0
2019-12-11,-0.0026881720430109723,-0.0026881720430109723,2.322222792544949,2.322222792544949,0.0,0.0
2019-12-12,-0.0020000000000000018,-0.0020000000000000018,2.3175783469598588,2.3175783469598588,0.0,0.0
2019-12-13,0.021726010863005518,0.021726010863005518,2.3679300793017752,2.3679300793017752,0.0,0.0
2019-12-16,0.012994683992912037,0.012994683992912037,2.398700582399613,2.398700582399613,0.0,0.0
2019-12-17,0.013411078717201041,0.013411078717201041,2.43086974472917,2.43086974472917,0.0,0.0
2019-12-18,-0.007479861910241636,-0.007479861910241636,2.4126871747168113,2.4126871747168113,0.0,0.0
2019-12-19,-0.0005797101449277475,-0.0005797101449277475,2.411288515485091,2.411288515485091,0.0,0.0
2019-12-20,-0.009280742459396696,-0.009280742459396696,2.3889099677775727,2.3889099677775727,0.0,0.0
2019-12-23,-0.021662763466042123,-0.021662763466042123,2.3371595762039368,2.3371595762039368,0.0,0.0
2019-12-24,0.019748653500897717,0.019748653500897717,2.383315330850693,2.383315330850693,0.0,0.0
2019-12-25,0.008215962441314506,0.008215962441314506,2.4028965600947716,2.4028965600947716,0.0,0.0
2019-12-26,0.00465657741559955,0.00465657741559955,2.4140858339485307,2.4140858339485307,0.0,0.0
2019-12-27,-0.016222479721900385,-0.016222479721900385,2.374923375460374,2.374923375460374,0.0,0.0
2019-12-30,0.017078916372202713,0.017078916372202713,2.415484493180251,2.415484493180251,0.0,0.0
2019-12-31,0.0017371163867978545,0.0017371163867978545,2.4196804708754107,2.4196804708754107,0.0,0.0
2020-01-02,0.02023121387283222,0.02023121387283222,2.4686335439856064,2.4686335439856064,0.0,0.0
2020-01-03,-0.0005665722379603055,-0.0005665722379603055,2.4672348847538865,2.4672348847538865,0.0,0.0
2020-01-06,0.013605442176870763,0.013605442176870763,2.500802706315164,2.500802706315164,0.0,0.0
2020-01-07,0.019015659955257336,0.019015659955257336,2.54835712019364,2.54835712019364,0.0,0.0
2020-01-08,-0.016465422612513714,-0.016465422612513714,2.5063973432420434,2.5063973432420434,0.0,0.0
2020-01-09,0.026227678571428603,0.026227678571428603,2.5721343271328783,2.5721343271328783,0.0,0.0
2020-01-10,-0.004350190320826508,-0.004350190320826508,2.560945053279119,2.560945053279119,0.0,0.0
2020-01-13,0.016930638995084735,0.016930638995084735,2.604303489462436,2.604303489462436,0.0,0.0
2020-01-14,-0.0064446831364124435,-0.0064446831364124435,2.5875195786817975,2.5875195786817975,0.0,0.0
2020-01-15,-0.001621621621621827,-0.001621621621621827,2.5833236009866374,2.5833236009866374,0.0,0.0
2020-01-16,0.004872766648619464,0.004872766648619464,2.5959115340721164,2.5959115340721164,0.0,0.0
2020-01-17,0.0010775862068965747,0.0010775862068965747,2.598708852535556,2.598708852535556,0.0,0.0
2020-01-20,0.025296017222820266,0.025296017222820266,2.664445836426391,2.664445836426391,0.0,0.0
2020-01-21,-0.006824146981627255,-0.006824146981627255,2.6462632664140324,2.6462632664140324,0.0,0.0
2020-01-22,0.01374207188160681,0.01374207188160681,2.6826284064387496,2.6826284064387496,0.0,0.0
2020-01-23,-0.03388946819603755,-0.03388946819603755,2.5917155563769567,2.5917155563769567,0.0,0.0
2020-02-03,-0.07825148407987048,-0.07825148407987048,2.3889099677775727,2.3889099677775727,0.0,0.0
2020-02-04,0.06110538641686181,0.06110538641686181,2.5348852344737143,2.5348852344737143,0.0,0.0
2020-02-05,0.015625,0.015625,2.574492816262366,2.574492816262366,0.0,0.0
2020-02-06,0.019230769230769162,0.019230769230769162,2.6240022934981804,2.6240022934981804,0.0,0.0
2020-02-07,0.02264150943396226,0.02264150943396226,2.683413666181158,2.683413666181158,0.0,0.0
2020-02-10,0.016605166051660625,0.016605166051660625,2.7279721956933916,2.7279721956933916,0.0,0.0
2020-02-11,0.023593466424682186,0.023593466424682186,2.79233451609995,2.79233451609995,0.0,0.0
2020-02-12,0.02127659574468077,0.02127659574468077,2.8517458887829275,2.8517458887829275,0.0,0.0
2020-02-13,0.046513888888888966,0.046513888888888966,2.9843916801931223,2.9843916801931223,0.0,0.0
2020-02-14,-0.0005030181086518315,-0.0005030181086518315,2.982890477134675,2.982890477134675,0.0,0.0
2020-02-17,0.04227478610971325,0.04227478610971325,3.108991534044244,3.108991534044244,0.0,0.0
2020-02-18,0.00917431192660545,0.00917431192660545,3.1375143921547415,3.1375143921547415,0.0,0.0
2020-02-19,-0.017224880382775032,-0.017224880382775032,3.083471082050641,3.083471082050641,0.0,0.0
2020-02-20,0.022779941577409923,0.022779941577409923,3.1537123731553875,3.1537123731553875,0.0,0.0
2020-02-21,0.018105204252937934,0.018105204252937934,3.2108109798263835,3.2108109798263835,0.0,0.0
2020-02-24,-0.040219378427788,-0.040219378427788,3.0816741579686493,3.0816741579686493,0.0,0.0
2020-02-25,0.017142857142857126,0.017142857142857126,3.13450285781954,3.13450285781954,0.0,0.0
2020-02-26,-0.03003370786516857,-0.03003370786516857,3.040362114685252,3.040362114685252,0.0,0.0
2020-02-27,0.00027262813522344054,0.00027262813522344054,3.041191002938983,3.041191002938983,0.0,0.0
2020-02-28,-0.014512401199236802,-0.014512401199236802,2.997056018980823,2.997056018980823,0.0,0.0
2020-03-02,0.029573934837092697,0.029573934837092697,3.085690758389278,3.085690758389278,0.0,0.0
2020-03-03,0.018500486854917453,0.018500486854917453,3.142777539703199,3.142777539703199,0.0,0.0
2020-03-04,-0.0019120458891013214,-0.0019120458891013214,3.1367684048280497,3.1367684048280497,0.0,0.0
2020-03-05,0.015804597701149392,0.015804597701149392,3.186343767548033,3.186343767548033,0.0,0.0
2020-03-06,-0.0047147571900045815,-0.0047147571900045815,3.1713209303601597,3.1713209303601597,0.0,0.0
2020-03-09,-0.048330648981525504,-0.048330648981525504,3.018048931667158,3.018048931667158,0.0,0.0
2020-03-10,-0.012845039628313626,-0.012845039628313626,2.979281973539704,2.979281973539704,0.0,0.0
2020-03-11,0.009966777408637828,0.009966777408637828,3.0089758138075413,3.0089758138075413,0.0,0.0
2020-03-12,-0.010964912280701733,-0.010964912280701733,2.9759826579543884,2.9759826579543884,0.0,0.0
2020-03-13,-0.030349778270509997,-0.030349778270509997,2.8856622441485897,2.8856622441485897,0.0,0.0
2020-03-16,0.0,0.0,2.8856622441485897,2.8856622441485897,0.0,0.0
2020-03-17,0.0,0.0,2.8856622441485897,2.8856622441485897,0.0,0.0
2020-03-18,0.0,0.0,2.8856622441485897,2.8856622441485897,0.0,0.0
2020-03-19,0.0,0.0,2.8856622441485897,2.8856622441485897,0.0,0.0
2020-03-20,0.0,0.0,2.8856622441485897,2.8856622441485897,0.0,0.0
2020-03-23,-0.0010000000000000009,-0.0010000000000000009,2.8827765819044413,2.8827765819044413,0.0,0.0
2020-03-24,-0.013605442176870763,-0.013605442176870763,2.8435551318105032,2.8435551318105032,0.0,0.0
2020-03-25,0.016748768472906628,0.016748768472906628,2.891181178353143,2.891181178353143,0.0,0.0
2020-03-26,-0.026162790697674465,-0.026162790697674465,2.8155398103148337,2.8155398103148337,0.0,0.0
2020-03-27,0.011940298507462588,0.011940298507462588,2.8491581961096375,2.8491581961096375,0.0,0.0
2020-03-30,0.008849557522123908,0.008849557522123908,2.8743719854557406,2.8743719854557406,0.0,0.0
2020-03-31,-0.0029239766081872176,-0.0029239766081872176,2.8659673890070394,2.8659673890070394,0.0,0.0
2020-04-01,-0.029325513196480912,-0.029325513196480912,2.7819214245200294,2.7819214245200294,0.0,0.0
2020-04-02,-0.004028197381671705,-0.004028197381671705,2.7707152959217614,2.7707152959217614,0.0,0.0
2020-04-03,-0.013144590495449804,-0.013144590495449804,2.7342953779773906,2.7342953779773906,0.0,0.0
2020-04-07,0.0030737704918033515,0.0030737704918033515,2.742699974426092,2.742699974426092,0.0,0.0
2020-04-08,0.0010408580183862703,0.0010408580183862703,2.745554735686501,2.745554735686501,0.0,0.0
2020-04-09,-0.001000000000000112,-0.001000000000000112,2.742809180950814,2.742809180950814,0.0,0.0
2020-04-10,0.005753424657534145,0.005753424657534145,2.7585897269234074,2.7585897269234074,0.0,0.0
2020-04-13,-0.002271860528466507,-0.002271860528466507,2.752322595808577,2.752322595808577,0.0,0.0
2020-04-14,0.028506550218340587,0.028506550218340587,2.830781818103068,2.830781818103068,0.0,0.0
2020-04-15,-0.0045300113250282825,-0.0045300113250282825,2.817958344408377,2.817958344408377,0.0,0.0
2020-04-16,-0.0201660978384528,-0.0201660978384528,2.761131120730353,2.761131120730353,0.0,0.0
2020-04-17,0.018143009605122717,0.018143009605122717,2.811226349174767,2.811226349174767,0.0,0.0
2020-04-20,-0.0031446540880503138,-0.0031446540880503138,2.8023860147433997,2.8023860147433997,0.0,0.0
2020-04-21,-0.015642481598317715,-0.015642481598317715,2.7585497430763932,2.7585497430763932,0.0,0.0
2020-04-22,-0.009302325581395321,-0.009302325581395321,2.732888815233822,2.732888815233822,0.0,0.0
2020-04-23,0.0038568075117371148,0.0038568075117371148,2.7434290413451583,2.7434290413451583,0.0,0.0
2020-04-24,-0.006109979633401208,-0.006109979633401208,2.726666745776858,2.726666745776858,0.0,0.0
2020-04-27,0.032786885245901676,0.032786885245901676,2.8160656554744596,2.8160656554744596,0.0,0.0
2020-04-28,0.011904761904761862,0.011904761904761862,2.84959024661106,2.84959024661106,0.0,0.0
2020-04-29,0.025396078431372704,0.025396078431372704,2.921958664011269,2.921958664011269,0.0,0.0
2020-04-30,0.0,0.0,2.921958664011269,2.921958664011269,0.0,0.0
2020-05-06,-0.008163265306122436,-0.008163265306122436,2.898105940223422,2.898105940223422,0.0,0.0
2020-05-07,-0.0071337448559671834,-0.0071337448559671834,2.8774315918803053,2.8774315918803053,0.0,0.0
2020-05-08,0.008395061728394992,0.008395061728394992,2.901587807713374,2.901587807713374,0.0,0.0
2020-05-11,-0.008814887365327984,-0.008814887365327984,2.876010638007772,2.876010638007772,0.0,0.0
2020-05-12,0.009387351778656239,0.009387351778656239,2.9030087615859084,2.9030087615859084,0.0,0.0
2020-05-13,0.005327459618208241,0.005327459618208241,2.918474423534562,2.918474423534562,0.0,0.0
2020-05-14,-0.01941747572815533,-0.01941747572815533,2.8618050172523373,2.8618050172523373,0.0,0.0
2020-05-15,0.00990099009900991,0.00990099009900991,2.8901397203934494,2.8901397203934494,0.0,0.0
2020-05-18,0.007843137254901933,0.007843137254901933,2.9128074829063393,2.9128074829063393,0.0,0.0
2020-05-19,0.01741634241245138,0.01741634241245138,2.9635379354101867,2.9635379354101867,0.0,0.0
2020-05-20,-0.009704027171276053,-0.009704027171276053,2.934779682761859,2.934779682761859,0.0,0.0
2020-05-21,-0.010289073983341557,-0.010289073983341557,2.9045835174811145,2.9045835174811145,0.0,0.0
2020-05-22,-0.025714851485148627,-0.025714851485148627,2.829892583702877,2.829892583702877,0.0,0.0
2020-05-25,-0.003807503234152687,-0.003807503234152687,2.8191177585381237,2.8191177585381237,0.0,0.0
2020-05-26,0.019743336623889496,0.019743336623889496,2.874776549427327,2.874776549427327,0.0,0.0
2020-05-27,0.013457889641820042,0.013457889641820042,2.913464974974412,2.913464974974412,0.0,0.0
2020-05-28,0.020964360587002018,0.020964360587002018,2.9745439052673763,2.9745439052673763,0.0,0.0
2020-05-29,0.0,0.0,2.9745439052673763,2.9745439052673763,0.0,0.0
2020-06-01,0.01642710472279263,0.01642710472279263,3.023407049501748,3.023407049501748,0.0,0.0
2020-06-02,0.009090909090909038,0.009090909090909038,3.050892568133582,3.050892568133582,0.0,0.0
2020-06-03,0.019977977977977845,0.019977977977977845,3.111843232672931,3.111843232672931,0.0,0.0
2020-06-04,0.0,0.0,3.111843232672931,3.111843232672931,0.0,0.0
2020-06-05,0.0018365472910928382,0.0018365472910928382,3.117558279932202,3.117558279932202,0.0,0.0
2020-06-08,0.004582951420714965,0.004582951420714965,3.131845898080379,3.131845898080379,0.0,0.0
2020-06-09,0.012773722627737127,0.012773722627737127,3.171851228895274,3.171851228895274,0.0,0.0
2020-06-10,0.008108108108108025,0.008108108108108025,3.1975689415619923,3.1975689415619923,0.0,0.0
2020-06-11,-0.02859696157283298,-0.02859696157283298,3.10612818541366,3.10612818541366,0.0,0.0
2020-06-12,-0.013799448022078997,-0.013799448022078997,3.06326533096913,3.06326533096913,0.0,0.0
2020-06-15,-0.028917910447761375,-0.028917910447761375,2.9746820984504323,2.9746820984504323,0.0,0.0
2020-06-16,0.05187319884726227,0.05187319884726227,3.128988374450743,3.128988374450743,0.0,0.0
2020-06-17,-0.0020000000000000018,-0.0020000000000000018,3.1227303977018415,3.1227303977018415,0.0,0.0
2020-06-18,-0.0009633911368017722,-0.0009633911368017722,3.119721986914074,3.119721986914074,0.0,0.0
2020-06-19,-0.0010376084860171941,-0.0010376084860171941,3.1164849369064376,3.1164849369064376,0.0,0.0
2020-06-22,0.011170688114387817,0.011170688114387817,3.151298218149807,3.151298218149807,0.0,0.0
2020-06-23,0.01944321696862583,0.01944321696862583,3.2125695931381375,3.2125695931381375,0.0,0.0
2020-06-24,0.0,0.0,3.2125695931381375,3.2125695931381375,0.0,0.0
2020-06-29,-0.005201560468140465,-0.005201560468140465,3.19585921814132,3.19585921814132,0.0,0.0
2020-06-30,0.025830936819172035,0.025830936819172035,3.278411255688097,3.278411255688097,0.0,0.0
2020-07-01,0.012797074954296273,0.012797074954296273,3.3203653302581464,3.3203653302581464,0.0,0.0
2020-07-02,0.0180505415162453,0.0180505415162453,3.3802997225010727,3.3802997225010727,0.0,0.0
2020-07-03,0.005319148936170137,0.005319148936170137,3.3982800401739506,3.3982800401739506,0.0,0.0
2020-07-06,0.005291005291005346,0.005291005291005346,3.416260357846829,3.416260357846829,0.0,0.0
2020-07-07,0.0052631578947368585,0.0052631578947368585,3.434240675519707,3.434240675519707,0.0,0.0
2020-07-08,-0.0017452006980802626,-0.0017452006980802626,3.428247236295414,3.428247236295414,0.0,0.0
2020-07-09,0.010489510489510412,0.010489510489510412,3.46420787164117,3.46420787164117,0.0,0.0
2020-07-10,-0.0017301038062284002,-0.0017301038062284002,3.4582144324168773,3.4582144324168773,0.0,0.0
2020-07-13,0.01906412478336228,0.01906412478336228,3.524142263884097,3.524142263884097,0.0,0.0
2020-07-14,-0.013605442176870763,-0.013605442176870763,3.4761947500897556,3.4761947500897556,0.0,0.0
2020-07-15,0.0017241379310344307,0.0017241379310344307,3.4821881893140483,3.4821881893140483,0.0,0.0
2020-07-16,-0.08777969018932863,-0.08777969018932863,3.176522788875122,3.176522788875122,0.0,0.0
2020-07-17,0.08867924528301874,0.08867924528301874,3.4582144324168778,3.4582144324168778,0.0,0.0
2020-07-20,-0.007188908145580597,-0.007188908145580597,3.4333536465145116,3.4333536465145116,0.0,0.0
2020-07-21,0.023041474654378113,0.023041474654378113,3.512463177540192,3.512463177540192,0.0,0.0
2020-07-22,-0.0018018018018017834,-0.0018018018018017834,3.506134415058138,3.506134415058138,0.0,0.0
2020-07-23,0.011732851985559511,0.011732851985559511,3.547271371191491,3.547271371191491,0.0,0.0
2020-07-24,-0.023366636931311358,-0.023366636931311358,3.4643835689640246,3.4643835689640246,0.0,0.0
2020-07-27,0.0011824990145841152,0.0011824990145841152,3.468480199120466,3.468480199120466,0.0,0.0
2020-07-28,0.010966141732283496,0.010966141732283496,3.50651604457964,3.50651604457964,0.0,0.0
2020-07-29,-0.0009033423667569318,-0.0009033423667569318,3.5033484600768583,3.5033484600768583,0.0,0.0
2020-07-30,-0.0029023508137432374,-0.0029023508137432374,3.493180513822928,3.493180513822928,0.0,0.0
2020-07-31,0.010062290368950677,0.010062290368950677,3.5283299104641745,3.5283299104641745,0.0,0.0
2020-08-03,-0.003795066413662229,-0.003795066413662229,3.514939664124652,3.514939664124652,0.0,0.0
2020-08-04,0.0014285714285715567,0.0014285714285715567,3.5199610065019735,3.5199610065019735,0.0,0.0
2020-08-05,0.02710413694721825,0.02710413694721825,3.615366511671071,3.615366511671071,0.0,0.0
2020-08-06,0.007638888888888751,0.007638888888888751,3.6429838947463358,3.6429838947463358,0.0,0.0
2020-08-07,0.005743165632897007,0.005743165632897007,3.66390615465184,3.66390615465184,0.0,0.0
2020-08-10,-0.0066240292370945975,-0.0066240292370945975,3.6396363331614556,3.6396363331614556,0.0,0.0
2020-08-11,-0.02207404000919755,-0.02207404000919755,3.5592948551243206,3.5592948551243206,0.0,0.0
2020-08-12,-0.062073830237479366,-0.062073830237479366,3.3383557905221997,3.3383557905221997,0.0,0.0
2020-08-13,0.016294810729506226,0.016294810729506226,3.39275366627651,3.39275366627651,0.0,0.0
2020-08-14,0.006370004933399009,0.006370004933399009,3.414365523868499,3.414365523868499,0.0,0.0
2020-08-17,-0.0016474464579900872,-0.0016474464579900872,3.4087405394799184,3.4087405394799184,0.0,0.0
2020-08-18,0.0033003300330032292,0.0033003300330032292,3.4199905082570794,3.4199905082570794,0.0,0.0
2020-08-19,0.008223684210526327,0.008223684210526327,3.4481154301999832,3.4481154301999832,0.0,0.0
2020-08-20,-0.0032626427406199365,-0.0032626427406199365,3.436865461422822,3.436865461422822,0.0,0.0
2020-08-21,0.019639934533551617,0.019639934533551617,3.5043652740857905,3.5043652740857905,0.0,0.0
2020-08-24,0.027287319422151013,0.027287319422151013,3.5999900086916634,3.5999900086916634,0.0,0.0
2020-08-25,0.02968750000000009,0.02968750000000009,3.7068647120746974,3.7068647120746974,0.0,0.0
2020-08-26,-0.01669195751138086,-0.01669195751138086,3.6449898838003096,3.6449898838003096,0.0,0.0
2020-08-27,0.035493827160493874,0.035493827160493874,3.7743645247376665,3.7743645247376665,0.0,0.0
2020-08-28,0.010432190760059523,0.010432190760059523,3.8137394154577313,3.8137394154577313,0.0,0.0
2020-08-31,0.017135693215339032,0.017135693215339032,3.8790904840842613,3.8790904840842613,0.0,0.0
2020-09-01,-0.005319148936170026,-0.005319148936170026,3.8584570240625373,3.8584570240625373,0.0,0.0
2020-09-02,0.0017825311942958333,0.0017825311942958333,3.865334844069779,3.865334844069779,0.0,0.0
2020-09-03,0.019572953736654686,0.019572953736654686,3.940990864149436,3.940990864149436,0.0,0.0
2020-09-04,-0.028125654450261606,-0.028125654450261606,3.830147916912731,3.830147916912731,0.0,0.0
2020-09-07,0.0038387715930903177,0.0038387715930903177,3.8448509799335095,3.8448509799335095,0.0,0.0
2020-09-08,0.002868068833651982,0.002868068833651982,3.855878277199093,3.855878277199093,0.0,0.0
2020-09-09,-0.008579599618684375,-0.008579599618684375,3.8227963854023423,3.8227963854023423,0.0,0.0
2020-09-10,0.006730769230769207,0.006730769230769207,3.8485267456887042,3.8485267456887042,0.0,0.0
2020-09-11,0.018970391595033442,0.018970391595033442,3.9215348051183785,3.9215348051183785,0.0,0.0
2020-09-14,0.021180030257186067,0.021180030257186067,4.004593030945394,4.004593030945394,0.0,0.0
2020-09-15,0.008349629629629707,0.008349629629629707,4.038029899571184,4.038029899571184,0.0,0.0
2020-09-16,-0.01834862385321101,-0.01834862385321101,3.9639376078359327,3.9639376078359327,0.0,0.0
2020-09-17,0.0018691588785046953,0.0018691588785046953,3.971346837009458,3.971346837009458,0.0,0.0
2020-09-18,0.029850746268656803,0.029850746268656803,4.08989450378586,4.08989450378586,0.0,0.0
2020-09-21,-0.009057971014492794,-0.009057971014492794,4.052848357918235,4.052848357918235,0.0,0.0
2020-09-22,-0.01188299817184657,-0.01188299817184657,4.004688368290321,4.004688368290321,0.0,0.0
2020-09-23,-0.0046253469010174575,-0.0046253469010174575,3.9861652953565083,3.9861652953565083,0.0,0.0
2020-09-24,0.0009293680297397522,0.0009293680297397522,3.9898699099432706,3.9898699099432706,0.0,0.0
2020-09-25,-0.004642525533890329,-0.004642525533890329,3.9713468370094582,3.9713468370094582,0.0,0.0
2020-09-28,0.008395522388059629,0.008395522388059629,4.004688368290321,4.004688368290321,0.0,0.0
2020-09-29,-0.00832562442183149,-0.00832562442183149,3.9713468370094582,3.9713468370094582,0.0,0.0
2020-09-30,0.005597014925373234,0.005597014925373234,3.993574524530034,3.993574524530034,0.0,0.0
2020-10-09,0.05751391465677158,0.05751391465677158,4.223260628909311,4.223260628909311,0.0,0.0
2020-10-12,0.007894736842105399,0.007894736842105399,4.256602160190175,4.256602160190175,0.0,0.0
2020-10-13,-0.0174064403829417,-0.0174064403829417,4.182509868454924,4.182509868454924,0.0,0.0
2020-10-14,-0.00177147918511944,-0.00177147918511944,4.175100639281399,4.175100639281399,0.0,0.0
2020-10-15,-0.0020000000000000018,-0.0020000000000000018,4.166750438002836,4.166750438002836,0.0,0.0
2020-10-16,-0.006037735849056647,-0.006037735849056647,4.141592699509234,4.141592699509234,0.0,0.0
2020-10-19,-0.01290812452543666,-0.01290812452543666,4.0881325052103294,4.0881325052103294,0.0,0.0
2020-10-20,0.017307692307692246,0.017307692307692246,4.158888644723585,4.158888644723585,0.0,0.0
2020-10-21,-0.012476370510396961,-0.012476370510396961,4.107000809080531,4.107000809080531,0.0,0.0
2020-10-22,-0.011485451761102716,-0.011485451761102716,4.059830049405027,4.059830049405027,0.0,0.0
2020-10-23,-0.0275104570100696,-0.0275104570100696,3.948142269362681,3.948142269362681,0.0,0.0
2020-10-26,0.007073386383731117,0.007073386383731117,3.976069005131824,3.976069005131824,0.0,0.0
2020-10-27,-0.0035118525021948788,-0.0035118525021948788,3.9621056372472525,3.9621056372472525,0.0,0.0
2020-10-28,-0.00440528634361248,-0.00440528634361248,3.944651427391537,3.944651427391537,0.0,0.0
2020-10-29,-0.009734513274336165,-0.009734513274336165,3.906252165708965,3.906252165708965,0.0,0.0
2020-10-30,-0.0017873100983020196,-0.0017873100983020196,3.8992704817666795,3.8992704817666795,0.0,0.0
2020-11-02,-0.009943598925693853,-0.009943598925693853,3.8604976999931946,3.8604976999931946,0.0,0.0
2020-11-03,0.0,0.0,3.8604976999931946,3.8604976999931946,0.0,0.0
2020-11-04,0.0,0.0,3.8604976999931946,3.8604976999931946,0.0,0.0
2020-11-05,0.0,0.0,3.8604976999931946,3.8604976999931946,0.0,0.0
2020-11-06,0.0,0.0,3.8604976999931946,3.8604976999931946,0.0,0.0
2020-11-09,-0.0010000000000000009,-0.0010000000000000009,3.8566372022932014,3.8566372022932014,0.0,0.0
2020-11-10,-0.0034572169403630504,-0.0034572169403630504,3.843303970824599,3.843303970824599,0.0,0.0
2020-11-11,0.012142237640936804,0.012142237640936804,3.8899702809647074,3.8899702809647074,0.0,0.0
2020-11-12,0.010282776349614497,0.010282776349614497,3.9299699753705144,3.9299699753705144,0.0,0.0
2020-11-13,-0.004240882103477617,-0.004240882103477617,3.913303436034761,3.913303436034761,0.0,0.0
2020-11-16,0.022998296422487297,0.022998296422487297,4.003302748447827,4.003302748447827,0.0,0.0
2020-11-17,-0.0016652789342215257,-0.0016652789342215257,3.9966361327135256,3.9966361327135256,0.0,0.0
2020-11-18,-0.012510425354462118,-0.012510425354462118,3.9466365147062668,3.9466365147062668,0.0,0.0
2020-11-19,0.0016891891891892552,0.0016891891891892552,3.953303130440568,3.953303130440568,0.0,0.0
2020-11-20,-0.002529510961214121,-0.002529510961214121,3.9433032068391167,3.9433032068391167,0.0,0.0
2020-11-23,0.01183431952662728,0.01183431952662728,3.9899695169792246,3.9899695169792246,0.0,0.0
2020-11-24,0.012531328320801949,0.012531328320801949,4.039969134986483,4.039969134986483,0.0,0.0
2020-11-25,0.0033003300330032292,0.0033003300330032292,4.0533023664550845,4.0533023664550845,0.0,0.0
2020-11-26,0.012335526315789602,0.012335526315789602,4.103301984462344,4.103301984462344,0.0,0.0
2020-11-27,0.004874086108854536,0.004874086108854536,4.1233018316652466,4.1233018316652466,0.0,0.0
2020-11-30,0.0,0.0,4.1233018316652466,4.1233018316652466,0.0,0.0
2020-12-01,0.01212611156022625,0.01212611156022625,4.173301449672505,4.173301449672505,0.0,0.0
2020-12-02,-0.005591054313099031,-0.005591054313099031,4.149968294602451,4.149968294602451,0.0,0.0
2020-12-03,-0.0016064257028112205,-0.0016064257028112205,4.14330167886815,4.14330167886815,0.0,0.0
2020-12-04,-0.006436041834271933,-0.006436041834271933,4.116635215930946,4.116635215930946,0.0,0.0
2020-12-07,-0.0024291497975709175,-0.0024291497975709175,4.106635292329494,4.106635292329494,0.0,0.0
2020-12-08,-0.010551948051947813,-0.010551948051947813,4.063302290056537,4.063302290056537,0.0,0.0
2020-12-09,0.01968826907301069,0.01968826907301069,4.143301678868151,4.143301678868151,0.0,0.0
2020-12-10,-0.0032180209171358554,-0.0032180209171358554,4.129968447399549,4.129968447399549,0.0,0.0
2020-12-11,-0.0032284100080711697,-0.0032284100080711697,4.1166352159309465,4.1166352159309465,0.0,0.0
2020-12-14,0.0008097165991902688,0.0008097165991902688,4.119968523798097,4.119968523798097,0.0,0.0
2020-12-15,-0.0008090614886729908,-0.0008090614886729908,4.116635215930947,4.116635215930947,0.0,0.0
2020-12-16,0.004464777327935376,0.004464777327935376,4.135015075510416,4.135015075510416,0.0,0.0
2020-12-17,0.010123734533183493,0.010123734533183493,4.176876870425595,4.176876870425595,0.0,0.0
2020-12-18,-0.0022271714922049712,-0.0022271714922049712,4.167574249333333,4.167574249333333,0.0,0.0
2020-12-21,0.033482142857142794,0.033482142857142794,4.307113565717261,4.307113565717261,0.0,0.0
2020-12-22,-0.021598272138228958,-0.021598272138228958,4.214087354794642,4.214087354794642,0.0,0.0
2020-12-23,0.009933774834437026,0.009933774834437026,4.25594914970982,4.25594914970982,0.0,0.0
2020-12-24,-0.006921675774134828,-0.006921675774134828,4.226490849584324,4.226490849584324,0.0,0.0
2020-12-25,0.00843727072633893,0.00843727072633893,4.262150897104661,4.262150897104661,0.0,0.0
2020-12-28,-0.0014550745725717684,-0.0014550745725717684,4.25594914970982,4.25594914970982,0.0,0.0
2020-12-29,-0.010200364298724951,-0.010200364298724951,4.212536917945931,4.212536917945931,0.0,0.0
2020-12-30,0.028119985277879955,0.028119985277879955,4.330993394061096,4.330993394061096,0.0,0.0
2020-12-31,0.03417412530512598,0.03417412530512598,4.479001305005413,4.479001305005413,0.0,0.0
2021-01-04,0.00472069236821393,0.00472069236821393,4.500145292283173,4.500145292283173,0.0,0.0
2021-01-05,0.001566170712607784,0.001566170712607784,4.507193288042426,4.507193288042426,0.0,0.0
2021-01-06,0.008600469116497367,0.008600469116497367,4.54595726471832,4.54595726471832,0.0,0.0
2021-01-07,-0.0031007751937984773,-0.0031007751937984773,4.531861273199813,4.531861273199813,0.0,0.0
2021-01-08,0.0038880248833592645,0.0038880248833592645,4.549481262597946,4.549481262597946,0.0,0.0
2021-01-11,0.02196436870642926,0.02196436870642926,4.649407746472638,4.649407746472638,0.0,0.0
2021-01-12,-0.006034482758620507,-0.006034482758620507,4.6213509755887525,4.6213509755887525,0.0,0.0
2021-01-13,-0.004596704249783201,-0.004596704249783201,4.600107991919524,4.600107991919524,0.0,0.0
2021-01-14,0.010752688172043001,0.010752688172043001,4.649571518714358,4.649571518714358,0.0,0.0
2021-01-15,0.017717325227963654,0.017717325227963654,4.731949489482097,4.731949489482097,0.0,0.0
2021-01-18,0.0187290969899665,0.0187290969899665,4.82057463042223,4.82057463042223,0.0,0.0
2021-01-19,-0.022980958634274296,-0.022980958634274296,4.709793204247064,4.709793204247064,0.0,0.0
2021-01-20,0.038241935483871003,0.038241935483871003,4.889904812106255,4.889904812106255,0.0,0.0
2021-01-21,0.005700617283950438,0.005700617283950438,4.91778028799502,4.91778028799502,0.0,0.0
2021-01-22,0.02046599496221657,0.02046599496221657,5.018427554594414,5.018427554594414,0.0,0.0
2021-01-25,0.000308546744831828,0.000308546744831828,5.019975974080558,5.019975974080558,0.0,0.0
2021-01-26,-0.02776064157927194,-0.02776064157927194,4.880618220327551,4.880618220327551,0.0,0.0
2021-01-27,0.004441624365482122,0.004441624365482122,4.9022960931335735,4.9022960931335735,0.0,0.0
2021-01-28,-0.03442830069488301,-0.03442830069488301,4.7335183691438205,4.7335183691438205,0.0,0.0
2021-01-29,-0.009159306509650023,-0.009159306509650023,4.690162623531774,4.690162623531774,0.0,0.0
2021-02-01,0.008913832948167721,0.008913832948167721,4.731969949657676,4.731969949657676,0.0,0.0
2021-02-02,0.020287958115183136,0.020287958115183136,4.827971957798637,4.827971957798637,0.0,0.0
2021-02-03,-0.005840923669018672,-0.005840923669018672,4.799772142116972,4.799772142116972,0.0,0.0
2021-02-04,-0.008849557522124019,-0.008849557522124019,4.75729628245222,4.75729628245222,0.0,0.0
2021-02-05,0.013392857142857206,0.013392857142857206,4.821010071949348,4.821010071949348,0.0,0.0
2021-02-08,0.005873715124816492,0.005873715124816492,4.849327311725849,4.849327311725849,0.0,0.0
2021-02-09,-0.0014598540145985828,-0.0014598540145985828,4.842248001781724,4.842248001781724,0.0,0.0
2021-02-10,0.004385964912280604,0.004385964912280604,4.8634859316140995,4.8634859316140995,0.0,0.0
2021-02-18,-0.005822416302765587,-0.005822416302765587,4.835168691837598,4.835168691837598,0.0,0.0
2021-02-19,-0.0014641288433382416,-0.0014641288433382416,4.828089381893473,4.828089381893473,0.0,0.0
2021-02-22,-0.010263929618768208,-0.010263929618768208,4.778534212284596,4.778534212284596,0.0,0.0
2021-02-23,-0.01530666666666669,-0.01530666666666669,4.705390781941893,4.705390781941893,0.0,0.0
2021-02-24,-0.01988217967599415,-0.01988217967599415,4.611837356969557,4.611837356969557,0.0,0.0
2021-02-25,0.021788129226145925,0.021788129226145925,4.712320665273177,4.712320665273177,0.0,0.0
2021-02-26,-0.04117647058823526,-0.04117647058823526,4.518283931997223,4.518283931997223,0.0,0.0
2021-03-01,0.013803680981595123,0.013803680981595123,4.5806528819787795,4.5806528819787795,0.0,0.0
2021-03-02,-0.009077155824508298,-0.009077155824508298,4.539073581991075,4.539073581991075,0.0,0.0
2021-03-03,0.003575572519084025,0.003575572519084025,4.555303368752942,4.555303368752942,0.0,0.0
2021-03-04,0.0,0.0,4.555303368752942,4.555303368752942,0.0,0.0
2021-03-05,0.0,0.0,4.555303368752942,4.555303368752942,0.0,0.0
2021-03-08,0.0,0.0,4.555303368752942,4.555303368752942,0.0,0.0
2021-03-09,0.0,0.0,4.555303368752942,4.555303368752942,0.0,0.0
2021-03-10,-0.0010000000000000009,-0.0010000000000000009,4.550748065384189,4.550748065384189,0.0,0.0
2021-03-11,0.025466893039049365,0.025466893039049365,4.66664147961299,4.66664147961299,0.0,0.0
2021-03-12,-0.024834437086092787,-0.024834437086092787,4.55074806538419,4.55074806538419,0.0,0.0
2021-03-15,-0.006791171477079749,-0.006791171477079749,4.519843154923177,4.519843154923177,0.0,0.0
2021-03-16,-0.002564102564102444,-0.002564102564102444,4.508253813500298,4.508253813500298,0.0,0.0
2021-03-17,0.0025706940874035134,0.0025706940874035134,4.519843154923177,4.519843154923177,0.0,0.0
2021-03-18,0.018803418803418737,0.018803418803418737,4.604831658690963,4.604831658690963,0.0,0.0
2021-03-19,-0.005033557046979942,-0.005033557046979942,4.581652975845203,4.581652975845203,0.0,0.0
2021-03-22,-0.006745362563237656,-0.006745362563237656,4.55074806538419,4.55074806538419,0.0,0.0
2021-03-23,0.0,0.0,4.55074806538419,4.55074806538419,0.0,0.0
2021-03-24,-0.003395585738539819,-0.003395585738539819,4.535295610153684,4.535295610153684,0.0,0.0
2021-03-25,-0.005110732538330498,-0.005110732538330498,4.512116927307924,4.512116927307924,0.0,0.0
2021-03-26,0.010273972602739656,0.010273972602739656,4.558474292999443,4.558474292999443,0.0,0.0
2021-03-29,0.004237288135593209,0.004237288135593209,4.577789862037576,4.577789862037576,0.0,0.0
2021-03-30,0.005907172995780474,0.005907172995780474,4.604831658690961,4.604831658690961,0.0,0.0
2021-03-31,0.008389261744966348,0.008389261744966348,4.643462796767227,4.643462796767227,0.0,0.0
2021-04-01,0.004991680532445919,0.004991680532445919,4.666641479612987,4.666641479612987,0.0,0.0
2021-04-02,0.005794701986755024,0.005794701986755024,4.693683276266373,4.693683276266373,0.0,0.0
2021-04-06,0.012345679012345512,0.012345679012345512,4.751629983380773,4.751629983380773,0.0,0.0
2021-04-07,-0.0036227642276422944,-0.0036227642276422944,4.7344159482539885,4.7344159482539885,0.0,0.0
2021-04-08,0.01313868613138669,0.01313868613138669,4.796619953413529,4.796619953413529,0.0,0.0
2021-04-09,0.0,0.0,4.796619953413529,4.796619953413529,0.0,0.0
2021-04-12,0.01008645533141217,0.01008645533141217,4.845000846315395,4.845000846315395,0.0,0.0
2021-04-13,-0.0028530670470756636,-0.0028530670470756636,4.831177734057719,4.831177734057719,0.0,0.0
2021-04-14,0.01573676680972813,0.01573676680972813,4.907204851474936,4.907204851474936,0.0,0.0
2021-04-15,-0.011267605633802913,-0.011267605633802913,4.851912402444232,4.851912402444232,0.0,0.0
2021-04-16,0.007122507122507171,0.007122507122507171,4.886470183088422,4.886470183088422,0.0,0.0
2021-04-19,0.004243281471004279,0.004243281471004279,4.907204851474936,4.907204851474936,0.0,0.0
2021-04-20,-0.014084507042253502,-0.014084507042253502,4.838089290186557,4.838089290186557,0.0,0.0
2021-04-21,-0.0071428571428571175,-0.0071428571428571175,4.803531509542367,4.803531509542367,0.0,0.0
2021-04-22,0.008633093525179936,0.008633093525179936,4.845000846315395,4.845000846315395,0.0,0.0
2021-04-23,-0.013389443651925848,-0.013389443651925848,4.780128980490122,4.780128980490122,0.0,0.0
2021-04-26,-0.009685230024213176,-0.009685230024213176,4.733832331768668,4.733832331768668,0.0,0.0
2021-04-27,0.007334963325183352,0.007334963325183352,4.768554818309759,4.768554818309759,0.0,0.0
2021-04-28,0.022538141470180184,0.022538141470180184,4.876029181413133,4.876029181413133,0.0,0.0
2021-04-29,0.0010172939979653517,0.0010172939979653517,4.8809895366332885,4.8809895366332885,0.0,0.0
2021-04-30,0.012533875338753386,0.012533875338753386,4.94216725101521,4.94216725101521,0.0,0.0
2021-05-06,-0.02843760455001687,-0.02843760455001687,4.8016238531107955,4.8016238531107955,0.0,0.0
2021-05-07,-0.029269972451790527,-0.029269972451790527,4.661080455206382,4.661080455206382,0.0,0.0
2021-05-10,0.0028378857750974706,0.0028378857750974706,4.674308069126797,4.674308069126797,0.0,0.0
2021-05-11,-0.0014149274849664106,-0.0014149274849664106,4.667694262166589,4.667694262166589,0.0,0.0
2021-05-12,0.012848034006376352,0.012848034006376352,4.727664956778273,4.727664956778273,0.0,0.0
2021-05-13,-0.02363367799113747,-0.02363367799113747,4.615932845539791,4.615932845539791,0.0,0.0
2021-05-14,-0.024205748865355536,-0.024205748865355536,4.504200734301309,4.504200734301309,0.0,0.0
2021-05-17,0.005736434108527089,0.005736434108527089,4.530038785025208,4.530038785025208,0.0,0.0
2021-05-18,-0.006318589956767595,-0.006318589956767595,4.50141532745438,4.50141532745438,0.0,0.0
2021-05-19,0.008032128514056325,0.008032128514056325,4.537571273859636,4.537571273859636,0.0,0.0
2021-05-20,0.010292164674634785,0.010292164674634785,4.584272704633092,4.584272704633092,0.0,0.0
2021-05-21,-0.010187315149523535,-0.010187315149523535,4.537571273859636,4.537571273859636,0.0,0.0
2021-05-24,0.007968127490039834,0.007968127490039834,4.573727220264892,4.573727220264892,0.0,0.0
2021-05-25,0.02733860342556005,0.02733860342556005,4.698766534916404,4.698766534916404,0.0,0.0
2021-05-26,-0.00769477396601459,-0.00769477396601459,4.662610588511148,4.662610588511148,0.0,0.0
2021-05-27,0.0074313408723747365,0.0074313408723747365,4.697260037149518,4.697260037149518,0.0,0.0
2021-05-28,0.0009621552277101486,0.0009621552277101486,4.7017795304501755,4.7017795304501755,0.0,0.0
2021-05-31,0.023710349247036078,0.023710349247036078,4.813260365199715,4.813260365199715,0.0,0.0
2021-06-01,-0.0021909233176837795,-0.0021909233176837795,4.802714880831515,4.802714880831515,0.0,0.0
2021-06-02,-0.017252195734002496,-0.017252195734002496,4.719857503652803,4.719857503652803,0.0,0.0
2021-06-03,-0.01085221832109784,-0.01085221832109784,4.668636579578691,4.668636579578691,0.0,0.0
2021-06-04,0.013552758954501476,0.013552758954501476,4.731909485787889,4.731909485787889,0.0,0.0
2021-06-07,-0.006049028971665149,-0.006049028971665149,4.703286028217061,4.703286028217061,0.0,0.0
2021-06-08,-0.005445227418321541,-0.005445227418321541,4.677675566180005,4.677675566180005,0.0,0.0
2021-06-09,-0.0016103059581320522,-0.0016103059581320522,4.6701430773455765,4.6701430773455765,0.0,0.0
2021-06-10,0.02548387096774185,0.02548387096774185,4.789156400929544,4.789156400929544,0.0,0.0
2021-06-11,0.005033029254482457,0.005033029254482457,4.813260365199715,4.813260365199715,0.0,0.0
2021-06-15,-0.012519561815336533,-0.012519561815336533,4.753000454524288,4.753000454524288,0.0,0.0
2021-06-16,-0.043438351822503773,-0.043438351822503773,4.546537948568141,4.546537948568141,0.0,0.0
2021-06-17,-0.0028901734104046506,-0.0028901734104046506,4.533397665479794,4.533397665479794,0.0,0.0
2021-06-18,0.021739130434782705,0.021739130434782705,4.631949788642398,4.631949788642398,0.0,0.0
2021-06-21,-0.007092198581560405,-0.007092198581560405,4.59909908092153,4.59909908092153,0.0,0.0
2021-06-22,0.0071428571428571175,0.0071428571428571175,4.631949788642397,4.631949788642397,0.0,0.0
2021-06-23,0.015602836879432536,0.015602836879432536,4.704221345628307,4.704221345628307,0.0,0.0
2021-06-24,-0.0013966480446927498,-0.0013966480446927498,4.697651204084133,4.697651204084133,0.0,0.0
2021-06-25,0.002797202797202747,0.002797202797202747,4.7107914871724805,4.7107914871724805,0.0,0.0
2021-06-28,0.002789400278939924,0.002789400278939924,4.723931770260827,4.723931770260827,0.0,0.0
2021-06-29,0.008344923504867818,0.008344923504867818,4.763352619525868,4.763352619525868,0.0,0.0
2021-06-30,0.006896551724137945,0.006896551724137945,4.796203327246737,4.796203327246737,0.0,0.0
2021-07-01,-0.002739726027397249,-0.002739726027397249,4.783063044158389,4.783063044158389,0.0,0.0
2021-07-02,0.0,0.0,4.783063044158389,4.783063044158389,0.0,0.0
2021-07-05,0.01098901098901095,0.01098901098901095,4.835624176511778,4.835624176511778,0.0,0.0
2021-07-06,0.0,0.0,4.835624176511778,4.835624176511778,0.0,0.0
2021-07-07,0.009510869565217295,0.009510869565217295,4.881615167320993,4.881615167320993,0.0,0.0
2021-07-08,-0.0013458950201884479,-0.0013458950201884479,4.875045025776819,4.875045025776819,0.0,0.0
2021-07-09,-0.0013477088948786742,-0.0013477088948786742,4.868474884232645,4.868474884232645,0.0,0.0
2021-07-12,0.010796221322537214,0.010796221322537214,4.921036016586035,4.921036016586035,0.0,0.0
2021-07-13,0.0,0.0,4.921036016586035,4.921036016586035,0.0,0.0
2021-07-14,-0.002670226969292422,-0.002670226969292422,4.907895733497687,4.907895733497687,0.0,0.0
2021-07-15,0.0006720214190094609,0.0006720214190094609,4.911193944552863,4.911193944552863,0.0,0.0
2021-07-16,-0.029454651501895746,-0.029454651501895746,4.766536438457838,4.766536438457838,0.0,0.0
2021-07-19,0.004597355769230926,0.004597355769230926,4.788449902252432,4.788449902252432,0.0,0.0
2021-07-20,-0.003007518796992459,-0.003007518796992459,4.774048549162951,4.774048549162951,0.0,0.0
2021-07-21,-0.006787330316742168,-0.006787330316742168,4.741645504711618,4.741645504711618,0.0,0.0
2021-07-22,-0.014426727410781992,-0.014426727410781992,4.673239077536584,4.673239077536584,0.0,0.0
2021-07-23,-0.01122650231124811,-0.01122650231124811,4.620774948231604,4.620774948231604,0.0,0.0
2021-07-26,-0.030751410751410746,-0.030751410751410746,4.4786795998087054,4.4786795998087054,0.0,0.0
2021-07-27,-0.002621231979030192,-0.002621231979030192,4.466939941617857,4.466939941617857,0.0,0.0
2021-07-28,-0.010512483574244391,-0.010512483574244391,4.419981308854463,4.419981308854463,0.0,0.0
2021-07-29,0.0026560424966799445,0.0026560424966799445,4.431720967045312,4.431720967045312,0.0,0.0
2021-07-30,-0.017218543046357615,-0.017218543046357615,4.355413188804796,4.355413188804796,0.0,0.0
2021-08-02,0.017520215633423097,0.017520215633423097,4.431720967045311,4.431720967045311,0.0,0.0
2021-08-03,-0.003973509933774877,-0.003973509933774877,4.414111479759038,4.414111479759038,0.0,0.0
2021-08-04,0.0066489361702126715,0.0066489361702126715,4.443460625236159,4.443460625236159,0.0,0.0
2021-08-05,-0.0026420079260236484,-0.0026420079260236484,4.431720967045311,4.431720967045311,0.0,0.0
2021-08-06,0.007947019867549754,0.007947019867549754,4.466939941617857,4.466939941617857,0.0,0.0
2021-08-09,-0.00525624178712214,-0.00525624178712214,4.44346062523616,4.44346062523616,0.0,0.0
2021-08-10,0.003963011889035695,0.003963011889035695,4.461070112522433,4.461070112522433,0.0,0.0
2021-08-11,-0.003947368421052699,-0.003947368421052699,4.44346062523616,4.44346062523616,0.0,0.0
2021-08-12,-0.0013210039630120463,-0.0013210039630120463,4.437590796140735,4.437590796140735,0.0,0.0
2021-08-13,0.002645502645502562,0.002645502645502562,4.449330454331583,4.449330454331583,0.0,0.0
2021-08-16,-0.000683377308707156,-0.000683377308707156,4.446289882860153,4.446289882860153,0.0,0.0
2021-08-17,0.0007993605115907965,0.0007993605115907965,4.449844071415598,4.449844071415598,0.0,0.0
2021-08-18,-0.0015974440894567232,-0.0015974440894567232,4.4427356943047105,4.4427356943047105,0.0,0.0
2021-08-19,-0.01519999999999977,-0.01519999999999977,4.37520611175128,4.37520611175128,0.0,0.0
2021-08-20,-0.0016246953696180677,-0.0016246953696180677,4.368097734640393,4.368097734640393,0.0,0.0
2021-08-23,0.013832384052074875,0.013832384052074875,4.428518940082937,4.428518940082937,0.0,0.0
2021-08-24,0.0024077046548958148,0.0024077046548958148,4.43918150574927,4.43918150574927,0.0,0.0
2021-08-25,-0.005196156925540318,-0.005196156925540318,4.41611482202444,4.41611482202444,0.0,0.0
2021-08-26,-0.002577319587628746,-0.002577319587628746,4.4047330827924185,4.4047330827924185,0.0,0.0
2021-08-27,0.0025839793281654533,0.0025839793281654533,4.416114822024441,4.416114822024441,0.0,0.0
2021-08-30,0.0038659793814432852,0.0038659793814432852,4.433187430872473,4.433187430872473,0.0,0.0
2021-08-31,0.01412066752246477,0.01412066752246477,4.495786996648593,4.495786996648593,0.0,0.0
2021-09-01,-0.005063291139240533,-0.005063291139240533,4.473023518184549,4.473023518184549,0.0,0.0
2021-09-02,-0.0012722646310432406,-0.0012722646310432406,4.467332648568538,4.467332648568538,0.0,0.0
2021-09-03,0.002547770700636942,0.002547770700636942,4.47871438780056,4.47871438780056,0.0,0.0
2021-09-06,0.0012706480304955914,0.0012706480304955914,4.4844052574165705,4.4844052574165705,0.0,0.0
2021-09-07,-0.0020000000000000018,-0.0020000000000000018,4.475436446901737,4.475436446901737,0.0,0.0
2021-09-08,0.0062208398133747345,0.0062208398133747345,4.503277420132852,4.503277420132852,0.0,0.0
2021-09-09,-0.0061823802163832875,-0.0061823802163832875,4.475436446901737,4.475436446901737,0.0,0.0
2021-09-10,0.014774494556765161,0.014774494556765161,4.541558758325635,4.541558758325635,0.0,0.0
2021-09-13,0.003831417624521105,0.003831417624521105,4.558959366595082,4.558959366595082,0.0,0.0
2021-09-14,0.003816793893129722,0.003816793893129722,4.576359974864529,4.576359974864529,0.0,0.0
2021-09-15,0.0,0.0,4.576359974864529,4.576359974864529,0.0,0.0
2021-09-16,-0.006083650190114032,-0.006083650190114032,4.548519001633414,4.548519001633414,0.0,0.0
2021-09-17,0.0038255547054324435,0.0038255547054324435,4.565919609902862,4.565919609902862,0.0,0.0
2021-09-22,-0.0190548780487807,-0.0190548780487807,4.4789165685556265,4.4789165685556265,0.0,0.0
2021-09-23,0.00932400932400923,0.00932400932400923,4.5206780284022985,4.5206780284022985,0.0,0.0
2021-09-24,-0.002309468822170868,-0.002309468822170868,4.5102376634406305,4.5102376634406305,0.0,0.0
2021-09-27,-0.0023148148148147696,-0.0023148148148147696,4.4997972984789625,4.4997972984789625,0.0,0.0
2021-09-28,-0.011600928074245842,-0.011600928074245842,4.4475954736706225,4.4475954736706225,0.0,0.0
2021-09-29,-0.012519561815336533,-0.012519561815336533,4.391913527208392,4.391913527208392,0.0,0.0
2021-09-30,-0.0025832012678288496,-0.0025832012678288496,4.380568330616713,4.380568330616713,0.0,0.0
2021-10-08,0.0,0.0,4.380568330616713,4.380568330616713,0.0,0.0
2021-10-11,0.0,0.0,4.380568330616713,4.380568330616713,0.0,0.0
2021-10-12,0.0,0.0,4.380568330616713,4.380568330616713,0.0,0.0
2021-10-13,0.0,0.0,4.380568330616713,4.380568330616713,0.0,0.0
2021-10-14,0.0,0.0,4.380568330616713,4.380568330616713,0.0,0.0
2021-10-15,0.0,0.0,4.380568330616713,4.380568330616713,0.0,0.0
2021-10-18,0.0,0.0,4.380568330616713,4.380568330616713,0.0,0.0
2021-10-19,-0.0010000000000000009,-0.0010000000000000009,4.376187762286096,4.376187762286096,0.0,0.0
2021-10-20,-0.0018802883108742785,-0.0018802883108742785,4.367959267590479,4.367959267590479,0.0,0.0
2021-10-21,-0.0034536891679748383,-0.0034536891679748383,4.352873693981846,4.352873693981846,0.0,0.0
2021-10-22,0.003465658475110267,0.003465658475110267,4.367959267590479,4.367959267590479,0.0,0.0
2021-10-25,0.016012558869701765,0.016012558869701765,4.43790147250323,4.43790147250323,0.0,0.0
2021-10-26,-0.004635352286773808,-0.004635352286773808,4.417330235764186,4.417330235764186,0.0,0.0
2021-10-27,-0.004967401428127904,-0.004967401428127904,4.395387583242538,4.395387583242538,0.0,0.0
2021-10-28,-0.008424336973479107,-0.008424336973479107,4.358359357112257,4.358359357112257,0.0,0.0
2021-10-29,0.022341095028319824,0.022341095028319824,4.455729877677069,4.455729877677069,0.0,0.0
2021-11-01,-0.007694675284703023,-0.007694675284703023,4.421444483111994,4.421444483111994,0.0,0.0
2021-11-02,-0.0007617866004961948,-0.0007617866004961948,4.418076285949922,4.418076285949922,0.0,0.0
2021-11-03,0.006337135614702172,0.006337135614702172,4.446074234530086,4.446074234530086,0.0,0.0
2021-11-04,0.01385390428211597,0.01385390428211597,4.507669721406448,4.507669721406448,0.0,0.0
2021-11-05,0.011180124223602261,0.011180124223602261,4.558066028850743,4.558066028850743,0.0,0.0
2021-11-08,-0.003685503685503466,-0.003685503685503466,4.5412672597026456,4.5412672597026456,0.0,0.0
2021-11-09,0.0036991368680638903,0.0036991368680638903,4.558066028850743,4.558066028850743,0.0,0.0
2021-11-10,-0.009828009828009687,-0.009828009828009687,4.513269311122481,4.513269311122481,0.0,0.0
2021-11-11,-0.008684863523573227,-0.008684863523573227,4.474072183110251,4.474072183110251,0.0,0.0
2021-11-12,0.0,0.0,4.474072183110251,4.474072183110251,0.0,0.0
2021-11-15,0.008760951188986343,0.008760951188986343,4.513269311122482,4.513269311122482,0.0,0.0
2021-11-16,-0.004962779156327479,-0.004962779156327479,4.4908709522583505,4.4908709522583505,0.0,0.0
2021-11-17,0.008728179551122262,0.008728179551122262,4.53006808027058,4.53006808027058,0.0,0.0
2021-11-18,0.0024721878862794533,0.0024721878862794533,4.541267259702646,4.541267259702646,0.0,0.0
2021-11-19,0.01479654747225645,0.01479654747225645,4.608462336295041,4.608462336295041,0.0,0.0
2021-11-22,0.0012150668286756705,0.0012150668286756705,4.6140619260110745,4.6140619260110745,0.0,0.0
2021-11-23,-0.01577669902912604,-0.01577669902912604,4.541267259702648,4.541267259702648,0.0,0.0
2021-11-24,0.002466091245376001,0.002466091245376001,4.552466439134713,4.552466439134713,0.0,0.0
2021-11-25,0.0029102091020909437,0.0029102091020909437,4.565715068402847,4.565715068402847,0.0,0.0
2021-11-26,-0.001187648456057011,-0.001187648456057011,4.560292603951062,4.560292603951062,0.0,0.0
2021-11-29,0.007431629013079588,0.007431629013079588,4.594183006774717,4.594183006774717,0.0,0.0
2021-11-30,-0.0008852168781350311,-0.0008852168781350311,4.590116158435879,4.590116158435879,0.0,0.0
2021-12-01,-0.006202008269344472,-0.006202008269344472,4.561648220064008,4.561648220064008,0.0,0.0
2021-12-02,-0.0029717682020804492,-0.0029717682020804492,4.548092058934545,4.548092058934545,0.0,0.0
2021-12-03,0.0044709388971684305,0.0044709388971684305,4.5684263006287384,4.5684263006287384,0.0,0.0
2021-12-06,-0.02450682492581624,-0.02450682492581624,4.456468677092736,4.456468677092736,0.0,0.0
2021-12-07,-0.01016949152542379,-0.01016949152542379,4.4111486566477245,4.4111486566477245,0.0,0.0
2021-12-08,-0.0008561643835615085,-0.0008561643835615085,4.4073719882773075,4.4073719882773075,0.0,0.0
2021-12-09,0.016281062553556103,0.016281062553556103,4.479128687315241,4.479128687315241,0.0,0.0
2021-12-10,0.010118043844856706,0.010118043844856706,4.524448707760253,4.524448707760253,0.0,0.0
2021-12-13,-0.0008347245409013881,-0.0008347245409013881,4.520672039389836,4.520672039389836,0.0,0.0
2021-12-14,-0.015873015873015928,-0.015873015873015928,4.448915340351902,4.448915340351902,0.0,0.0
2021-12-15,0.01697792869269943,0.01697792869269943,4.524448707760253,4.524448707760253,0.0,0.0
2021-12-16,0.01252086811352271,0.01252086811352271,4.581098733316517,4.581098733316517,0.0,0.0
2021-12-17,0.004946413849958864,0.004946413849958864,4.603758743539022,4.603758743539022,0.0,0.0
2021-12-20,-0.00656275635767023,-0.00656275635767023,4.573545396575682,4.573545396575682,0.0,0.0
2021-12-21,-0.003303055326176585,-0.003303055326176585,4.558438723094012,4.558438723094012,0.0,0.0
2021-12-22,0.009113504556752083,0.009113504556752083,4.5999820751686045,4.5999820751686045,0.0,0.0
2021-12-23,0.022167487684729092,0.022167487684729092,4.701952121169879,4.701952121169879,0.0,0.0
2021-12-24,0.005622489959839383,0.005622489959839383,4.7283887997628025,4.7283887997628025,0.0,0.0
2021-12-27,-0.010383386581469645,-0.010383386581469645,4.679292110947374,4.679292110947374,0.0,0.0
2021-12-28,0.008071025020177647,0.008071025020177647,4.7170587946515505,4.7170587946515505,0.0,0.0
2021-12-29,-0.012009607686149004,-0.012009607686149004,4.6604087690952865,4.6604087690952865,0.0,0.0
2021-12-30,0.004862236628849326,0.004862236628849326,4.683068779317792,4.683068779317792,0.0,0.0
2021-12-31,-0.015322580645161343,-0.015322580645161343,4.611312080279858,4.611312080279858,0.0,0.0
2022-01-04,0.019656019656019597,0.019656019656019597,4.70195212116988,4.70195212116988,0.0,0.0
2022-01-05,0.013654618473895486,0.013654618473895486,4.766155483466978,4.766155483466978,0.0,0.0
2022-01-06,-0.023771790808240878,-0.023771790808240878,4.652855432354451,4.652855432354451,0.0,0.0
2022-01-07,0.0016233766233766378,0.0016233766233766378,4.660408769095286,4.660408769095286,0.0,0.0
2022-01-10,0.0004262560777958946,0.0004262560777958946,4.662395296658126,4.662395296658126,0.0,0.0
2022-01-11,-0.00507185122569731,-0.00507185122569731,4.638748321358085,4.638748321358085,0.0,0.0
2022-01-12,0.014443500424808686,0.014443500424808686,4.705748084708201,4.705748084708201,0.0,0.0
2022-01-13,0.0041876046901172526,0.0041876046901172526,4.725453897458236,4.725453897458236,0.0,0.0
2022-01-14,-0.0033361134278566684,-0.0033361134278566684,4.709689247258208,4.709689247258208,0.0,0.0
2022-01-17,-0.010041841004184149,-0.010041841004184149,4.662395296658125,4.662395296658125,0.0,0.0
2022-01-18,-0.002535925612848877,-0.002535925612848877,4.650571809008103,4.650571809008103,0.0,0.0
2022-01-19,-0.020472033898305098,-0.020472033898305098,4.555365145287587,4.555365145287587,0.0,0.0
2022-01-20,-0.0009999999999998899,-0.0009999999999998899,4.5508097801423,4.5508097801423,0.0,0.0
2022-01-21,-0.0005443658138268859,-0.0005443658138268859,4.548332474872762,4.548332474872762,0.0,0.0
2022-01-24,-0.002723311546841023,-0.002723311546841023,4.535945948525069,4.535945948525069,0.0,0.0
2022-01-25,0.0024576734025123503,0.0024576734025123503,4.547093822237993,4.547093822237993,0.0,0.0
2022-01-26,0.0008172160174340082,0.0008172160174340082,4.550809780142301,4.550809780142301,0.0,0.0
2022-01-27,-0.01948992923244408,-0.01948992923244408,4.462114819577013,4.462114819577013,0.0,0.0
2022-01-28,-0.0010000000000000009,-0.0010000000000000009,4.457652704757436,4.457652704757436,0.0,0.0
2022-02-07,0.0888717156105101,0.0888717156105101,4.85381194822506,4.85381194822506,0.0,0.0
2022-02-08,0.0063875088715399375,0.0063875088715399375,4.884815715105134,4.884815715105134,0.0,0.0
2022-02-09,0.016925246826516194,0.016925246826516194,4.967492426785333,4.967492426785333,0.0,0.0
2022-02-10,0.014934119278779523,0.014934119278779523,5.04167755120338,5.04167755120338,0.0,0.0
2022-02-11,0.0,0.0,5.04167755120338,5.04167755120338,0.0,0.0
2022-02-14,0.0,0.0,5.04167755120338,5.04167755120338,0.0,0.0
2022-02-15,-0.0009999999999998899,-0.0009999999999998899,5.036635873652177,5.036635873652177,0.0,0.0
2022-02-16,-0.01336183858898976,-0.01336183858898976,4.969337158076921,4.969337158076921,0.0,0.0
2022-02-17,0.009209100758396538,0.009209100758396538,5.015100284668095,5.015100284668095,0.0,0.0
2022-02-18,0.00912506709608163,0.00912506709608163,5.06086341125927,5.06086341125927,0.0,0.0
2022-02-21,-0.0015957446808509967,-0.0015957446808509967,5.052787565390239,5.052787565390239,0.0,0.0
2022-02-22,0.012519978689397915,0.012519978689397915,5.116048358030979,5.116048358030979,0.0,0.0
2022-02-23,-0.007629571165482907,-0.007629571165482907,5.07701510299733,5.07701510299733,0.0,0.0
2022-02-24,0.02147401908801716,0.02147401908801716,5.186039022229246,5.186039022229246,0.0,0.0
2022-02-25,-0.011938749026732531,-0.011938749026732531,5.12412420390001,5.12412420390001,0.0,0.0
2022-02-28,-0.00525348043078544,-0.00525348043078544,5.097204717669907,5.097204717669907,0.0,0.0
2022-03-01,-0.00026406126221278914,-0.00026406126221278914,5.095858743358402,5.095858743358402,0.0,0.0
2022-03-02,0.011443740095087307,0.011443740095087307,5.154174426378674,5.154174426378674,0.0,0.0
2022-03-03,-0.0013297872340426453,-0.0013297872340426453,5.147320471024447,5.147320471024447,0.0,0.0
2022-03-04,-0.0013315579227697327,-0.0013315579227697327,5.140466515670219,5.140466515670219,0.0,0.0
2022-03-07,0.05066666666666664,0.05066666666666664,5.400916819130844,5.400916819130844,0.0,0.0
2022-03-08,0.015228426395939021,0.015228426395939021,5.483164283381567,5.483164283381567,0.0,0.0
2022-03-09,0.014999999999999902,0.014999999999999902,5.5654117476322895,5.5654117476322895,0.0,0.0
2022-03-10,-0.025246305418719306,-0.025246305418719306,5.4249056628706365,5.4249056628706365,0.0,0.0
2022-03-11,0.017056222362602735,0.017056222362602735,5.517434060152701,5.517434060152701,0.0,0.0
2022-03-14,0.008695652173912993,0.008695652173912993,5.5654117476322895,5.5654117476322895,0.0,0.0
2022-03-15,-0.02647783251231539,-0.02647783251231539,5.418051707516409,5.418051707516409,0.0,0.0
2022-03-16,0.01834282099936768,0.01834282099936768,5.517434060152701,5.517434060152701,0.0,0.0
2022-03-17,-0.0031055900621117516,-0.0031055900621117516,5.500299171767134,5.500299171767134,0.0,0.0
2022-03-18,0.02242990654205612,0.02242990654205612,5.62367036814322,5.62367036814322,0.0,0.0
2022-03-21,0.0030469226081657474,0.0030469226081657474,5.640805256528787,5.640805256528787,0.0,0.0
2022-03-22,0.030984204131227377,0.030984204131227377,5.8155811180615755,5.8155811180615755,0.0,0.0
2022-03-23,0.0,0.0,5.8155811180615755,5.8155811180615755,0.0,0.0
2022-03-24,-0.005892751915144379,-0.005892751915144379,5.781311341290441,5.781311341290441,0.0,0.0
2022-03-25,-0.007705986959099076,-0.007705986959099076,5.736760631487965,5.736760631487965,0.0,0.0
2022-03-28,-0.016129032258064502,-0.016129032258064502,5.6442322342059015,5.6442322342059015,0.0,0.0
2022-03-29,-0.012907103825136601,-0.012907103825136601,5.571381542745823,5.571381542745823,0.0,0.0
2022-03-30,0.014824797843665749,0.014824797843665749,5.653976147826961,5.653976147826961,0.0,0.0
2022-03-31,-0.006640106241699861,-0.006640106241699861,5.616433145517353,5.616433145517353,0.0,0.0
2022-04-01,-0.014008021390374381,-0.014008021390374381,5.537758029877338,5.537758029877338,0.0,0.0
2022-04-06,-0.019256484149855813,-0.019256484149855813,5.431120280149268,5.431120280149268,0.0,0.0
2022-04-07,-0.02046384720327432,-0.02046384720327432,5.319978664593689,5.319978664593689,0.0,0.0
2022-04-08,0.0069637883008357715,0.0069637883008357715,5.357025869778883,5.357025869778883,0.0,0.0
2022-04-11,-0.022130013831258566,-0.022130013831258566,5.238474813186266,5.238474813186266,0.0,0.0
2022-04-12,-0.021216407355021283,-0.021216407355021283,5.127333197630687,5.127333197630687,0.0,0.0
2022-04-13,0.00477456647398844,0.00477456647398844,5.151813990817063,5.151813990817063,0.0,0.0
2022-04-14,0.0,0.0,5.151813990817063,5.151813990817063,0.0,0.0
2022-04-15,-0.0009999999999998899,-0.0009999999999998899,5.146662176826246,5.146662176826246,0.0,0.0
2022-04-18,0.0058316430020284304,0.0058316430020284304,5.1766756732935395,5.1766756732935395,0.0,0.0
2022-04-19,-0.007814469372321664,-0.007814469372321664,5.1362226997941445,5.1362226997941445,0.0,0.0
2022-04-20,-0.012703252032520318,-0.012703252032520318,5.070975968343507,5.070975968343507,0.0,0.0
2022-04-21,0.013124034997426648,0.013124034997426648,5.137527634423157,5.137527634423157,0.0,0.0
2022-04-22,0.0035560071120142034,0.0035560071120142034,5.155796719229335,5.155796719229335,0.0,0.0
2022-04-25,-0.006833712984054663,-0.006833712984054663,5.1205634842459915,5.1205634842459915,0.0,0.0
2022-04-26,-0.0086646279306829,-0.0086646279306829,5.076195706859559,5.076195706859559,0.0,0.0
2022-04-27,0.0005141388174807471,0.0005141388174807471,5.078805576117584,5.078805576117584,0.0,0.0
2022-04-28,-0.0015133607399793192,-0.0015133607399793192,5.071119511152699,5.071119511152699,0.0,0.0
2022-04-29,-0.001000000000000112,-0.001000000000000112,5.066048391641546,5.066048391641546,0.0,0.0
2022-05-05,-0.005291222729578937,-0.005291222729578937,5.039242801242546,5.039242801242546,0.0,0.0
2022-05-06,-0.020037570444583763,-0.020037570444583763,4.938268618625287,4.938268618625287,0.0,0.0
2022-05-09,-0.01887348242811504,-0.01887348242811504,4.845066292626351,4.845066292626351,0.0,0.0
2022-05-10,0.0,0.0,4.845066292626351,4.845066292626351,0.0,0.0
2022-05-11,0.0,0.0,4.845066292626351,4.845066292626351,0.0,0.0
2022-05-12,0.0,0.0,4.845066292626351,4.845066292626351,0.0,0.0
2022-05-13,0.0,0.0,4.845066292626351,4.845066292626351,0.0,0.0
2022-05-16,0.0,0.0,4.845066292626351,4.845066292626351,0.0,0.0
2022-05-17,0.0,0.0,4.845066292626351,4.845066292626351,0.0,0.0
2022-05-18,0.0,0.0,4.845066292626351,4.845066292626351,0.0,0.0
2022-05-19,0.0,0.0,4.845066292626351,4.845066292626351,0.0,0.0
2022-05-20,-0.0009999999999998899,-0.0009999999999998899,4.840221226333725,4.840221226333725,0.0,0.0
2022-05-23,0.0022442284325638884,0.0022442284325638884,4.851083788429762,4.851083788429762,0.0,0.0
2022-05-24,-0.036878216123499175,-0.036878216123499175,4.672184472046847,4.672184472046847,0.0,0.0
2022-05-25,0.003116651825467498,0.003116651825467498,4.686746044310572,4.686746044310572,0.0,0.0
2022-05-26,-0.001775410563692792,-0.001775410563692792,4.678425145874158,4.678425145874158,0.0,0.0
2022-05-27,-0.0011124944419743654,-0.0011124944419743654,4.67322042390218,4.67322042390218,0.0,0.0
2022-05-30,-0.006009615384615419,-0.006009615384615419,4.645136166546998,4.645136166546998,0.0,0.0
2022-05-31,0.0048367593712213,0.0048367593712213,4.667603572431143,4.667603572431143,0.0,0.0
2022-06-01,-0.020014440433212988,-0.020014440433212988,4.574184098764868,4.574184098764868,0.0,0.0
2022-06-02,-0.009551098376313405,-0.009551098376313405,4.5304956164461965,4.5304956164461965,0.0,0.0
2022-06-06,0.018322082931533368,0.018322082931533368,4.613503732851672,4.613503732851672,0.0,0.0
2022-06-07,-0.011450757575757642,-0.011450757575757642,4.560675620031935,4.560675620031935,0.0,0.0
2022-06-08,0.006456820016142117,0.006456820016142117,4.5901230816624885,4.5901230816624885,0.0,0.0
2022-06-09,-0.028468323977546173,-0.028468323977546173,4.459449970676908,4.459449970676908,0.0,0.0
2022-06-10,0.023524556335121627,0.023524556335121627,4.564356552735753,4.564356552735753,0.0,0.0
2022-06-13,-0.004435483870967816,-0.004435483870967816,4.544111422864748,4.544111422864748,0.0,0.0
2022-06-14,0.002430133657351341,0.002430133657351341,4.555154220976206,4.555154220976206,0.0,0.0
2022-06-15,0.008888888888888724,0.008888888888888724,4.595644480718216,4.595644480718216,0.0,0.0
2022-06-16,0.004004805766920416,0.004004805766920416,4.614049144237312,4.614049144237312,0.0,0.0
2022-06-17,0.030714000797766206,0.030714000797766206,4.75576505333435,4.75576505333435,0.0,0.0
2022-06-20,0.016253869969040213,0.016253869969040213,4.833064640114552,4.833064640114552,0.0,0.0
2022-06-21,-0.004188880426504005,-0.004188880426504005,4.812819510243547,4.812819510243547,0.0,0.0
2022-06-22,-0.00726577437858511,-0.00726577437858511,4.777850649557265,4.777850649557265,0.0,0.0
2022-06-23,0.031325115562403694,0.031325115562403694,4.927517373294552,4.927517373294552,0.0,0.0
2022-06-24,0.0,0.0,4.927517373294552,4.927517373294552,0.0,0.0
2022-06-27,0.0,0.0,4.927517373294552,4.927517373294552,0.0,0.0
2022-06-28,0.0,0.0,4.927517373294552,4.927517373294552,0.0,0.0
2022-06-29,0.0,0.0,4.927517373294552,4.927517373294552,0.0,0.0
2022-06-30,0.0,0.0,4.927517373294552,4.927517373294552,0.0,0.0
2022-07-01,0.0,0.0,4.927517373294552,4.927517373294552,0.0,0.0
2022-07-04,-0.0010000000000000009,-0.0010000000000000009,4.922589855921257,4.922589855921257,0.0,0.0
2022-07-05,-0.0040000000000000036,-0.0040000000000000036,4.902899496497572,4.902899496497572,0.0,0.0
2022-07-06,-0.005111354508944843,-0.005111354508944843,4.877839039049245,4.877839039049245,0.0,0.0
2022-07-07,0.016146788990825778,0.016146788990825778,4.956600476743986,4.956600476743986,0.0,0.0
2022-07-08,-0.013723365836041834,-0.013723365836041834,4.888579235098529,4.888579235098529,0.0,0.0
2022-07-11,-0.015012815818381653,-0.015012815818381653,4.81518789542843,4.81518789542843,0.0,0.0
2022-07-12,-0.025278810408921992,-0.025278810408921992,4.693465673536559,4.693465673536559,0.0,0.0
2022-07-13,0.01639969488939741,0.01639969488939741,4.7704370785564185,4.7704370785564185,0.0,0.0
2022-07-14,0.026266416510318802,0.026266416510318802,4.8957393657980495,4.8957393657980495,0.0,0.0
2022-07-15,-0.022069469835466204,-0.022069469835466204,4.787692993542265,4.787692993542265,0.0,0.0
2022-07-18,0.024390243902439046,0.024390243902439046,4.904465993384759,4.904465993384759,0.0,0.0
2022-07-19,-0.015873015873015928,-0.015873015873015928,4.826617326823096,4.826617326823096,0.0,0.0
2022-07-20,0.032258064516129004,0.032258064516129004,4.982314659946422,4.982314659946422,0.0,0.0
2022-07-21,0.009374999999999911,0.009374999999999911,5.029023859883419,5.029023859883419,0.0,0.0
2022-07-22,0.010835913312693402,0.010835913312693402,5.083517926476583,5.083517926476583,0.0,0.0
2022-07-25,-0.013782542113323193,-0.013782542113323193,5.013454126571086,5.013454126571086,0.0,0.0
2022-07-26,-0.006211180124223725,-0.006211180124223725,4.982314659946421,4.982314659946421,0.0,0.0
2022-07-27,-0.0015625000000000222,-0.0015625000000000222,4.974529793290254,4.974529793290254,0.0,0.0
2022-07-28,0.023474178403755985,0.023474178403755985,5.0913027931327495,5.0913027931327495,0.0,0.0
2022-07-29,0.025993883792049033,0.025993883792049033,5.2236455262875765,5.2236455262875765,0.0,0.0
2022-08-01,0.0014903129657228842,0.0014903129657228842,5.231430392943743,5.231430392943743,0.0,0.0
2022-08-02,-0.0044642857142858094,-0.0044642857142858094,5.208075792975244,5.208075792975244,0.0,0.0
2022-08-03,0.002989536621823552,0.002989536621823552,5.223645526287576,5.223645526287576,0.0,0.0
2022-08-04,0.025335320417287477,0.025335320417287477,5.355988259442402,5.355988259442402,0.0,0.0
2022-08-05,0.005813953488372103,0.005813953488372103,5.387127726067067,5.387127726067067,0.0,0.0
2022-08-08,-0.0028901734104046506,-0.0028901734104046506,5.371557992754735,5.371557992754735,0.0,0.0
2022-08-09,-0.007246376811594013,-0.007246376811594013,5.332633659473904,5.332633659473904,0.0,0.0
2022-08-10,-0.014598540145985495,-0.014598540145985495,5.254784992912241,5.254784992912241,0.0,0.0
2022-08-11,0.03703703703703698,0.03703703703703698,5.449406659316398,5.449406659316398,0.0,0.0
2022-08-12,-0.011428571428571455,-0.011428571428571455,5.387127726067067,5.387127726067067,0.0,0.0
2022-08-15,0.018786127167630173,0.018786127167630173,5.48833099259723,5.48833099259723,0.0,0.0
2022-08-16,0.012765957446808418,0.012765957446808418,5.5583947925027255,5.5583947925027255,0.0,0.0
2022-08-17,-0.0056022408963585235,-0.0056022408963585235,5.527255325878061,5.527255325878061,0.0,0.0
2022-08-18,-0.011267605633802802,-0.011267605633802802,5.4649763926287305,5.4649763926287305,0.0,0.0
2022-08-19,-0.0014245014245014564,-0.0014245014245014564,5.457191525972564,5.457191525972564,0.0,0.0
2022-08-22,-0.014265335235378096,-0.014265335235378096,5.379342859410901,5.379342859410901,0.0,0.0
2022-08-23,-0.020260492040520828,-0.020260492040520828,5.270354726224574,5.270354726224574,0.0,0.0
2022-08-24,0.0038966026587887725,0.0038966026587887725,5.2908912044635406,5.2908912044635406,0.0,0.0
2022-08-25,-0.017793594306049876,-0.017793594306049876,5.196747232853869,5.196747232853869,0.0,0.0
2022-08-26,-0.01509661835748799,-0.01509661835748799,5.1182939231791424,5.1182939231791424,0.0,0.0
2022-08-29,0.004904966278356904,0.004904966278356904,5.143398982275055,5.143398982275055,0.0,0.0
2022-08-30,-0.006711409395973145,-0.006711409395973145,5.108879526018176,5.108879526018176,0.0,0.0
2022-08-31,0.006756756756756799,0.006756756756756799,5.143398982275055,5.143398982275055,0.0,0.0
2022-09-01,-0.004881025015253115,-0.004881025015253115,5.118293923179143,5.118293923179143,0.0,0.0
2022-09-02,0.01594114040465966,0.01594114040465966,5.199885365240858,5.199885365240858,0.0,0.0
2022-09-05,0.010863005431502648,0.010863005431502648,5.256371748206661,5.256371748206661,0.0,0.0
2022-09-06,-0.01552238805970152,-0.01552238805970152,5.174780306144945,5.174780306144945,0.0,0.0
2022-09-07,0.0072771376591873604,0.0072771376591873604,5.212437894788813,5.212437894788813,0.0,0.0
2022-09-08,0.0,0.0,5.212437894788813,5.212437894788813,0.0,0.0
2022-09-09,0.003010234798314304,0.003010234798314304,5.2281285567237585,5.2281285567237585,0.0,0.0
2022-09-13,0.055222088835534366,0.055222088835534366,5.516836736326752,5.516836736326752,0.0,0.0
2022-09-14,-0.004550625711035261,-0.004550625711035261,5.49173167723084,5.49173167723084,0.0,0.0
2022-09-15,-0.013714285714285679,-0.013714285714285679,5.416416499943103,5.416416499943103,0.0,0.0
2022-09-16,0.002317497103128563,0.002317497103128563,5.428969029491059,5.428969029491059,0.0,0.0
2022-09-19,0.0028901734104047616,0.0028901734104047616,5.444659691426005,5.444659691426005,0.0,0.0
2022-09-20,0.004610951008645614,0.004610951008645614,5.469764750521918,5.469764750521918,0.0,0.0
2022-09-21,0.011474469305794432,0.011474469305794432,5.532527398261698,5.532527398261698,0.0,0.0
2022-09-22,0.003403289846851898,0.003403289846851898,5.551356192583632,5.551356192583632,0.0,0.0
2022-09-23,-0.009044657998869443,-0.009044657998869443,5.501146074391807,5.501146074391807,0.0,0.0
2022-09-26,-0.006845407872218767,-0.006845407872218767,5.4634884857479395,5.4634884857479395,0.0,0.0
2022-09-27,0.0022975301550833827,0.0022975301550833827,5.4760410152958965,5.4760410152958965,0.0,0.0
2022-09-28,0.009742120343839478,0.009742120343839478,5.52938926587471,5.52938926587471,0.0,0.0
2022-09-29,0.02156640181611813,0.02156640181611813,5.648638296580295,5.648638296580295,0.0,0.0
2022-09-30,-0.014444444444444482,-0.014444444444444482,5.567046854518579,5.567046854518579,0.0,0.0
2022-10-10,0.002818489289740711,0.002818489289740711,5.582737516453524,5.582737516453524,0.0,0.0
2022-10-11,-0.013490725126475533,-0.013490725126475533,5.507422339165787,5.507422339165787,0.0,0.0
2022-10-12,0.007977207977208023,0.007977207977208023,5.551356192583634,5.551356192583634,0.0,0.0
2022-10-13,0.0022611644997172498,0.0022611644997172498,5.56390872213159,5.56390872213159,0.0,0.0
2022-10-14,0.018048505358150058,0.018048505358150058,5.66432895851524,5.66432895851524,0.0,0.0
2022-10-17,-0.024930747922437657,-0.024930747922437657,5.523113001100732,5.523113001100732,0.0,0.0
2022-10-18,-0.013068181818181812,-0.013068181818181812,5.450935956199984,5.450935956199984,0.0,0.0
2022-10-19,-0.0031491076568795906,-0.0031491076568795906,5.4337703720431545,5.4337703720431545,0.0,0.0
2022-10-20,-0.004745583970471978,-0.004745583970471978,5.407983958466361,5.407983958466361,0.0,0.0
2022-10-21,-0.00105960264900673,-0.00105960264900673,5.402253644338185,5.402253644338185,0.0,0.0
2022-10-24,0.012993900822063198,0.012993900822063198,5.472449992408344,5.472449992408344,0.0,0.0
2022-10-25,-0.0001712041884817106,-0.0001712041884817106,5.471513086048387,5.471513086048387,0.0,0.0
2022-10-26,0.00746268656716409,0.00746268656716409,5.5123452732577025,5.5123452732577025,0.0,0.0
2022-10-27,0.00846560846560851,0.00846560846560851,5.55901063006835,5.55901063006835,0.0,0.0
2022-10-28,-0.01049317943336836,-0.01049317943336836,5.500678934055041,5.500678934055041,0.0,0.0
2022-10-31,0.026511134676564074,0.026511134676564074,5.646508174088313,5.646508174088313,0.0,0.0
2022-11-01,0.0010929752066115572,0.0010929752066115572,5.652679667526521,5.652679667526521,0.0,0.0
2022-11-02,-0.01596889580093319,-0.01596889580093319,5.562412614919737,5.562412614919737,0.0,0.0
2022-11-03,-0.012689386562804161,-0.012689386562804161,5.4918290110272014,5.4918290110272014,0.0,0.0
2022-11-04,0.003171247357293794,0.003171247357293794,5.509244959265131,5.509244959265131,0.0,0.0
2022-11-07,0.02212855637513167,0.02212855637513167,5.63115659693064,5.63115659693064,0.0,0.0
2022-11-08,0.010309278350515427,0.010309278350515427,5.689209757723739,5.689209757723739,0.0,0.0
2022-11-09,0.0173469387755103,0.0173469387755103,5.787900131072008,5.787900131072008,0.0,0.0
2022-11-10,-0.008024072216649913,-0.008024072216649913,5.741457602437529,5.741457602437529,0.0,0.0
2022-11-11,0.05055611729019205,0.05055611729019205,6.031723406403025,6.031723406403025,0.0,0.0
2022-11-14,-0.0009624639076033503,-0.0009624639076033503,6.025918090323716,6.025918090323716,0.0,0.0
2022-11-15,-7.707129094414178e-05,-7.707129094414178e-05,6.025453665037372,6.025453665037372,0.0,0.0
2022-11-16,0.011406844106463865,0.011406844106463865,6.094185075665174,6.094185075665174,0.0,0.0
2022-11-17,0.006578947368421018,0.006578947368421018,6.134278398531392,6.134278398531392,0.0,0.0
2022-11-18,-0.006535947712418055,-0.006535947712418055,6.094185075665175,6.094185075665175,0.0,0.0
2022-11-21,-0.001879699248120259,-0.001879699248120259,6.082729840560542,6.082729840560542,0.0,0.0
2022-11-22,0.0037664783427495685,0.0037664783427495685,6.105640310769809,6.105640310769809,0.0,0.0
2022-11-23,0.009380863039399667,0.009380863039399667,6.162916486292978,6.162916486292978,0.0,0.0
2022-11-24,0.014695167286245425,0.014695167286245425,6.2534815750302135,6.2534815750302135,0.0,0.0
2022-11-25,0.008356545961002881,0.008356545961002881,6.305739081228238,6.305739081228238,0.0,0.0
2022-11-28,-0.006445672191528695,-0.006445672191528695,6.2650943541853295,6.2650943541853295,0.0,0.0
2022-11-29,-0.009267840593141785,-0.009267840593141785,6.207030458409747,6.207030458409747,0.0,0.0
2022-11-30,-0.00561272217025266,-0.00561272217025266,6.1721921209443975,6.1721921209443975,0.0,0.0
2022-12-01,0.01411100658513642,0.01411100658513642,6.259287964607771,6.259287964607771,0.0,0.0
2022-12-02,-0.00927643784786647,-0.00927643784786647,6.201224068832189,6.201224068832189,0.0,0.0
2022-12-05,-0.004681647940074862,-0.004681647940074862,6.1721921209443975,6.1721921209443975,0.0,0.0
2022-12-06,-0.010348071495766553,-0.010348071495766553,6.108321835591258,6.108321835591258,0.0,0.0
2022-12-07,-0.013307984790874694,-0.013307984790874694,6.027032381505442,6.027032381505442,0.0,0.0
2022-12-08,0.002807321772639648,0.002807321772639648,6.043952200734446,6.043952200734446,0.0,0.0
2022-12-09,0.009870129870129807,0.009870129870129807,6.103606793884552,6.103606793884552,0.0,0.0
2022-12-12,-0.015432098765432167,-0.015432098765432167,6.009415331015963,6.009415331015963,0.0,0.0
2022-12-13,-0.002612330198537016,-0.002612330198537016,5.993716753871198,5.993716753871198,0.0,0.0
2022-12-14,-0.007333682556312282,-0.007333682556312282,5.949760737865857,5.949760737865857,0.0,0.0
2022-12-15,0.0031662269129286713,0.0031662269129286713,5.968599030439574,5.968599030439574,0.0,0.0
2022-12-16,0.007890583903208848,0.007890583903208848,6.015694761873868,6.015694761873868,0.0,0.0
2022-12-19,-0.013569937369519947,-0.013569937369519947,5.934062160721091,5.934062160721091,0.0,0.0
2022-12-20,0.0058201058201059475,0.0058201058201059475,5.968599030439574,5.968599030439574,0.0,0.0
2022-12-21,0.008416622830089482,0.008416622830089482,6.018834477302821,6.018834477302821,0.0,0.0
2022-12-22,0.006259780907668322,0.006259780907668322,6.056511062450257,6.056511062450257,0.0,0.0
2022-12-23,0.0020736132711249855,0.0020736132711249855,6.069069924166069,6.069069924166069,0.0,0.0
2022-12-26,0.022762545266425294,0.022762545266425294,6.20721740304,6.20721740304,0.0,0.0
2022-12-27,0.004046535154274222,0.004046535154274222,6.232335126471623,6.232335126471623,0.0,0.0
2022-12-28,-0.012594458438287326,-0.012594458438287326,6.153842240747799,6.153842240747799,0.0,0.0
2022-12-29,0.013265306122449028,0.013265306122449028,6.235474841900576,6.235474841900576,0.0,0.0
2022-12-30,0.012084592145015005,0.012084592145015005,6.310828012195446,6.310828012195446,0.0,0.0
2023-01-03,0.0024875621890549926,0.0024875621890549926,6.3265265893402125,6.3265265893402125,0.0,0.0
2023-01-04,-0.02034739454094303,-0.02034739454094303,6.19779825675314,6.19779825675314,0.0,0.0
2023-01-05,-0.010131712259371928,-0.010131712259371928,6.135003948174081,6.135003948174081,0.0,0.0
2023-01-06,-0.008188331627430934,-0.008188331627430934,6.084768501310833,6.084768501310833,0.0,0.0
2023-01-09,0.005675954592363253,0.005675954592363253,6.1193053710293155,6.1193053710293155,0.0,0.0
2023-01-10,-0.012241149307337107,-0.012241149307337107,6.044398040325356,6.044398040325356,0.0,0.0
2023-01-11,-0.011245314452311361,-0.011245314452311361,5.976426883686963,5.976426883686963,0.0,0.0
2023-01-12,0.0033698399326032025,0.0033698399326032025,5.9965664856538945,5.9965664856538945,0.0,0.0
2023-01-13,0.014693534844668177,0.014693534844668177,6.084677244259219,6.084677244259219,0.0,0.0
2023-01-16,0.018618121638394936,0.018618121638394936,6.197962505323211,6.197962505323211,0.0,0.0
2023-01-17,0.0032493907392363575,0.0032493907392363575,6.218102107290143,6.218102107290143,0.0,0.0
2023-01-18,-0.0008097165991903799,-0.0008097165991903799,6.213067206798409,6.213067206798409,0.0,0.0
2023-01-19,0.011345218800648205,0.011345218800648205,6.2835558136826695,6.2835558136826695,0.0,0.0
2023-01-20,0.004407051282051322,0.004407051282051322,6.311247766387201,6.311247766387201,0.0,0.0
2023-01-30,0.01037096130833648,0.01037096130833648,6.376701472779727,6.376701472779727,0.0,0.0
2023-01-31,-0.010264508487958901,-0.010264508487958901,6.3112477663872,6.3112477663872,0.0,0.0
2023-02-01,0.011966493817311408,0.011966493817311408,6.386771273763193,6.386771273763193,0.0,0.0
2023-02-02,-0.005124162396531351,-0.005124162396531351,6.354044420566929,6.354044420566929,0.0,0.0
2023-02-03,-0.009508716323296418,-0.009508716323296418,6.293625614666134,6.293625614666134,0.0,0.0
2023-02-06,-0.012800000000000034,-0.012800000000000034,6.2130672067984065,6.2130672067984065,0.0,0.0
2023-02-07,-0.004830632090761844,-0.004830632090761844,6.183054164967186,6.183054164967186,0.0,0.0
2023-02-08,0.016793893129771087,0.016793893129771087,6.286891715829231,6.286891715829231,0.0,0.0
2023-02-09,-0.012012012012012074,-0.012012012012012074,6.211373497020471,6.211373497020471,0.0,0.0
2023-02-10,-0.015197568389057725,-0.015197568389057725,6.116975723509522,6.116975723509522,0.0,0.0
2023-02-13,-0.0030864197530864335,-0.0030864197530864335,6.098096168807332,6.098096168807332,0.0,0.0
2023-02-14,0.01393188854489158,0.01393188854489158,6.183054164967186,6.183054164967186,0.0,0.0
2023-02-15,0.003053435114503733,0.003053435114503733,6.201933719669375,6.201933719669375,0.0,0.0
2023-02-16,0.021308980213089912,0.021308980213089912,6.334090602584705,6.334090602584705,0.0,0.0
2023-02-17,-0.0253353204172877,-0.0253353204172877,6.17361438761609,6.17361438761609,0.0,0.0
2023-02-20,0.0,0.0,6.17361438761609,6.17361438761609,0.0,0.0
2023-02-21,-0.003058103975535187,-0.003058103975535187,6.1547348329139,6.1547348329139,0.0,0.0
2023-02-22,-0.016871165644171793,-0.016871165644171793,6.050897282051856,6.050897282051856,0.0,0.0
2023-02-23,0.006240249609984483,0.006240249609984483,6.088656391456236,6.088656391456236,0.0,0.0
2023-02-24,0.0010945736434107012,0.0010945736434107012,6.095320874266108,6.095320874266108,0.0,0.0
2023-02-27,-0.01938325991189427,-0.01938325991189427,5.977173685513813,5.977173685513813,0.0,0.0
2023-02-28,0.009770889487870527,0.009770889487870527,6.035575989044776,6.035575989044776,0.0,0.0
2023-03-01,0.0,0.0,6.035575989044776,6.035575989044776,0.0,0.0
2023-03-02,0.0,0.0,6.035575989044776,6.035575989044776,0.0,0.0
2023-03-03,0.0,0.0,6.035575989044776,6.035575989044776,0.0,0.0
2023-03-06,0.0,0.0,6.035575989044776,6.035575989044776,0.0,0.0
2023-03-07,-0.0010000000000000009,-0.0010000000000000009,6.029540413055732,6.029540413055732,0.0,0.0
2023-03-08,-0.010549558390578806,-0.010549558390578806,5.965931424399845,5.965931424399845,0.0,0.0
2023-03-09,-0.002000000000000113,-0.002000000000000113,5.953999561551045,5.953999561551045,0.0,0.0
2023-03-10,-0.015085664335664273,-0.015085664335664273,5.864179522710794,5.864179522710794,0.0,0.0
2023-03-13,-0.00927643784786647,-0.00927643784786647,5.809780825839636,5.809780825839636,0.0,0.0
2023-03-14,-0.0216235955056181,-0.0216235955056181,5.684152475285384,5.684152475285384,0.0,0.0
2023-03-15,-0.0007242877836793893,-0.0007242877836793893,5.680035513086963,5.680035513086963,0.0,0.0
2023-03-16,0.008456148828219323,0.008456148828219323,5.728066738735198,5.728066738735198,0.0,0.0
2023-03-17,0.005749880210828895,0.005749880210828895,5.761002436322558,5.761002436322558,0.0,0.0
2023-03-20,0.030728918532634486,0.030728918532634486,5.938031810854623,5.938031810854623,0.0,0.0
2023-03-21,-0.00947538710422935,-0.00947538710422935,5.881766660809547,5.881766660809547,0.0,0.0
2023-03-22,-0.01469902006532875,-0.01469902006532875,5.795310454642726,5.795310454642726,0.0,0.0
2023-03-23,0.007103954534690926,0.007103954534690926,5.836480076626927,5.836480076626927,0.0,0.0
2023-03-24,0.005172819186456623,0.005172819186456623,5.8666711327486745,5.8666711327486745,0.0,0.0
2023-03-27,-0.006783625730994114,-0.006783625730994114,5.82687383149728,5.82687383149728,0.0,0.0
2023-03-28,-0.004945831370702036,-0.004945831370702036,5.798055096108338,5.798055096108338,0.0,0.0
2023-03-29,0.0035502958579882726,0.0035502958579882726,5.818639907100439,5.818639907100439,0.0,0.0
2023-03-30,-0.00011698113207536665,-0.00011698113207536665,5.817959236016968,5.817959236016968,0.0,0.0
2023-03-31,0.004405286343612369,0.004405286343612369,5.843589012387087,5.843589012387087,0.0,0.0
2023-04-03,0.013157894736842035,0.013157894736842035,5.920478341497443,5.920478341497443,0.0,0.0
2023-04-04,0.0043290043290042934,0.0043290043290042934,5.946108117867562,5.946108117867562,0.0,0.0
2023-04-06,-0.01867816091954,-0.01867816091954,5.835045753597048,5.835045753597048,0.0,0.0
2023-04-07,0.008784773060029227,0.008784773060029227,5.886305306337285,5.886305306337285,0.0,0.0
2023-04-10,-0.004354136429608024,-0.004354136429608024,5.860675529967168,5.860675529967168,0.0,0.0
2023-04-11,0.004373177842565523,0.004373177842565523,5.886305306337286,5.886305306337286,0.0,0.0
2023-04-12,-0.007793904208998392,-0.007793904208998392,5.840428006634775,5.840428006634775,0.0,0.0
2023-04-13,0.006825938566553003,0.006825938566553003,5.880294409410439,5.880294409410439,0.0,0.0
2023-04-14,0.008474576271186418,0.008474576271186418,5.930127412880019,5.930127412880019,0.0,0.0
2023-04-17,0.0,0.0,5.930127412880019,5.930127412880019,0.0,0.0
2023-04-18,-0.0025210084033612246,-0.0025210084033612246,5.915177511839145,5.915177511839145,0.0,0.0
2023-04-19,0.005054759898904804,0.005054759898904804,5.945077313920893,5.945077313920893,0.0,0.0
2023-04-20,0.0008382229673091768,0.0008382229673091768,5.9500606142678505,5.9500606142678505,0.0,0.0
2023-04-21,-0.009212730318257756,-0.009212730318257756,5.8952443104513135,5.8952443104513135,0.0,0.0
2023-04-24,0.008453085376162406,0.008453085376162406,5.945077313920894,5.945077313920894,0.0,0.0
2023-04-25,0.010896898575020852,0.010896898575020852,6.009860218431347,6.009860218431347,0.0,0.0
2023-04-26,-0.00497512437810943,-0.00497512437810943,5.979960416349599,5.979960416349599,0.0,0.0
2023-04-27,-0.0016666666666667052,-0.0016666666666667052,5.969993815655683,5.969993815655683,0.0,0.0
2023-04-28,0.008347245409014992,0.008347245409014992,6.019826819125263,6.019826819125263,0.0,0.0
2023-05-04,-0.009933774834437137,-0.009933774834437137,5.960027214961767,5.960027214961767,0.0,0.0
2023-05-05,-0.0025083612040133207,-0.0025083612040133207,5.945077313920893,5.945077313920893,0.0,0.0
2023-05-08,0.00887510477787079,0.00887510477787079,5.997840497994484,5.997840497994484,0.0,0.0
2023-05-09,0.005291005291005346,0.005291005291005346,6.029575103803979,6.029575103803979,0.0,0.0
2023-05-10,-0.007017543859649145,-0.007017543859649145,5.987262296057986,5.987262296057986,0.0,0.0
2023-05-11,0.008833922261484162,0.008833922261484162,6.0401533057404775,6.0401533057404775,0.0,0.0
2023-05-12,0.023642732049036885,0.023642732049036885,6.182959031883204,6.182959031883204,0.0,0.0
2023-05-15,-0.0008554319931565191,-0.0008554319931565191,6.177669930914955,6.177669930914955,0.0,0.0
2023-05-16,0.001712328767123239,0.001712328767123239,6.188248132851452,6.188248132851452,0.0,0.0
2023-05-17,0.036752136752136844,0.036752136752136844,6.415679474486164,6.415679474486164,0.0,0.0
2023-05-18,0.06347897774113753,0.06347897774113753,6.822940249041344,6.822940249041344,0.0,0.0
2023-05-19,0.08000620155038729,0.08000620155038729,7.368817781772395,7.368817781772395,0.0,0.0
2023-05-22,-0.005340453938584733,-0.005340453938584733,7.329464949827016,7.329464949827016,0.0,0.0
2023-05-23,0.005369127516778427,0.005369127516778427,7.368817781772395,7.368817781772395,0.0,0.0
2023-05-24,-0.01468624833110832,-0.01468624833110832,7.2605974939225995,7.2605974939225995,0.0,0.0
2023-05-25,0.012875338753387533,0.012875338753387533,7.354080146208849,7.354080146208849,0.0,0.0
2023-05-26,-0.00670016750418756,-0.00670016750418756,7.30480657739003,7.30480657739003,0.0,0.0
2023-05-29,0.007256323777403262,0.007256323777403262,7.357812619046877,7.357812619046877,0.0,0.0
2023-05-30,0.0012836970474967568,0.0012836970474967568,7.3672578213819815,7.3672578213819815,0.0,0.0
2023-05-31,-0.0038461538461538325,-0.0038461538461538325,7.338922214376666,7.338922214376666,0.0,0.0
2023-06-01,-0.0012870012870013214,-0.0012870012870013214,7.32947701204156,7.32947701204156,0.0,0.0
2023-06-02,0.012886597938144284,0.012886597938144284,7.423929035392611,7.423929035392611,0.0,0.0
2023-06-05,0.0050890585241729624,0.0050890585241729624,7.461709844733031,7.461709844733031,0.0,0.0
2023-06-06,0.0012658227848101333,0.0012658227848101333,7.4711550470681365,7.4711550470681365,0.0,0.0
2023-06-07,0.0037926675094817064,0.0037926675094817064,7.499490654073452,7.499490654073452,0.0,0.0
2023-06-08,-0.02267002518891692,-0.02267002518891692,7.3294770120415595,7.3294770120415595,0.0,0.0
2023-06-09,0.01675257731958757,0.01675257731958757,7.4522646423979255,7.4522646423979255,0.0,0.0
2023-06-12,0.011406844106463865,0.011406844106463865,7.537271463413871,7.537271463413871,0.0,0.0
2023-06-13,0.022556390977443552,0.022556390977443552,7.707285105445763,7.707285105445763,0.0,0.0
2023-06-14,0.001225490196078427,0.001225490196078427,7.716730307780868,7.716730307780868,0.0,0.0
2023-06-15,0.006119951040391758,0.006119951040391758,7.763956319456395,7.763956319456395,0.0,0.0
2023-06-16,0.009732360097323589,0.009732360097323589,7.839517938137235,7.839517938137235,0.0,0.0
2023-06-19,-0.004819277108433773,-0.004819277108433773,7.801737128796814,7.801737128796814,0.0,0.0
2023-06-20,-0.001210653753026647,-0.001210653753026647,7.792291926461709,7.792291926461709,0.0,0.0
2023-06-21,0.0016290909090910244,0.0016290909090910244,7.804986278400091,7.804986278400091,0.0,0.0
2023-06-26,-0.013896037056098876,-0.013896037056098876,7.6965278998531,7.6965278998531,0.0,0.0
2023-06-27,-0.008350730688935326,-0.008350730688935326,7.63225626812155,7.63225626812155,0.0,0.0
2023-06-28,-0.0036842105263157343,-0.0036842105263157343,7.604137429238997,7.604137429238997,0.0,0.0
2023-06-29,-0.002641310089804616,-0.002641310089804616,7.584052544322887,7.584052544322887,0.0,0.0
2023-06-30,0.0068855932203391035,0.0068855932203391035,7.636273245104772,7.636273245104772,0.0,0.0
2023-07-03,0.07943187795896889,0.07943187795896889,8.242836769571273,8.242836769571273,0.0,0.0
2023-07-04,-0.020481481481481545,-0.020481481481481545,8.074011260920424,8.074011260920424,0.0,0.0
2023-07-05,0.0011947431302270495,0.0011947431302270495,8.083657630407783,8.083657630407783,0.0,0.0
2023-07-06,0.0011933174224343368,0.0011933174224343368,8.093303999895143,8.093303999895143,0.0,0.0
2023-07-07,-0.00476758045292025,-0.00476758045292025,8.054718521945702,8.054718521945702,0.0,0.0
2023-07-10,-0.010366467065868301,-0.010366467065868301,7.971219547663113,7.971219547663113,0.0,0.0
2023-07-11,0.004482071713147295,0.004482071713147295,8.00694712531698,8.00694712531698,0.0,0.0
2023-07-12,0.01636093207734257,0.01636093207734257,8.137948243381164,8.137948243381164,0.0,0.0
2023-07-13,-0.007317073170731603,-0.007317073170731603,8.078402280624717,8.078402280624717,0.0,0.0
2023-07-14,0.0004914004914005066,0.0004914004914005066,8.082372011475147,8.082372011475147,0.0,0.0
2023-07-17,0.00982318271119853,0.00982318271119853,8.161766628483745,8.161766628483745,0.0,0.0
2023-07-18,0.0014591439688715901,0.0014591439688715901,8.173675821035035,8.173675821035035,0.0,0.0
2023-07-19,0.022826614861583217,0.022826614861583217,8.360253171005237,8.360253171005237,0.0,0.0
2023-07-20,0.007122507122507171,0.007122507122507171,8.419799133761686,8.419799133761686,0.0,0.0
2023-07-21,-0.008486562942008224,-0.008486562942008224,8.34834397845395,8.34834397845395,0.0,0.0
2023-07-24,0.0019020446980504424,0.0019020446980504424,8.36422290185567,8.36422290185567,0.0,0.0
2023-07-25,0.01850972947318441,0.01850972947318441,8.519042405022432,8.519042405022432,0.0,0.0
2023-07-26,0.006989748369058857,0.006989748369058857,8.578588367778881,8.578588367778881,0.0,0.0
2023-07-27,0.011568718186024896,0.011568718186024896,8.677831639039626,8.677831639039626,0.0,0.0
2023-07-28,-0.011436413540713564,-0.011436413540713564,8.578588367778881,8.578588367778881,0.0,0.0
2023-07-31,-0.0046274872744102025,-0.0046274872744102025,8.538891059274581,8.538891059274581,0.0,0.0
2023-08-01,0.010227801022780314,0.010227801022780314,8.62622513798404,8.62622513798404,0.0,0.0
2023-08-02,0.0023009664058903923,0.0023009664058903923,8.646073792236189,8.646073792236189,0.0,0.0
2023-08-03,-0.011478420569329573,-0.011478420569329573,8.546830520975444,8.546830520975444,0.0,0.0
2023-08-04,0.010218300046446638,0.010218300046446638,8.6341645996849,8.6341645996849,0.0,0.0
2023-08-07,-0.011034482758620734,-0.011034482758620734,8.538891059274583,8.538891059274583,0.0,0.0
2023-08-08,-0.004184100418409886,-0.004184100418409886,8.503163481620716,8.503163481620716,0.0,0.0
2023-08-09,0.021008403361344463,0.021008403361344463,8.681801369890058,8.681801369890058,0.0,0.0
2023-08-10,0.00137174211248281,0.00137174211248281,8.693710562441348,8.693710562441348,0.0,0.0
2023-08-11,0.007305936073059405,0.007305936073059405,8.757226256048225,8.757226256048225,0.0,0.0
2023-08-14,0.005893019038984537,0.005893019038984537,8.808832757103813,8.808832757103813,0.0,0.0
2023-08-15,0.008111762054979765,0.008111762054979765,8.88028791241155,8.88028791241155,0.0,0.0
2023-08-16,-0.0013410818059902407,-0.0013410818059902407,8.86837871986026,8.86837871986026,0.0,0.0
2023-08-17,0.01611459265890791,0.01611459265890791,9.011289030475735,9.011289030475735,0.0,0.0
2023-08-18,0.011453744493391982,0.011453744493391982,9.11450203258691,9.11450203258691,0.0,0.0
2023-08-21,0.020470383275261295,0.020470383275261295,9.301079382557113,9.301079382557113,0.0,0.0
2023-08-22,-0.030303030303030498,-0.030303030303030498,9.019228492176593,9.019228492176593,0.0,0.0
2023-08-23,-0.0008802816901407606,-0.0008802816901407606,9.011289030475734,9.011289030475734,0.0,0.0
2023-08-24,0.007048458149779835,0.007048458149779835,9.074804724082611,9.074804724082611,0.0,0.0
2023-08-25,0.0209973753280841,0.0209973753280841,9.265351804903244,9.265351804903244,0.0,0.0
2023-08-28,0.009854327335047097,0.009854327335047097,9.35665561446313,9.35665561446313,0.0,0.0
2023-08-29,0.0063640220619429755,0.0063640220619429755,9.416201577219574,9.416201577219574,0.0,0.0
2023-08-30,-0.002107925801011823,-0.002107925801011823,9.396352922967425,9.396352922967425,0.0,0.0
2023-08-31,0.0021123785382339832,0.0021123785382339832,9.416201577219574,9.416201577219574,0.0,0.0
2023-09-01,-0.010539629005058893,-0.010539629005058893,9.31695830595883,9.31695830595883,0.0,0.0
2023-09-04,-0.018321261184490845,-0.018321261184490845,9.146259879390346,9.146259879390346,0.0,0.0
2023-09-05,0.010850694444444642,0.010850694444444642,9.245503150651095,9.245503150651095,0.0,0.0
2023-09-06,0.01545727780163153,0.01545727780163153,9.388413461266568,9.388413461266568,0.0,0.0
2023-09-07,0.0012684989429174731,0.0012684989429174731,9.400322653817856,9.400322653817856,0.0,0.0
2023-09-08,-0.018581081081081252,-0.018581081081081252,9.225654496398942,9.225654496398942,0.0,0.0
2023-09-11,0.009896729776248003,0.009896729776248003,9.31695830595883,9.31695830595883,0.0,0.0
2023-09-12,-0.013055815935236526,-0.013055815935236526,9.195317813239958,9.195317813239958,0.0,0.0
2023-09-13,-0.010465116279069875,-0.010465116279069875,9.0990877431014,9.0990877431014,0.0,0.0
2023-09-14,0.005875440658049458,0.005875440658049458,9.152548893178377,9.152548893178377,0.0,0.0
2023-09-15,0.007009345794392496,0.007009345794392496,9.216702273270748,9.216702273270748,0.0,0.0
2023-09-18,-0.01820881670533636,-0.01820881670533636,9.048877030949104,9.048877030949104,0.0,0.0
2023-09-19,-0.0008058017727640143,-0.0008058017727640143,9.041585429796042,9.041585429796042,0.0,0.0
2023-09-20,-0.00843870967741922,-0.00843870967741922,8.965286115330409,8.965286115330409,0.0,0.0
2023-09-21,-0.0030474531998259113,-0.0030474531998259113,8.93796482547089,8.93796482547089,0.0,0.0
2023-09-22,-0.004148471615720517,-0.004148471615720517,8.900885932090116,8.900885932090116,0.0,0.0
2023-09-25,0.004385003288752465,0.004385003288752465,8.939916346175142,8.939916346175142,0.0,0.0
2023-09-26,-0.0006548788474132206,-0.0006548788474132206,8.934061784062388,8.934061784062388,0.0,0.0
2023-09-27,-0.014635211882918497,-0.014635211882918497,8.80330989687755,8.80330989687755,0.0,0.0
2023-09-28,-0.017609399246286905,-0.017609399246286905,8.648288898214645,8.648288898214645,0.0,0.0
2023-10-09,0.0,0.0,8.648288898214645,8.648288898214645,0.0,0.0
2023-10-10,0.0,0.0,8.648288898214645,8.648288898214645,0.0,0.0
2023-10-11,0.0,0.0,8.648288898214645,8.648288898214645,0.0,0.0
2023-10-12,0.0,0.0,8.648288898214645,8.648288898214645,0.0,0.0
2023-10-13,0.0,0.0,8.648288898214645,8.648288898214645,0.0,0.0
2023-10-16,0.0,0.0,8.648288898214645,8.648288898214645,0.0,0.0
2023-10-17,0.0,0.0,8.648288898214645,8.648288898214645,0.0,0.0
2023-10-18,0.0,0.0,8.648288898214645,8.648288898214645,0.0,0.0
2023-10-19,0.0,0.0,8.648288898214645,8.648288898214645,0.0,0.0
2023-10-20,0.0,0.0,8.648288898214645,8.648288898214645,0.0,0.0
2023-10-23,0.0,0.0,8.648288898214645,8.648288898214645,0.0,0.0
2023-10-24,0.0,0.0,8.648288898214645,8.648288898214645,0.0,0.0
2023-10-25,0.0,0.0,8.648288898214645,8.648288898214645,0.0,0.0
2023-10-26,0.0,0.0,8.648288898214645,8.648288898214645,0.0,0.0
2023-10-27,-0.0010000000000000009,-0.0010000000000000009,8.63964060931643,8.63964060931643,0.0,0.0
2023-10-30,0.0021743857360294605,0.0021743857360294605,8.658426520621749,8.658426520621749,0.0,0.0
2023-10-31,0.0023866348448686736,0.0023866348448686736,8.6790910230576,8.6790910230576,0.0,0.0
2023-11-01,-0.003679653679653616,-0.003679653679653616,8.647154973838557,8.647154973838557,0.0,0.0
2023-11-02,0.002172496198131757,0.002172496198131757,8.665940885143877,8.665940885143877,0.0,0.0
2023-11-03,-0.0006503360069369801,-0.0006503360069369801,8.660305111752281,8.660305111752281,0.0,0.0
2023-11-06,-0.006979175704989182,-0.006979175704989182,8.599863320718546,8.599863320718546,0.0,0.0
2023-11-07,-0.00254560882477739,-0.00254560882477739,8.577971432757446,8.577971432757446,0.0,0.0
2023-11-08,0.0063802637175669474,0.0063802637175669474,8.632701152660193,8.632701152660193,0.0,0.0
2023-11-09,-0.002958579881656709,-0.002958579881656709,8.607160616705578,8.607160616705578,0.0,0.0
2023-11-10,-0.022467147096227102,-0.022467147096227102,8.4137822730492,8.4137822730492,0.0,0.0
2023-11-13,0.006938421509106618,0.006938421509106618,8.472160640945464,8.472160640945464,0.0,0.0
2023-11-14,0.009474590869939625,0.009474590869939625,8.552430896802829,8.552430896802829,0.0,0.0
2023-11-15,0.010238907849829282,0.010238907849829282,8.639998448647226,8.639998448647226,0.0,0.0
2023-11-16,-0.0036858108108107634,-0.0036858108108107634,8.608153048959814,8.608153048959814,0.0,0.0
2023-11-17,0.0034364261168384758,0.0034364261168384758,8.637734330915002,8.637734330915002,0.0,0.0
2023-11-20,-0.014840182648401812,-0.014840182648401812,8.509548775775853,8.509548775775853,0.0,0.0
2023-11-21,0.011587485515643037,0.011587485515643037,8.608153048959814,8.608153048959814,0.0,0.0
2023-11-22,-0.008018327605956443,-0.008018327605956443,8.539130057731041,8.539130057731041,0.0,0.0
2023-11-23,0.004914549653579625,0.004914549653579625,8.581096036398135,8.581096036398135,0.0,0.0
2023-11-24,0.009068425391590917,0.009068425391590917,8.658913065582288,8.658913065582288,0.0,0.0
2023-11-27,0.0016339869281045694,0.0016339869281045694,8.673061616343043,8.673061616343043,0.0,0.0
2023-11-28,-0.005709624796084833,-0.005709624796084833,8.6235416886804,8.6235416886804,0.0,0.0
2023-11-29,0.00656275635767023,0.00656275635767023,8.68013589172342,8.68013589172342,0.0,0.0
2023-11-30,0.013854930725346382,0.013854930725346382,8.800398573189842,8.800398573189842,0.0,0.0
2023-12-01,-0.003215434083601143,-0.003215434083601143,8.772101471668332,8.772101471668332,0.0,0.0
2023-12-04,0.004838709677419395,0.004838709677419395,8.814547123950598,8.814547123950598,0.0,0.0
2023-12-05,-0.007223113964686889,-0.007223113964686889,8.7508786455272,8.7508786455272,0.0,0.0
2023-12-06,0.014551333872271366,0.014551333872271366,8.878215602373995,8.878215602373995,0.0,0.0
2023-12-07,-0.0023904382470119057,-0.0023904382470119057,8.856992776232863,8.856992776232863,0.0,0.0
2023-12-08,0.005591054313099031,0.005591054313099031,8.906512703895507,8.906512703895507,0.0,0.0
2023-12-11,0.012708498808578161,0.012708498808578161,9.019701109981549,9.019701109981549,0.0,0.0
2023-12-12,-0.0023529411764704466,-0.0023529411764704466,8.998478283840416,8.998478283840416,0.0,0.0
2023-12-13,0.0015723270440251014,0.0015723270440251014,9.012626834601171,9.012626834601171,0.0,0.0
2023-12-14,0.014128728414442682,0.014128728414442682,9.13996379144797,9.13996379144797,0.0,0.0
2023-12-15,-0.00851393188854499,-0.00851393188854499,9.062146762263815,9.062146762263815,0.0,0.0
2023-12-18,-0.005464480874316946,-0.005464480874316946,9.012626834601171,9.012626834601171,0.0,0.0
2023-12-19,0.0,0.0,9.012626834601171,9.012626834601171,0.0,0.0
2023-12-20,0.005833594976452083,0.005833594976452083,9.065202849228138,9.065202849228138,0.0,0.0
2023-12-21,-0.028358208955223896,-0.028358208955223896,8.808129932608235,8.808129932608235,0.0,0.0
2023-12-22,0.0023041474654377225,0.0023041474654377225,8.8284251628677,8.8284251628677,0.0,0.0
2023-12-25,0.016091954022988686,0.016091954022988686,8.970491774683964,8.970491774683964,0.0,0.0
2023-12-26,0.02413273001508287,0.02413273001508287,9.186974230784934,9.186974230784934,0.0,0.0
2023-12-27,-0.016200294550810068,-0.016200294550810068,9.038142542215516,9.038142542215516,0.0,0.0
2023-12-28,-0.010479041916167553,-0.010479041916167553,8.943431467671342,8.943431467671342,0.0,0.0
2023-12-29,-0.003025718608169581,-0.003025718608169581,8.91637116065872,8.91637116065872,0.0,0.0
2024-01-02,-0.0015174506828528056,-0.0015174506828528056,8.902841007152409,8.902841007152409,0.0,0.0
2024-01-03,-0.015197568389057836,-0.015197568389057836,8.767539472089302,8.767539472089302,0.0,0.0
2024-01-04,0.013117283950617287,0.013117283950617287,8.882545776892943,8.882545776892943,0.0,0.0
2024-01-05,-0.00990099009900991,-0.00990099009900991,8.794599779101924,8.794599779101924,0.0,0.0
2024-01-08,0.020000000000000018,0.020000000000000018,8.970491774683962,8.970491774683962,0.0,0.0
2024-01-09,0.03318250377073917,0.03318250377073917,9.268155151822798,9.268155151822798,0.0,0.0
2024-01-10,0.008759124087591053,0.008759124087591053,9.34933607286066,9.34933607286066,0.0,0.0
2024-01-11,0.04630969609261948,0.04630969609261948,9.782300985062603,9.782300985062603,0.0,0.0
2024-01-12,0.006915629322268302,0.006915629322268302,9.849951752594157,9.849951752594157,0.0,0.0
2024-01-15,0.04670329670329676,0.04670329670329676,10.30997697180872,10.30997697180872,0.0,0.0
2024-01-16,-0.042650918635170565,-0.042650918635170565,9.870246982853624,9.870246982853624,0.0,0.0
2024-01-17,-0.010281014393420218,-0.010281014393420218,9.768770831556294,9.768770831556294,0.0,0.0
2024-01-18,0.0020775623268698418,0.0020775623268698418,9.78906606181576,9.78906606181576,0.0,0.0
2024-01-19,0.00898410504492042,0.00898410504492042,9.877012059606779,9.877012059606779,0.0,0.0
2024-01-22,0.06088767123287675,0.06088767123287675,10.478400322655276,10.478400322655276,0.0,0.0
2024-01-23,-0.012320328542094416,-0.012320328542094416,10.349302988084574,10.349302988084574,0.0,0.0
2024-01-24,0.005197505197505281,0.005197505197505281,10.4030935441557,10.4030935441557,0.0,0.0
2024-01-25,-0.008273009307135482,-0.008273009307135482,10.317028654441899,10.317028654441899,0.0,0.0
2024-01-26,-0.01240667361835246,-0.01240667361835246,10.189028647215048,10.189028647215048,0.0,0.0
2024-01-29,0.031677465802735894,0.031677465802735894,10.5117912537503,10.5117912537503,0.0,0.0
2024-01-30,0.04605722260990941,0.04605722260990941,10.995935163553176,10.995935163553176,0.0,0.0
2024-01-31,-0.056593729152768724,-0.056593729152768724,10.373634187125642,10.373634187125642,0.0,0.0
2024-02-01,-0.011554621848739566,-0.011554621848739566,10.253770766896249,10.253770766896249,0.0,0.0
2024-02-02,0.023379383634431372,0.023379383634431372,10.493497607355033,10.493497607355033,0.0,0.0
2024-02-05,0.007268951194184803,0.007268951194184803,10.569774329319193,10.569774329319193,0.0,0.0
2024-02-06,0.003092783505154628,0.003092783505154628,10.602464353018119,10.602464353018119,0.0,0.0
2024-02-07,-0.008221993833504526,-0.008221993833504526,10.515290956487652,10.515290956487652,0.0,0.0
2024-02-08,0.023834196891191706,0.023834196891191706,10.765914471512746,10.765914471512746,0.0,0.0
2024-02-19,-0.007085020242915019,-0.007085020242915019,10.689637749548586,10.689637749548586,0.0,0.0
2024-02-20,-0.0010193679918450993,-0.0010193679918450993,10.678741074982277,10.678741074982277,0.0,0.0
2024-02-21,-0.01224489795918382,-0.01224489795918382,10.547980980186574,10.547980980186574,0.0,0.0
2024-02-22,0.015495867768595017,0.015495867768595017,10.711431098681201,10.711431098681201,0.0,0.0
2024-02-23,0.014242115971515812,0.014242115971515812,10.86398454260952,10.86398454260952,0.0,0.0
2024-02-26,-0.013011033099297853,-0.013011033099297853,10.722632880135368,10.722632880135368,0.0,0.0
2024-02-27,0.02464788732394374,0.02464788732394374,10.986923127180958,10.986923127180958,0.0,0.0
2024-02-28,-0.025773195876288568,-0.025773195876288568,10.703755005346398,10.703755005346398,0.0,0.0
2024-02-29,0.03527336860670194,0.03527336860670194,11.081312501125813,11.081312501125813,0.0,0.0
2024-03-01,0.007950028392958552,0.007950028392958552,11.16940925014101,11.16940925014101,0.0,0.0
2024-03-04,0.004507042253521165,0.004507042253521165,11.219750249578265,11.219750249578265,0.0,0.0
2024-03-05,-0.0016825574873807758,-0.0016825574873807758,11.200872374789295,11.200872374789295,0.0,0.0
2024-03-06,0.0011235955056179137,0.0011235955056179137,11.213457624648608,11.213457624648608,0.0,0.0
2024-03-07,-0.02244668911335579,-0.02244668911335579,10.961752627462332,10.961752627462332,0.0,0.0
2024-03-08,0.008036739380022917,0.008036739380022917,11.049849376477528,11.049849376477528,0.0,0.0
2024-03-11,0.04783599088838275,0.04783599088838275,11.578429870568709,11.578429870568709,0.0,0.0
2024-03-12,0.0059782608695651,0.0059782608695651,11.647648744794934,11.647648744794934,0.0,0.0
2024-03-13,-0.0054024851431659915,-0.0054024851431659915,11.584722495498363,11.584722495498363,0.0,0.0
2024-03-14,-0.004888647474198815,-0.004888647474198815,11.528088871131452,11.528088871131452,0.0,0.0
2024-03-15,0.0005458515283842669,0.0005458515283842669,11.534381496061108,11.534381496061108,0.0,0.0
2024-03-18,0.022913256955810146,0.022913256955810146,11.798671743106699,11.798671743106699,0.0,0.0
2024-03-19,-0.013709866666666737,-0.013709866666666737,11.636913526664937,11.636913526664937,0.0,0.0
2024-03-20,0.011070110701107083,0.011070110701107083,11.765735447624328,11.765735447624328,0.0,0.0
2024-03-21,0.017335766423357546,0.017335766423357546,11.969703489143361,11.969703489143361,0.0,0.0
2024-03-22,-0.01704035874439458,-0.01704035874439458,11.765735447624326,11.765735447624326,0.0,0.0
2024-03-25,-0.026459854014598605,-0.026459854014598605,11.454415805305798,11.454415805305798,0.0,0.0
2024-03-26,0.0023430178069352436,0.0023430178069352436,11.48125370550567,11.48125370550567,0.0,0.0
2024-03-27,0.003740065451145469,0.003740065451145469,11.524194345825467,11.524194345825467,0.0,0.0
2024-03-28,-0.017233348858872843,-0.017233348858872843,11.325593884346407,11.325593884346407,0.0,0.0
2024-03-29,0.010770616113744191,0.010770616113744191,11.447577508334872,11.447577508334872,0.0,0.0
2024-04-01,0.005657432696059228,0.005657432696059228,11.512341407621198,11.512341407621198,0.0,0.0
2024-04-02,0.0007759456838021261,0.0007759456838021261,11.521274359246899,11.521274359246899,0.0,0.0
2024-04-03,0.01395619306067064,0.01395619306067064,11.682067488509503,11.682067488509503,0.0,0.0
2024-04-08,0.023513668514624442,0.023513668514624442,11.956755750999786,11.956755750999786,0.0,0.0
2024-04-09,0.0028016436309301618,0.0028016436309301618,11.990254319596163,11.990254319596163,0.0,0.0
2024-04-10,0.003538834047308592,0.003538834047308592,12.032685839818239,12.032685839818239,0.0,0.0
2024-04-11,-0.007423904974016349,-0.007423904974016349,11.943356323561236,11.943356323561236,0.0,0.0
2024-04-12,0.029169783096484547,0.029169783096484547,12.291741436963544,12.291741436963544,0.0,0.0
2024-04-15,-0.015806686046511587,-0.015806686046511587,12.097449739104565,12.097449739104565,0.0,0.0
2024-04-16,0.006461140852870528,0.006461140852870528,12.175613065829442,12.175613065829442,0.0,0.0
2024-04-17,0.0016507703595012302,0.0016507703595012302,12.195712206987269,12.195712206987269,0.0,0.0
2024-04-18,-0.0029298663248489287,-0.0029298663248489287,12.159980400484468,12.159980400484468,0.0,0.0
2024-04-19,0.0047750229568410685,0.0047750229568410685,12.21804458605152,12.21804458605152,0.0,0.0
2024-04-22,-0.01955766770243106,-0.01955766770243106,11.979088130064037,11.979088130064037,0.0,0.0
2024-04-23,-0.02460850111856827,-0.02460850111856827,11.684300726415929,11.684300726415929,0.0,0.0
2024-04-24,0.010512232415902156,0.010512232415902156,11.807128811269306,11.807128811269306,0.0,0.0
2024-04-25,0.000189143181388296,0.000189143181388296,11.809362049175732,11.809362049175732,0.0,0.0
2024-04-26,0.007753403933434155,0.007753403933434155,11.900924803339159,11.900924803339159,0.0,0.0
2024-04-29,-0.008554700694314077,-0.008554700694314077,11.799115953661053,11.799115953661053,0.0,0.0
2024-04-30,0.005052824988516447,0.005052824988516447,11.858734821594114,11.858734821594114,0.0,0.0
2024-05-06,0.025594149908592323,0.025594149908592323,12.162249058344237,12.162249058344237,0.0,0.0
2024-05-07,0.031639928698752096,0.031639928698752096,12.547061751366714,12.547061751366714,0.0,0.0
2024-05-08,0.0030237580993521807,0.0030237580993521807,12.58500103096048,12.58500103096048,0.0,0.0
2024-05-09,-0.0051679586563309066,-0.0051679586563309066,12.519962265942596,12.519962265942596,0.0,0.0
2024-05-10,-0.015151515151515249,-0.015151515151515249,12.330265867973766,12.330265867973766,0.0,0.0
2024-05-13,0.009230769230769154,0.009230769230769154,12.444083706755062,12.444083706755062,0.0,0.0
2024-05-14,-0.003919860627177751,-0.003919860627177751,12.39530463299165,12.39530463299165,0.0,0.0
2024-05-15,0.00655881066899866,0.00655881066899866,12.476603089264003,12.476603089264003,0.0,0.0
2024-05-16,-0.0017376194613379914,-0.0017376194613379914,12.454923500924709,12.454923500924709,0.0,0.0
2024-05-17,0.011749347258485754,0.011749347258485754,12.601260722214949,12.601260722214949,0.0,0.0
2024-05-20,-0.0034408602150537426,-0.0034408602150537426,12.55790154553636,12.55790154553636,0.0,0.0
2024-05-21,0.0008631851532152623,0.0008631851532152623,12.568741339706007,12.568741339706007,0.0,0.0
2024-05-22,0.00819318671841307,0.00819318671841307,12.671719384317655,12.671719384317655,0.0,0.0
2024-05-23,-0.000719418306244668,-0.000719418306244668,12.66260311742098,12.66260311742098,0.0,0.0
2024-05-24,-0.017307692307692357,-0.017307692307692357,12.443442678850232,12.443442678850232,0.0,0.0
2024-05-27,0.013698630136986356,0.013698630136986356,12.613900797738593,12.613900797738593,0.0,0.0
2024-05-28,0.0038610038610038533,0.0038610038610038533,12.66260311742098,12.66260311742098,0.0,0.0
2024-05-29,-0.004807692307692402,-0.004807692307692402,12.601725217817993,12.601725217817993,0.0,0.0
2024-05-30,-0.009661835748792313,-0.009661835748792313,12.479969418612022,12.479969418612022,0.0,0.0
2024-05-31,-0.005853658536585371,-0.005853658536585371,12.406915939088439,12.406915939088439,0.0,0.0
2024-06-03,0.0058881256133465065,0.0058881256133465065,12.479969418612022,12.479969418612022,0.0,0.0
2024-06-04,-0.0039024390243901363,-0.0039024390243901363,12.431267098929634,12.431267098929634,0.0,0.0
2024-06-05,0.007835455435847294,0.007835455435847294,12.528671738294411,12.528671738294411,0.0,0.0
2024-06-06,0.02137998056365409,0.02137998056365409,12.79653449654755,12.79653449654755,0.0,0.0
2024-06-07,0.0,0.0,12.79653449654755,12.79653449654755,0.0,0.0
2024-06-11,0.0019029495718363432,0.0019029495718363432,12.820885656388743,12.820885656388743,0.0,0.0
2024-06-12,0.008547008547008739,0.008547008547008739,12.93046587567412,12.93046587567412,0.0,0.0
2024-06-13,0.0197740112994349,0.0197740112994349,13.186153054006658,13.186153054006658,0.0,0.0
2024-06-14,0.0,0.0,13.186153054006658,13.186153054006658,0.0,0.0
2024-06-17,0.004616805170821969,0.004616805170821969,13.247030953609645,13.247030953609645,0.0,0.0
2024-06-18,0.012867647058823595,0.012867647058823595,13.417489072498006,13.417489072498006,0.0,0.0
2024-06-19,0.0,0.0,13.417489072498006,13.417489072498006,0.0,0.0
2024-06-20,0.005444646098003547,0.005444646098003547,13.490542552021587,13.490542552021587,0.0,0.0
2024-06-21,-0.012635379061371799,-0.012635379061371799,13.320084433133228,13.320084433133228,0.0,0.0
2024-06-24,-0.00365630712979903,-0.00365630712979903,13.271382113450839,13.271382113450839,0.0,0.0
2024-06-25,-0.011926605504587129,-0.011926605504587129,13.113099574483076,13.113099574483076,0.0,0.0
2024-06-26,0.01578458681522754,0.01578458681522754,13.320084433133228,13.320084433133228,0.0,0.0
2024-06-27,-0.000914076782449813,-0.000914076782449813,13.30790885321263,13.30790885321263,0.0,0.0
2024-06-28,0.012808783165599191,0.012808783165599191,13.47836697210099,13.47836697210099,0.0,0.0
2024-07-01,-0.0018066847335139746,-0.0018066847335139746,13.454015812259795,13.454015812259795,0.0,0.0
2024-07-02,0.0018099547511312153,0.0018099547511312153,13.47836697210099,13.47836697210099,0.0,0.0
2024-07-03,0.02168021680216814,0.02168021680216814,13.77058089019532,13.77058089019532,0.0,0.0
2024-07-04,0.001529619805481941,0.001529619805481941,13.791644643457955,13.791644643457955,0.0,0.0
2024-07-05,-0.023468057366362483,-0.023468057366362483,13.467981535788798,13.467981535788798,0.0,0.0
2024-07-08,0.01602136181575431,0.01602136181575431,13.683756940901569,13.683756940901569,0.0,0.0
2024-07-09,0.03088042049934292,0.03088042049934292,14.106317109247412,14.106317109247412,0.0,0.0
2024-07-10,0.00817718291905667,0.00817718291905667,14.221667044563947,14.221667044563947,0.0,0.0
2024-07-11,0.012163336229365829,0.012163336229365829,14.39464996256907,14.39464996256907,0.0,0.0
2024-07-12,-0.036909871244635184,-0.036909871244635184,13.863345285839053,13.863345285839053,0.0,0.0
2024-07-15,0.02852049910873422,0.02852049910873422,14.2587348127079,14.2587348127079,0.0,0.0
2024-07-16,-0.00372963604852683,-0.00372963604852683,14.20555492134404,14.20555492134404,0.0,0.0
2024-07-17,-0.007832898172323799,-0.007832898172323799,14.0942842561638,14.0942842561638,0.0,0.0
2024-07-18,-0.016447368421052433,-0.016447368421052433,13.862470370371634,13.862470370371634,0.0,0.0
2024-07-19,-0.014715719063545185,-0.014715719063545185,13.658474150874525,13.658474150874525,0.0,0.0
2024-07-22,-0.01154107264086901,-0.01154107264086901,13.50084070853585,13.50084070853585,0.0,0.0
2024-07-23,0.0055398351648350275,0.0055398351648350275,13.575633140647835,13.575633140647835,0.0,0.0
2024-07-24,0.01316277345198369,0.01316277345198369,13.754326124145424,13.754326124145424,0.0,0.0
2024-07-25,-0.025251601097895704,-0.025251601097895704,13.407007367488138,13.407007367488138,0.0,0.0
2024-07-26,0.0033133095550965663,0.0033133095550965663,13.451428933104086,13.451428933104086,0.0,0.0
2024-07-29,0.0,0.0,13.451428933104086,13.451428933104086,0.0,0.0
2024-07-30,0.0,0.0,13.451428933104086,13.451428933104086,0.0,0.0
2024-07-31,0.0,0.0,13.451428933104086,13.451428933104086,0.0,0.0
2024-08-01,0.0,0.0,13.451428933104086,13.451428933104086,0.0,0.0
2024-08-02,0.0,0.0,13.451428933104086,13.451428933104086,0.0,0.0
2024-08-05,0.0,0.0,13.451428933104086,13.451428933104086,0.0,0.0
2024-08-06,0.0,0.0,13.451428933104086,13.451428933104086,0.0,0.0
2024-08-07,0.0,0.0,13.451428933104086,13.451428933104086,0.0,0.0
2024-08-08,0.0,0.0,13.451428933104086,13.451428933104086,0.0,0.0
2024-08-09,0.0,0.0,13.451428933104086,13.451428933104086,0.0,0.0
2024-08-12,0.0,0.0,13.451428933104086,13.451428933104086,0.0,0.0
2024-08-13,0.0,0.0,13.451428933104086,13.451428933104086,0.0,0.0
2024-08-14,0.0,0.0,13.451428933104086,13.451428933104086,0.0,0.0
2024-08-15,0.0,0.0,13.451428933104086,13.451428933104086,0.0,0.0
2024-08-16,0.0,0.0,13.451428933104086,13.451428933104086,0.0,0.0
2024-08-19,0.0,0.0,13.451428933104086,13.451428933104086,0.0,0.0
2024-08-20,0.0,0.0,13.451428933104086,13.451428933104086,0.0,0.0
2024-08-21,-0.0010000000000000009,-0.0010000000000000009,13.437977504170982,13.437977504170982,0.0,0.0
2024-08-22,-0.0025284450063211006,-0.0025284450063211006,13.404000317055505,13.404000317055505,0.0,0.0
2024-08-23,-0.005433279015028103,-0.005433279015028103,13.331172643415417,13.331172643415417,0.0,0.0
2024-08-26,-0.004672897196261627,-0.004672897196261627,13.268877444147122,13.268877444147122,0.0,0.0
2024-08-27,-0.0033534540576795058,-0.0033534540576795058,13.224380873241195,13.224380873241195,0.0,0.0
2024-08-28,0.004710632570659623,0.004710632570659623,13.286676072509493,13.286676072509493,0.0,0.0
2024-08-29,-0.009377093101138656,-0.009377093101138656,13.1620856739729,13.1620856739729,0.0,0.0
2024-08-30,0.005409060175794567,0.005409060175794567,13.233280187422382,13.233280187422382,0.0,0.0
2024-09-02,-0.005379959650302579,-0.005379959650302579,13.162085673972902,13.162085673972902,0.0,0.0
2024-09-03,0.0,0.0,13.162085673972902,13.162085673972902,0.0,0.0
2024-09-04,-0.04451115618661272,-0.04451115618661272,12.576226022797115,12.576226022797115,0.0,0.0
2024-09-05,0.005061460592913791,0.005061460592913791,12.63988009521908,12.63988009521908,0.0,0.0
2024-09-06,0.0021582733812950394,0.0021582733812950394,12.667160411971352,12.667160411971352,0.0,0.0
2024-09-09,-0.013463029432878582,-0.013463029432878582,12.496622058513987,12.496622058513987,0.0,0.0
2024-09-10,-0.017329255861366022,-0.017329255861366022,12.280064897459207,12.280064897459207,0.0,0.0
2024-09-11,0.007261410788381717,0.007261410788381717,12.369235493187645,12.369235493187645,0.0,0.0
2024-09-12,-0.004634397528321288,-0.004634397528321288,12.311911538790792,12.311911538790792,0.0,0.0
2024-09-13,0.007759958613553941,0.007759958613553941,12.407451462785545,12.407451462785545,0.0,0.0
2024-09-18,0.022073921971252686,0.022073921971252686,12.681332578237178,12.681332578237178,0.0,0.0
2024-09-19,-0.02209944751381221,-0.02209944751381221,12.401082134519228,12.401082134519228,0.0,0.0
2024-09-20,0.0,0.0,12.401082134519228,12.401082134519228,0.0,0.0
2024-09-23,-0.0035952747817155073,-0.0035952747817155073,12.356496836655008,12.356496836655008,0.0,0.0
2024-09-24,0.013917525773196049,0.013917525773196049,12.52846869984557,12.52846869984557,0.0,0.0
2024-09-25,-0.015699034062023554,-0.015699034062023554,12.331783842981698,12.331783842981698,0.0,0.0
2024-09-26,-8.745644599295055e-05,-8.745644599295055e-05,12.330705348994037,12.330705348994037,0.0,0.0
2024-09-27,0.10320284697508897,0.10320284697508897,13.60326924622118,13.60326924622118,0.0,0.0
2024-09-30,0.1976,0.1976,16.291275249274484,16.291275249274484,0.0,0.0
2024-10-08,0.0012265638689330505,0.0012265638689330505,16.311257538874088,16.311257538874088,0.0,0.0
2024-10-09,-0.012950647532376736,-0.012950647532376736,16.100016191678307,16.100016191678307,0.0,0.0
2024-10-10,0.006382978723404431,0.006382978723404431,16.202782252476258,16.202782252476258,0.0,0.0
2024-10-11,0.0110993657505285,0.0110993657505285,16.382622858872665,16.382622858872665,0.0,0.0
2024-10-14,0.010454783063251538,0.010454783063251538,16.553899626869246,16.553899626869246,0.0,0.0
2024-10-15,-0.0020000000000000018,-0.0020000000000000018,16.520791827615508,16.520791827615508,0.0,0.0
2024-10-16,-0.0108108108108107,-0.0108108108108107,16.34218867272237,16.34218867272237,0.0,0.0
2024-10-17,0.0034535519125682423,0.0034535519125682423,16.3986272696686,16.3986272696686,0.0,0.0
2024-10-18,0.006773920406435208,0.006773920406435208,16.509710265568135,16.509710265568135,0.0,0.0
2024-10-21,0.01261564339781307,0.01261564339781307,16.717990882879757,16.717990882879757,0.0,0.0
2024-10-22,-0.00033222591362136455,-0.00033222591362136455,16.71243673308478,16.71243673308478,0.0,0.0
2024-10-23,0.006314390162844852,0.006314390162844852,16.817965579189337,16.817965579189337,0.0,0.0
2024-10-24,-0.010072655217965742,-0.010072655217965742,16.64856401044255,16.64856401044255,0.0,0.0
2024-10-25,0.000500417014178467,0.000500417014178467,16.656895235135014,16.656895235135014,0.0,0.0
2024-10-28,0.0031677225741915116,0.0031677225741915116,16.709659658187295,16.709659658187295,0.0,0.0
2024-10-29,0.008475984709988227,0.008475984709988227,16.851290477959196,16.851290477959196,0.0,0.0
2024-10-30,0.011865524060646004,0.011865524060646004,17.051239870578357,17.051239870578357,0.0,0.0
2024-10-31,-0.006026058631921738,-0.006026058631921738,16.94848809937129,16.94848809937129,0.0,0.0
2024-11-01,-0.008520399803375267,-0.008520399803375267,16.804080204701897,16.804080204701897,0.0,0.0
2024-11-04,-0.007436787307882886,-0.007436787307882886,16.679111834314924,16.679111834314924,0.0,0.0
2024-11-05,0.0,0.0,16.679111834314924,16.679111834314924,0.0,0.0
2024-11-06,-0.0019980019980021524,-0.0019980019980021524,16.64578693554506,16.64578693554506,0.0,0.0
2024-11-07,-0.02235568902235574,-0.02235568902235574,16.273658899281624,16.273658899281624,0.0,0.0
2024-11-08,0.004471672354948719,0.004471672354948719,16.346429369895407,16.346429369895407,0.0,0.0
2024-11-11,0.02936021034180558,0.02936021034180558,16.826363974533006,16.826363974533006,0.0,0.0
2024-11-12,-0.001702852277564948,-0.001702852277564948,16.797711162315835,16.797711162315835,0.0,0.0
2024-11-13,0.011513859275053218,0.011513859275053218,16.99111764478173,16.99111764478173,0.0,0.0
2024-11-14,-0.03541315345699847,-0.03541315345699847,16.389408588221162,16.389408588221162,0.0,0.0
2024-11-15,-0.03671328671328655,-0.03671328671328655,15.787699531660598,15.787699531660598,0.0,0.0
2024-11-18,-0.02495462794918335,-0.02495462794918335,15.393723363674512,15.393723363674512,0.0,0.0
2024-11-19,0.030711959050721216,0.030711959050721216,15.866494765257814,15.866494765257814,0.0,0.0
2024-11-20,0.0016045146726861859,0.0016045146726861859,15.891952788912768,15.891952788912768,0.0,0.0
2024-11-21,-0.007860262008733687,-0.007860262008733687,15.767037876161487,15.767037876161487,0.0,0.0
2024-11-22,0.009683098591549477,0.009683098591549477,15.919711658413053,15.919711658413053,0.0,0.0
2024-11-25,0.007846556233652935,0.007846556233652935,16.044626571164333,16.044626571164333,0.0,0.0
2024-11-26,0.0,0.0,16.044626571164333,16.044626571164333,0.0,0.0
2024-11-27,0.0017301038062282892,0.0017301038062282892,16.072385440664615,16.072385440664615,0.0,0.0
2024-11-28,-0.002590673575129543,-0.002590673575129543,16.03074713641419,16.03074713641419,0.0,0.0
2024-11-29,-0.0008658008658010141,-0.0008658008658010141,16.016867701664044,16.016867701664044,0.0,0.0
2024-12-02,0.005199306759098743,0.005199306759098743,16.100144310164897,16.100144310164897,0.0,0.0
2024-12-03,0.01724137931034475,0.01724137931034475,16.377733005167737,16.377733005167737,0.0,0.0
2024-12-04,0.005084745762711895,0.005084745762711895,16.46100961366859,16.46100961366859,0.0,0.0
2024-12-05,0.005573355817875436,0.005573355817875436,16.552752677367035,16.552752677367035,0.0,0.0
2024-12-06,-0.012253233492171445,-0.012253233492171445,16.34992793387309,16.34992793387309,0.0,0.0
2024-12-09,0.0021268090971744424,0.0021268090971744424,16.384701109340998,16.384701109340998,0.0,0.0
2024-12-10,-0.008754208754208848,-0.008754208754208848,16.24126601545451,16.24126601545451,0.0,0.0
2024-12-11,-0.0006793478260869179,-0.0006793478260869179,16.230232546694012,16.230232546694012,0.0,0.0
2024-12-12,0.0047586675730795225,0.0047586675730795225,16.307466828017503,16.307466828017503,0.0,0.0
2024-12-13,-0.0006765899864681346,-0.0006765899864681346,16.296433359257005,16.296433359257005,0.0,0.0
2024-12-16,0.0013784698713608101,0.0013784698713608101,16.31889750165338,16.31889750165338,0.0,0.0
2024-12-17,0.012057877813504758,0.012057877813504758,16.515668773779428,16.515668773779428,0.0,0.0
2024-12-18,0.005559968228753043,0.005559968228753043,16.60749536743825,16.60749536743825,0.0,0.0
2024-12-19,-0.025276461295418606,-0.025276461295418606,16.187716653569353,16.187716653569353,0.0,0.0
2024-12-20,-0.021880064829821633,-0.021880064829821633,15.833528363742472,15.833528363742472,0.0,0.0
2024-12-23,0.036454018227009,0.036454018227009,16.410724095312204,16.410724095312204,0.0,0.0
2024-12-24,-0.0007993605115905744,-0.0007993605115905744,16.397606010503804,16.397606010503804,0.0,0.0
2024-12-25,0.008799999999999919,0.008799999999999919,16.541904943396236,16.541904943396236,0.0,0.0
2024-12-26,0.0015860428231562196,0.0015860428231562196,16.56814111301304,16.56814111301304,0.0,0.0
2024-12-27,-0.006334125098970689,-0.006334125098970689,16.463196434545818,16.463196434545818,0.0,0.0
2024-12-30,-0.012749003984063645,-0.012749003984063645,16.25330707761137,16.25330707761137,0.0,0.0
2024-12-31,-0.006456820016142006,-0.006456820016142006,16.148362399144148,16.148362399144148,0.0,0.0
2025-01-02,0.012185215272136452,0.012185215272136452,16.345133671270194,16.345133671270194,0.0,0.0
2025-01-03,-0.0048154093097912964,-0.0048154093097912964,16.266425162419775,16.266425162419775,0.0,0.0
2025-01-06,0.02741935483870961,0.02741935483870961,16.712440045905478,16.712440045905478,0.0,0.0
2025-01-07,-0.00784929356357933,-0.00784929356357933,16.581259197821446,16.581259197821446,0.0,0.0
2025-01-08,-0.007526898734177223,-0.007526898734177223,16.4564537389543,16.4564537389543,0.0,0.0
2025-01-09,0.0,0.0,16.4564537389543,16.4564537389543,0.0,0.0
2025-01-10,-0.01736806947227776,-0.01736806947227776,16.170636907148815,16.170636907148815,0.0,0.0
2025-01-13,-0.015635622025832907,-0.015635622025832907,15.917798940551652,15.917798940551652,0.0,0.0
2025-01-14,-0.0006215469613258806,-0.0006215469613258806,15.907905280989155,15.907905280989155,0.0,0.0
2025-01-15,0.030163934426229222,0.030163934426229222,16.38775029274358,16.38775029274358,0.0,0.0
2025-01-16,0.026098026734564073,0.026098026734564073,16.81543823800296,16.81543823800296,0.0,0.0
2025-01-17,-0.0018610421836229296,-0.0018610421836229296,16.784143998105932,16.784143998105932,0.0,0.0
2025-01-20,0.05779987569919198,0.05779987569919198,17.754265434913794,17.754265434913794,0.0,0.0
2025-01-21,0.012072855464160037,0.012072855464160037,17.96861011538184,17.96861011538184,0.0,0.0
2025-01-22,-0.0036250647332989328,-0.0036250647332989328,17.90347274054617,17.90347274054617,0.0,0.0
2025-01-23,-0.0025987525987525295,-0.0025987525987525295,17.85694604423498,17.85694604423498,0.0,0.0
2025-01-24,0.002605523710265789,0.002605523710265789,17.90347274054617,17.90347274054617,0.0,0.0
2025-01-27,-0.007276507276507194,-0.007276507276507194,17.773197990874838,17.773197990874838,0.0,0.0
2025-02-05,0.0408376963350785,0.0408376963350785,18.499014453329412,18.499014453329412,0.0,0.0
2025-02-06,-0.009557344064386242,-0.009557344064386242,18.32221300734689,18.32221300734689,0.0,0.0
2025-02-07,0.000507872016251909,0.000507872016251909,18.331518346609126,18.331518346609126,0.0,0.0
2025-02-10,-0.003045685279187693,-0.003045685279187693,18.2756863110357,18.2756863110357,0.0,0.0
2025-02-11,-0.0014918533604887374,-0.0014918533604887374,18.24842166699734,18.24842166699734,0.0,0.0
2025-02-12,-0.0012187690432664544,-0.0012187690432664544,18.226181055581133,18.226181055581133,0.0,0.0
2025-02-13,-0.0032178157413056407,-0.0032178157413056407,18.1675325632766,18.1675325632766,0.0,0.0
2025-02-14,0.0053272450532724225,0.0053272450532724225,18.26431546125448,18.26431546125448,0.0,0.0
2025-02-17,-0.016805450416351286,-0.016805450416351286,17.95737541338177,17.95737541338177,0.0,0.0
2025-02-18,0.009393286110255694,0.009393286110255694,18.126054178428934,18.126054178428934,0.0,0.0
2025-02-19,0.006559877955758964,0.006559877955758964,18.244958881658903,18.244958881658903,0.0,0.0
2025-02-20,0.0031827826614125865,0.0031827826614125865,18.303028620445634,18.303028620445634,0.0,0.0
2025-02-21,-0.00968968122072833,-0.00968968122072833,18.12567810773965,18.12567810773965,0.0,0.0
2025-02-24,-0.008039303260384156,-0.008039303260384156,17.979960284631424,17.979960284631424,0.0,0.0
2025-02-25,-0.010805943268797913,-0.010805943268797913,17.78566985382046,17.78566985382046,0.0,0.0
2025-02-26,0.011834319526627057,0.011834319526627057,17.996151153865668,17.996151153865668,0.0,0.0
2025-02-27,-0.004948268106162779,-0.004948268106162779,17.90710137307731,17.90710137307731,0.0,0.0
2025-02-28,-0.03797468354430378,-0.03797468354430378,17.227084865238933,17.227084865238933,0.0,0.0
2025-03-03,0.012218045112781795,0.012218045112781795,17.437566165284142,17.437566165284142,0.0,0.0
2025-03-04,-0.002321262766945109,-0.002321262766945109,17.397088992198526,17.397088992198526,0.0,0.0
2025-03-05,-0.002000000000000113,-0.002000000000000113,17.362294814214128,17.362294814214128,0.0,0.0
2025-03-06,0.004092071611253134,0.004092071611253134,17.433342567929582,17.433342567929582,0.0,0.0
2025-03-07,-0.0020178298522669502,-0.0020178298522669502,17.398165048871217,17.398165048871217,0.0,0.0
2025-03-10,-0.0010000000000000009,-0.0010000000000000009,17.380766883822346,17.380766883822346,0.0,0.0
2025-03-11,-0.01993166287015946,-0.01993166287015946,17.034339297869167,17.034339297869167,0.0,0.0
2025-03-12,-0.00639163277164434,-0.00639163277164434,16.925462056569597,16.925462056569597,0.0,0.0
2025-03-13,0.00877192982456143,0.00877192982456143,17.0739310219781,17.0739310219781,0.0,0.0
2025-03-14,0.004637681159420204,0.004637681159420204,17.15311447019597,17.15311447019597,0.0,0.0
2025-03-17,0.014425851125216438,0.014425851125216438,17.40056274587681,17.40056274587681,0.0,0.0
2025-03-18,0.014789533560864543,0.014789533560864543,17.657908952584886,17.657908952584886,0.0,0.0
2025-03-19,0.030269058295964157,0.030269058295964157,18.192397228055505,18.192397228055505,0.0,0.0
2025-03-20,-0.005984766050054602,-0.005984766050054602,18.08351998675593,18.08351998675593,0.0,0.0
2025-03-21,-0.029556650246305383,-0.029556650246305383,17.549031711285313,17.549031711285313,0.0,0.0
2025-03-24,0.016920473773265776,0.016920473773265776,17.845969642102325,17.845969642102325,0.0,0.0
2025-03-25,-0.012756516916250571,-0.012756516916250571,17.618317228475952,17.618317228475952,0.0,0.0
2025-03-26,0.008426966292134797,0.008426966292134797,17.766786193884457,17.766786193884457,0.0,0.0
2025-03-27,-0.018384401114206028,-0.018384401114206028,17.440154469985746,17.440154469985746,0.0,0.0
2025-03-28,-0.008796821793416676,-0.008796821793416676,17.28673653906362,17.28673653906362,0.0,0.0
2025-03-31,0.010665897953300751,0.010665897953300751,17.47111510693487,17.47111510693487,0.0,0.0
2025-04-01,0.0062749572162008604,0.0062749572162008604,17.58074560675021,17.58074560675021,0.0,0.0
2025-04-02,-0.003826530612245027,-0.003826530612245027,17.51347234549989,17.51347234549989,0.0,0.0
2025-04-03,0.009247403613600769,0.009247403613600769,17.67542649295436,17.67542649295436,0.0,0.0
2025-04-07,-0.030589230335494877,-0.030589230335494877,17.134748800683273,17.134748800683273,0.0,0.0
2025-04-08,0.006979787698124129,0.006979787698124129,17.25434570957273,17.25434570957273,0.0,0.0
2025-04-09,0.012563176895306727,0.012563176895306727,17.471115106934867,17.471115106934867,0.0,0.0
2025-04-10,0.02167712492869378,0.02167712492869378,17.849838651751483,17.849838651751483,0.0,0.0
2025-04-11,0.015214963707425921,0.015214963707425921,18.12142329902129,18.12142329902129,0.0,0.0
2025-04-14,0.007424721572941051,0.007424721572941051,18.25596982152193,18.25596982152193,0.0,0.0
2025-04-15,-0.0002729630135117622,-0.0002729630135117622,18.250986616984868,18.250986616984868,0.0,0.0
2025-04-16,0.024300341296928263,0.024300341296928263,18.69449182078327,18.69449182078327,0.0,0.0
2025-04-17,0.008263361322137897,0.008263361322137897,18.848971161432154,18.848971161432154,0.0,0.0
2025-04-18,0.002379378717779268,0.002379378717779268,18.893820002265702,18.893820002265702,0.0,0.0
2025-04-21,0.018594223921930553,0.018594223921930553,19.24513592212848,19.24513592212848,0.0,0.0
2025-04-22,0.03236897980321074,0.03236897980321074,19.868081338101902,19.868081338101902,0.0,0.0
2025-04-23,-0.001000000000000112,-0.001000000000000112,19.8482132567638,19.8482132567638,0.0,0.0
2025-04-24,0.01093333333333324,0.01093333333333324,20.06522038837108,20.06522038837108,0.0,0.0
2025-04-25,-0.006858348720654273,-0.006858348720654273,19.92760610979085,19.92760610979085,0.0,0.0
2025-04-28,-0.00863213811420993,-0.00863213811420993,19.755588261565563,19.755588261565563,0.0,0.0
2025-04-29,0.006965840589417294,0.006965840589417294,19.893202540145793,19.893202540145793,0.0,0.0
2025-04-30,-0.00810722362644678,-0.00810722362644678,19.731923898506633,19.731923898506633,0.0,0.0
2025-05-06,0.034714445688689866,0.034714445688689866,20.416906699014703,20.416906699014703,0.0,0.0
2025-05-07,-0.0021645021645021467,-0.0021645021645021467,20.372714260272247,20.372714260272247,0.0,0.0
2025-05-08,0.002169197396963085,0.002169197396963085,20.416906699014703,20.416906699014703,0.0,0.0
2025-05-09,0.00880086580086581,0.00880086580086581,20.59659315494153,20.59659315494153,0.0,0.0
2025-05-12,-0.004064827586206854,-0.004064827586206854,20.512871554903445,20.512871554903445,0.0,0.0
2025-05-13,0.008779631255487308,0.008779631255487308,20.69296700314667,20.69296700314667,0.0,0.0
2025-05-14,0.027850304612706767,0.027850304612706767,21.269272437524993,21.269272437524993,0.0,0.0
2025-05-15,-0.007915325994919509,-0.007915325994919509,21.100919212507225,21.100919212507225,0.0,0.0
2025-05-16,0.021631057268722387,0.021631057268722387,21.557354404415655,21.557354404415655,0.0,0.0
2025-05-19,-0.009353741496598622,-0.009353741496598622,21.35571248396619,21.35571248396619,0.0,0.0
2025-05-20,0.010300429184549431,0.010300429184549431,21.575685488092883,21.575685488092883,0.0,0.0
2025-05-21,-0.011045029736618472,-0.011045029736618472,21.33738140028897,21.33738140028897,0.0,0.0
2025-05-22,-0.0068728522336769515,-0.0068728522336769515,21.190732730871176,21.190732730871176,0.0,0.0
2025-05-23,-0.0034602076124566894,-0.0034602076124566894,21.11740839616228,21.11740839616228,0.0,0.0
2025-05-26,0.003472222222222321,0.003472222222222321,21.19073273087118,21.19073273087118,0.0,0.0
2025-05-27,0.007785467128027745,0.007785467128027745,21.355712483966197,21.355712483966197,0.0,0.0
2025-05-28,0.011158798283261717,0.011158798283261717,21.59401657177011,21.59401657177011,0.0,0.0
2025-05-29,0.015280135823429575,0.015280135823429575,21.923976077960145,21.923976077960145,0.0,0.0
2025-05-30,-0.0200668896321069,-0.0200668896321069,21.484030069706765,21.484030069706765,0.0,0.0
2025-06-03,0.0034129692832765013,0.0034129692832765013,21.557354404415662,21.557354404415662,0.0,0.0
2025-06-04,0.007653061224489832,0.007653061224489832,21.72233415751068,21.72233415751068,0.0,0.0
2025-06-05,-0.0033755274261603185,-0.0033755274261603185,21.649009822801784,21.649009822801784,0.0,0.0
2025-06-06,-0.003386960203217604,-0.003386960203217604,21.575685488092887,21.575685488092887,0.0,0.0
2025-06-09,0.003398470688190214,0.003398470688190214,21.64900982280178,21.64900982280178,0.0,0.0
2025-06-10,0.0008467400508043177,0.0008467400508043177,21.667340906479,21.667340906479,0.0,0.0
2025-06-11,0.0013773265651437772,0.0013773265651437772,21.697183910705522,21.697183910705522,0.0,0.0
2025-06-12,0.0015174506828528056,0.0015174506828528056,21.730108317246806,21.730108317246806,0.0,0.0
2025-06-13,-0.002525252525252375,-0.002525252525252375,21.67523430634467,21.67523430634467,0.0,0.0
2025-06-16,0.0010126582278480178,0.0010126582278480178,21.697183910705522,21.697183910705522,0.0,0.0
2025-06-17,0.01062215477996964,0.01062215477996964,21.927654756494505,21.927654756494505,0.0,0.0
2025-06-18,-0.006006006006005982,-0.006006006006005982,21.795957130329374,21.795957130329374,0.0,0.0
2025-06-19,0.0060422960725075026,0.0060422960725075026,21.927654756494505,21.927654756494505,0.0,0.0
2025-06-20,-0.0045045045045044585,-0.0045045045045044585,21.828881536870657,21.828881536870657,0.0,0.0
2025-06-23,-0.009552538964303747,-0.009552538964303747,21.62036029544253,21.62036029544253,0.0,0.0
2025-06-24,-0.0010152284263960087,-0.0010152284263960087,21.598410691081675,21.598410691081675,0.0,0.0
2025-06-25,-0.015184959349593519,-0.015184959349593519,21.270439702721774,21.270439702721774,0.0,0.0
2025-06-26,-0.007586533902323334,-0.007586533902323334,21.109070790799752,21.109070790799752,0.0,0.0
2025-06-27,0.003822264691830002,0.003822264691830002,21.189755246760765,21.189755246760765,0.0,0.0
2025-06-30,0.015230842455973281,0.015230842455973281,21.512493070604812,21.512493070604812,0.0,0.0
2025-07-01,-0.003281762775433683,-0.003281762775433683,21.441894171638925,21.441894171638925,0.0,0.0
2025-07-02,-0.010348071495766553,-0.010348071495766553,21.220011917746145,21.220011917746145,0.0,0.0
2025-07-03,0.017585551330798532,0.017585551330798532,21.593177526565828,21.593177526565828,0.0,0.0
2025-07-04,-0.0037365716954694816,-0.0037365716954694816,21.512493070604815,21.512493070604815,0.0,0.0
2025-07-07,-0.010782934833567848,-0.010782934833567848,21.280525259716903,21.280525259716903,0.0,0.0
2025-07-08,0.02322274881516595,0.02322274881516595,21.7747175524781,21.7747175524781,0.0,0.0
2025-07-09,0.0018527095877720612,0.0018527095877720612,21.815059780458608,21.815059780458608,0.0,0.0
2025-07-10,0.00277392510402219,0.00277392510402219,21.875573122429365,21.875573122429365,0.0,0.0
2025-07-11,0.007376671277086189,0.007376671277086189,22.036942034351387,22.036942034351387,0.0,0.0
2025-07-14,-0.0036613272311213363,-0.0036613272311213363,21.956257578390375,21.956257578390375,0.0,0.0
2025-07-15,0.016077170418006492,0.016077170418006492,22.309252073219803,22.309252073219803,0.0,0.0
2025-07-16,-0.002712477396021762,-0.002712477396021762,22.24873873124904,22.24873873124904,0.0,0.0
2025-07-17,0.01858567543064371,0.01858567543064371,22.662246568049227,22.662246568049227,0.0,0.0
2025-07-18,0.002225189141076944,0.002225189141076944,22.71267435302486,22.71267435302486,0.0,0.0
2025-07-21,0.010213143872113806,0.010213143872113806,22.94464216391277,22.94464216391277,0.0,0.0
2025-07-22,0.006153846153846176,0.006153846153846176,23.085839961844542,23.085839961844542,0.0,0.0
2025-07-23,-0.000873743993010101,-0.000873743993010101,23.065668847854287,23.065668847854287,0.0,0.0
2025-07-24,0.016615653694796784,0.016615653694796784,23.448920013669095,23.448920013669095,0.0,0.0
2025-07-25,-0.0030107526881720803,-0.0030107526881720803,23.37832111470321,23.37832111470321,0.0,0.0
2025-07-28,0.010353753235547991,0.010353753235547991,23.620374482586247,23.620374482586247,0.0,0.0
2025-07-29,0.017506404782237306,0.017506404782237306,24.033882319386432,24.033882319386432,0.0,0.0
2025-07-30,-0.01594628619387317,-0.01594628619387317,23.650631153571627,23.650631153571627,0.0,0.0
2025-07-31,-0.018763326226012844,-0.018763326226012844,23.20686664578606,23.20686664578606,0.0,0.0
2025-08-01,0.0008691873098651826,0.0008691873098651826,23.227037759776312,23.227037759776312,0.0,0.0
2025-08-04,0.004342162396873794,0.004342162396873794,23.32789332972758,23.32789332972758,0.0,0.0
2025-08-05,0.003026372676177891,0.003026372676177891,23.39849222869346,23.39849222869346,0.0,0.0
2025-08-06,0.006896551724137945,0.006896551724137945,23.559861140615485,23.559861140615485,0.0,0.0
2025-08-07,-0.006849315068493178,-0.006849315068493178,23.39849222869346,23.39849222869346,0.0,0.0
2025-08-08,-0.0034482758620689724,-0.0034482758620689724,23.317807772732447,23.317807772732447,0.0,0.0
2025-08-11,0.019463667820069475,0.019463667820069475,23.771657837513146,23.771657837513146,0.0,0.0
2025-08-12,0.011879507848960413,0.011879507848960413,24.054053433376684,24.054053433376684,0.0,0.0
2025-08-13,0.036897274633123756,0.036897274633123756,24.941582448947816,24.941582448947816,0.0,0.0
2025-08-14,-0.010917913465426476,-0.010917913465426476,24.669272410079405,24.669272410079405,0.0,0.0
2025-08-15,0.025756336876533004,0.025756336876533004,25.30466250077237,25.30466250077237,0.0,0.0
2025-08-18,0.029095257074531755,0.029095257074531755,26.040908161416606,26.040908161416606,0.0,0.0
2025-08-19,-0.0027110766847402434,-0.0027110766847402434,25.970309262450726,25.970309262450726,0.0,0.0
2025-08-20,0.005048543689320395,0.005048543689320395,26.10142150338737,26.10142150338737,0.0,0.0
2025-08-21,-0.0061823802163831765,-0.0061823802163831765,25.94005259146535,25.94005259146535,0.0,0.0
2025-08-22,0.03292223950233275,0.03292223950233275,26.79405721558468,26.79405721558468,0.0,0.0
2025-08-25,0.008150470219435713,0.008150470219435713,27.01244138097816,27.01244138097816,0.0,0.0
2025-08-26,-0.010572139303482664,-0.010572139303482664,26.7268620877713,26.7268620877713,0.0,0.0
2025-08-27,0.00628535512256434,0.00628535512256434,26.894849907304742,26.894849907304742,0.0,0.0
2025-08-28,0.006246096189881367,0.006246096189881367,27.06283772683819,27.06283772683819,0.0,0.0
2025-08-29,-0.0062073246430788265,-0.0062073246430788265,26.894849907304742,26.894849907304742,0.0,0.0
2025-09-01,-0.00973579013116821,-0.00973579013116821,26.633007292997956,26.633007292997956,0.0,0.0
2025-09-02,-0.0010000000000000009,-0.0010000000000000009,26.60637428570496,26.60637428570496,0.0,0.0
2025-09-03,0.01277705345501956,0.01277705345501956,26.94632535219767,26.94632535219767,0.0,0.0
2025-09-04,-0.0023171987641604774,-0.0023171987641604774,26.88388536039289,26.88388536039289,0.0,0.0
2025-09-05,0.003225806451612856,0.003225806451612856,26.970607571232865,26.970607571232865,0.0,0.0
2025-09-08,0.009260450160771816,0.009260450160771816,27.220367538452003,27.220367538452003,0.0,0.0
2025-09-09,0.015165031222122982,0.015165031222122982,27.63316526205029,27.63316526205029,0.0,0.0
2025-09-10,-0.0023851368315340737,-0.0023851368315340737,27.567256381811905,27.567256381811905,0.0,0.0
2025-09-11,-0.003020007550018855,-0.003020007550018855,27.484003059405527,27.484003059405527,0.0,0.0
2025-09-12,0.0039126593462071035,0.0039126593462071035,27.591538600847095,27.591538600847095,0.0,0.0
2025-09-15,-0.0028916268544127988,-0.0028916268544127988,27.51175416687432,27.51175416687432,0.0,0.0
2025-09-16,0.012734837977556479,0.012734837977556479,27.862111898667827,27.862111898667827,0.0,0.0
2025-09-17,-0.008466135458167323,-0.008466135458167323,27.62622748518309,27.62622748518309,0.0,0.0
2025-09-18,-0.012807634354595643,-0.012807634354595643,27.272400864955983,27.272400864955983,0.0,0.0
2025-09-19,0.004578987534978429,0.004578987534978429,27.39728084856555,27.39728084856555,0.0,0.0
2025-09-22,0.01695416561154728,0.01695416561154728,27.861778885378204,27.861778885378204,0.0,0.0
2025-09-23,0.0035691109669047094,0.0035691109669047094,27.96122066595548,27.96122066595548,0.0,0.0
2025-09-24,0.02166181700614289,0.02166181700614289,28.56691151128979,28.56691151128979,0.0,0.0
2025-09-25,0.016139240506328978,0.016139240506328978,29.027959766693513,29.027959766693513,0.0,0.0
2025-09-26,-0.02553721582061652,-0.02553721582061652,28.286666493299286,28.286666493299286,0.0,0.0
2025-09-29,0.02684563758389258,0.02684563758389258,29.046040090434836,29.046040090434836,0.0,0.0
2025-09-30,0.0012449424214129312,0.0012449424214129312,29.08220073791748,29.08220073791748,0.0,0.0
2025-10-09,0.005595275101025754,0.005595275101025754,29.24492365158938,29.24492365158938,0.0,0.0
2025-10-10,-0.04327666151468301,-0.04327666151468301,27.9793009896968,27.9793009896968,0.0,0.0
2025-10-13,-0.015220678513731989,-0.015220678513731989,27.55343704429368,27.55343704429368,0.0,0.0
2025-10-14,0.0132069082289199,0.0132069082289199,27.91733275872899,27.91733275872899,0.0,0.0
2025-10-15,0.021460115864527562,0.021460115864527562,28.516441954359884,28.516441954359884,0.0,0.0
2025-10-16,0.028813559322033777,0.028813559322033777,29.338102146265165,29.338102146265165,0.0,0.0
2025-10-17,-0.02196595277320157,-0.02196595277320157,28.69366278006494,28.69366278006494,0.0,0.0
2025-10-20,0.06569343065693434,0.06569343065693434,30.578647926200595,30.578647926200595,0.0,0.0
2025-10-21,0.0005268703898841931,0.0005268703898841931,30.594758910355605,30.594758910355605,0.0,0.0
2025-10-22,0.01685097419694581,0.01685097419694581,31.110310403315786,31.110310403315786,0.0,0.0
2025-10-23,-0.025257379596064222,-0.025257379596064222,30.324545484107855,30.324545484107855,0.0,0.0
2025-10-24,0.014184397163120588,0.014184397163120588,30.754680881045555,30.754680881045555,0.0,0.0
2025-10-27,0.01754125874125889,0.01754125874125889,31.294156695884823,31.294156695884823,0.0,0.0
2025-10-28,-0.03556203724478346,-0.03556203724478346,30.181272729921677,30.181272729921677,0.0,0.0
2025-10-29,0.009028265674072333,0.009028265674072333,30.453757278509045,30.453757278509045,0.0,0.0
2025-10-30,-0.01282916948008106,-0.01282916948008106,30.0630608650778,30.0630608650778,0.0,0.0
2025-10-31,-0.002735978112175075,-0.002735978112175075,29.98080898856596,29.98080898856596,0.0,0.0
2025-11-03,-0.00137174211248281,-0.00137174211248281,29.93968305031004,29.93968305031004,0.0,0.0
2025-11-04,-0.013736263736263798,-0.013736263736263798,29.528423667750836,29.528423667750836,0.0,0.0
2025-11-05,-0.009644846796657225,-0.009644846796657225,29.243626545328592,29.243626545328592,0.0,0.0
2025-11-06,0.015167364016736462,0.015167364016736462,29.687175274311087,29.687175274311087,0.0,0.0
2025-11-07,-0.005667181865018134,-0.005667181865018134,29.518932652972897,29.518932652972897,0.0,0.0
2025-11-10,0.019170984455958662,0.019170984455958662,30.084839652019532,30.084839652019532,0.0,0.0
2025-11-11,-0.005592272496187101,-0.005592272496187101,29.916597030681345,29.916597030681345,0.0,0.0
2025-11-12,0.002044989775051187,0.002044989775051187,29.977776165713415,29.977776165713415,0.0,0.0
2025-11-13,-0.006122448979591799,-0.006122448979591799,29.794238760617212,29.794238760617212,0.0,0.0
2025-11-14,-0.02607905544147837,-0.02607905544147837,29.01723315614243,29.01723315614243,0.0,0.0
2025-11-17,0.0007007708479327412,0.0007007708479327412,29.037567587225922,29.037567587225922,0.0,0.0
2025-11-18,-0.034847338935574235,-0.034847338935574235,28.025685627649217,28.025685627649217,0.0,0.0
2025-11-19,-0.015873015873015928,-0.015873015873015928,27.580833474829387,27.580833474829387,0.0,0.0
2025-11-20,-0.0010080645161290036,-0.0010080645161290036,27.55303021527815,27.55303021527815,0.0,0.0
2025-11-21,-0.0025227043390514403,-0.0025227043390514403,27.483522066400052,27.483522066400052,0.0,0.0
2025-11-24,0.01466868993424364,0.01466868993424364,27.886669329893017,27.886669329893017,0.0,0.0
2025-11-25,0.002492522432702149,0.002492522432702149,27.956177478771124,27.956177478771124,0.0,0.0
2025-11-26,-0.004475385380407926,-0.004475385380407926,27.83106281079054,27.83106281079054,0.0,0.0
2025-11-27,0.011988011988012026,0.011988011988012026,28.164701925405414,28.164701925405414,0.0,0.0
2025-11-28,-0.0009871668311943749,-0.0009871668311943749,28.136898665854176,28.136898665854176,0.0,0.0
2025-12-01,-0.027147233201581078,-0.027147233201581078,27.373059716202977,27.373059716202977,0.0,0.0
2025-12-02,-0.005348761052286766,-0.005348761052286766,27.22664776051103,27.22664776051103,0.0,0.0
2025-12-03,-0.0017559262510974394,-0.0017559262510974394,27.178839774978968,27.178839774978968,0.0,0.0
2025-12-04,-0.0035180299032542273,-0.0035180299032542273,27.083223803914837,27.083223803914837,0.0,0.0
2025-12-05,0.007943512797881747,0.007943512797881747,27.29835973880913,27.29835973880913,0.0,0.0
2025-12-08,-0.002845884413309907,-0.002845884413309907,27.220671762319526,27.220671762319526,0.0,0.0
2025-12-09,-0.007025246981339217,-0.007025246981339217,27.029439820191264,27.029439820191264,0.0,0.0
2025-12-10,0.005416758788414855,0.005416758788414855,27.175851775883217,27.175851775883217,0.0,0.0
2025-12-11,-0.0003540406816933128,-0.0003540406816933128,27.166230418794886,27.166230418794886,0.0,0.0
2025-12-12,0.008900190718372558,0.008900190718372558,27.408015050621415,27.408015050621415,0.0,0.0
2025-12-15,-0.017013232514177634,-0.017013232514177634,26.94171611781311,26.94171611781311,0.0,0.0
2025-12-16,-0.019230769230769273,-0.019230769230769273,26.42360619247055,26.42360619247055,0.0,0.0
2025-12-17,0.033986928104575265,0.033986928104575265,27.321663396397657,27.321663396397657,0.0,0.0
2025-12-18,-0.022756005056890016,-0.022756005056890016,26.699931485986585,26.699931485986585,0.0,0.0
2025-12-19,0.004851228978007827,0.004851228978007827,26.82945896732223,26.82945896732223,0.0,0.0
2025-12-22,0.019842291599613482,0.019842291599613482,27.3618169156117,27.3618169156117,0.0,0.0
2025-12-23,0.013458101146041512,0.013458101146041512,27.730055015201472,27.730055015201472,0.0,0.0
2025-12-24,0.0003112356053531773,0.0003112356053531773,27.738685595660606,27.738685595660606,0.0,0.0
2025-12-25,-0.007882182119892,-0.007882182119892,27.520044224029185,27.520044224029185,0.0,0.0
2025-12-26,0.008781099728204067,0.008781099728204067,27.761700476884972,27.761700476884972,0.0,0.0
2025-12-29,-0.009015544041450774,-0.009015544041450774,27.51141364357005,27.51141364357005,0.0,0.0
2025-12-30,-0.020913939140437265,-0.020913939140437265,26.93604161296103,26.93604161296103,0.0,0.0
2025-12-31,-0.006621809249172328,-0.006621809249172328,26.757676283472236,26.757676283472236,0.0,0.0
2026-01-05,0.02085797226104713,0.02085797226104713,27.31578715316298,27.31578715316298,0.0,0.0
2026-01-06,0.006618852027382882,0.006618852027382882,27.49658630634125,27.49658630634125,0.0,0.0
2026-01-07,0.0024220405691794955,0.0024220405691794955,27.563184153889154,27.563184153889154,0.0,0.0
2026-01-08,-0.007248565388100259,-0.007248565388100259,27.36339061124544,27.36339061124544,0.0,0.0
2026-01-09,0.00821417706115013,0.00821417706115013,27.588158346719624,27.588158346719624,0.0,0.0
2026-01-12,0.017199758599879322,0.017199758599879322,28.06266801049845,28.06266801049845,0.0,0.0
2026-01-13,-0.01928211213289821,-0.01928211213289821,27.521560499171724,27.521560499171724,0.0,0.0
2026-01-14,0.007864488808227321,0.007864488808227321,27.738003503702412,27.738003503702412,0.0,0.0
2026-01-15,0.006002400960384069,0.006002400960384069,27.90449812257217,27.90449812257217,0.0,0.0
2026-01-16,-0.0017899761336515052,-0.0017899761336515052,27.854549736911245,27.854549736911245,0.0,0.0
2026-01-19,-0.008368200836819994,-0.008368200836819994,27.62145727049358,27.62145727049358,0.0,0.0
2026-01-20,-0.0185430982519591,-0.0185430982519591,27.109269874464527,27.109269874464527,0.0,0.0
2026-01-21,0.029260067446935212,0.029260067446935212,27.902488939428526,27.902488939428526,0.0,0.0
2026-01-22,-0.003469210754553531,-0.003469210754553531,27.80568932472105,27.80568932472105,0.0,0.0
2026-01-23,0.02668987525384403,0.02668987525384403,28.547819704145,28.547819704145,0.0,0.0
2026-01-26,0.02891588961100111,0.02891588961100111,29.37330530734482,29.37330530734482,0.0,0.0
2026-01-27,-0.001086415232515625,-0.001086415232515625,29.341393701029588,29.341393701029588,0.0,0.0
2026-01-28,0.01377848436671969,0.01377848436671969,29.745673635436994,29.745673635436994,0.0,0.0
2026-01-29,-0.006795608991113422,-0.006795608991113422,29.54353366823329,29.54353366823329,0.0,0.0
2026-01-30,-0.007894736842105177,-0.007894736842105177,29.310295244536714,29.310295244536714,0.0,0.0
2026-02-02,-0.021220159151193685,-0.021220159151193685,28.68832611467917,28.68832611467917,0.0,0.0
2026-02-03,0.0395663956639567,0.0395663956639567,29.823419776669187,29.823419776669187,0.0,0.0
2026-02-04,-0.004081334723670449,-0.004081334723670449,29.70170041795607,29.70170041795607,0.0,0.0
2026-02-05,-0.03165547069108321,-0.03165547069108321,28.761479110900126,28.761479110900126,0.0,0.0
2026-02-06,-0.01577496911527132,-0.01577496911527132,28.307767666216154,28.307767666216154,0.0,0.0
2026-02-09,0.03495220623732753,0.03495220623732753,29.297186599804093,29.297186599804093,0.0,0.0
2026-02-10,-0.006655285007929668,-0.006655285007929668,29.1022054730519,29.1022054730519,0.0,0.0
2026-02-11,0.048466864490603445,0.048466864490603445,30.512698122092004,30.512698122092004,0.0,0.0
2026-02-12,-0.017924528301886955,-0.017924528301886955,29.965772401035633,29.965772401035633,0.0,0.0
2026-02-13,0.013928914505283663,0.013928914505283663,30.38316308289445,30.38316308289445,0.0,0.0
2026-02-24,-0.002842254855518811,-0.002842254855518811,30.296806390096073,30.296806390096073,0.0,0.0
2026-02-25,0.015067933491686558,0.015067933491686558,30.753316653792545,30.753316653792545,0.0,0.0
2026-02-26,0.012690355329949332,0.012690355329949332,31.143587169703622,31.143587169703622,0.0,0.0
2026-02-27,0.02055137844611532,0.02055137844611532,31.783630815797782,31.783630815797782,0.0,0.0
2026-03-02,-0.03831041257367396,-0.03831041257367396,30.56598680615523,30.56598680615523,0.0,0.0
2026-03-03,-0.030033707865168457,-0.030033707865168457,29.64797688780857,29.64797688780857,0.0,0.0
2026-03-04,-0.04154154154154155,-0.04154154154154155,28.416354224301006,28.416354224301006,0.0,0.0
2026-03-05,0.030287206266318645,0.030287206266318645,29.277006206029185,29.277006206029185,0.0,0.0
2026-03-06,0.003058286872782423,0.003058286872782423,29.36654368978345,29.36654368978345,0.0,0.0
2026-03-09,0.049858889934148776,0.049858889934148776,30.830726959358735,30.830726959358735,0.0,0.0
2026-03-10,-0.023745519713261776,-0.023745519713261776,30.09863532457109,30.09863532457109,0.0,0.0
2026-03-11,0.02983019733822867,0.02983019733822867,30.996483555914427,30.996483555914427,0.0,0.0
2026-03-12,-0.005347593582887722,-0.005347593582887722,30.830726959358735,30.830726959358735,0.0,0.0
2026-03-13,0.03883467741935509,0.03883467741935509,32.02802829542964,32.02802829542964,0.0,0.0
2026-03-16,0.0,0.0,32.02802829542964,32.02802829542964,0.0,0.0
2026-03-17,0.0,0.0,32.02802829542964,32.02802829542964,0.0,0.0
2026-03-18,0.0,0.0,32.02802829542964,32.02802829542964,0.0,0.0
2026-03-19,0.0,0.0,32.02802829542964,32.02802829542964,0.0,0.0
2026-03-20,0.0,0.0,32.02802829542964,32.02802829542964,0.0,0.0
2026-03-23,-0.0010000000000000009,-0.0010000000000000009,31.996000267134214,31.996000267134214,0.0,0.0
2026-03-24,0.0053811659192826156,0.0053811659192826156,32.16817605332508,32.16817605332508,0.0,0.0
2026-03-25,-0.03702051739518297,-0.03702051739518297,30.977293532171647,30.977293532171647,0.0,0.0
2026-03-26,0.0009263547938862526,0.0009263547938862526,31.005989496536795,31.005989496536795,0.0,0.0
2026-03-27,-0.019029153169828783,-0.019029153169828783,30.415971773225095,30.415971773225095,0.0,0.0
2026-03-30,0.0,0.0,30.415971773225095,30.415971773225095,0.0,0.0
2026-03-31,0.0,0.0,30.415971773225095,30.415971773225095,0.0,0.0
2026-04-01,0.0,0.0,30.415971773225095,30.415971773225095,0.0,0.0
2026-04-02,0.0,0.0,30.415971773225095,30.415971773225095,0.0,0.0
2026-04-03,0.0,0.0,30.415971773225095,30.415971773225095,0.0,0.0
2026-04-07,0.0,0.0,30.415971773225095,30.415971773225095,0.0,0.0
2026-04-08,0.0,0.0,30.415971773225095,30.415971773225095,0.0,0.0
2026-04-09,0.0,0.0,30.415971773225095,30.415971773225095,0.0,0.0
2026-04-10,0.0,0.0,30.415971773225095,30.415971773225095,0.0,0.0
2026-04-13,0.0,0.0,30.415971773225095,30.415971773225095,0.0,0.0
2026-04-14,-0.001000000000000112,-0.001000000000000112,30.38555580145187,30.38555580145187,0.0,0.0
2026-04-15,0.015624724061810147,0.015624724061810147,30.86032172631429,30.86032172631429,0.0,0.0
2026-04-16,0.032184562802620276,0.032184562802620276,31.85354768902392,31.85354768902392,0.0,0.0
2026-04-17,0.012693156732891842,0.012693156732891842,32.25786976233935,32.25786976233935,0.0,0.0
2026-04-20,0.0005449591280655142,0.0005449591280655142,32.275448982918284,32.275448982918284,0.0,0.0
2026-04-21,0.0004460784313724542,0.0004460784313724542,32.289846364572426,32.289846364572426,0.0,0.0
2026-04-22,0.002955665024630738,0.002955665024630738,32.38528433412289,32.38528433412289,0.0,0.0
2026-04-23,-0.01129666011787811,-0.01129666011787811,32.019438784179464,32.019438784179464,0.0,0.0
2026-04-24,0.0009746646795829594,0.0009746646795829594,32.05064700022247,32.05064700022247,0.0,0.0
2026-04-27,0.02256699576868826,0.02256699576868826,32.77393381546021,32.77393381546021,0.0,0.0
2026-04-28,0.004827586206896717,0.004827586206896717,32.93215280629347,32.93215280629347,0.0,0.0
2026-04-29,-0.0034317089910776977,-0.0034317089910776977,32.81913924141257,32.81913924141257,0.0,0.0
2026-04-30,0.0007493112947658531,0.0007493112947658531,32.843730993130656,32.843730993130656,0.0,0.0
2026-05-06,0.0262943887232312,0.0262943887232312,33.70733682298527,33.70733682298527,0.0,0.0
2026-05-07,0.013552562070787255,0.013552562070787255,34.16415759751971,34.16415759751971,0.0,0.0
2026-05-08,-5.2049446974455904e-05,-5.2049446974455904e-05,34.16237937201041,34.16237937201041,0.0,0.0
2026-05-11,0.037046768260641016,0.037046768260641016,35.42798512383739,35.42798512383739,0.0,0.0
2026-05-12,-0.0017734988598935297,-0.0017734988598935297,35.365153632611936,35.365153632611936,0.0,0.0
2026-05-13,0.02741116751269046,0.02741116751269046,36.334553782947495,36.334553782947495,0.0,0.0
2026-05-14,-0.02149209486166015,-0.02149209486166015,35.55364810628829,35.55364810628829,0.0,0.0
2026-05-15,0.0022721534965919332,0.0022721534965919332,35.63443145214959,35.63443145214959,0.0,0.0
2026-05-18,-0.011838790931990029,-0.011838790931990029,35.212562868207264,35.212562868207264,0.0,0.0
2026-05-19,-0.002254397145041942,-0.002254397145041942,35.13317976700757,35.13317976700757,0.0,0.0
2026-05-20,0.008552631578947256,0.008552631578947256,35.43366090975171,35.43366090975171,0.0,0.0
2026-05-21,0.0182648401826484,0.0182648401826484,36.08085106335448,36.08085106335448,0.0,0.0
2026-05-22,0.017296604740550947,0.017296604740550947,36.70492728290001,36.70492728290001,0.0,0.0
2026-05-25,0.035894206549118346,0.035894206549118346,38.022421524162795,38.022421524162795,0.0,0.0
2026-05-26,-0.018844984802431464,-0.018844984802431464,37.3058895683883,37.3058895683883,0.0,0.0
2026-05-27,0.021685254027261402,0.021685254027261402,38.114877260391765,38.114877260391765,0.0,0.0
2026-05-28,-0.0018192844147969511,-0.0018192844147969511,38.04553545822004,38.04553545822004,0.0,0.0
2026-05-29,0.02916160388821387,0.02916160388821387,39.15500429296765,39.15500429296765,0.0,0.0
2026-06-01,0.04132231404958686,0.04132231404958686,40.77297967697458,40.77297967697458,0.0,0.0
2026-06-02,-0.01840702947845807,-0.01840702947845807,40.02247023813594,40.02247023813594,0.0,0.0
2026-06-03,0.025839793281653867,0.025839793281653867,41.056642595710514,41.056642595710514,0.0,0.0
2026-06-04,-0.014150293870696995,-0.014150293870696995,40.475679037637036,40.475679037637036,0.0,0.0
2026-06-05,-0.02108906156604895,-0.02108906156604895,39.62208495048467,39.62208495048467,0.0,0.0
2026-06-08,-0.02532751091703056,-0.02532751091703056,38.61855616134576,38.61855616134576,0.0,0.0
2026-06-09,0.053763440860215006,0.053763440860215006,40.694822621633165,40.694822621633165,0.0,0.0
2026-06-10,-0.04336734693877542,-0.04336734693877542,38.92999613038887,38.92999613038887,0.0,0.0
2026-06-11,0.001777777777777878,0.001777777777777878,38.999205012398455,38.999205012398455,0.0,0.0
2026-06-12,0.016858917480035318,0.016858917480035318,39.65668939148946,39.65668939148946,0.0,0.0
2026-06-15,0.06849912739965092,0.06849912739965092,42.37313801036548,42.37313801036548,0.0,0.0
2026-06-16,0.002858309514087498,0.002858309514087498,42.49425355388225,42.49425355388225,0.0,0.0
2026-06-17,0.00122149837133545,0.00122149837133545,42.546160215389435,42.546160215389435,0.0,0.0
2026-06-18,0.0280601870679138,0.0280601870679138,43.740013430054695,43.740013430054695,0.0,0.0
2026-06-22,0.02982357594936702,0.02982357594936702,45.044497042612264,45.044497042612264,0.0,0.0
2026-06-23,-0.0010000000000000009,-0.0010000000000000009,44.99945254556965,44.99945254556965,0.0,0.0
2026-06-24,0.009378622327790964,0.009378622327790964,45.4214854159519,45.4214854159519,0.0,0.0
2026-06-25,0.048547001620745434,0.048547001620745434,47.62656234205678,47.62656234205678,0.0,0.0
2026-06-26,-0.0428737201365188,-0.0428737201365188,45.58463443713897,45.58463443713897,0.0,0.0
2026-06-29,-0.0138778747026167,-0.0138778747026167,44.95201659205577,44.95201659205577,0.0,0.0
2026-06-30,0.012062726176115701,0.012062726176115701,45.494260459269945,45.494260459269945,0.0,0.0
2026-07-01,-0.015097338100913849,-0.015097338100913849,44.80741822746531,44.80741822746531,0.0,0.0
2026-07-02,-0.03711173860427608,-0.03711173860427608,43.144537034675146,43.144537034675146,0.0,0.0
2026-07-03,0.02346041055718473,0.02346041055718473,44.156725586808285,44.156725586808285,0.0,0.0
2026-07-06,0.011051985264019626,0.011051985264019626,44.64474506730105,44.64474506730105,0.0,0.0
2026-07-07,-0.02624291497975717,-0.02624291497975717,43.47313681820694,43.47313681820694,0.0,0.0
2026-07-08,0.013482101348210263,0.013482101348210263,44.05924605471461,44.05924605471461,0.0,0.0
2026-07-09,-0.010550458715596456,-0.010550458715596456,43.59440079817404,43.59440079817404,0.0,0.0
2026-07-10,-0.006026889197960128,-0.006026889197960128,43.33166217491198,43.33166217491198,0.0,0.0
2026-07-13,0.02891791044776104,0.02891791044776104,44.584723301238725,44.584723301238725,0.0,0.0
2026-07-14,-0.0013599274705349274,-0.0013599274705349274,44.52409131125517,44.52409131125517,0.0,0.0
2026-07-15,0.012709940989559687,0.012709940989559687,45.08998988443499,45.08998988443499,0.0,0.0
2026-07-16,-0.037203047960555735,-0.037203047960555735,43.41250482822338,43.41250482822338,0.0,0.0
2026-07-17,-0.01163873370577273,-0.01163873370577273,42.907238245027116,42.907238245027116,0.0,0.0
2026-07-20,0.026848798869524293,0.026848798869524293,44.05924605471461,44.05924605471461,0.0,0.0
2026-07-21,0.0077981651376146655,0.0077981651376146655,44.40282733128807,44.40282733128807,0.0,0.0
2026-07-22,0.007282658170232104,0.007282658170232104,44.72619794453368,44.72619794453368,0.0,0.0
2026-07-23,0.013556258472661398,0.013556258472661398,45.3325178443692,45.3325178443692,0.0,0.0
2026-07-24,0.020954079358002753,0.020954079358002753,46.282419020778185,46.282419020778185,0.0,0.0
2026-07-27,-0.015720524017467374,-0.015720524017467374,45.554835140975555,45.554835140975555,0.0,0.0
2026-07-28,-0.05900621118012428,-0.05900621118012428,42.866816918371406,42.866816918371406,0.0,0.0
2026-07-29,0.004243281471004279,0.004243281471004279,43.048712888322065,43.048712888322065,0.0,0.0
2026-07-30,-0.020698591549295653,-0.020698591549295653,42.15766516352379,42.15766516352379,0.0,0.0
2026-07-31,0.0,0.0,42.15766516352379,42.15766516352379,0.0,0.0
2026-08-03,0.0,0.0,42.15766516352379,42.15766516352379,0.0,0.0
2026-08-04,0.0,0.0,42.15766516352379,42.15766516352379,0.0,0.0
2026-08-05,-0.0010000000000000009,-0.0010000000000000009,42.115507498360266,42.115507498360266,0.0,0.0
2026-08-06,-0.012638230647709303,-0.012638230647709303,41.58324200075066,41.58324200075066,0.0,0.0
2026-08-07,0.010666666666666602,0.010666666666666602,42.026796582092,42.026796582092,0.0,0.0
2026-08-10,0.014775725593667577,0.014775725593667577,42.64777299596987,42.64777299596987,0.0,0.0
2026-08-11,-0.01976079043161738,-0.01976079043161738,41.805019291421324,41.805019291421324,0.0,0.0
2026-08-12,0.018567639257294433,0.018567639257294433,42.58123980876867,42.58123980876867,0.0,0.0
2026-08-13,0.016145833333333304,0.016145833333333304,43.26874940984775,43.26874940984775,0.0,0.0
2026-08-14,-0.0056381342901077325,-0.0056381342901077325,43.02479439011001,43.02479439011001,0.0,0.0
2026-08-17,0.02628865979381456,0.02628865979381456,44.155858572530434,44.155858572530434,0.0,0.0
2026-08-18,-0.013058764439979886,-0.013058764439979886,43.57923761678669,43.57923761678669,0.0,0.0
2026-08-19,-0.0330788804071247,-0.0330788804071247,42.13768522742733,42.13768522742733,0.0,0.0
2026-08-20,0.008421052631578885,0.008421052631578885,42.4925288925004,42.4925288925004,0.0,0.0
2026-08-21,-0.017626304801670156,-0.017626304801670156,41.743542626447415,41.743542626447415,0.0,0.0
2026-08-24,0.01874733702599074,0.01874733702599074,42.52612288872424,42.52612288872424,0.0,0.0
2026-08-25,-0.003241321622752036,-0.003241321622752036,42.388282047073204,42.388282047073204,0.0,0.0
2026-08-26,-0.0016783803629497607,-0.0016783803629497607,42.31713838686622,42.31713838686622,0.0,0.0
2026-08-27,-0.007460334138909341,-0.007460334138909341,42.00143839469773,42.00143839469773,0.0,0.0
2026-08-28,0.0030700825746348137,0.0030700825746348137,42.13038627882289,42.13038627882289,0.0,0.0
2026-08-31,-0.03588390501319261,-0.03588390501319261,40.618583499424496,40.618583499424496,0.0,0.0
2026-09-01,-0.003857252326217697,-0.003857252326217697,40.46190737373367,40.46190737373367,0.0,0.0
2026-09-02,-0.009716941275876745,-0.009716941275876745,40.06874139587314,40.06874139587314,0.0,0.0
